{"stats":{"minecraft:picked_up":{"minecraft:music_disc_wait":1,"minecraft:sweet_berries":10,"minecraft:pale_oak_log":327,"minecraft:cobblestone":402,"minecraft:small_amethyst_bud":4,"minecraft:brick":8,"minecraft:bee_nest":4,"minecraft:sugar_cane":127,"minecraft:bone":25,"minecraft:cherry_door":4,"minecraft:rose_bush":2,"minecraft:clay_ball":358,"minecraft:sculk_catalyst":2,"minecraft:stripped_spruce_log":3,"minecraft:iron_bars":40,"minecraft:white_banner":1,"minecraft:emerald":12,"minecraft:pale_oak_sapling":52,"minecraft:book":30,"minecraft:ink_sac":32,"minecraft:armor_stand":3,"minecraft:oak_chest_boat":12,"minecraft:wildflowers":103,"minecraft:bow":6,"minecraft:birch_boat":12,"minecraft:smooth_basalt":10,"minecraft:arrow":56,"minecraft:iron_ingot":3,"minecraft:lilac":1,"minecraft:spruce_slab":77,"minecraft:dandelion":4,"minecraft:pale_oak_fence":2,"minecraft:spruce_leaves":5,"minecraft:birch_fence_gate":2,"minecraft:mangrove_leaves":1,"minecraft:oxeye_daisy":3,"minecraft:oak_stairs":20,"minecraft:oak_log":415,"minecraft:birch_hanging_sign":5,"minecraft:sand":17,"minecraft:furnace":5,"minecraft:iron_ore":2,"minecraft:mangrove_boat":1,"minecraft:wheat_seeds":3086,"minecraft:leather_leggings":1,"minecraft:egg":391,"minecraft:red_bed":2,"minecraft:snowball":34,"minecraft:dried_kelp":3,"minecraft:beetroot_seeds":2,"minecraft:oak_sign":2,"minecraft:string":20,"minecraft:stone_bricks":2,"minecraft:writable_book":2,"minecraft:leather_boots":1,"minecraft:white_carpet":5,"minecraft:pale_oak_trapdoor":21,"minecraft:cornflower":5,"minecraft:dark_oak_slab":50,"minecraft:spruce_sapling":177,"minecraft:spruce_fence_gate":7,"minecraft:mangrove_log":177,"minecraft:stripped_oak_log":3,"minecraft:fishing_rod":2,"minecraft:birch_sign":2,"minecraft:leather":15,"minecraft:lead":12,"minecraft:moss_carpet":27,"minecraft:peony":1,"minecraft:scaffolding":56,"minecraft:carved_pumpkin":1,"minecraft:spruce_sign":3,"minecraft:stick":345,"minecraft:polished_tuff":7,"minecraft:dark_oak_fence":1,"minecraft:bamboo":546,"minecraft:moss_block":3,"minecraft:red_carpet":1,"minecraft:raw_iron":32,"minecraft:diamond_chestplate":2,"minecraft:birch_fence":8,"minecraft:honeycomb":74,"minecraft:allium":9,"minecraft:leather_helmet":1,"minecraft:spruce_door":4,"minecraft:spruce_pressure_plate":3,"minecraft:chest":5,"minecraft:dark_oak_trapdoor":14,"minecraft:red_wool":6,"minecraft:pale_oak_slab":8,"minecraft:pale_oak_pressure_plate":7,"minecraft:stone":12,"minecraft:gravel":5,"minecraft:deepslate_tile_stairs":1,"minecraft:tuff":132,"minecraft:potato":116,"minecraft:dark_oak_stairs":8,"minecraft:terracotta":4,"minecraft:stripped_pale_oak_log":2,"minecraft:spruce_stairs":28,"minecraft:oak_boat":10,"minecraft:oak_planks":276,"minecraft:red_candle":4,"minecraft:rotten_flesh":58,"minecraft:written_book":29,"minecraft:apple":18,"minecraft:calcite":60,"minecraft:mangrove_stairs":5,"minecraft:iron_door":5,"minecraft:polished_andesite":20,"minecraft:flint":1,"minecraft:glow_lichen":17,"minecraft:redstone":32,"minecraft:lantern":2,"minecraft:melon_slice":5,"minecraft:dark_oak_sapling":26,"minecraft:spruce_button":5,"minecraft:nether_wart":2,"minecraft:spruce_boat":48,"minecraft:dark_oak_planks":11,"minecraft:polished_tuff_wall":4,"minecraft:stone_sword":1,"minecraft:beetroot":1,"minecraft:spruce_planks":6,"minecraft:oak_wood":1,"minecraft:dirt":625,"minecraft:diamond_helmet":2,"minecraft:azure_bluet":5,"minecraft:torch":41,"minecraft:dripstone_block":12,"minecraft:cherry_log":2,"minecraft:stripped_birch_log":6,"minecraft:spruce_log":751,"minecraft:coal":121,"minecraft:oak_fence":1,"minecraft:birch_planks":131,"minecraft:polished_tuff_stairs":1,"minecraft:iron_pickaxe":1,"minecraft:anvil":1,"minecraft:birch_sapling":74,"minecraft:poppy":1,"minecraft:cooked_beef":25,"minecraft:white_wool":19,"minecraft:feather":89,"minecraft:mangrove_propagule":37,"minecraft:potion":3,"minecraft:spruce_fence":3,"minecraft:bricks":1,"minecraft:andesite":67,"minecraft:lily_of_the_valley":6,"minecraft:mangrove_planks":4,"minecraft:deepslate_tile_slab":76,"minecraft:ladder":11,"minecraft:amethyst_shard":422,"minecraft:dark_oak_door":2,"minecraft:vine":67,"minecraft:diamond_axe":1,"minecraft:carrot":5,"minecraft:mangrove_roots":149,"minecraft:water_bucket":1,"minecraft:polished_diorite_stairs":5,"minecraft:baked_potato":5,"minecraft:oak_leaves":39,"minecraft:polished_tuff_slab":6,"minecraft:oak_trapdoor":4,"minecraft:painting":33,"minecraft:black_wool":10,"minecraft:chicken":85,"minecraft:cooked_chicken":65,"minecraft:cobbled_deepslate":342,"minecraft:pointed_dripstone":15,"minecraft:spruce_wood":4,"minecraft:pumpkin_seeds":39,"minecraft:amethyst_block":117,"minecraft:wheat":955,"minecraft:gunpowder":30,"minecraft:spruce_trapdoor":24,"minecraft:lever":7,"minecraft:smooth_stone":2,"minecraft:birch_trapdoor":42,"minecraft:pale_oak_planks":122,"minecraft:grass_block":6,"minecraft:birch_log":151,"minecraft:mud":1,"minecraft:pumpkin":2505,"minecraft:spider_eye":1,"minecraft:dark_oak_log":306,"minecraft:diorite":48,"minecraft:campfire":2,"minecraft:flower_pot":13,"minecraft:crafting_table":168,"minecraft:decorated_pot":1,"minecraft:oak_sapling":149,"minecraft:beef":36,"minecraft:dark_oak_boat":1,"minecraft:oak_slab":2,"minecraft:paper":7,"minecraft:cocoa_beans":3},"minecraft:killed_by":{"minecraft:player":1,"minecraft:creaking":1},"minecraft:killed":{"minecraft:zombie":23,"minecraft:pillager":1,"minecraft:skeleton":30,"minecraft:creeper":5,"minecraft:chicken":77,"minecraft:squid":16,"minecraft:cow":18,"minecraft:witch":1,"minecraft:ocelot":1,"minecraft:spider":8},"minecraft:custom":{"minecraft:time_since_rest":144140,"minecraft:talked_to_villager":104,"minecraft:leave_game":20,"minecraft:damage_taken":12689,"minecraft:mob_kills":183,"minecraft:boat_one_cm":153736,"minecraft:time_since_death":144130,"minecraft:open_enderchest":1,"minecraft:interact_with_furnace":136,"minecraft:inspect_dispenser":1,"minecraft:swim_one_cm":81264,"minecraft:total_world_time":628457,"minecraft:pot_flower":29,"minecraft:crouch_one_cm":122807,"minecraft:raid_win":1,"minecraft:climb_one_cm":131681,"minecraft:deaths":10,"minecraft:interact_with_stonecutter":20,"minecraft:animals_bred":113,"minecraft:minecart_one_cm":31624,"minecraft:interact_with_campfire":116,"minecraft:traded_with_villager":436,"minecraft:damage_blocked_by_shield":400,"minecraft:interact_with_crafting_table":281,"minecraft:inspect_dropper":1,"minecraft:walk_one_cm":2741325,"minecraft:play_noteblock":10,"minecraft:walk_under_water_one_cm":90820,"minecraft:horse_one_cm":211,"minecraft:interact_with_lectern":52,"minecraft:damage_dealt":15576,"minecraft:play_time":628457,"minecraft:jump":29184,"minecraft:play_record":1,"minecraft:drop":137,"minecraft:bell_ring":2,"minecraft:open_barrel":144,"minecraft:sprint_one_cm":5788381,"minecraft:open_chest":910,"minecraft:inspect_hopper":2,"minecraft:fall_one_cm":1047069,"minecraft:tune_noteblock":1,"minecraft:fly_one_cm":7637007,"minecraft:interact_with_anvil":3,"minecraft:walk_on_water_one_cm":55245,"minecraft:sneak_time":17852},"minecraft:mined":{"minecraft:torch":22,"minecraft:mangrove_roots":149,"minecraft:pale_oak_sapling":9,"minecraft:lever":7,"minecraft:spruce_wood":4,"minecraft:spruce_log":770,"minecraft:chest":5,"minecraft:smooth_basalt":6,"minecraft:oak_sign":1,"minecraft:pumpkin":2993,"minecraft:spruce_sapling":6,"minecraft:amethyst_block":39,"minecraft:spruce_planks":6,"minecraft:attached_pumpkin_stem":16,"minecraft:birch_log":151,"minecraft:oxeye_daisy":1,"minecraft:dark_oak_planks":7,"minecraft:melon":1,"minecraft:stripped_spruce_log":3,"minecraft:anvil":1,"minecraft:iron_door":1,"minecraft:birch_leaves":4,"minecraft:oak_fence":1,"minecraft:dark_oak_trapdoor":14,"minecraft:campfire":2,"minecraft:moss_block":3,"minecraft:bamboo":173,"minecraft:wall_torch":13,"minecraft:decorated_pot":1,"minecraft:fire":1,"minecraft:mangrove_planks":4,"minecraft:potatoes":32,"minecraft:pale_oak_trapdoor":20,"minecraft:dripstone_block":4,"minecraft:dark_oak_door":2,"minecraft:mangrove_propagule":6,"minecraft:oak_sapling":5,"minecraft:azure_bluet":2,"minecraft:pumpkin_stem":5,"minecraft:iron_ore":20,"minecraft:beetroots":1,"minecraft:dark_oak_log":207,"minecraft:stripped_pale_oak_log":2,"minecraft:spruce_wall_sign":1,"minecraft:dandelion":1,"minecraft:red_candle":1,"minecraft:oak_planks":276,"minecraft:cobblestone":49,"minecraft:pale_oak_fence":2,"minecraft:sugar_cane":117,"minecraft:spruce_fence_gate":6,"minecraft:mangrove_leaves":281,"minecraft:spruce_pressure_plate":3,"minecraft:birch_sapling":2,"minecraft:cherry_leaves":1,"minecraft:scaffolding":37,"minecraft:oak_leaves":268,"minecraft:furnace":5,"minecraft:clay":43,"minecraft:spruce_stairs":13,"minecraft:rose_bush":2,"minecraft:spruce_button":3,"minecraft:iron_bars":10,"minecraft:bricks":1,"minecraft:tall_grass":49,"minecraft:wildflowers":11,"minecraft:deepslate_tile_slab":54,"minecraft:pointed_dripstone":1,"minecraft:polished_tuff_slab":4,"minecraft:dirt":426,"minecraft:potted_dandelion":3,"minecraft:flower_pot":2,"minecraft:moss_carpet":8,"minecraft:ladder":6,"minecraft:stripped_birch_log":6,"minecraft:deepslate":333,"minecraft:sand":19,"minecraft:snow":2,"minecraft:deepslate_tile_stairs":1,"minecraft:oak_log":407,"minecraft:potted_cornflower":4,"minecraft:cocoa":1,"minecraft:mud":1,"minecraft:polished_diorite_stairs":5,"minecraft:cherry_log":2,"minecraft:sculk":125,"minecraft:red_bed":2,"minecraft:vine":79,"minecraft:small_amethyst_bud":4,"minecraft:gravel":6,"minecraft:short_grass":136,"minecraft:sculk_catalyst":2,"minecraft:red_carpet":1,"minecraft:dirt_path":2,"minecraft:crafting_table":167,"minecraft:dark_oak_stairs":8,"minecraft:stripped_oak_log":3,"minecraft:birch_fence_gate":2,"minecraft:smooth_stone":2,"minecraft:andesite":98,"minecraft:chiseled_bookshelf":3,"minecraft:dark_oak_slab":36,"minecraft:dark_oak_leaves":105,"minecraft:gray_stained_glass_pane":1,"minecraft:poppy":1,"minecraft:deepslate_iron_ore":14,"minecraft:birch_planks":35,"minecraft:amethyst_cluster":38,"minecraft:allium":5,"minecraft:polished_tuff_stairs":1,"minecraft:stone":427,"minecraft:birch_trapdoor":38,"minecraft:stone_bricks":2,"minecraft:spruce_fence":3,"minecraft:coal_ore":106,"minecraft:diorite":84,"minecraft:wheat":927,"minecraft:spruce_trapdoor":24,"minecraft:mangrove_stairs":5,"minecraft:oak_trapdoor":2,"minecraft:bee_nest":4,"minecraft:birch_sign":2,"minecraft:birch_fence":8,"minecraft:sculk_vein":5,"minecraft:bookshelf":10,"minecraft:white_carpet":1,"minecraft:polished_tuff_wall":4,"minecraft:glow_lichen":17,"minecraft:potted_oxeye_daisy":2,"minecraft:dark_oak_fence":1,"minecraft:powder_snow":12,"minecraft:snow_block":4,"minecraft:oak_stairs":21,"minecraft:nether_wart":1,"minecraft:potted_azure_bluet":2,"minecraft:mangrove_log":177,"minecraft:grass_block":407,"minecraft:spruce_leaves":106,"minecraft:cobbled_deepslate":10,"minecraft:carved_pumpkin":1,"minecraft:white_wool":4,"minecraft:tuff":108,"minecraft:polished_tuff":7,"minecraft:pale_oak_log":279,"minecraft:pale_oak_pressure_plate":3,"minecraft:pale_oak_leaves":11,"minecraft:calcite":20,"minecraft:spruce_slab":60,"minecraft:pale_oak_planks":120,"minecraft:polished_andesite":20,"minecraft:cornflower":1},"minecraft:broken":{"minecraft:stone_shovel":8,"minecraft:stone_hoe":3,"minecraft:stone_axe":15,"minecraft:iron_pickaxe":2,"minecraft:leather_boots":1,"minecraft:stone_sword":5,"minecraft:stone_pickaxe":7},"minecraft:dropped":{"minecraft:oak_planks":3,"minecraft:wheat":7,"minecraft:iron_door":2,"minecraft:lead":2,"minecraft:brick":4,"minecraft:wheat_seeds":854,"minecraft:paper":3,"minecraft:pumpkin":31,"minecraft:oak_sapling":1,"minecraft:calcite":20,"minecraft:white_carpet":2,"minecraft:amethyst_block":39,"minecraft:redstone":8,"minecraft:oak_log":4,"minecraft:tuff":12,"minecraft:clay_ball":96,"minecraft:stick":22,"minecraft:arrow":10,"minecraft:carrot":2,"minecraft:dried_kelp":2,"minecraft:gunpowder":10,"minecraft:spider_eye":1,"minecraft:iron_pickaxe":1,"minecraft:snowball":28,"minecraft:pale_oak_pressure_plate":2,"minecraft:dark_oak_log":74,"minecraft:rotten_flesh":18,"minecraft:pointed_dripstone":5,"minecraft:honeycomb":19,"minecraft:stone_sword":1,"minecraft:birch_planks":48,"minecraft:bow":1,"minecraft:pumpkin_seeds":18,"minecraft:diamond_axe":1,"minecraft:potion":1,"minecraft:dirt":1,"minecraft:cocoa_beans":1,"minecraft:birch_boat":1,"minecraft:dripstone_block":4,"minecraft:emerald":106,"minecraft:spruce_boat":1,"minecraft:potato":12,"minecraft:birch_trapdoor":2,"minecraft:birch_sapling":1,"minecraft:iron_bars":15,"minecraft:water_bucket":1,"minecraft:bamboo":1,"minecraft:chicken":3,"minecraft:pale_oak_log":4,"minecraft:written_book":23,"minecraft:beef":9,"minecraft:spruce_door":1,"minecraft:fishing_rod":1,"minecraft:amethyst_shard":152,"minecraft:writable_book":2,"minecraft:pale_oak_slab":4,"minecraft:spyglass":1},"minecraft:crafted":{"minecraft:stone_sword":4,"minecraft:stone_brick_wall":1,"minecraft:book":8,"minecraft:glass_pane":16,"minecraft:birch_trapdoor":22,"minecraft:deepslate_tile_stairs":5,"minecraft:painting":2,"minecraft:oak_fence":15,"minecraft:lever":2,"minecraft:stone_bricks":8,"minecraft:diamond_pickaxe":1,"minecraft:chest":6,"minecraft:bookshelf":10,"minecraft:pale_oak_fence":18,"minecraft:bucket":1,"minecraft:flint_and_steel":1,"minecraft:ladder":30,"minecraft:oak_stairs":84,"minecraft:dark_oak_planks":464,"minecraft:item_frame":5,"minecraft:stone_hoe":4,"minecraft:glass":23,"minecraft:oak_sign":9,"minecraft:mangrove_planks":56,"minecraft:birch_pressure_plate":1,"minecraft:spruce_fence":6,"minecraft:oak_trapdoor":2,"minecraft:mangrove_wood":6,"minecraft:cherry_door":3,"minecraft:campfire":13,"minecraft:spruce_wood":6,"minecraft:pale_oak_pressure_plate":2,"minecraft:spruce_door":3,"minecraft:iron_door":3,"minecraft:dark_oak_fence_gate":42,"minecraft:dark_oak_boat":2,"minecraft:charcoal":64,"minecraft:stonecutter":1,"minecraft:oak_slab":36,"minecraft:spruce_sign":15,"minecraft:cherry_planks":8,"minecraft:brick":104,"minecraft:barrel":6,"minecraft:birch_hanging_sign":6,"minecraft:iron_bars":16,"minecraft:paper":57,"minecraft:furnace":2,"minecraft:tinted_glass":10,"minecraft:iron_ingot":28,"minecraft:pale_oak_trapdoor":32,"minecraft:lead":2,"minecraft:dark_oak_slab":192,"minecraft:diamond_helmet":1,"minecraft:scaffolding":60,"minecraft:stone":83,"minecraft:candle":5,"minecraft:diamond_leggings":1,"minecraft:enchanted_book":3,"minecraft:spruce_stairs":88,"minecraft:shield":1,"minecraft:stone_axe":17,"minecraft:birch_sign":3,"minecraft:spruce_button":2,"minecraft:spruce_fence_gate":14,"minecraft:cracked_stone_bricks":7,"minecraft:diamond_boots":1,"minecraft:writable_book":31,"minecraft:birch_fence":102,"minecraft:dark_oak_stairs":12,"minecraft:gray_dye":2,"minecraft:stick":717,"minecraft:black_dye":1,"minecraft:pumpkin_seeds":8,"minecraft:diamond_axe":1,"minecraft:polished_andesite":32,"minecraft:air":0,"minecraft:bone_meal":162,"minecraft:oak_boat":2,"minecraft:glass_bottle":12,"minecraft:flower_pot":12,"minecraft:pale_oak_slab":6,"minecraft:written_book":30,"minecraft:bundle":3,"minecraft:oak_planks":676,"minecraft:melon_seeds":1,"minecraft:red_bed":1,"minecraft:shears":1,"minecraft:stone_shovel":8,"minecraft:white_dye":1,"minecraft:birch_planks":396,"minecraft:stone_pickaxe":6,"minecraft:mangrove_stairs":28,"minecraft:spruce_slab":474,"minecraft:dark_oak_trapdoor":12,"minecraft:chain":2,"minecraft:diamond_chestplate":1,"minecraft:diamond_sword":1,"minecraft:polished_tuff":16,"minecraft:oak_wood":3,"minecraft:iron_nugget":9,"minecraft:dark_oak_door":3,"minecraft:emerald":412,"minecraft:birch_fence_gate":58,"minecraft:pale_oak_planks":420,"minecraft:spruce_trapdoor":28,"minecraft:spruce_boat":1,"minecraft:chiseled_bookshelf":13,"minecraft:gray_stained_glass_pane":8,"minecraft:white_carpet":3,"minecraft:bread":214,"minecraft:hay_block":1,"minecraft:crafting_table":4,"minecraft:bricks":9,"minecraft:spruce_pressure_plate":2,"minecraft:torch":212,"minecraft:red_carpet":3,"minecraft:dark_oak_fence":9,"minecraft:spruce_planks":600,"minecraft:iron_pickaxe":2},"minecraft:used":{"minecraft:polished_tuff":20,"minecraft:stone_brick_wall":1,"minecraft:birch_sapling":60,"minecraft:painting":35,"minecraft:diamond_helmet":1,"minecraft:spruce_pressure_plate":5,"minecraft:birch_sign":4,"minecraft:brick_slab":2,"minecraft:mud":1,"minecraft:polished_tuff_slab":9,"minecraft:diamond_sword":31,"minecraft:mangrove_boat":1,"minecraft:potato":36,"minecraft:campfire":15,"minecraft:wheat_seeds":939,"minecraft:glass_bottle":2,"minecraft:oak_sign":11,"minecraft:polished_diorite_stairs":36,"minecraft:dark_oak_stairs":8,"minecraft:lantern":2,"minecraft:allium":4,"minecraft:decorated_pot":1,"minecraft:hay_block":1,"minecraft:deepslate_tile_slab":242,"minecraft:bricks":9,"minecraft:oak_wood":2,"minecraft:birch_fence":75,"minecraft:gray_stained_glass_pane":7,"minecraft:red_carpet":2,"minecraft:cracked_stone_bricks":5,"minecraft:polished_tuff_stairs":3,"minecraft:oak_log":176,"minecraft:spruce_slab":504,"minecraft:stonecutter":1,"minecraft:tinted_glass":10,"minecraft:diamond_axe":4382,"minecraft:stripped_oak_log":3,"minecraft:white_carpet":3,"minecraft:nether_wart":1,"minecraft:snowball":6,"minecraft:candle":5,"minecraft:beetroot_seeds":1,"minecraft:moss_block":2,"minecraft:stone_pickaxe":919,"minecraft:armor_stand":3,"minecraft:cobbled_deepslate":9,"minecraft:lilac":1,"minecraft:spruce_boat":42,"minecraft:vine":31,"minecraft:pale_oak_trapdoor":20,"minecraft:stone_shovel":1256,"minecraft:birch_planks":68,"minecraft:rotten_flesh":10,"minecraft:sculk_catalyst":2,"minecraft:writable_book":25,"minecraft:bone_meal":129,"minecraft:item_frame":5,"minecraft:dark_oak_planks":25,"minecraft:anvil":1,"minecraft:spruce_fence_gate":19,"minecraft:birch_fence_gate":32,"minecraft:dirt":459,"minecraft:written_book":277,"minecraft:honey_bottle":2,"minecraft:glow_lichen":16,"minecraft:sand":10,"minecraft:spruce_leaves":5,"minecraft:dark_oak_sapling":24,"minecraft:spruce_planks":17,"minecraft:oak_chest_boat":11,"minecraft:oak_leaves":39,"minecraft:dark_oak_door":2,"minecraft:leather_boots":1,"minecraft:small_amethyst_bud":4,"minecraft:rose_bush":2,"minecraft:birch_log":52,"minecraft:iron_bars":16,"minecraft:pale_oak_fence":13,"minecraft:shears":191,"minecraft:mangrove_planks":8,"minecraft:dark_oak_fence_gate":18,"minecraft:bucket":132,"minecraft:chiseled_bookshelf":13,"minecraft:red_candle":11,"minecraft:cocoa_beans":1,"minecraft:oak_planks":526,"minecraft:pale_oak_pressure_plate":3,"minecraft:oak_sapling":81,"minecraft:flower_pot":25,"minecraft:sugar_cane":9,"minecraft:iron_ore":2,"minecraft:iron_door":2,"minecraft:stone_axe":2026,"minecraft:oak_fence":16,"minecraft:oak_trapdoor":2,"minecraft:grass_block":4,"minecraft:spruce_fence":9,"minecraft:wildflowers":75,"minecraft:shield":4,"minecraft:iron_pickaxe":500,"minecraft:spruce_stairs":75,"minecraft:andesite":35,"minecraft:bamboo":71,"minecraft:pale_oak_sapling":41,"minecraft:dark_oak_log":2,"minecraft:oak_boat":10,"minecraft:peony":1,"minecraft:diamond_pickaxe":97,"minecraft:bookshelf":10,"minecraft:ladder":23,"minecraft:stone_bricks":2,"minecraft:beetroot":1,"minecraft:polished_tuff_wall":9,"minecraft:dark_oak_fence":9,"minecraft:tuff":16,"minecraft:spruce_wood":4,"minecraft:stone_sword":471,"minecraft:smooth_stone":2,"minecraft:sweet_berries":8,"minecraft:red_bed":3,"minecraft:mangrove_log":40,"minecraft:birch_trapdoor":50,"minecraft:oak_slab":3,"minecraft:pumpkin_seeds":24,"minecraft:spruce_door":4,"minecraft:bee_nest":4,"minecraft:pale_oak_planks":217,"minecraft:cobblestone":52,"minecraft:diamond_chestplate":1,"minecraft:stone":9,"minecraft:polished_andesite":51,"minecraft:carrot":3,"minecraft:crafting_table":171,"minecraft:spruce_sign":16,"minecraft:birch_boat":9,"minecraft:spruce_trapdoor":47,"minecraft:mangrove_wood":5,"minecraft:baked_potato":5,"minecraft:apple":19,"minecraft:scaffolding":95,"minecraft:moss_carpet":10,"minecraft:melon_slice":4,"minecraft:spruce_log":317,"minecraft:stone_hoe":401,"minecraft:water_bucket":131,"minecraft:cherry_door":1,"minecraft:smooth_basalt":2,"minecraft:pale_oak_log":4,"minecraft:furnace":7,"minecraft:barrel":6,"minecraft:torch":263,"minecraft:bread":214,"minecraft:lever":7,"minecraft:dark_oak_slab":135,"minecraft:mangrove_stairs":33,"minecraft:bundle":16,"minecraft:spruce_button":6,"minecraft:gravel":6,"minecraft:cooked_chicken":61,"minecraft:white_wool":4,"minecraft:oak_stairs":73,"minecraft:cooked_beef":24,"minecraft:deepslate_tile_stairs":27,"minecraft:birch_hanging_sign":1,"minecraft:flint_and_steel":8,"minecraft:dark_oak_trapdoor":24,"minecraft:dark_oak_boat":2,"minecraft:chest":9,"minecraft:mangrove_propagule":12,"minecraft:birch_pressure_plate":1,"minecraft:spruce_sapling":117,"minecraft:egg":393,"minecraft:azure_bluet":2,"minecraft:leather_helmet":1}},"DataVersion":4440}