{"stats":{"minecraft:killed":{"minecraft:zombie":5,"minecraft:rabbit":1,"minecraft:magma_cube":3},"minecraft:used":{"minecraft:stone_axe":79,"minecraft:oak_trapdoor":2,"minecraft:oak_fence":18,"minecraft:leaf_litter":7,"minecraft:baked_potato":10,"minecraft:cactus":3,"minecraft:iron_pickaxe":10,"minecraft:fire_charge":18,"minecraft:dried_ghast":1,"minecraft:iron_sword":17,"minecraft:golden_carrot":2,"minecraft:stone_hoe":5,"minecraft:stone_shovel":657,"minecraft:pumpkin":1,"minecraft:bone_meal":2,"minecraft:oak_sign":3,"minecraft:crossbow":5,"minecraft:cooked_porkchop":4,"minecraft:torch":31,"minecraft:dirt":55,"minecraft:stripped_cherry_log":9,"minecraft:sand":6,"minecraft:stone_sword":53,"minecraft:lever":3,"minecraft:golden_axe":32,"minecraft:polished_blackstone_bricks":4,"minecraft:cobblestone_slab":7,"minecraft:pumpkin_seeds":7,"minecraft:cobblestone":484,"minecraft:wooden_shovel":59,"minecraft:golden_apple":3,"minecraft:golden_hoe":5,"minecraft:snow_block":3,"minecraft:crafting_table":1,"minecraft:chest":7,"minecraft:birch_boat":1,"minecraft:polished_blackstone_brick_stairs":1,"minecraft:snowball":20,"minecraft:pumpkin_pie":3,"minecraft:oak_planks":8,"minecraft:oak_fence_gate":3,"minecraft:egg":18,"minecraft:stone_pickaxe":790,"minecraft:gold_block":1,"minecraft:iron_door":1,"minecraft:golden_shovel":32},"minecraft:mined":{"minecraft:torch":2,"minecraft:cherry_log":1,"minecraft:granite":58,"minecraft:lever":1,"minecraft:oak_fence_gate":1,"minecraft:spruce_log":7,"minecraft:chest":3,"minecraft:pumpkin":97,"minecraft:coal_ore":31,"minecraft:diorite":2,"minecraft:cobblestone":135,"minecraft:sugar_cane":14,"minecraft:dried_ghast":2,"minecraft:gravel":6,"minecraft:short_grass":6,"minecraft:cherry_leaves":2,"minecraft:cherry_sapling":1,"minecraft:attached_pumpkin_stem":1,"minecraft:light_weighted_pressure_plate":2,"minecraft:leaf_litter":2,"minecraft:polished_blackstone_bricks":4,"minecraft:dirt":315,"minecraft:oak_fence":7,"minecraft:grass_block":6,"minecraft:stripped_cherry_log":12,"minecraft:ice":36,"minecraft:wall_torch":2,"minecraft:deepslate":3,"minecraft:sand":7,"minecraft:fire":1,"minecraft:snow":457,"minecraft:cobblestone_slab":1,"minecraft:deepslate_iron_ore":7,"minecraft:iron_ore":1,"minecraft:stone":530},"minecraft:crafted":{"minecraft:stone_shovel":2,"minecraft:golden_helmet":1,"minecraft:gold_ingot":171,"minecraft:stone_pickaxe":6,"minecraft:golden_shovel":1,"minecraft:stick":88,"minecraft:oak_fence_gate":2,"minecraft:oak_fence":21,"minecraft:lever":1,"minecraft:chest":4,"minecraft:wooden_shovel":1,"minecraft:golden_leggings":1,"minecraft:iron_nugget":9,"minecraft:gold_block":15,"minecraft:iron_ingot":5,"minecraft:golden_boots":1,"minecraft:stone_hoe":1,"minecraft:oak_sign":3,"minecraft:cobblestone_slab":6,"minecraft:golden_hoe":1,"minecraft:crafting_table":1,"minecraft:torch":44,"minecraft:oak_trapdoor":2,"minecraft:shield":1,"minecraft:oak_planks":172,"minecraft:golden_chestplate":1,"minecraft:iron_pickaxe":1,"minecraft:iron_sword":1,"minecraft:golden_axe":1},"minecraft:killed_by":{"minecraft:magma_cube":2,"minecraft:player":3,"minecraft:creeper":1},"minecraft:broken":{"minecraft:stone_shovel":5,"minecraft:golden_axe":1,"minecraft:stone_pickaxe":6,"minecraft:golden_shovel":1,"minecraft:wooden_shovel":1},"minecraft:picked_up":{"minecraft:iron_door":2,"minecraft:oak_fence_gate":1,"minecraft:light_weighted_pressure_plate":2,"minecraft:rabbit":1,"minecraft:cobblestone":528,"minecraft:sugar_cane":71,"minecraft:bone":1,"minecraft:stone_pickaxe":3,"minecraft:snow_block":52,"minecraft:stripped_cherry_log":15,"minecraft:baked_potato":10,"minecraft:iron_sword":2,"minecraft:granite":44,"minecraft:golden_apple":3,"minecraft:stick":6,"minecraft:gold_block":1,"minecraft:spectral_arrow":35,"minecraft:stone_shovel":3,"minecraft:arrow":2,"minecraft:cactus":3,"minecraft:raw_iron":7,"minecraft:cobbled_deepslate":2,"minecraft:crossbow":1,"minecraft:polished_blackstone_brick_stairs":1,"minecraft:pumpkin_seeds":8,"minecraft:pumpkin_pie":3,"minecraft:chest":3,"minecraft:golden_carrot":16,"minecraft:dirt":288,"minecraft:polished_blackstone_bricks":4,"minecraft:rabbit_hide":1,"minecraft:lever":2,"minecraft:gravel":7,"minecraft:golden_boots":2,"minecraft:torch":13,"minecraft:spruce_log":6,"minecraft:leaf_litter":4,"minecraft:coal":31,"minecraft:oak_fence":7,"minecraft:sand":7,"minecraft:iron_pickaxe":2,"minecraft:pumpkin":67,"minecraft:bone_meal":2,"minecraft:egg":18,"minecraft:cherry_sapling":2,"minecraft:oak_planks":1,"minecraft:snowball":228,"minecraft:rotten_flesh":2,"minecraft:rabbit_foot":1,"minecraft:cobblestone_slab":1,"minecraft:dried_ghast":1},"minecraft:dropped":{"minecraft:stone_shovel":1,"minecraft:cobblestone":18,"minecraft:oak_planks":54,"minecraft:spruce_planks":7,"minecraft:rabbit_hide":1,"minecraft:rabbit":1,"minecraft:golden_carrot":14,"minecraft:iron_door":1,"minecraft:cherry_sapling":2,"minecraft:golden_boots":2,"minecraft:iron_sword":2,"minecraft:dirt":31,"minecraft:stick":17,"minecraft:sugar_cane":71,"minecraft:gold_block":15,"minecraft:spruce_log":6,"minecraft:sand":1,"minecraft:oak_fence":10,"minecraft:rabbit_foot":1,"minecraft:iron_pickaxe":1,"minecraft:stone_pickaxe":2,"minecraft:snowball":208,"minecraft:pumpkin":9,"minecraft:coal":20},"minecraft:custom":{"minecraft:time_since_rest":2157,"minecraft:leave_game":4,"minecraft:damage_taken":7613,"minecraft:mob_kills":9,"minecraft:boat_one_cm":24916,"minecraft:time_since_death":2150,"minecraft:interact_with_furnace":8,"minecraft:swim_one_cm":25786,"minecraft:total_world_time":79712,"minecraft:crouch_one_cm":10335,"minecraft:deaths":24,"minecraft:climb_one_cm":54374,"minecraft:player_kills":1,"minecraft:interact_with_crafting_table":24,"minecraft:walk_one_cm":878628,"minecraft:walk_under_water_one_cm":31201,"minecraft:damage_dealt":1531,"minecraft:play_time":79712,"minecraft:jump":4884,"minecraft:drop":65,"minecraft:sprint_one_cm":936997,"minecraft:open_chest":66,"minecraft:fall_one_cm":202616,"minecraft:fly_one_cm":1158296,"minecraft:walk_on_water_one_cm":31246,"minecraft:sneak_time":1297}},"DataVersion":4440}