{"stats":{"minecraft:custom":{"minecraft:time_since_rest":11215,"minecraft:leave_game":12,"minecraft:damage_taken":4320,"minecraft:mob_kills":11,"minecraft:time_since_death":11204,"minecraft:interact_with_furnace":21,"minecraft:sleep_in_bed":1,"minecraft:total_world_time":66806,"minecraft:swim_one_cm":6127,"minecraft:crouch_one_cm":7496,"minecraft:deaths":3,"minecraft:climb_one_cm":2378,"minecraft:interact_with_crafting_table":11,"minecraft:walk_one_cm":324765,"minecraft:walk_under_water_one_cm":3046,"minecraft:play_time":66806,"minecraft:damage_dealt":2337,"minecraft:jump":1490,"minecraft:drop":14,"minecraft:open_barrel":5,"minecraft:sprint_one_cm":365631,"minecraft:open_chest":16,"minecraft:fall_one_cm":49566,"minecraft:fly_one_cm":289448,"minecraft:walk_on_water_one_cm":8534,"minecraft:sneak_time":1436,"minecraft:interact_with_blast_furnace":5},"minecraft:killed":{"minecraft:zombie":4,"minecraft:skeleton":4,"minecraft:creeper":2,"minecraft:spider":1},"minecraft:killed_by":{"minecraft:creaking":1},"minecraft:picked_up":{"minecraft:tropical_fish":1,"minecraft:sweet_berries":63,"minecraft:dirt":3,"minecraft:blue_egg":1,"minecraft:cobblestone":15,"minecraft:flint":1,"minecraft:gravel":5,"minecraft:sugar_cane":42,"minecraft:torch":16,"minecraft:bone":7,"minecraft:big_dripleaf":5,"minecraft:spruce_log":14,"minecraft:tuff":11,"minecraft:coal":84,"minecraft:glow_berries":19,"minecraft:oak_log":6,"minecraft:furnace":2,"minecraft:diamond":61,"minecraft:wheat_seeds":215,"minecraft:lapis_lazuli":17,"minecraft:arrow":3,"minecraft:rotten_flesh":3,"minecraft:raw_iron":58,"minecraft:cobbled_deepslate":127,"minecraft:raw_gold":20,"minecraft:wheat":78,"minecraft:gunpowder":1},"minecraft:mined":{"minecraft:torch":8,"minecraft:sculk":1,"minecraft:spruce_log":14,"minecraft:coal_ore":64,"minecraft:wheat":80,"minecraft:cobblestone":1,"minecraft:sugar_cane":22,"minecraft:gravel":8,"minecraft:furnace":2,"minecraft:sculk_vein":6,"minecraft:big_dripleaf_stem":1,"minecraft:sweet_berry_bush":4,"minecraft:cave_vines":2,"minecraft:sculk_shrieker":1,"minecraft:grass_block":3,"minecraft:cobbled_deepslate":5,"minecraft:deepslate_gold_ore":21,"minecraft:moss_carpet":1,"minecraft:tuff":11,"minecraft:wall_torch":5,"minecraft:deepslate":131,"minecraft:deepslate_lapis_ore":3,"minecraft:deepslate_diamond_ore":58,"minecraft:deepslate_iron_ore":49,"minecraft:oak_log":6,"minecraft:iron_ore":9,"minecraft:stone":15},"minecraft:broken":{"minecraft:stone_pickaxe":1},"minecraft:crafted":{"minecraft:bone_meal":90,"minecraft:furnace":2,"minecraft:iron_ingot":58,"minecraft:stone_hoe":1,"minecraft:gold_ingot":20,"minecraft:bread":26,"minecraft:iron_chestplate":1,"minecraft:iron_boots":1,"minecraft:torch":16,"minecraft:stick":16,"minecraft:oak_planks":24,"minecraft:iron_helmet":1,"minecraft:diamond_pickaxe":1,"minecraft:spruce_planks":56,"minecraft:iron_pickaxe":1,"minecraft:diamond_sword":1,"minecraft:air":0,"minecraft:iron_axe":1,"minecraft:iron_leggings":1},"minecraft:used":{"minecraft:stone_axe":23,"minecraft:stone_sword":66,"minecraft:sweet_berries":106,"minecraft:cobbled_deepslate":53,"minecraft:iron_pickaxe":243,"minecraft:cobblestone":42,"minecraft:wheat_seeds":122,"minecraft:stone_hoe":29,"minecraft:stone_shovel":6,"minecraft:glow_berries":21,"minecraft:rotten_flesh":2,"minecraft:bone_meal":90,"minecraft:furnace":2,"minecraft:blue_egg":1,"minecraft:bread":8,"minecraft:torch":18,"minecraft:stone_pickaxe":131,"minecraft:dirt":3,"minecraft:big_dripleaf":5,"minecraft:tuff":11},"minecraft:dropped":{"minecraft:rotten_flesh":1,"minecraft:stone_shovel":1,"minecraft:stone_sword":1,"minecraft:diamond":5,"minecraft:stone_axe":1,"minecraft:stone_hoe":1,"minecraft:tropical_fish":1,"minecraft:gravel":5,"minecraft:flint":1}},"DataVersion":4440}