{"stats":{"minecraft:killed_by":{"minecraft:bogged":1,"minecraft:skeleton":5,"minecraft:player":3,"minecraft:magma_cube":1,"minecraft:creeper":1,"minecraft:endermite":1,"minecraft:spider":2,"minecraft:zombie":8},"minecraft:custom":{"minecraft:time_since_rest":1986,"minecraft:leave_game":75,"minecraft:boat_one_cm":6312801,"minecraft:damage_absorbed":364,"minecraft:time_since_death":1963,"minecraft:interact_with_furnace":151,"minecraft:total_world_time":4523156,"minecraft:crouch_one_cm":402982,"minecraft:climb_one_cm":370550,"minecraft:deaths":86,"minecraft:interact_with_stonecutter":50,"minecraft:fish_caught":32,"minecraft:animals_bred":134,"minecraft:minecart_one_cm":2334,"minecraft:traded_with_villager":1153,"minecraft:damage_resisted":345,"minecraft:damage_blocked_by_shield":12196,"minecraft:interact_with_crafting_table":288,"minecraft:walk_one_cm":13814953,"minecraft:walk_under_water_one_cm":709239,"minecraft:horse_one_cm":11173,"minecraft:damage_dealt":653317,"minecraft:play_time":4523156,"minecraft:jump":66144,"minecraft:play_record":8,"minecraft:sprint_one_cm":12586119,"minecraft:fill_cauldron":1,"minecraft:inspect_hopper":5,"minecraft:fly_one_cm":15070948,"minecraft:walk_on_water_one_cm":610089,"minecraft:interact_with_blast_furnace":81,"minecraft:interact_with_grindstone":32,"minecraft:talked_to_villager":853,"minecraft:damage_taken":54388,"minecraft:mob_kills":4758,"minecraft:open_enderchest":6,"minecraft:damage_dealt_absorbed":162,"minecraft:interact_with_brewingstand":24,"minecraft:interact_with_smithing_table":18,"minecraft:sleep_in_bed":9,"minecraft:inspect_dispenser":20,"minecraft:swim_one_cm":1142098,"minecraft:player_kills":1,"minecraft:enchant_item":38,"minecraft:interact_with_loom":7,"minecraft:interact_with_lectern":11,"minecraft:drop":789,"minecraft:use_cauldron":1,"minecraft:interact_with_cartography_table":3,"minecraft:open_barrel":124,"minecraft:open_chest":2323,"minecraft:interact_with_smoker":99,"minecraft:fall_one_cm":1861007,"minecraft:interact_with_anvil":58,"minecraft:sneak_time":77505},"minecraft:broken":{"minecraft:iron_helmet":2,"minecraft:iron_pickaxe":2,"minecraft:stone_sword":1,"minecraft:stone_pickaxe":1,"minecraft:diamond_pickaxe":1,"minecraft:iron_boots":1},"minecraft:crafted":{"minecraft:mace":1,"minecraft:wind_charge":20,"minecraft:nether_brick":256,"minecraft:arrow":192,"minecraft:warped_planks":28,"minecraft:gold_ingot":358,"minecraft:book":36,"minecraft:iron_chestplate":4,"minecraft:flow_armor_trim_smithing_template":4,"minecraft:netherite_sword":1,"minecraft:oak_fence":3,"minecraft:painting":1,"minecraft:diamond_pickaxe":3,"minecraft:chest":120,"minecraft:iron_block":56,"minecraft:bookshelf":63,"minecraft:stone_slab":6,"minecraft:bow":11,"minecraft:bucket":4,"minecraft:ladder":30,"minecraft:item_frame":10,"minecraft:cauldron":1,"minecraft:stone_hoe":2,"minecraft:jukebox":1,"minecraft:diamond_shovel":2,"minecraft:glass":427,"minecraft:mangrove_planks":388,"minecraft:mangrove_boat":5,"minecraft:spruce_fence":18,"minecraft:dark_oak_chest_boat":1,"minecraft:brown_bed":1,"minecraft:brewing_stand":1,"minecraft:sugar":9,"minecraft:redstone_block":69,"minecraft:netherite_upgrade_smithing_template":18,"minecraft:yellow_dye":1,"minecraft:cooked_mutton":53,"minecraft:coal_block":32,"minecraft:spruce_door":6,"minecraft:iron_boots":4,"minecraft:smooth_stone":6,"minecraft:charcoal":3,"minecraft:cooked_beef":53,"minecraft:diamond":18,"minecraft:stonecutter":1,"minecraft:fletching_table":1,"minecraft:spruce_sign":3,"minecraft:barrel":4,"minecraft:cake":1,"minecraft:netherite_axe":1,"minecraft:raw_iron":36,"minecraft:paper":576,"minecraft:furnace":3,"minecraft:grindstone":1,"minecraft:iron_ingot":1158,"minecraft:diamond_hoe":1,"minecraft:cartography_table":1,"minecraft:lead":6,"minecraft:diamond_helmet":1,"minecraft:scaffolding":102,"minecraft:stone":12,"minecraft:blaze_powder":4,"minecraft:experience_bottle":12,"minecraft:diamond_leggings":1,"minecraft:enchanted_book":55,"minecraft:baked_potato":522,"minecraft:deepslate_brick_slab":2,"minecraft:spruce_stairs":156,"minecraft:shield":6,"minecraft:stone_axe":1,"minecraft:diamond_block":14,"minecraft:netherite_pickaxe":1,"minecraft:black_wool":1,"minecraft:name_tag":4,"minecraft:golden_apple":14,"minecraft:spruce_fence_gate":1,"minecraft:diamond_boots":1,"minecraft:trident":1,"minecraft:smithing_table":1,"minecraft:writable_book":1,"minecraft:gray_dye":2,"minecraft:map":3,"minecraft:stick":3924,"minecraft:deepslate_bricks":8,"minecraft:compass":13,"minecraft:black_dye":5,"minecraft:cooked_porkchop":230,"minecraft:iron_helmet":4,"minecraft:diamond_axe":3,"minecraft:spruce_chest_boat":1,"minecraft:air":0,"minecraft:bone_meal":285,"minecraft:spyglass":1,"minecraft:oak_boat":1,"minecraft:lapis_block":140,"minecraft:glass_bottle":24,"minecraft:red_dye":23,"minecraft:blast_furnace":2,"minecraft:quartz_block":157,"minecraft:redstone_torch":1,"minecraft:loom":1,"minecraft:mangrove_trapdoor":10,"minecraft:oak_planks":284,"minecraft:red_concrete_powder":128,"minecraft:iron_sword":1,"minecraft:fishing_rod":2,"minecraft:shears":2,"minecraft:polished_deepslate":4,"minecraft:white_banner":1,"minecraft:smoker":1,"minecraft:white_dye":3,"minecraft:lantern":89,"minecraft:birch_planks":52,"minecraft:stone_pickaxe":1,"minecraft:anvil":2,"minecraft:netherite_ingot":7,"minecraft:emerald_block":36,"minecraft:spruce_slab":1262,"minecraft:glowstone":26,"minecraft:fermented_spider_eye":4,"minecraft:diamond_chestplate":1,"minecraft:diamond_sword":3,"minecraft:iron_nugget":176,"minecraft:emerald":941,"minecraft:black_bed":4,"minecraft:spruce_trapdoor":14,"minecraft:spruce_boat":3,"minecraft:deepslate_brick_stairs":11,"minecraft:bread":16,"minecraft:crafting_table":6,"minecraft:torch":520,"minecraft:white_bed":6,"minecraft:polished_deepslate_slab":66,"minecraft:spruce_planks":3414,"minecraft:lectern":8,"minecraft:iron_pickaxe":2,"minecraft:iron_leggings":5},"minecraft:killed":{"minecraft:zombified_piglin":21,"minecraft:stray":188,"minecraft:pig":142,"minecraft:piglin":34,"minecraft:bat":13,"minecraft:silverfish":658,"minecraft:salmon":20,"minecraft:zombie":1521,"minecraft:glow_squid":3,"minecraft:zombie_villager":15,"minecraft:chicken":8,"minecraft:squid":20,"minecraft:drowned":139,"minecraft:cow":24,"minecraft:slime":169,"minecraft:skeleton":513,"minecraft:witch":17,"minecraft:spider":368,"minecraft:horse":1,"minecraft:bogged":211,"minecraft:husk":78,"minecraft:warden":2,"minecraft:cave_spider":5,"minecraft:turtle":1,"minecraft:creeper":291,"minecraft:hoglin":10,"minecraft:sheep":24,"minecraft:enderman":11,"minecraft:polar_bear":11,"minecraft:ghast":1,"minecraft:breeze":55},"minecraft:picked_up":{"minecraft:music_disc_wait":4,"minecraft:sweet_berries":207,"minecraft:cobblestone":811,"minecraft:shears":1,"minecraft:minecart":1,"minecraft:brick":4,"minecraft:sugar_cane":662,"minecraft:bone":1259,"minecraft:cooked_mutton":2,"minecraft:diamond_shovel":1,"minecraft:clay_ball":148,"minecraft:waxed_copper_grate":5,"minecraft:sculk_catalyst":1,"minecraft:blaze_rod":2,"minecraft:emerald":175,"minecraft:sugar":3,"minecraft:book":65,"minecraft:ink_sac":60,"minecraft:bow":33,"minecraft:arrow":1282,"minecraft:smooth_basalt":11,"minecraft:iron_ingot":96,"minecraft:lilac":2,"minecraft:spruce_slab":158,"minecraft:crossbow":2,"minecraft:heavy_core":1,"minecraft:azalea":1,"minecraft:golden_leggings":3,"minecraft:dandelion":1,"minecraft:nautilus_shell":6,"minecraft:mutton":58,"minecraft:golden_carrot":10,"minecraft:iron_chestplate":1,"minecraft:spruce_leaves":37,"minecraft:axolotl_bucket":1,"minecraft:brown_wool":3,"minecraft:rabbit_hide":1,"minecraft:stonecutter":1,"minecraft:cartography_table":1,"minecraft:oak_log":210,"minecraft:sand":557,"minecraft:furnace":2,"minecraft:mangrove_boat":38,"minecraft:wheat_seeds":193,"minecraft:black_bed":2,"minecraft:quartz":777,"minecraft:egg":3,"minecraft:diamond_sword":5,"minecraft:red_concrete_powder":3,"minecraft:brown_bed":1,"minecraft:snowball":378,"minecraft:blast_furnace":2,"minecraft:dried_kelp":2,"minecraft:chiseled_tuff_bricks":10,"minecraft:beetroot_seeds":2,"minecraft:ender_pearl":17,"minecraft:string":672,"minecraft:golden_sword":7,"minecraft:smithing_table":1,"minecraft:stone_bricks":56,"minecraft:writable_book":1,"minecraft:waxed_copper_bulb":8,"minecraft:enchanted_book":5,"minecraft:spruce_sapling":394,"minecraft:iron_block":1,"minecraft:mangrove_log":161,"minecraft:flowering_azalea":1,"minecraft:white_bed":2,"minecraft:fishing_rod":1,"minecraft:bucket":1,"minecraft:guster_banner_pattern":1,"minecraft:chiseled_stone_bricks":1,"minecraft:leather":74,"minecraft:honey_bottle":11,"minecraft:lead":1,"minecraft:brown_mushroom":19,"minecraft:moss_carpet":127,"minecraft:ghast_tear":3,"minecraft:music_disc_tears":1,"minecraft:peony":1,"minecraft:scaffolding":113,"minecraft:mangrove_slab":3,"minecraft:porkchop":235,"minecraft:music_disc_precipice":2,"minecraft:stick":386,"minecraft:polished_tuff":4,"minecraft:bamboo":107,"minecraft:moss_block":7,"minecraft:cooked_porkchop":237,"minecraft:iron_axe":1,"minecraft:red_carpet":1,"minecraft:item_frame":7,"minecraft:raw_iron":1111,"minecraft:diamond_chestplate":1,"minecraft:mossy_cobblestone":1,"minecraft:leather_helmet":1,"minecraft:spruce_door":6,"minecraft:chest":8,"minecraft:lectern":482,"minecraft:netherrack":2082,"minecraft:trident":2,"minecraft:waxed_exposed_copper_bulb":1,"minecraft:gravel":231,"minecraft:tuff":593,"minecraft:phantom_membrane":7,"minecraft:cooked_cod":3,"minecraft:potato":1144,"minecraft:shield":3,"minecraft:lapis_lazuli":1329,"minecraft:spruce_stairs":56,"minecraft:ominous_bottle":3,"minecraft:trial_key":16,"minecraft:oak_boat":3,"minecraft:pufferfish":5,"minecraft:oak_planks":2,"minecraft:raw_copper":51,"minecraft:rotten_flesh":2405,"minecraft:written_book":3,"minecraft:ancient_debris":56,"minecraft:apple":9,"minecraft:fern":2,"minecraft:calcite":2,"minecraft:iron_nugget":4,"minecraft:jukebox":4,"minecraft:waxed_weathered_copper_bulb":3,"minecraft:tropical_fish":3,"minecraft:poisonous_potato":4,"minecraft:name_tag":1,"minecraft:brewing_stand":4,"minecraft:flint":91,"minecraft:redstone":1062,"minecraft:deepslate_tiles":4,"minecraft:gray_bed":1,"minecraft:dark_oak_sign":1,"minecraft:music_disc_creator_music_box":4,"minecraft:flow_banner_pattern":3,"minecraft:glow_berries":1,"minecraft:firefly_bush":2,"minecraft:lantern":1,"minecraft:diamond":834,"minecraft:slime_ball":103,"minecraft:chipped_anvil":2,"minecraft:granite":57,"minecraft:smoker":1,"minecraft:stone_brick_slab":3,"minecraft:lily_pad":2,"minecraft:spruce_button":3,"minecraft:deepslate_brick_slab":10,"minecraft:flow_armor_trim_smithing_template":4,"minecraft:salmon":23,"minecraft:spruce_boat":111,"minecraft:gold_block":1,"minecraft:bowl":1,"minecraft:enchanted_golden_apple":2,"minecraft:raw_gold":260,"minecraft:emerald_block":2,"minecraft:cherry_wood":1,"minecraft:deepslate_bricks":393,"minecraft:beetroot":1,"minecraft:spruce_planks":42,"minecraft:dirt":300,"minecraft:basalt":64,"minecraft:cooked_rabbit":1,"minecraft:blue_egg":1,"minecraft:golden_boots":3,"minecraft:torch":301,"minecraft:dripstone_block":6,"minecraft:bread":15,"minecraft:red_concrete":128,"minecraft:spruce_log":869,"minecraft:coal":1922,"minecraft:netherite_pickaxe":1,"minecraft:deepslate_brick_stairs":90,"minecraft:seagrass":4,"minecraft:waxed_copper_block":17,"minecraft:birch_sapling":3,"minecraft:poppy":23,"minecraft:stone_hoe":3,"minecraft:cooked_beef":16,"minecraft:white_wool":31,"minecraft:feather":12,"minecraft:mangrove_propagule":38,"minecraft:potion":18,"minecraft:spruce_fence":3,"minecraft:fletching_table":4,"minecraft:red_glazed_terracotta":1,"minecraft:andesite":48,"minecraft:deepslate_tile_slab":16,"minecraft:raw_iron_block":4,"minecraft:copper_ingot":11,"minecraft:ladder":51,"minecraft:amethyst_shard":48,"minecraft:sandstone":275,"minecraft:filled_map":9,"minecraft:soul_sand":14,"minecraft:diamond_axe":4,"minecraft:carrot":365,"minecraft:rabbit":1,"minecraft:mangrove_roots":552,"minecraft:polished_deepslate_slab":333,"minecraft:breeze_rod":146,"minecraft:gold_nugget":955,"minecraft:resin_clump":4,"minecraft:stone_pickaxe":1,"minecraft:cod":21,"minecraft:chiseled_tuff":5,"minecraft:gold_ingot":12,"minecraft:baked_potato":33,"minecraft:bolt_armor_trim_smithing_template":2,"minecraft:glow_ink_sac":36,"minecraft:oak_leaves":10,"minecraft:golden_apple":3,"minecraft:polished_tuff_slab":1,"minecraft:painting":12,"minecraft:black_wool":11,"minecraft:chicken":9,"minecraft:waxed_oxidized_copper_bulb":1,"minecraft:leather_chestplate":2,"minecraft:golden_chestplate":2,"minecraft:cooked_salmon":4,"minecraft:cooked_chicken":30,"minecraft:grindstone":8,"minecraft:cobbled_deepslate":5329,"minecraft:cyan_bed":1,"minecraft:glowstone_dust":2,"minecraft:music_disc_lava_chicken":4,"minecraft:amethyst_block":3,"minecraft:wheat":69,"minecraft:tuff_bricks":73,"minecraft:map":2,"minecraft:gunpowder":391,"minecraft:spruce_trapdoor":17,"minecraft:blackstone":125,"minecraft:blaze_powder":2,"minecraft:magma_block":9,"minecraft:light_gray_wool":1,"minecraft:leaf_litter":80,"minecraft:birch_log":13,"minecraft:pumpkin":13,"minecraft:spider_eye":389,"minecraft:bone_meal":6,"minecraft:netherite_axe":1,"minecraft:tipped_arrow":288,"minecraft:diorite":67,"minecraft:spruce_chest_boat":13,"minecraft:golden_helmet":5,"minecraft:crafting_table":10,"minecraft:ominous_trial_key":21,"minecraft:decorated_pot":22,"minecraft:oak_sapling":56,"minecraft:warped_stem":7,"minecraft:beef":59,"minecraft:wind_charge":183,"minecraft:dark_oak_boat":29,"minecraft:music_disc_cat":1,"minecraft:glass_bottle":12,"minecraft:blue_bed":2,"minecraft:waxed_oxidized_copper":1,"minecraft:dried_ghast":1,"minecraft:barrel":16,"minecraft:gray_wool":5},"minecraft:mined":{"minecraft:torch":181,"minecraft:mangrove_roots":636,"minecraft:spruce_log":875,"minecraft:nether_quartz_ore":505,"minecraft:chest":8,"minecraft:smooth_basalt":11,"minecraft:pumpkin":13,"minecraft:netherrack":8125,"minecraft:spruce_sapling":15,"minecraft:brown_bed":1,"minecraft:waxed_oxidized_cut_copper":1,"minecraft:red_concrete_powder":3,"minecraft:amethyst_block":3,"minecraft:brown_mushroom":19,"minecraft:spruce_planks":37,"minecraft:birch_log":13,"minecraft:sweet_berry_bush":3,"minecraft:large_fern":14,"minecraft:magma_block":85,"minecraft:obsidian":1,"minecraft:waxed_oxidized_copper":1,"minecraft:blue_bed":2,"minecraft:waxed_weathered_copper_bulb":3,"minecraft:cave_vines":8,"minecraft:sandstone":264,"minecraft:blackstone":142,"minecraft:grindstone":8,"minecraft:deepslate_bricks":404,"minecraft:birch_leaves":1,"minecraft:sculk_shrieker":6,"minecraft:moss_block":13,"minecraft:gold_block":1,"minecraft:bamboo":39,"minecraft:wall_torch":57,"minecraft:decorated_pot":26,"minecraft:fern":5,"minecraft:fire":119,"minecraft:smithing_table":1,"minecraft:deepslate_diamond_ore":492,"minecraft:potatoes":306,"minecraft:warped_stem":7,"minecraft:small_dripleaf":1,"minecraft:dripstone_block":14,"minecraft:deepslate_tiles":3,"minecraft:mangrove_propagule":3,"minecraft:azalea":1,"minecraft:iron_ore":371,"minecraft:deepslate_brick_slab":9,"minecraft:beetroots":1,"minecraft:dandelion":1,"minecraft:glass":3,"minecraft:gray_bed":1,"minecraft:oak_planks":2,"minecraft:cobblestone":102,"minecraft:light_gray_stained_glass":4,"minecraft:sugar_cane":948,"minecraft:mangrove_leaves":249,"minecraft:scaffolding":131,"minecraft:oak_leaves":42,"minecraft:furnace":2,"minecraft:brewing_stand":4,"minecraft:clay":41,"minecraft:cyan_bed":1,"minecraft:spruce_stairs":57,"minecraft:fletching_table":4,"minecraft:deepslate_copper_ore":2,"minecraft:deepslate_coal_ore":26,"minecraft:tall_grass":27,"minecraft:cartography_table":1,"minecraft:waxed_copper_block":23,"minecraft:pointed_dripstone":1,"minecraft:deepslate_tile_slab":12,"minecraft:polished_tuff_slab":1,"minecraft:emerald_ore":3,"minecraft:chipped_anvil":2,"minecraft:tall_seagrass":1,"minecraft:dirt":381,"minecraft:soul_fire":1,"minecraft:moss_carpet":3,"minecraft:spruce_door":3,"minecraft:ladder":51,"minecraft:basalt":374,"minecraft:sand":862,"minecraft:deepslate":6420,"minecraft:snow":239,"minecraft:seagrass":1,"minecraft:stonecutter":1,"minecraft:oak_log":212,"minecraft:waxed_cut_copper_slab":1,"minecraft:lapis_ore":58,"minecraft:black_bed":2,"minecraft:redstone_ore":1,"minecraft:sculk":37,"minecraft:spawner":8,"minecraft:chiseled_stone_bricks":1,"minecraft:vine":55,"minecraft:warped_nylium":5,"minecraft:carrots":107,"minecraft:lectern":482,"minecraft:gravel":424,"minecraft:short_grass":51,"minecraft:waxed_copper_grate":5,"minecraft:sculk_catalyst":2,"minecraft:dirt_path":1,"minecraft:crafting_table":10,"minecraft:flowering_azalea":1,"minecraft:deepslate_redstone_ore":239,"minecraft:leaf_litter":8,"minecraft:polished_deepslate_slab":286,"minecraft:copper_ore":7,"minecraft:raw_iron_block":4,"minecraft:firefly_bush":2,"minecraft:waxed_exposed_copper_bulb":3,"minecraft:gold_ore":8,"minecraft:chiseled_tuff":6,"minecraft:andesite":72,"minecraft:packed_ice":7,"minecraft:cave_vines_plant":8,"minecraft:blast_furnace":2,"minecraft:deepslate_gold_ore":152,"minecraft:ice":15,"minecraft:resin_clump":6,"minecraft:poppy":22,"minecraft:deepslate_lapis_ore":91,"minecraft:deepslate_iron_ore":370,"minecraft:waxed_copper_bulb":9,"minecraft:waxed_oxidized_copper_bulb":1,"minecraft:amethyst_cluster":10,"minecraft:stone":1426,"minecraft:stone_bricks":56,"minecraft:deepslate_brick_stairs":92,"minecraft:granite":86,"minecraft:spruce_fence":3,"minecraft:coal_ore":1073,"minecraft:sculk_sensor":12,"minecraft:diorite":99,"minecraft:wheat":69,"minecraft:ancient_debris":56,"minecraft:spruce_trapdoor":16,"minecraft:dried_ghast":1,"minecraft:white_bed":2,"minecraft:smoker":1,"minecraft:sculk_vein":7,"minecraft:bookshelf":19,"minecraft:soul_sand":14,"minecraft:crimson_nylium":2,"minecraft:soul_soil":11,"minecraft:glow_lichen":3,"minecraft:powder_snow":32,"minecraft:barrel":17,"minecraft:red_glazed_terracotta":1,"minecraft:mossy_cobblestone":1,"minecraft:big_dripleaf":1,"minecraft:mangrove_log":133,"minecraft:grass_block":132,"minecraft:cobweb":103,"minecraft:cherry_wood":1,"minecraft:peony":1,"minecraft:spruce_leaves":377,"minecraft:chiseled_tuff_bricks":20,"minecraft:cobbled_deepslate":134,"minecraft:tuff":781,"minecraft:polished_tuff":8,"minecraft:tuff_bricks":118,"minecraft:nether_gold_ore":136,"minecraft:calcite":2,"minecraft:spruce_slab":153,"minecraft:jukebox":3,"minecraft:red_concrete":128},"minecraft:dropped":{"minecraft:lily_pad":2,"minecraft:sugar":3,"minecraft:andesite":24,"minecraft:sweet_berries":19,"minecraft:magma_block":9,"minecraft:flow_banner_pattern":1,"minecraft:oak_boat":1,"minecraft:gravel":93,"minecraft:bone":447,"minecraft:brick":4,"minecraft:poppy":1,"minecraft:bowl":1,"minecraft:breeze_rod":117,"minecraft:blackstone":64,"minecraft:tuff_bricks":34,"minecraft:enchanted_book":24,"minecraft:spruce_sign":1,"minecraft:moss_block":4,"minecraft:mangrove_propagule":19,"minecraft:crossbow":2,"minecraft:oak_sapling":16,"minecraft:filled_map":1,"minecraft:polished_tuff_slab":1,"minecraft:leather_chestplate":2,"minecraft:lilac":2,"minecraft:redstone":261,"minecraft:tuff":203,"minecraft:book":3,"minecraft:milk_bucket":1,"minecraft:iron_leggings":1,"minecraft:spruce_stairs":16,"minecraft:arrow":423,"minecraft:spruce_sapling":97,"minecraft:carrot":22,"minecraft:chiseled_stone_bricks":1,"minecraft:gunpowder":107,"minecraft:waxed_weathered_copper_bulb":1,"minecraft:enchanted_golden_apple":1,"minecraft:smooth_basalt":9,"minecraft:cooked_mutton":3,"minecraft:baked_potato":17,"minecraft:diorite":23,"minecraft:golden_apple":2,"minecraft:tipped_arrow":241,"minecraft:rotten_flesh":557,"minecraft:stone_shovel":1,"minecraft:iron_chestplate":2,"minecraft:sandstone":13,"minecraft:ominous_trial_key":4,"minecraft:bow":20,"minecraft:dirt":11,"minecraft:raw_copper":29,"minecraft:golden_chestplate":1,"minecraft:sand":11,"minecraft:red_glazed_terracotta":1,"minecraft:shears":2,"minecraft:emerald":13,"minecraft:deepslate_brick_stairs":5,"minecraft:coal":64,"minecraft:spruce_boat":2,"minecraft:honey_bottle":1,"minecraft:potato":71,"minecraft:glass_bottle":13,"minecraft:decorated_pot":16,"minecraft:cooked_beef":2,"minecraft:written_book":3,"minecraft:netherite_axe":1,"minecraft:raw_iron":3,"minecraft:waxed_exposed_copper_bulb":1,"minecraft:waxed_copper_grate":1,"minecraft:slime_ball":22,"minecraft:golden_helmet":5,"minecraft:netherrack":1318,"minecraft:cooked_porkchop":93,"minecraft:music_disc_creator_music_box":1,"minecraft:glow_ink_sac":18,"minecraft:iron_axe":2,"minecraft:diamond_shovel":2,"minecraft:glow_berries":1,"minecraft:oak_planks":1,"minecraft:rabbit_hide":1,"minecraft:porkchop":2,"minecraft:mossy_cobblestone":1,"minecraft:wheat":17,"minecraft:lead":1,"minecraft:basalt":65,"minecraft:cobbled_deepslate":989,"minecraft:music_disc_lava_chicken":1,"minecraft:sugar_cane":4,"minecraft:wheat_seeds":66,"minecraft:iron_ingot":66,"minecraft:deepslate_brick_slab":2,"minecraft:iron_nugget":4,"minecraft:spruce_trapdoor":2,"minecraft:paper":13,"minecraft:stone_pickaxe":1,"minecraft:spruce_slab":4,"minecraft:polished_tuff":2,"minecraft:calcite":2,"minecraft:string":58,"minecraft:golden_boots":3,"minecraft:clay_ball":68,"minecraft:stick":125,"minecraft:red_dye":1,"minecraft:phantom_membrane":2,"minecraft:spider_eye":130,"minecraft:firefly_bush":1,"minecraft:iron_boots":1,"minecraft:snowball":214,"minecraft:ladder":5,"minecraft:netherite_pickaxe":1,"minecraft:cobblestone":249,"minecraft:spruce_planks":1,"minecraft:wind_charge":92,"minecraft:diamond_axe":3,"minecraft:potion":4,"minecraft:white_wool":3,"minecraft:leather":2,"minecraft:gold_block":1,"minecraft:splash_potion":1,"minecraft:waxed_oxidized_copper_bulb":1,"minecraft:granite":9,"minecraft:dripstone_block":6,"minecraft:moss_carpet":68,"minecraft:diamond":11,"minecraft:feather":11,"minecraft:golden_sword":7,"minecraft:waxed_copper_block":11,"minecraft:poisonous_potato":4,"minecraft:beetroot_seeds":1,"minecraft:chiseled_tuff":5,"minecraft:chiseled_tuff_bricks":2,"minecraft:stone_bricks":16,"minecraft:leaf_litter":76,"minecraft:mangrove_slab":3,"minecraft:chicken":4,"minecraft:beef":6,"minecraft:flint":15,"minecraft:diamond_sword":4,"minecraft:polished_deepslate_slab":44,"minecraft:iron_sword":1,"minecraft:golden_leggings":3,"minecraft:gold_nugget":4,"minecraft:fishing_rod":1,"minecraft:axolotl_bucket":1,"minecraft:writable_book":1,"minecraft:fern":2,"minecraft:waxed_copper_bulb":5,"minecraft:cod":2,"minecraft:warped_planks":24},"minecraft:used":{"minecraft:polished_tuff":2,"minecraft:painting":13,"minecraft:ominous_trial_key":13,"minecraft:cartography_table":2,"minecraft:netherite_axe":1239,"minecraft:diamond_sword":5267,"minecraft:mangrove_boat":40,"minecraft:potato":344,"minecraft:wheat_seeds":118,"minecraft:glass_bottle":12,"minecraft:glass":243,"minecraft:salmon":16,"minecraft:lantern":22,"minecraft:netherite_pickaxe":14743,"minecraft:cooked_porkchop":164,"minecraft:granite":5,"minecraft:golden_chestplate":1,"minecraft:deepslate_tile_slab":214,"minecraft:chiseled_tuff_bricks":6,"minecraft:red_carpet":1,"minecraft:firefly_bush":1,"minecraft:smithing_table":2,"minecraft:spruce_slab":1360,"minecraft:stonecutter":2,"minecraft:polished_deepslate_slab":448,"minecraft:grindstone":9,"minecraft:diamond_axe":2044,"minecraft:red_concrete_powder":131,"minecraft:seagrass":4,"minecraft:beetroot_seeds":1,"minecraft:moss_block":1,"minecraft:jukebox":5,"minecraft:stone_pickaxe":252,"minecraft:bow":78,"minecraft:loom":1,"minecraft:mangrove_roots":23,"minecraft:cobbled_deepslate":829,"minecraft:netherrack":483,"minecraft:spruce_boat":112,"minecraft:lingering_potion":2,"minecraft:cod":2,"minecraft:deepslate_brick_slab":51,"minecraft:diamond_shovel":1383,"minecraft:stone_shovel":109,"minecraft:rotten_flesh":48,"minecraft:writable_book":3,"minecraft:bone_meal":290,"minecraft:item_frame":7,"minecraft:fletching_table":5,"minecraft:anvil":2,"minecraft:spruce_fence_gate":1,"minecraft:mutton":5,"minecraft:blue_egg":1,"minecraft:dirt":100,"minecraft:written_book":7,"minecraft:honey_bottle":11,"minecraft:fishing_rod":43,"minecraft:dark_oak_sign":1,"minecraft:sand":107,"minecraft:spruce_leaves":29,"minecraft:wind_charge":39,"minecraft:spruce_planks":42,"minecraft:oak_leaves":4,"minecraft:cooked_rabbit":1,"minecraft:waxed_copper_bulb":2,"minecraft:shears":151,"minecraft:lectern":490,"minecraft:bucket":267,"minecraft:spyglass":17,"minecraft:splash_potion":10,"minecraft:deepslate_tiles":188,"minecraft:enchanted_golden_apple":2,"minecraft:porkchop":3,"minecraft:oak_sapling":37,"minecraft:sugar_cane":73,"minecraft:trial_key":16,"minecraft:stone_axe":74,"minecraft:oak_fence":3,"minecraft:spruce_fence":21,"minecraft:netherite_sword":4237,"minecraft:shield":129,"minecraft:spruce_stairs":132,"minecraft:deepslate":46,"minecraft:iron_pickaxe":500,"minecraft:waxed_copper_block":2,"minecraft:iron_sword":157,"minecraft:oak_boat":3,"minecraft:milk_bucket":15,"minecraft:peony":1,"minecraft:deepslate_bricks":1362,"minecraft:mangrove_trapdoor":5,"minecraft:cooked_mutton":42,"minecraft:bookshelf":43,"minecraft:diamond_pickaxe":7822,"minecraft:ladder":76,"minecraft:stone_bricks":14,"minecraft:crossbow":7,"minecraft:blast_furnace":4,"minecraft:tuff":74,"minecraft:minecart":1,"minecraft:brewing_stand":5,"minecraft:stone_sword":104,"minecraft:sweet_berries":164,"minecraft:lava_bucket":1,"minecraft:diorite":12,"minecraft:ominous_bottle":3,"minecraft:gray_bed":1,"minecraft:spruce_door":11,"minecraft:mace":12,"minecraft:cobblestone":173,"minecraft:waxed_copper_grate":4,"minecraft:golden_apple":1,"minecraft:axolotl_bucket":1,"minecraft:carrot":180,"minecraft:crafting_table":14,"minecraft:spruce_sign":2,"minecraft:spruce_trapdoor":29,"minecraft:potion":19,"minecraft:tuff_bricks":23,"minecraft:white_bed":7,"minecraft:baked_potato":508,"minecraft:trident":83,"minecraft:scaffolding":179,"minecraft:smoker":2,"minecraft:cherry_wood":1,"minecraft:stone_hoe":53,"minecraft:water_bucket":264,"minecraft:cyan_bed":1,"minecraft:furnace":2,"minecraft:bread":25,"minecraft:blue_bed":2,"minecraft:barrel":19,"minecraft:torch":854,"minecraft:black_bed":6,"minecraft:dried_kelp":2,"minecraft:spruce_button":3,"minecraft:gravel":4,"minecraft:cake":1,"minecraft:chipped_anvil":2,"minecraft:deepslate_brick_stairs":293,"minecraft:cooked_chicken":5,"minecraft:cooked_beef":62,"minecraft:redstone_torch":1,"minecraft:dark_oak_boat":28,"minecraft:chest":121,"minecraft:brown_bed":2,"minecraft:cauldron":1,"minecraft:spruce_sapling":18,"minecraft:egg":4,"minecraft:sandstone":26,"minecraft:spruce_chest_boat":14}},"DataVersion":4440}