{"stats":{"minecraft:killed_by":{"minecraft:player":2},"minecraft:used":{"minecraft:stone_sword":21,"minecraft:sweet_berries":8,"minecraft:cobbled_deepslate":8,"minecraft:baked_potato":3,"minecraft:wooden_pickaxe":21,"minecraft:cobblestone":8,"minecraft:wheat_seeds":31,"minecraft:crafting_table":2,"minecraft:chest":1,"minecraft:oak_sapling":1,"minecraft:furnace":1,"minecraft:torch":2,"minecraft:stone_pickaxe":69},"minecraft:picked_up":{"minecraft:sweet_berries":6,"minecraft:cobblestone":58,"minecraft:oak_planks":32,"minecraft:crafting_table":1,"minecraft:snowball":16,"minecraft:oak_sapling":4,"minecraft:iron_ingot":2,"minecraft:cobbled_deepslate":8,"minecraft:coal":16,"minecraft:string":3,"minecraft:oak_log":4,"minecraft:baked_potato":10,"minecraft:wheat_seeds":77,"minecraft:wheat":28,"minecraft:spider_eye":1},"minecraft:crafted":{"minecraft:torch":4,"minecraft:furnace":1,"minecraft:stone_sword":1,"minecraft:stick":8,"minecraft:wooden_pickaxe":1,"minecraft:stone_axe":1,"minecraft:oak_planks":16,"minecraft:chest":1,"minecraft:stone_pickaxe":1,"minecraft:crafting_table":1},"minecraft:mined":{"minecraft:deepslate":4,"minecraft:oak_leaves":7,"minecraft:crafting_table":1,"minecraft:oak_log":4,"minecraft:wheat":31,"minecraft:cobblestone":4,"minecraft:stone":78,"minecraft:cobbled_deepslate":4},"minecraft:custom":{"minecraft:eat_cake_slice":1,"minecraft:time_since_rest":9856,"minecraft:leave_game":3,"minecraft:mob_kills":1,"minecraft:damage_taken":1735,"minecraft:time_since_death":9844,"minecraft:interact_with_furnace":2,"minecraft:total_world_time":27882,"minecraft:swim_one_cm":24787,"minecraft:crouch_one_cm":4164,"minecraft:climb_one_cm":56,"minecraft:deaths":5,"minecraft:interact_with_crafting_table":5,"minecraft:walk_one_cm":406119,"minecraft:walk_under_water_one_cm":5198,"minecraft:play_time":27882,"minecraft:damage_dealt":354,"minecraft:jump":566,"minecraft:open_barrel":1,"minecraft:sprint_one_cm":128893,"minecraft:open_chest":10,"minecraft:fall_one_cm":18035,"minecraft:fly_one_cm":59056,"minecraft:walk_on_water_one_cm":7188,"minecraft:sneak_time":438},"minecraft:killed":{"minecraft:spider":1}},"DataVersion":4440}