{"stats":{"minecraft:killed_by":{"minecraft:skeleton":5,"minecraft:player":1,"minecraft:silverfish":3,"minecraft:endermite":29,"minecraft:creaking":15,"minecraft:stray":7,"minecraft:spider":2,"minecraft:zombie":27},"minecraft:custom":{"minecraft:eat_cake_slice":5,"minecraft:time_since_rest":10755,"minecraft:leave_game":57,"minecraft:boat_one_cm":846694,"minecraft:time_since_death":10735,"minecraft:interact_with_furnace":266,"minecraft:happy_ghast_one_cm":29312,"minecraft:total_world_time":3324304,"minecraft:crouch_one_cm":518010,"minecraft:climb_one_cm":250669,"minecraft:deaths":160,"minecraft:fish_caught":488,"minecraft:damage_dealt_resisted":514,"minecraft:animals_bred":92,"minecraft:minecart_one_cm":31814,"minecraft:traded_with_villager":106,"minecraft:interact_with_crafting_table":528,"minecraft:inspect_dropper":6,"minecraft:walk_one_cm":23254242,"minecraft:walk_under_water_one_cm":157788,"minecraft:horse_one_cm":3109222,"minecraft:damage_dealt":86664,"minecraft:play_time":3324304,"minecraft:jump":58878,"minecraft:play_record":8,"minecraft:target_hit":10,"minecraft:sprint_one_cm":9079618,"minecraft:fill_cauldron":20,"minecraft:inspect_hopper":55,"minecraft:fly_one_cm":14453280,"minecraft:walk_on_water_one_cm":175750,"minecraft:interact_with_blast_furnace":97,"minecraft:interact_with_grindstone":12,"minecraft:talked_to_villager":48,"minecraft:damage_taken":202776,"minecraft:mob_kills":1605,"minecraft:open_enderchest":74,"minecraft:interact_with_brewingstand":17,"minecraft:interact_with_smithing_table":12,"minecraft:sleep_in_bed":27,"minecraft:inspect_dispenser":1,"minecraft:swim_one_cm":156902,"minecraft:pot_flower":5,"minecraft:enchant_item":20,"minecraft:interact_with_loom":8,"minecraft:interact_with_lectern":82,"minecraft:drop":428,"minecraft:use_cauldron":25,"minecraft:open_barrel":153,"minecraft:open_chest":2699,"minecraft:interact_with_smoker":118,"minecraft:fall_one_cm":1796753,"minecraft:tune_noteblock":1,"minecraft:interact_with_anvil":33,"minecraft:sneak_time":97955},"minecraft:broken":{"minecraft:stone_shovel":7,"minecraft:iron_chestplate":1,"minecraft:iron_leggings":1,"minecraft:iron_shovel":3,"minecraft:stone_axe":5,"minecraft:iron_pickaxe":3,"minecraft:stone_sword":1,"minecraft:stone_pickaxe":9,"minecraft:iron_axe":2,"minecraft:stone_hoe":1,"minecraft:leather_boots":1,"minecraft:shears":7,"minecraft:diamond_helmet":2,"minecraft:diamond_axe":3},"minecraft:crafted":{"minecraft:stone_sword":1,"minecraft:warped_planks":1020,"minecraft:gold_ingot":140,"minecraft:book":1,"minecraft:iron_chestplate":1,"minecraft:glass_pane":112,"minecraft:cookie":352,"minecraft:deepslate_tile_stairs":584,"minecraft:cherry_sign":30,"minecraft:painting":4,"minecraft:stone_bricks":104,"minecraft:diamond_pickaxe":8,"minecraft:chest":67,"minecraft:bookshelf":4,"minecraft:stone_slab":90,"minecraft:warped_sign":6,"minecraft:bucket":18,"minecraft:ladder":36,"minecraft:item_frame":1,"minecraft:dark_oak_planks":1736,"minecraft:cauldron":8,"minecraft:stone_hoe":1,"minecraft:diamond_shovel":16,"minecraft:cut_copper":136,"minecraft:white_stained_glass":232,"minecraft:glass":300,"minecraft:copper_door":3,"minecraft:mangrove_planks":3872,"minecraft:pink_bed":2,"minecraft:mangrove_boat":2,"minecraft:spruce_fence":51,"minecraft:cobbled_deepslate_slab":42,"minecraft:sugar":66,"minecraft:deepslate_tiles":5972,"minecraft:campfire":32,"minecraft:redstone_block":203,"minecraft:yellow_dye":8,"minecraft:mangrove_sign":18,"minecraft:cooked_mutton":16,"minecraft:spruce_door":6,"minecraft:iron_door":3,"minecraft:dark_oak_fence_gate":11,"minecraft:charcoal":10,"minecraft:cooked_beef":77,"minecraft:blue_dye":1,"minecraft:golden_carrot":178,"minecraft:spruce_sign":3,"minecraft:cherry_planks":712,"minecraft:brick":32,"minecraft:barrel":24,"minecraft:cake":4,"minecraft:red_banner":4,"minecraft:iron_bars":16,"minecraft:paper":9,"minecraft:furnace":5,"minecraft:grindstone":13,"minecraft:iron_ingot":236,"minecraft:black_stained_glass_pane":160,"minecraft:diamond_hoe":2,"minecraft:dark_oak_slab":276,"minecraft:lead":6,"minecraft:diamond_helmet":3,"minecraft:scaffolding":108,"minecraft:warped_hanging_sign":6,"minecraft:stone":85,"minecraft:candle":6,"minecraft:diamond_leggings":2,"minecraft:baked_potato":566,"minecraft:deepslate_brick_slab":36,"minecraft:spruce_stairs":16,"minecraft:tuff_brick_stairs":132,"minecraft:shield":4,"minecraft:stone_axe":4,"minecraft:deepslate":11,"minecraft:black_stained_glass":64,"minecraft:iron_axe":2,"minecraft:spruce_fence_gate":23,"minecraft:cooked_salmon":22,"minecraft:diamond_boots":2,"minecraft:writable_book":1,"minecraft:dark_oak_stairs":284,"minecraft:gray_dye":6,"minecraft:stick":1596,"minecraft:white_stained_glass_pane":112,"minecraft:warped_stairs":4,"minecraft:deepslate_bricks":6388,"minecraft:gray_carpet":18,"minecraft:black_dye":11,"minecraft:cooked_porkchop":28,"minecraft:warped_slab":12,"minecraft:pumpkin_seeds":4,"minecraft:diamond_axe":7,"minecraft:polished_andesite":104,"minecraft:air":0,"minecraft:raw_copper":9,"minecraft:bone_meal":453,"minecraft:snow_block":302,"minecraft:deepslate_tile_slab":2539,"minecraft:glass_bottle":6,"minecraft:stone_button":2,"minecraft:pumpkin_pie":53,"minecraft:red_dye":12,"minecraft:flower_pot":6,"minecraft:mangrove_fence":243,"minecraft:loom":1,"minecraft:mangrove_trapdoor":226,"minecraft:gold_nugget":318,"minecraft:cooked_cod":74,"minecraft:warped_trapdoor":30,"minecraft:melon_seeds":24,"minecraft:red_bed":2,"minecraft:iron_sword":2,"minecraft:fishing_rod":7,"minecraft:shears":8,"minecraft:iron_shovel":5,"minecraft:polished_deepslate":6412,"minecraft:warped_fence":258,"minecraft:smoker":4,"minecraft:mangrove_slab":132,"minecraft:stone_shovel":6,"minecraft:white_dye":38,"minecraft:lantern":17,"minecraft:cooked_chicken":11,"minecraft:hopper":7,"minecraft:stone_pickaxe":8,"minecraft:mangrove_door":87,"minecraft:netherite_ingot":2,"minecraft:mangrove_stairs":636,"minecraft:spruce_slab":66,"minecraft:dark_oak_trapdoor":38,"minecraft:tuff_bricks":368,"minecraft:warped_fence_gate":188,"minecraft:chain":11,"minecraft:diamond_chestplate":3,"minecraft:diamond_sword":4,"minecraft:polished_tuff":368,"minecraft:iron_nugget":162,"minecraft:emerald":102,"minecraft:netherite_scrap":11,"minecraft:cherry_trapdoor":34,"minecraft:black_carpet":3,"minecraft:pale_oak_planks":580,"minecraft:deepslate_brick_wall":30,"minecraft:black_bed":4,"minecraft:spruce_trapdoor":20,"minecraft:gold_block":9,"minecraft:polished_diorite_slab":12,"minecraft:deepslate_brick_stairs":92,"minecraft:cooked_rabbit":2,"minecraft:copper_ingot":526,"minecraft:beetroot_soup":13,"minecraft:bread":253,"minecraft:dark_oak_sign":15,"minecraft:deepslate_tile_wall":30,"minecraft:hay_block":10,"minecraft:crafting_table":13,"minecraft:torch":804,"minecraft:polished_andesite_slab":12,"minecraft:bowl":24,"minecraft:dark_oak_fence":126,"minecraft:spruce_planks":484,"minecraft:iron_pickaxe":4,"minecraft:copper_block":55,"minecraft:iron_leggings":1},"minecraft:killed":{"minecraft:slime":9,"minecraft:zombified_piglin":1179,"minecraft:stray":31,"minecraft:skeleton":40,"minecraft:mooshroom":4,"minecraft:piglin":11,"minecraft:spider":33,"minecraft:zombie":165,"minecraft:husk":6,"minecraft:wither_skeleton":1,"minecraft:glow_squid":10,"minecraft:creeper":7,"minecraft:zombie_villager":8,"minecraft:chicken":18,"minecraft:hoglin":1,"minecraft:sheep":4,"minecraft:squid":11,"minecraft:drowned":1,"minecraft:magma_cube":4,"minecraft:ghast":1,"minecraft:blaze":2},"minecraft:picked_up":{"minecraft:sweet_berries":559,"minecraft:pale_oak_log":171,"minecraft:cherry_sign":18,"minecraft:cobblestone":2208,"minecraft:shears":1,"minecraft:brick":14,"minecraft:saddle":4,"minecraft:sugar_cane":159,"minecraft:stripped_dark_oak_log":211,"minecraft:bone":77,"minecraft:acacia_sapling":27,"minecraft:cooked_mutton":27,"minecraft:snow_block":115,"minecraft:diamond_shovel":6,"minecraft:stripped_spruce_log":2,"minecraft:iron_bars":18,"minecraft:iron_sword":2,"minecraft:warped_fence":28,"minecraft:white_banner":2,"minecraft:blaze_rod":2,"minecraft:pale_oak_sapling":19,"minecraft:sugar":1,"minecraft:mangrove_trapdoor":97,"minecraft:polished_diorite_slab":5,"minecraft:ink_sac":15,"minecraft:crimson_fungus":3,"minecraft:cyan_concrete":1,"minecraft:wildflowers":59,"minecraft:shroomlight":104,"minecraft:bow":25,"minecraft:arrow":114,"minecraft:smooth_basalt":203,"minecraft:stone_shovel":1,"minecraft:red_tulip":12,"minecraft:iron_ingot":1,"minecraft:lilac":6,"minecraft:mangrove_door":48,"minecraft:spruce_slab":81,"minecraft:dandelion":8,"minecraft:music_disc_chirp":1,"minecraft:lava_bucket":1,"minecraft:nautilus_shell":12,"minecraft:mutton":6,"minecraft:spruce_leaves":118,"minecraft:red_banner":1,"minecraft:white_stained_glass_pane":224,"minecraft:light_gray_carpet":2,"minecraft:rabbit_hide":2,"minecraft:stonecutter":1,"minecraft:crimson_nylium":1,"minecraft:oxeye_daisy":4,"minecraft:oak_log":18,"minecraft:sand":107,"minecraft:furnace":1,"minecraft:raw_copper_block":1,"minecraft:mangrove_boat":13,"minecraft:wheat_seeds":3151,"minecraft:black_bed":4,"minecraft:quartz":28,"minecraft:egg":70,"minecraft:diamond_sword":19,"minecraft:red_bed":1,"minecraft:warped_wart_block":2496,"minecraft:red_mushroom":42,"minecraft:snowball":6712,"minecraft:loom":1,"minecraft:dried_kelp":4,"minecraft:warped_planks":59,"minecraft:beetroot_seeds":1432,"minecraft:red_dye":5,"minecraft:string":102,"minecraft:golden_sword":5,"minecraft:stone_bricks":23,"minecraft:pink_carpet":27,"minecraft:obsidian":15,"minecraft:leather_boots":4,"minecraft:writable_book":4,"minecraft:polished_diorite":100,"minecraft:pale_oak_trapdoor":160,"minecraft:chain":23,"minecraft:cornflower":9,"minecraft:warped_fungus":30,"minecraft:dark_oak_slab":182,"minecraft:enchanted_book":11,"minecraft:gray_carpet":1,"minecraft:spruce_sapling":129,"minecraft:tripwire_hook":2,"minecraft:mangrove_log":345,"minecraft:deepslate_brick_wall":37,"minecraft:fishing_rod":10,"minecraft:leather":15,"minecraft:warped_trapdoor":3,"minecraft:lead":28,"minecraft:orange_tulip":41,"minecraft:stripped_cherry_log":10,"minecraft:armadillo_scute":1,"minecraft:moss_carpet":82,"minecraft:stripped_warped_stem":8,"minecraft:peony":9,"minecraft:scaffolding":22,"minecraft:mangrove_slab":193,"minecraft:spruce_sign":15,"minecraft:music_disc_precipice":2,"minecraft:stick":372,"minecraft:dark_oak_fence":32,"minecraft:bamboo":90,"minecraft:exposed_cut_copper_slab":43,"minecraft:turtle_egg":3,"minecraft:player_head":2,"minecraft:cooked_porkchop":4,"minecraft:twisting_vines":3,"minecraft:deepslate":11,"minecraft:cauldron":6,"minecraft:cookie":1,"minecraft:item_frame":2,"minecraft:raw_iron":243,"minecraft:honeycomb":6,"minecraft:allium":14,"minecraft:mangrove_fence":52,"minecraft:white_dye":1,"minecraft:leather_helmet":3,"minecraft:spruce_door":3,"minecraft:cherry_planks":237,"minecraft:chest":29,"minecraft:lectern":2,"minecraft:cobbled_deepslate_slab":42,"minecraft:dark_oak_trapdoor":13,"minecraft:netherrack":296,"minecraft:red_wool":179,"minecraft:beacon":1,"minecraft:stone":155,"minecraft:gravel":241,"minecraft:deepslate_tile_stairs":242,"minecraft:tuff":1069,"minecraft:stripped_mangrove_log":48,"minecraft:potato":1108,"minecraft:dark_oak_stairs":220,"minecraft:shield":1,"minecraft:lapis_lazuli":610,"minecraft:pink_bed":5,"minecraft:cut_copper":6,"minecraft:spruce_stairs":32,"minecraft:warped_sign":2,"minecraft:mangrove_sign":4,"minecraft:pufferfish":58,"minecraft:cherry_sapling":181,"minecraft:oak_planks":19,"minecraft:ice":1,"minecraft:raw_copper":1162,"minecraft:rotten_flesh":383,"minecraft:written_book":1,"minecraft:apple":33,"minecraft:cherry_trapdoor":29,"minecraft:calcite":536,"minecraft:jukebox":1,"minecraft:black_stained_glass_pane":6,"minecraft:mangrove_stairs":292,"minecraft:tropical_fish":12,"minecraft:poisonous_potato":4,"minecraft:name_tag":11,"minecraft:polished_andesite":1,"minecraft:flint":65,"minecraft:suspicious_stew":1,"minecraft:warped_roots":337,"minecraft:redstone":1829,"minecraft:deepslate_tiles":1666,"minecraft:dark_oak_sign":4,"minecraft:glow_berries":7,"minecraft:firefly_bush":4,"minecraft:lantern":7,"minecraft:melon_slice":178,"minecraft:diamond":300,"minecraft:slime_ball":6,"minecraft:granite":66,"minecraft:dark_oak_sapling":323,"minecraft:lily_pad":7,"minecraft:crimson_roots":3,"minecraft:deepslate_brick_slab":9,"minecraft:dark_oak_fence_gate":7,"minecraft:salmon":130,"minecraft:packed_ice":476,"minecraft:charcoal":26,"minecraft:magma_cream":1,"minecraft:bowl":2,"minecraft:dark_oak_planks":212,"minecraft:hay_block":2,"minecraft:raw_gold":233,"minecraft:stone_sword":6,"minecraft:acacia_log":177,"minecraft:deepslate_bricks":199,"minecraft:copper_door":1,"minecraft:beetroot":527,"minecraft:pale_oak_sign":1,"minecraft:spruce_planks":392,"minecraft:dirt":1021,"minecraft:basalt":9,"minecraft:blue_egg":3,"minecraft:rail":8,"minecraft:bone_block":96,"minecraft:black_carpet":3,"minecraft:iron_shovel":1,"minecraft:azure_bluet":31,"minecraft:torch":291,"minecraft:diamond_pickaxe":11,"minecraft:cherry_log":531,"minecraft:red_concrete":2,"minecraft:spruce_log":312,"minecraft:coal":897,"minecraft:deepslate_brick_stairs":43,"minecraft:cherry_leaves":683,"minecraft:iron_pickaxe":3,"minecraft:weeping_vines":2,"minecraft:tuff_brick_stairs":24,"minecraft:hopper":5,"minecraft:poppy":13,"minecraft:sunflower":10,"minecraft:cooked_beef":32,"minecraft:white_wool":2,"minecraft:feather":41,"minecraft:mangrove_propagule":31,"minecraft:potion":22,"minecraft:spruce_fence":79,"minecraft:warped_nylium":3,"minecraft:chiseled_deepslate":10,"minecraft:andesite":124,"minecraft:lily_of_the_valley":9,"minecraft:deepslate_tile_slab":847,"minecraft:mangrove_planks":1333,"minecraft:diamond_hoe":1,"minecraft:copper_ingot":31,"minecraft:ladder":7,"minecraft:amethyst_shard":118,"minecraft:filled_map":4,"minecraft:vine":4,"minecraft:diamond_axe":10,"minecraft:carrot":1919,"minecraft:mangrove_roots":342,"minecraft:gold_nugget":119,"minecraft:stone_slab":212,"minecraft:stone_pickaxe":1,"minecraft:polished_diorite_stairs":22,"minecraft:cod":254,"minecraft:gold_ingot":22,"minecraft:baked_potato":34,"minecraft:melon_seeds":11,"minecraft:copper_block":1,"minecraft:glow_ink_sac":25,"minecraft:polished_andesite_slab":8,"minecraft:painting":12,"minecraft:black_wool":254,"minecraft:chicken":12,"minecraft:leather_chestplate":2,"minecraft:white_tulip":19,"minecraft:golden_chestplate":1,"minecraft:cooked_chicken":31,"minecraft:grindstone":9,"minecraft:cobbled_deepslate":8323,"minecraft:lapis_block":40,"minecraft:pumpkin_seeds":37,"minecraft:stone_axe":6,"minecraft:amethyst_block":205,"minecraft:wheat":1244,"minecraft:tuff_bricks":173,"minecraft:gunpowder":20,"minecraft:spruce_trapdoor":9,"minecraft:blackstone":3,"minecraft:deepslate_tile_wall":24,"minecraft:white_stained_glass":47,"minecraft:polished_deepslate":41,"minecraft:leaf_litter":14,"minecraft:pale_oak_planks":126,"minecraft:nether_brick_fence":1,"minecraft:grass_block":21,"minecraft:pale_oak_boat":1,"minecraft:music_disc_creator":1,"minecraft:pumpkin":74,"minecraft:spider_eye":20,"minecraft:bone_meal":17,"minecraft:dark_oak_log":2146,"minecraft:pink_wool":64,"minecraft:tipped_arrow":30,"minecraft:diorite":276,"minecraft:campfire":9,"minecraft:warped_fence_gate":31,"minecraft:flower_pot":7,"minecraft:weathered_copper":1,"minecraft:golden_helmet":2,"minecraft:crafting_table":18,"minecraft:oak_sapling":15,"minecraft:warped_stem":350,"minecraft:cobblestone_slab":4,"minecraft:music_disc_cat":3,"minecraft:glass_bottle":2,"minecraft:warped_stairs":13,"minecraft:purple_wool":4,"minecraft:barrel":6,"minecraft:cocoa_beans":54,"minecraft:paper":8,"minecraft:gray_wool":12},"minecraft:mined":{"minecraft:torch":101,"minecraft:mangrove_roots":216,"minecraft:dark_oak_wall_sign":1,"minecraft:red_tulip":12,"minecraft:spruce_log":321,"minecraft:nether_quartz_ore":17,"minecraft:chest":30,"minecraft:pumpkin":90,"minecraft:netherrack":456,"minecraft:spruce_sapling":6,"minecraft:red_wall_banner":1,"minecraft:dark_oak_fence_gate":7,"minecraft:spruce_planks":266,"minecraft:attached_pumpkin_stem":3,"minecraft:sweet_berry_bush":115,"minecraft:red_wool":34,"minecraft:dark_oak_planks":195,"minecraft:blackstone":3,"minecraft:grindstone":8,"minecraft:deepslate_bricks":138,"minecraft:dark_oak_sapling":34,"minecraft:dark_oak_trapdoor":3,"minecraft:campfire":10,"minecraft:wall_torch":125,"minecraft:fire":1,"minecraft:mangrove_planks":1344,"minecraft:deepslate_tiles":1357,"minecraft:oak_sapling":1,"minecraft:azure_bluet":31,"minecraft:acacia_log":193,"minecraft:dark_oak_log":2196,"minecraft:chain":12,"minecraft:spruce_wall_sign":3,"minecraft:stone_slab":67,"minecraft:dandelion":8,"minecraft:lantern":1,"minecraft:cherry_leaves":1659,"minecraft:scaffolding":15,"minecraft:oak_leaves":22,"minecraft:tuff_brick_stairs":26,"minecraft:mangrove_slab":92,"minecraft:spruce_stairs":16,"minecraft:deepslate_copper_ore":2,"minecraft:crimson_roots":3,"minecraft:iron_bars":18,"minecraft:tall_grass":68,"minecraft:deepslate_tile_slab":615,"minecraft:cobbled_deepslate_slab":6,"minecraft:twisting_vines":3,"minecraft:crimson_fungus":2,"minecraft:water_cauldron":6,"minecraft:flower_pot":3,"minecraft:moss_carpet":19,"minecraft:spruce_door":1,"minecraft:sand":134,"minecraft:seagrass":1,"minecraft:spruce_sign":6,"minecraft:stonecutter":1,"minecraft:gray_carpet":1,"minecraft:cocoa":18,"minecraft:lapis_ore":15,"minecraft:black_bed":4,"minecraft:red_bed":1,"minecraft:warped_roots":203,"minecraft:vine":32,"minecraft:raw_copper_block":1,"minecraft:carrots":552,"minecraft:lectern":2,"minecraft:sunflower":22,"minecraft:short_grass":123,"minecraft:red_mushroom":37,"minecraft:mangrove_wall_sign":1,"minecraft:sculk_catalyst":1,"minecraft:acacia_leaves":17,"minecraft:dirt_path":4,"minecraft:crafting_table":15,"minecraft:deepslate_redstone_ore":313,"minecraft:dark_oak_stairs":171,"minecraft:leaf_litter":5,"minecraft:copper_ore":167,"minecraft:black_stained_glass_pane":7,"minecraft:packed_ice":8597,"minecraft:cave_vines_plant":1,"minecraft:budding_amethyst":21,"minecraft:warped_stairs":9,"minecraft:warped_trapdoor":1,"minecraft:white_wall_banner":1,"minecraft:stone_bricks":35,"minecraft:white_stained_glass_pane":122,"minecraft:bush":1,"minecraft:sculk_sensor":19,"minecraft:wheat":1342,"minecraft:mangrove_stairs":256,"minecraft:white_stained_glass":26,"minecraft:snow_block":2195,"minecraft:barrel":6,"minecraft:grass_block":61,"minecraft:tuff_bricks":197,"minecraft:light_gray_carpet":1,"minecraft:potted_spruce_sapling":1,"minecraft:pale_oak_leaves":52,"minecraft:deepslate_tile_wall":29,"minecraft:calcite":570,"minecraft:spruce_slab":30,"minecraft:exposed_cut_copper_slab":2,"minecraft:jukebox":1,"minecraft:cherry_sign":3,"minecraft:white_tulip":19,"minecraft:warped_wall_sign":2,"minecraft:smooth_basalt":222,"minecraft:warped_planks":36,"minecraft:mangrove_fence":33,"minecraft:amethyst_block":213,"minecraft:weeping_vines_plant":1,"minecraft:stripped_dark_oak_log":221,"minecraft:cherry_trapdoor":19,"minecraft:oxeye_daisy":5,"minecraft:farmland":1,"minecraft:obsidian":15,"minecraft:cave_vines":9,"minecraft:orange_tulip":55,"minecraft:melon":49,"minecraft:cut_copper":3,"minecraft:stripped_spruce_log":2,"minecraft:bamboo":23,"minecraft:nether_brick_fence":1,"minecraft:warped_fence_gate":25,"minecraft:fern":1,"minecraft:black_carpet":1,"minecraft:deepslate_diamond_ore":156,"minecraft:potatoes":317,"minecraft:attached_melon_stem":1,"minecraft:pale_oak_trapdoor":92,"minecraft:warped_stem":285,"minecraft:pink_bed":5,"minecraft:mangrove_propagule":4,"minecraft:iron_ore":59,"minecraft:pumpkin_stem":18,"minecraft:nether_sprouts":124,"minecraft:beetroots":547,"minecraft:stripped_warped_stem":8,"minecraft:lily_of_the_valley":9,"minecraft:oak_planks":18,"minecraft:cobblestone":318,"minecraft:sugar_cane":202,"minecraft:shroomlight":100,"minecraft:mangrove_leaves":195,"minecraft:polished_diorite":39,"minecraft:furnace":1,"minecraft:mangrove_trapdoor":70,"minecraft:wildflowers":29,"minecraft:dirt":2119,"minecraft:hopper":5,"minecraft:ladder":3,"minecraft:basalt":14,"minecraft:deepslate":7921,"minecraft:cherry_planks":227,"minecraft:snow":1316,"minecraft:deepslate_tile_stairs":271,"minecraft:oak_log":18,"minecraft:warped_fence":29,"minecraft:polished_diorite_stairs":3,"minecraft:redstone_ore":13,"minecraft:cherry_log":537,"minecraft:sculk":313,"minecraft:warped_wart_block":2302,"minecraft:weathered_copper":1,"minecraft:warped_nylium":3,"minecraft:gravel":522,"minecraft:pale_oak_wall_sign":1,"minecraft:loom":1,"minecraft:melon_stem":4,"minecraft:twisting_vines_plant":2,"minecraft:lilac":6,"minecraft:firefly_bush":5,"minecraft:gold_ore":10,"minecraft:andesite":221,"minecraft:stripped_cherry_log":7,"minecraft:dark_oak_slab":144,"minecraft:deepslate_gold_ore":118,"minecraft:ice":469,"minecraft:dark_oak_leaves":123,"minecraft:warped_fungus":28,"minecraft:chiseled_deepslate":5,"minecraft:polished_andesite_slab":8,"minecraft:poppy":14,"minecraft:deepslate_lapis_ore":48,"minecraft:deepslate_iron_ore":73,"minecraft:amethyst_cluster":11,"minecraft:allium":14,"minecraft:stone":2821,"minecraft:deepslate_brick_stairs":44,"minecraft:stripped_mangrove_log":56,"minecraft:granite":110,"minecraft:spruce_fence":26,"minecraft:coal_ore":467,"minecraft:diorite":573,"minecraft:hay_block":2,"minecraft:spruce_trapdoor":3,"minecraft:deepslate_brick_wall":15,"minecraft:mangrove_door":42,"minecraft:dark_oak_sign":3,"minecraft:cherry_sapling":10,"minecraft:polished_deepslate":17,"minecraft:sculk_vein":14,"minecraft:crimson_nylium":5,"minecraft:cherry_wall_sign":3,"minecraft:dark_oak_fence":30,"minecraft:powder_snow":4,"minecraft:player_head":1,"minecraft:mangrove_log":150,"minecraft:peony":11,"minecraft:spruce_leaves":305,"minecraft:cobbled_deepslate":212,"minecraft:tuff":995,"minecraft:pale_oak_log":171,"minecraft:nether_gold_ore":1,"minecraft:pale_oak_planks":127,"minecraft:polished_andesite":1,"minecraft:cobblestone_slab":4,"minecraft:cornflower":9},"minecraft:dropped":{"minecraft:lily_pad":1,"minecraft:diamond_shovel":4,"minecraft:mangrove_stairs":1,"minecraft:andesite":18,"minecraft:sweet_berries":4,"minecraft:beacon":1,"minecraft:lead":1,"minecraft:cobbled_deepslate":149,"minecraft:bone":5,"minecraft:bowl":1,"minecraft:wheat_seeds":1336,"minecraft:iron_ingot":64,"minecraft:deepslate_brick_slab":1,"minecraft:tuff_bricks":1,"minecraft:spruce_sign":1,"minecraft:stone_pickaxe":1,"minecraft:dark_oak_slab":1,"minecraft:mangrove_planks":4,"minecraft:mangrove_door":1,"minecraft:filled_map":4,"minecraft:cooked_chicken":5,"minecraft:warped_roots":30,"minecraft:dark_oak_sapling":7,"minecraft:tuff":2,"minecraft:diamond_pickaxe":10,"minecraft:string":4,"minecraft:deepslate_tile_stairs":1,"minecraft:stick":4,"minecraft:arrow":8,"minecraft:spruce_sapling":2,"minecraft:carrot":5,"minecraft:bread":32,"minecraft:spider_eye":4,"minecraft:gold_ingot":40,"minecraft:stone_axe":6,"minecraft:stripped_dark_oak_log":1,"minecraft:iron_pickaxe":3,"minecraft:snowball":2422,"minecraft:diamond_hoe":1,"minecraft:dark_oak_log":126,"minecraft:baked_potato":4,"minecraft:diorite":1,"minecraft:tipped_arrow":1,"minecraft:rotten_flesh":48,"minecraft:stone_shovel":1,"minecraft:cobblestone":3,"minecraft:spruce_planks":1,"minecraft:lava_bucket":1,"minecraft:torch":3,"minecraft:stone_sword":5,"minecraft:bow":4,"minecraft:diamond_axe":10,"minecraft:lantern":10,"minecraft:dark_oak_trapdoor":1,"minecraft:potion":1,"minecraft:dirt":5,"minecraft:stripped_mangrove_log":1,"minecraft:cherry_sign":4,"minecraft:shears":1,"minecraft:diamond":76,"minecraft:coal":5,"minecraft:mangrove_trapdoor":1,"minecraft:glass_bottle":3,"minecraft:bone_meal":2,"minecraft:cherry_leaves":1,"minecraft:beetroot_seeds":705,"minecraft:cyan_concrete":1,"minecraft:stone_slab":1,"minecraft:cooked_beef":2,"minecraft:deepslate_tiles":7,"minecraft:diamond_sword":19,"minecraft:snow_block":4,"minecraft:iron_sword":4,"minecraft:warped_fence_gate":2,"minecraft:turtle_egg":3,"minecraft:fishing_rod":1,"minecraft:crafting_table":1,"minecraft:golden_helmet":2,"minecraft:pale_oak_trapdoor":2,"minecraft:netherrack":1,"minecraft:cooked_porkchop":1,"minecraft:shroomlight":16,"minecraft:deepslate_tile_slab":5,"minecraft:dark_oak_stairs":5,"minecraft:glow_ink_sac":1},"minecraft:used":{"minecraft:weathered_copper":1,"minecraft:white_banner":1,"minecraft:diamond_sword":2148,"minecraft:cobbled_deepslate_slab":9,"minecraft:mangrove_boat":14,"minecraft:cherry_planks":388,"minecraft:campfire":36,"minecraft:wheat_seeds":1558,"minecraft:polished_diorite_stairs":6,"minecraft:hay_block":12,"minecraft:deepslate_tile_slab":3150,"minecraft:spruce_slab":57,"minecraft:stonecutter":1,"minecraft:gray_carpet":1,"minecraft:diamond_axe":8632,"minecraft:poppy":1,"minecraft:snowball":1141,"minecraft:calcite":516,"minecraft:bow":23,"minecraft:loom":1,"minecraft:cobbled_deepslate":520,"minecraft:polished_diorite":33,"minecraft:deepslate_brick_slab":28,"minecraft:pale_oak_trapdoor":148,"minecraft:warped_fence":280,"minecraft:stone_shovel":918,"minecraft:cut_copper":133,"minecraft:orange_dye":3,"minecraft:white_stained_glass_pane":144,"minecraft:spruce_fence_gate":18,"minecraft:melon_seeds":32,"minecraft:warped_planks":123,"minecraft:written_book":5,"minecraft:cooked_salmon":22,"minecraft:sand":10,"minecraft:glow_ink_sac":10,"minecraft:shears":1784,"minecraft:mangrove_planks":2282,"minecraft:dark_oak_fence_gate":16,"minecraft:bucket":69,"minecraft:exposed_cut_copper_slab":57,"minecraft:cocoa_beans":18,"minecraft:warped_nylium":3,"minecraft:oak_sapling":14,"minecraft:flower_pot":8,"minecraft:iron_door":1,"minecraft:grass_block":21,"minecraft:wildflowers":59,"minecraft:cherry_leaves":593,"minecraft:iron_pickaxe":752,"minecraft:andesite":68,"minecraft:polished_deepslate":17,"minecraft:pale_oak_sapling":20,"minecraft:dark_oak_log":1553,"minecraft:bamboo":19,"minecraft:iron_sword":301,"minecraft:golden_carrot":1,"minecraft:deepslate_bricks":448,"minecraft:cooked_mutton":16,"minecraft:shroomlight":92,"minecraft:cookie":3,"minecraft:stone_bricks":124,"minecraft:tuff_brick_stairs":95,"minecraft:red_bed":3,"minecraft:diorite":245,"minecraft:pale_oak_boat":1,"minecraft:pumpkin_seeds":19,"minecraft:white_stained_glass":235,"minecraft:spruce_door":4,"minecraft:pale_oak_planks":603,"minecraft:cobblestone":541,"minecraft:cherry_sign":29,"minecraft:stone":7,"minecraft:stripped_mangrove_log":32,"minecraft:chain":12,"minecraft:crafting_table":25,"minecraft:spruce_sign":14,"minecraft:spruce_trapdoor":22,"minecraft:red_mushroom":1,"minecraft:potion":25,"minecraft:cyan_concrete":15,"minecraft:tuff_bricks":378,"minecraft:white_tulip":2,"minecraft:air":2,"minecraft:baked_potato":242,"minecraft:apple":14,"minecraft:scaffolding":124,"minecraft:smoker":4,"minecraft:moss_carpet":10,"minecraft:copper_door":2,"minecraft:red_banner":5,"minecraft:melon_slice":6,"minecraft:stone_hoe":133,"minecraft:spruce_log":127,"minecraft:water_bucket":48,"minecraft:deepslate_tile_wall":40,"minecraft:black_stained_glass_pane":43,"minecraft:warped_stairs":12,"minecraft:bread":72,"minecraft:torch":1018,"minecraft:black_bed":8,"minecraft:red_wool":75,"minecraft:gravel":4,"minecraft:cooked_chicken":4,"minecraft:lily_of_the_valley":9,"minecraft:snow_block":186,"minecraft:deepslate_tile_stairs":815,"minecraft:pink_bed":7,"minecraft:dark_oak_trapdoor":32,"minecraft:chest":88,"minecraft:warped_slab":4,"minecraft:cauldron":14,"minecraft:birch_sapling":1,"minecraft:painting":16,"minecraft:iron_axe":499,"minecraft:leaf_litter":14,"minecraft:stone_slab":70,"minecraft:diamond_hoe":2803,"minecraft:player_head":2,"minecraft:potato":446,"minecraft:mangrove_slab":241,"minecraft:glow_berries":7,"minecraft:glass_bottle":5,"minecraft:black_carpet":2,"minecraft:dark_oak_stairs":427,"minecraft:lantern":12,"minecraft:cooked_porkchop":28,"minecraft:iron_shovel":845,"minecraft:pale_oak_sign":1,"minecraft:grindstone":20,"minecraft:beetroot_seeds":706,"minecraft:candle":6,"minecraft:jukebox":1,"minecraft:stone_pickaxe":1180,"minecraft:netherrack":66,"minecraft:suspicious_stew":1,"minecraft:vine":4,"minecraft:diamond_shovel":4394,"minecraft:rotten_flesh":2,"minecraft:writable_book":60,"minecraft:bone_meal":332,"minecraft:item_frame":3,"minecraft:dark_oak_planks":314,"minecraft:acacia_sapling":4,"minecraft:dirt":2017,"minecraft:fishing_rod":682,"minecraft:obsidian":10,"minecraft:dark_oak_sign":8,"minecraft:spruce_leaves":28,"minecraft:dark_oak_sapling":242,"minecraft:spruce_planks":316,"minecraft:cooked_rabbit":2,"minecraft:warped_hanging_sign":1,"minecraft:cooked_cod":14,"minecraft:iron_bars":30,"minecraft:lectern":2,"minecraft:deepslate_tiles":5211,"minecraft:oak_planks":1,"minecraft:warped_sign":8,"minecraft:sugar_cane":5,"minecraft:warped_wart_block":1120,"minecraft:ice":1,"minecraft:stone_axe":656,"minecraft:spruce_fence":68,"minecraft:warped_stem":6,"minecraft:spruce_stairs":16,"minecraft:mangrove_sign":16,"minecraft:cherry_sapling":67,"minecraft:mangrove_trapdoor":290,"minecraft:bookshelf":4,"minecraft:diamond_pickaxe":26644,"minecraft:ladder":24,"minecraft:beetroot":2,"minecraft:stripped_dark_oak_log":189,"minecraft:dark_oak_fence":149,"minecraft:tuff":329,"minecraft:stripped_cherry_log":1,"minecraft:brewing_stand":1,"minecraft:stone_sword":190,"minecraft:sweet_berries":604,"minecraft:lava_bucket":1,"minecraft:mangrove_log":68,"minecraft:copper_block":2,"minecraft:crimson_roots":2,"minecraft:hopper":9,"minecraft:polished_andesite":85,"minecraft:mangrove_door":120,"minecraft:carrot":1113,"minecraft:polished_diorite_slab":7,"minecraft:cherry_trapdoor":43,"minecraft:blue_dye":1,"minecraft:warped_fence_gate":203,"minecraft:smooth_basalt":119,"minecraft:deepslate_brick_wall":23,"minecraft:furnace":1,"minecraft:barrel":30,"minecraft:dark_oak_slab":383,"minecraft:mangrove_stairs":846,"minecraft:warped_fungus":31,"minecraft:dried_kelp":4,"minecraft:cobblestone_slab":4,"minecraft:stone_button":2,"minecraft:deepslate_brick_stairs":119,"minecraft:cherry_log":359,"minecraft:cooked_beef":73,"minecraft:flint_and_steel":1,"minecraft:warped_trapdoor":17,"minecraft:mangrove_fence":237,"minecraft:mangrove_propagule":24,"minecraft:spruce_sapling":81,"minecraft:polished_andesite_slab":14,"minecraft:egg":16,"minecraft:azure_bluet":11}},"DataVersion":4440}