{"stats":{"minecraft:used":{"minecraft:stone_axe":83,"minecraft:acacia_boat":13,"minecraft:oak_trapdoor":1,"minecraft:iron_axe":382,"minecraft:white_terracotta":156,"minecraft:diamond_hoe":3531,"minecraft:shield":75,"minecraft:iron_pickaxe":718,"minecraft:andesite":6,"minecraft:pale_oak_sapling":21,"minecraft:dark_oak_log":3,"minecraft:acacia_sign":3,"minecraft:iron_sword":144,"minecraft:wheat_seeds":143,"minecraft:golden_carrot":5,"minecraft:glass_bottle":9,"minecraft:light_gray_terracotta":329,"minecraft:diamond_pickaxe":15656,"minecraft:cooked_mutton":7,"minecraft:stone_bricks":1,"minecraft:black_terracotta":10,"minecraft:crossbow":2,"minecraft:cooked_porkchop":18,"minecraft:stone_sword":1,"minecraft:sweet_berries":145,"minecraft:lava_bucket":140,"minecraft:pale_oak_sign":2,"minecraft:pale_oak_slab":17,"minecraft:diorite":4,"minecraft:black_wool":2,"minecraft:pale_oak_boat":6,"minecraft:spruce_door":1,"minecraft:pale_oak_planks":5,"minecraft:cobblestone":246,"minecraft:diamond_chestplate":1,"minecraft:diamond_axe":198,"minecraft:carrot":391,"minecraft:crafting_table":24,"minecraft:pale_oak_stairs":4,"minecraft:stone_pickaxe":171,"minecraft:iron_leggings":1,"minecraft:cobbled_deepslate":387,"minecraft:acacia_planks":61,"minecraft:netherrack":689,"minecraft:brown_terracotta":2,"minecraft:spruce_boat":5,"minecraft:apple":1,"minecraft:pale_oak_trapdoor":29,"minecraft:white_dye":4,"minecraft:stone_shovel":17,"minecraft:iron_hoe":500,"minecraft:rotten_flesh":5,"minecraft:water_bucket":296,"minecraft:writable_book":2,"minecraft:dark_oak_planks":120,"minecraft:pale_oak_log":46,"minecraft:warped_stairs":4,"minecraft:furnace":22,"minecraft:blue_egg":3,"minecraft:torch":41,"minecraft:bread":40,"minecraft:dirt":29,"minecraft:terracotta":33,"minecraft:iron_boots":2,"minecraft:cooked_salmon":10,"minecraft:dark_oak_sapling":4,"minecraft:yellow_terracotta":40,"minecraft:spruce_planks":43,"minecraft:dried_kelp":9,"minecraft:cooked_rabbit":1,"minecraft:gravel":1,"minecraft:orange_terracotta":10,"minecraft:light_blue_terracotta":1,"minecraft:glow_ink_sac":4,"minecraft:cooked_chicken":2,"minecraft:red_terracotta":1,"minecraft:nether_brick_fence":2,"minecraft:cooked_beef":10,"minecraft:bucket":438,"minecraft:dark_oak_trapdoor":1,"minecraft:dark_oak_boat":3,"minecraft:chest":3,"minecraft:splash_potion":1,"minecraft:iron_helmet":1,"minecraft:oak_planks":8,"minecraft:brown_egg":2},"minecraft:dropped":{"minecraft:oak_planks":2,"minecraft:andesite":3,"minecraft:warped_fungus":2,"minecraft:ghast_tear":3,"minecraft:magma_block":44,"minecraft:wheat":7,"minecraft:pale_oak_stairs":2,"minecraft:cobbled_deepslate":11,"minecraft:bone":4,"minecraft:glass":1,"minecraft:egg":4,"minecraft:armadillo_scute":2,"minecraft:wheat_seeds":3,"minecraft:iron_ingot":1,"minecraft:tuff_bricks":8,"minecraft:yellow_terracotta":15,"minecraft:enchanted_book":1,"minecraft:paper":1,"minecraft:acacia_sapling":2,"minecraft:polished_tuff":1,"minecraft:black_terracotta":1,"minecraft:redstone":64,"minecraft:dark_oak_sapling":1,"minecraft:diamond_pickaxe":1,"minecraft:string":2,"minecraft:stick":12,"minecraft:pale_oak_planks":10,"minecraft:arrow":19,"minecraft:gunpowder":2,"minecraft:spider_eye":1,"minecraft:stone_axe":1,"minecraft:iron_pickaxe":1,"minecraft:oak_wood":6,"minecraft:rotten_flesh":14,"minecraft:stone_shovel":1,"minecraft:cobblestone":8,"minecraft:pointed_dripstone":1,"minecraft:spruce_planks":1,"minecraft:stone_sword":1,"minecraft:stripped_pale_oak_log":1,"minecraft:dark_oak_trapdoor":1,"minecraft:white_wool":4,"minecraft:dirt":1,"minecraft:leather":2,"minecraft:red_sand":1,"minecraft:quartz":8,"minecraft:resin_clump":1,"minecraft:diamond":2,"minecraft:feather":4,"minecraft:nether_brick_fence":18,"minecraft:spruce_boat":1,"minecraft:wildflowers":4,"minecraft:bone_meal":1,"minecraft:brown_mushroom":2,"minecraft:orange_terracotta":40,"minecraft:stone_bricks":2,"minecraft:chiseled_tuff_bricks":1,"minecraft:leaf_litter":3,"minecraft:chicken":2,"minecraft:pale_oak_log":12,"minecraft:raw_iron":5,"minecraft:oak_trapdoor":1,"minecraft:gold_nugget":136,"minecraft:lapis_lazuli":30,"minecraft:light_gray_terracotta":1,"minecraft:dark_oak_planks":11,"minecraft:netherrack":464,"minecraft:pale_oak_sign":1,"minecraft:terracotta":7},"minecraft:crafted":{"minecraft:cooked_salmon":10,"minecraft:gold_ingot":1,"minecraft:iron_chestplate":1,"minecraft:stick":224,"minecraft:cooked_porkchop":18,"minecraft:iron_helmet":1,"minecraft:diamond_axe":1,"minecraft:diamond_pickaxe":3,"minecraft:chest":1,"minecraft:air":0,"minecraft:acacia_planks":80,"minecraft:bucket":1,"minecraft:bone_meal":51,"minecraft:light_blue_bundle":1,"minecraft:dark_oak_planks":128,"minecraft:glass_bottle":9,"minecraft:pale_oak_sign":3,"minecraft:glass":9,"minecraft:pale_oak_slab":30,"minecraft:iron_hoe":2,"minecraft:oak_trapdoor":2,"minecraft:pale_oak_boat":1,"minecraft:bundle":1,"minecraft:oak_planks":128,"minecraft:gold_nugget":72,"minecraft:sugar":11,"minecraft:iron_sword":1,"minecraft:white_dye":4,"minecraft:cooked_chicken":2,"minecraft:stone_pickaxe":1,"minecraft:cooked_mutton":7,"minecraft:spruce_door":6,"minecraft:iron_boots":1,"minecraft:dark_oak_boat":2,"minecraft:cooked_beef":10,"minecraft:dark_oak_trapdoor":2,"minecraft:golden_carrot":8,"minecraft:fermented_spider_eye":3,"minecraft:diamond_chestplate":1,"minecraft:oak_wood":3,"minecraft:furnace":8,"minecraft:pale_oak_planks":124,"minecraft:acacia_boat":1,"minecraft:spruce_boat":2,"minecraft:iron_ingot":47,"minecraft:pale_oak_trapdoor":20,"minecraft:cooked_rabbit":1,"minecraft:diamond_hoe":3,"minecraft:bread":39,"minecraft:crafting_table":11,"minecraft:acacia_sign":3,"minecraft:torch":32,"minecraft:enchanted_book":1,"minecraft:shield":1,"minecraft:pale_oak_stairs":4,"minecraft:spruce_planks":64,"minecraft:iron_pickaxe":3,"minecraft:iron_axe":2,"minecraft:iron_leggings":1},"minecraft:killed":{"minecraft:pillager":3,"minecraft:zombified_piglin":4,"minecraft:skeleton":8,"minecraft:pig":10,"minecraft:piglin":4,"minecraft:spider":6,"minecraft:salmon":10,"minecraft:zombie":18,"minecraft:husk":3,"minecraft:rabbit":1,"minecraft:creeper":1,"minecraft:chicken":4,"minecraft:hoglin":1,"minecraft:sheep":6,"minecraft:drowned":2,"minecraft:cow":6,"minecraft:ghast":8,"minecraft:armadillo":1,"minecraft:blaze":4},"minecraft:broken":{"minecraft:iron_axe":2,"minecraft:iron_hoe":2,"minecraft:shield":1,"minecraft:iron_pickaxe":2,"minecraft:stone_pickaxe":1,"minecraft:diamond_hoe":2},"minecraft:picked_up":{"minecraft:sweet_berries":168,"minecraft:pale_oak_log":89,"minecraft:cobblestone":409,"minecraft:glass":1,"minecraft:sugar_cane":11,"minecraft:redstone":62,"minecraft:bone":7,"minecraft:acacia_sapling":2,"minecraft:orange_terracotta":50,"minecraft:glow_berries":3,"minecraft:diamond":28,"minecraft:white_banner":1,"minecraft:white_terracotta":162,"minecraft:dark_oak_sapling":6,"minecraft:emerald":20,"minecraft:pale_oak_sapling":21,"minecraft:salmon":10,"minecraft:wildflowers":4,"minecraft:spruce_boat":4,"minecraft:red_sand":10,"minecraft:arrow":16,"minecraft:magma_cream":1,"minecraft:iron_ingot":2,"minecraft:pale_oak_stairs":2,"minecraft:dark_oak_planks":109,"minecraft:acacia_log":20,"minecraft:mutton":7,"minecraft:acacia_planks":2,"minecraft:spruce_planks":20,"minecraft:oak_wood":3,"minecraft:dirt":30,"minecraft:blue_egg":3,"minecraft:torch":23,"minecraft:diamond_pickaxe":1,"minecraft:dripstone_block":4,"minecraft:spruce_log":16,"minecraft:coal":86,"minecraft:oak_log":36,"minecraft:acacia_boat":12,"minecraft:furnace":14,"minecraft:wheat_seeds":259,"minecraft:quartz":70,"minecraft:egg":4,"minecraft:white_wool":8,"minecraft:feather":4,"minecraft:potion":7,"minecraft:chiseled_tuff_bricks":1,"minecraft:andesite":9,"minecraft:string":2,"minecraft:stone_bricks":3,"minecraft:writable_book":1,"minecraft:light_gray_terracotta":330,"minecraft:pale_oak_trapdoor":9,"minecraft:warped_fungus":2,"minecraft:carrot":394,"minecraft:black_terracotta":15,"minecraft:rabbit":1,"minecraft:yellow_terracotta":55,"minecraft:leather":4,"minecraft:gold_nugget":126,"minecraft:brown_mushroom":20,"minecraft:resin_clump":1,"minecraft:armadillo_scute":2,"minecraft:music_disc_tears":1,"minecraft:ghast_tear":3,"minecraft:glow_ink_sac":26,"minecraft:porkchop":18,"minecraft:stick":25,"minecraft:polished_tuff":1,"minecraft:black_wool":2,"minecraft:chicken":5,"minecraft:red_terracotta":1,"minecraft:moss_block":4,"minecraft:brown_terracotta":2,"minecraft:raw_iron":59,"minecraft:cobbled_deepslate":399,"minecraft:pointed_dripstone":1,"minecraft:wheat":124,"minecraft:tuff_bricks":8,"minecraft:gunpowder":2,"minecraft:chest":2,"minecraft:netherrack":1163,"minecraft:pale_oak_slab":3,"minecraft:magma_block":44,"minecraft:gravel":1,"minecraft:leaf_litter":8,"minecraft:pale_oak_planks":1,"minecraft:nether_brick_fence":20,"minecraft:pale_oak_boat":5,"minecraft:terracotta":42,"minecraft:lapis_lazuli":68,"minecraft:spider_eye":1,"minecraft:stripped_pale_oak_log":1,"minecraft:bone_meal":257,"minecraft:dark_oak_log":35,"minecraft:ominous_bottle":1,"minecraft:diorite":4,"minecraft:oak_planks":4,"minecraft:brown_egg":2,"minecraft:crafting_table":13,"minecraft:beef":13,"minecraft:rotten_flesh":19,"minecraft:ancient_debris":20,"minecraft:apple":1,"minecraft:dark_oak_boat":1,"minecraft:warped_stairs":4,"minecraft:paper":1,"minecraft:light_blue_terracotta":3},"minecraft:mined":{"minecraft:torch":6,"minecraft:pale_oak_sapling":3,"minecraft:light_blue_terracotta":3,"minecraft:spruce_log":16,"minecraft:nether_quartz_ore":360,"minecraft:chest":2,"minecraft:netherrack":13330,"minecraft:white_terracotta":173,"minecraft:brown_mushroom":3,"minecraft:spruce_planks":26,"minecraft:pale_hanging_moss":2,"minecraft:sweet_berry_bush":51,"minecraft:magma_block":89,"minecraft:dark_oak_planks":77,"minecraft:cave_vines":2,"minecraft:blackstone":236,"minecraft:nether_wart_block":1,"minecraft:sculk_shrieker":2,"minecraft:moss_block":4,"minecraft:nether_brick_fence":21,"minecraft:wall_torch":2,"minecraft:fern":1,"minecraft:fire":10,"minecraft:deepslate_diamond_ore":24,"minecraft:pale_oak_trapdoor":9,"minecraft:brown_terracotta":3,"minecraft:dripstone_block":5,"minecraft:iron_ore":29,"minecraft:acacia_log":24,"minecraft:dark_oak_log":35,"minecraft:oak_planks":4,"minecraft:cobblestone":40,"minecraft:sugar_cane":10,"minecraft:red_mushroom_block":4,"minecraft:oak_leaves":11,"minecraft:furnace":14,"minecraft:brown_mushroom_block":59,"minecraft:yellow_terracotta":62,"minecraft:tall_grass":2,"minecraft:wildflowers":2,"minecraft:dirt":37,"minecraft:soul_fire":1,"minecraft:basalt":171,"minecraft:deepslate":675,"minecraft:oak_log":36,"minecraft:pale_oak_stairs":2,"minecraft:sculk":3721,"minecraft:warped_wart_block":1,"minecraft:warped_nylium":3,"minecraft:terracotta":58,"minecraft:carrots":110,"minecraft:gravel":5,"minecraft:sculk_catalyst":6,"minecraft:acacia_leaves":1,"minecraft:crafting_table":13,"minecraft:deepslate_redstone_ore":15,"minecraft:leaf_litter":4,"minecraft:copper_ore":2,"minecraft:pale_oak_slab":3,"minecraft:andesite":20,"minecraft:packed_ice":3,"minecraft:glowstone":1,"minecraft:cave_vines_plant":1,"minecraft:deepslate_gold_ore":1,"minecraft:nether_bricks":13,"minecraft:dark_oak_leaves":128,"minecraft:warped_fungus":2,"minecraft:warped_stairs":4,"minecraft:deepslate_lapis_ore":13,"minecraft:deepslate_iron_ore":26,"minecraft:black_terracotta":19,"minecraft:stone":487,"minecraft:stone_bricks":3,"minecraft:orange_terracotta":52,"minecraft:granite":30,"minecraft:coal_ore":26,"minecraft:diorite":19,"minecraft:sculk_sensor":18,"minecraft:wheat":139,"minecraft:ancient_debris":20,"minecraft:red_sand":12,"minecraft:red_terracotta":10,"minecraft:sculk_vein":223,"minecraft:light_gray_terracotta":339,"minecraft:crimson_nylium":10,"minecraft:powder_snow":60,"minecraft:mossy_cobblestone":3,"minecraft:grass_block":10,"minecraft:spruce_leaves":14,"minecraft:chiseled_tuff_bricks":1,"minecraft:cobbled_deepslate":23,"minecraft:tuff":32,"minecraft:polished_tuff":2,"minecraft:tuff_bricks":6,"minecraft:pale_oak_log":88,"minecraft:nether_gold_ore":33,"minecraft:pale_oak_leaves":1},"minecraft:killed_by":{"minecraft:silverfish":1,"minecraft:endermite":1,"minecraft:piglin":1,"minecraft:wither_skeleton":1},"minecraft:custom":{"minecraft:time_since_rest":1287,"minecraft:talked_to_villager":31,"minecraft:leave_game":27,"minecraft:damage_taken":13170,"minecraft:mob_kills":108,"minecraft:boat_one_cm":186867,"minecraft:time_since_death":1257,"minecraft:open_enderchest":11,"minecraft:interact_with_brewingstand":27,"minecraft:interact_with_furnace":199,"minecraft:sleep_in_bed":3,"minecraft:swim_one_cm":192619,"minecraft:total_world_time":593606,"minecraft:crouch_one_cm":264210,"minecraft:climb_one_cm":37473,"minecraft:deaths":18,"minecraft:enchant_item":9,"minecraft:damage_dealt_resisted":424,"minecraft:traded_with_villager":1,"minecraft:damage_blocked_by_shield":5340,"minecraft:interact_with_crafting_table":63,"minecraft:walk_one_cm":2338671,"minecraft:walk_under_water_one_cm":69310,"minecraft:interact_with_lectern":2,"minecraft:damage_dealt":15866,"minecraft:play_time":593606,"minecraft:jump":27219,"minecraft:drop":137,"minecraft:open_barrel":35,"minecraft:sprint_one_cm":2579293,"minecraft:open_chest":235,"minecraft:fall_one_cm":842911,"minecraft:fly_one_cm":7118813,"minecraft:interact_with_anvil":2,"minecraft:walk_on_water_one_cm":61966,"minecraft:sneak_time":46630,"minecraft:interact_with_blast_furnace":2,"minecraft:interact_with_grindstone":1}},"DataVersion":4440}