{"stats":{"minecraft:used":{"minecraft:stone_axe":100,"minecraft:iron_axe":8,"minecraft:spruce_fence":18,"minecraft:baked_potato":42,"minecraft:cobbled_deepslate":85,"minecraft:apple":1,"minecraft:ominous_trial_key":2,"minecraft:iron_pickaxe":494,"minecraft:diamond_sword":123,"minecraft:waxed_copper_block":2,"minecraft:cherry_sapling":3,"minecraft:spruce_log":4,"minecraft:stone_shovel":131,"minecraft:rabbit":5,"minecraft:writable_book":2,"minecraft:diamond_pickaxe":29,"minecraft:spruce_fence_gate":2,"minecraft:furnace":6,"minecraft:granite":1,"minecraft:torch":96,"minecraft:written_book":10,"minecraft:tuff":36,"minecraft:iron_shovel":22,"minecraft:sand":1,"minecraft:stone_sword":63,"minecraft:sweet_berries":1,"minecraft:spruce_planks":45,"minecraft:cooked_rabbit":2,"minecraft:cobblestone":90,"minecraft:stonecutter":1,"minecraft:cooked_beef":6,"minecraft:snow_block":17,"minecraft:diamond_axe":95,"minecraft:crafting_table":10,"minecraft:chest":4,"minecraft:spruce_sapling":15,"minecraft:tuff_bricks":3,"minecraft:stone_pickaxe":525},"minecraft:broken":{"minecraft:stone_shovel":1,"minecraft:stone_axe":1,"minecraft:iron_pickaxe":1,"minecraft:stone_pickaxe":4},"minecraft:killed_by":{"minecraft:skeleton":1,"minecraft:player":1},"minecraft:killed":{"minecraft:zombie":1,"minecraft:slime":3,"minecraft:husk":3,"minecraft:skeleton":2,"minecraft:bogged":7,"minecraft:creeper":3,"minecraft:rabbit":6,"minecraft:breeze":3,"minecraft:spider":3},"minecraft:crafted":{"minecraft:diamond_boots":1,"minecraft:stone_pickaxe":3,"minecraft:stick":48,"minecraft:stonecutter":1,"minecraft:diamond_pickaxe":1,"minecraft:chest":2,"minecraft:diamond_chestplate":1,"minecraft:diamond_sword":1,"minecraft:air":0,"minecraft:furnace":1,"minecraft:snow_block":33,"minecraft:iron_ingot":12,"minecraft:cooked_rabbit":2,"minecraft:diamond_helmet":1,"minecraft:stone":3,"minecraft:crafting_table":3,"minecraft:diamond_leggings":1,"minecraft:torch":80,"minecraft:spruce_fence":18,"minecraft:shield":1,"minecraft:spruce_planks":156,"minecraft:iron_pickaxe":1,"minecraft:iron_shovel":1,"minecraft:polished_deepslate":4,"minecraft:iron_axe":1,"minecraft:spruce_fence_gate":2,"minecraft:spruce_button":1},"minecraft:dropped":{"minecraft:rotten_flesh":10,"minecraft:stone_shovel":1,"minecraft:iron_axe":1,"minecraft:rabbit_hide":3,"minecraft:stone_sword":1,"minecraft:bow":1,"minecraft:spruce_button":2,"minecraft:wind_charge":1,"minecraft:red_mushroom":6,"minecraft:cobbled_deepslate":138,"minecraft:breeze_rod":6,"minecraft:sand":1,"minecraft:flower_pot":1,"minecraft:stone_pickaxe":1,"minecraft:blue_egg":2,"minecraft:filled_map":1,"minecraft:polished_tuff":1,"minecraft:player_head":1,"minecraft:tuff":32,"minecraft:string":31,"minecraft:diamond_sword":1,"minecraft:arrow":2,"minecraft:spruce_sapling":1,"minecraft:dead_bush":1,"minecraft:spider_eye":3,"minecraft:stone_axe":1,"minecraft:snowball":112,"minecraft:baked_potato":4,"minecraft:tipped_arrow":22},"minecraft:picked_up":{"minecraft:diamond_axe":1,"minecraft:sweet_berries":1,"minecraft:spruce_sapling":40,"minecraft:rabbit":7,"minecraft:iron_block":1,"minecraft:cobblestone":136,"minecraft:breeze_rod":6,"minecraft:bone":27,"minecraft:flow_banner_pattern":1,"minecraft:stone_pickaxe":1,"minecraft:stripped_spruce_log":1,"minecraft:baked_potato":46,"minecraft:diamond":42,"minecraft:slime_ball":12,"minecraft:granite":1,"minecraft:emerald":9,"minecraft:spruce_button":1,"minecraft:stick":19,"minecraft:polished_tuff":1,"minecraft:player_head":2,"minecraft:bow":1,"minecraft:smooth_basalt":6,"minecraft:stone_shovel":1,"minecraft:arrow":32,"minecraft:iron_axe":1,"minecraft:iron_ingot":1,"minecraft:raw_iron":16,"minecraft:cobbled_deepslate":553,"minecraft:dead_bush":1,"minecraft:raw_gold":12,"minecraft:stone_axe":1,"minecraft:tuff_bricks":3,"minecraft:gunpowder":1,"minecraft:chest":2,"minecraft:spruce_planks":24,"minecraft:dirt":1,"minecraft:blue_egg":2,"minecraft:rabbit_hide":4,"minecraft:torch":22,"minecraft:cherry_log":38,"minecraft:spruce_log":121,"minecraft:tuff":87,"minecraft:coal":194,"minecraft:sand":2,"minecraft:furnace":6,"minecraft:lapis_lazuli":238,"minecraft:iron_pickaxe":2,"minecraft:spider_eye":3,"minecraft:tipped_arrow":27,"minecraft:diamond_sword":1,"minecraft:waxed_copper_block":2,"minecraft:cooked_beef":18,"minecraft:flower_pot":1,"minecraft:cherry_sapling":3,"minecraft:crafting_table":9,"minecraft:red_mushroom":6,"minecraft:snowball":301,"minecraft:rotten_flesh":21,"minecraft:written_book":1,"minecraft:wind_charge":20,"minecraft:string":43,"minecraft:amethyst_shard":64,"minecraft:filled_map":2},"minecraft:mined":{"minecraft:torch":7,"minecraft:cherry_log":38,"minecraft:sculk":3,"minecraft:granite":3,"minecraft:spruce_log":104,"minecraft:chest":2,"minecraft:smooth_basalt":5,"minecraft:coal_ore":86,"minecraft:diorite":1,"minecraft:cobblestone":15,"minecraft:spruce_sapling":1,"minecraft:gravel":7,"minecraft:amethyst_block":21,"minecraft:cherry_leaves":3,"minecraft:spruce_planks":5,"minecraft:furnace":6,"minecraft:crafting_table":10,"minecraft:deepslate_redstone_ore":2,"minecraft:waxed_copper_block":2,"minecraft:snow_block":49,"minecraft:stripped_spruce_log":1,"minecraft:dirt":2,"minecraft:cobweb":6,"minecraft:packed_ice":17,"minecraft:spruce_leaves":33,"minecraft:deepslate_gold_ore":12,"minecraft:cobbled_deepslate":9,"minecraft:tuff_bricks":5,"minecraft:tuff":55,"minecraft:wall_torch":17,"minecraft:deepslate":532,"minecraft:calcite":8,"minecraft:snow":94,"minecraft:deepslate_lapis_ore":21,"minecraft:deepslate_diamond_ore":43,"minecraft:deepslate_iron_ore":7,"minecraft:amethyst_cluster":19,"minecraft:iron_ore":6,"minecraft:stone":170},"minecraft:custom":{"minecraft:time_since_rest":14572,"minecraft:leave_game":7,"minecraft:damage_taken":4988,"minecraft:mob_kills":31,"minecraft:time_since_death":14561,"minecraft:interact_with_furnace":38,"minecraft:inspect_dispenser":2,"minecraft:total_world_time":97907,"minecraft:crouch_one_cm":18924,"minecraft:deaths":12,"minecraft:climb_one_cm":12923,"minecraft:interact_with_stonecutter":1,"minecraft:interact_with_crafting_table":53,"minecraft:walk_one_cm":1229743,"minecraft:walk_under_water_one_cm":19752,"minecraft:damage_dealt":5236,"minecraft:interact_with_lectern":5,"minecraft:play_time":97907,"minecraft:jump":5458,"minecraft:drop":98,"minecraft:open_barrel":5,"minecraft:sprint_one_cm":670052,"minecraft:open_chest":81,"minecraft:fall_one_cm":198755,"minecraft:fly_one_cm":1130533,"minecraft:interact_with_anvil":1,"minecraft:walk_on_water_one_cm":15159,"minecraft:sneak_time":2682}},"DataVersion":4440}