{"stats":{"minecraft:killed_by":{"minecraft:skeleton":2,"minecraft:enderman":3,"minecraft:ghast":1,"minecraft:zombie":2},"minecraft:dropped":{"minecraft:iron_axe":1,"minecraft:iron_shovel":1,"minecraft:oak_planks":114,"minecraft:sweet_berries":23,"minecraft:oak_boat":1,"minecraft:gravel":50,"minecraft:cobbled_deepslate":984,"minecraft:bone":12,"minecraft:wheat_seeds":3,"minecraft:iron_ingot":5,"minecraft:flint_and_steel":1,"minecraft:raw_gold":77,"minecraft:stone_pickaxe":1,"minecraft:oak_sapling":25,"minecraft:calcite":27,"minecraft:amethyst_block":44,"minecraft:redstone":59,"minecraft:oak_log":17,"minecraft:diamond_pickaxe":2,"minecraft:tuff":136,"minecraft:string":5,"minecraft:iron_leggings":1,"minecraft:stick":12,"minecraft:arrow":8,"minecraft:spruce_sapling":1,"minecraft:white_bed":1,"minecraft:gunpowder":12,"minecraft:spider_eye":1,"minecraft:stone_axe":1,"minecraft:smooth_basalt":13,"minecraft:iron_boots":1,"minecraft:iron_pickaxe":1,"minecraft:oak_door":3,"minecraft:baked_potato":45,"minecraft:rotten_flesh":31,"minecraft:stone_shovel":1,"minecraft:cobblestone":186,"minecraft:iron_helmet":1,"minecraft:iron_chestplate":1,"minecraft:stone_sword":1,"minecraft:torch":17,"minecraft:cobblestone_stairs":28,"minecraft:bow":1,"minecraft:potion":2,"minecraft:dirt":20,"minecraft:raw_copper":132,"minecraft:sand":18,"minecraft:chest":4,"minecraft:granite":27,"minecraft:diamond":19,"minecraft:ender_pearl":1,"minecraft:emerald":2,"minecraft:coal":111,"minecraft:apple":2,"minecraft:water_bucket":1,"minecraft:furnace":1,"minecraft:flint":18,"minecraft:iron_sword":1,"minecraft:crafting_table":19,"minecraft:lapis_lazuli":78,"minecraft:amethyst_shard":10,"minecraft:mutton":6,"minecraft:gray_wool":1},"minecraft:used":{"minecraft:stone_axe":202,"minecraft:cobbled_deepslate_stairs":3,"minecraft:iron_axe":367,"minecraft:baked_potato":19,"minecraft:cobbled_deepslate":23,"minecraft:iron_pickaxe":1253,"minecraft:iron_sword":58,"minecraft:stone_shovel":266,"minecraft:water_bucket":17,"minecraft:diamond_pickaxe":1611,"minecraft:furnace":8,"minecraft:granite":4,"minecraft:torch":94,"minecraft:dirt":105,"minecraft:stone_sword":129,"minecraft:sweet_berries":70,"minecraft:lava_bucket":30,"minecraft:cobblestone_stairs":64,"minecraft:oak_log":17,"minecraft:cobblestone":44,"minecraft:flint_and_steel":3,"minecraft:bucket":48,"minecraft:crafting_table":15,"minecraft:chest":6,"minecraft:snowball":29,"minecraft:oak_planks":146,"minecraft:oak_sapling":1,"minecraft:white_bed":2,"minecraft:stone_pickaxe":264,"minecraft:oak_door":1},"minecraft:crafted":{"minecraft:stone_shovel":1,"minecraft:stone_pickaxe":1,"minecraft:iron_chestplate":1,"minecraft:iron_boots":1,"minecraft:stick":40,"minecraft:oak_door":3,"minecraft:iron_helmet":1,"minecraft:diamond_pickaxe":2,"minecraft:chest":4,"minecraft:air":0,"minecraft:bucket":1,"minecraft:flint_and_steel":1,"minecraft:furnace":1,"minecraft:iron_ingot":57,"minecraft:crafting_table":1,"minecraft:torch":84,"minecraft:white_bed":1,"minecraft:stone_axe":1,"minecraft:oak_planks":168,"minecraft:iron_pickaxe":5,"minecraft:iron_shovel":1,"minecraft:iron_sword":1,"minecraft:iron_axe":2,"minecraft:iron_leggings":1,"minecraft:cobblestone_stairs":28},"minecraft:mined":{"minecraft:torch":11,"minecraft:sculk":13,"minecraft:chest":6,"minecraft:smooth_basalt":16,"minecraft:spruce_sapling":1,"minecraft:gravel":124,"minecraft:amethyst_block":44,"minecraft:short_grass":16,"minecraft:crafting_table":287,"minecraft:deepslate_redstone_ore":18,"minecraft:sweet_berry_bush":5,"minecraft:stripped_oak_log":1,"minecraft:copper_ore":37,"minecraft:gold_ore":3,"minecraft:andesite":70,"minecraft:deepslate_gold_ore":54,"minecraft:bamboo":1,"minecraft:ice":1,"minecraft:budding_amethyst":5,"minecraft:wall_torch":10,"minecraft:diamond_ore":4,"minecraft:fern":4,"minecraft:fire":3,"minecraft:deepslate_lapis_ore":10,"minecraft:deepslate_diamond_ore":21,"minecraft:deepslate_iron_ore":41,"minecraft:oak_sapling":4,"minecraft:iron_ore":16,"minecraft:stone":596,"minecraft:granite":38,"minecraft:cobblestone_stairs":64,"minecraft:coal_ore":144,"minecraft:diorite":1,"minecraft:sculk_sensor":1,"minecraft:oak_planks":162,"minecraft:cobblestone":25,"minecraft:sugar_cane":1,"minecraft:white_bed":2,"minecraft:oak_leaves":13,"minecraft:furnace":8,"minecraft:sculk_vein":2,"minecraft:cobbled_deepslate_stairs":3,"minecraft:glow_lichen":1,"minecraft:powder_snow":14,"minecraft:emerald_ore":2,"minecraft:dirt":90,"minecraft:grass_block":88,"minecraft:cobbled_deepslate":4,"minecraft:tuff":253,"minecraft:deepslate":1569,"minecraft:sand":20,"minecraft:calcite":33,"minecraft:snow":52,"minecraft:oak_log":75,"minecraft:lapis_ore":2,"minecraft:oak_door":1},"minecraft:picked_up":{"minecraft:sweet_berries":140,"minecraft:spruce_sapling":2,"minecraft:cobblestone":452,"minecraft:flint":47,"minecraft:white_bed":2,"minecraft:stripped_oak_log":1,"minecraft:sugar_cane":1,"minecraft:bone":24,"minecraft:redstone":144,"minecraft:stone_pickaxe":1,"minecraft:baked_potato":64,"minecraft:diamond":44,"minecraft:granite":58,"minecraft:emerald":4,"minecraft:stick":20,"minecraft:bamboo":1,"minecraft:cobbled_deepslate_stairs":3,"minecraft:golden_chestplate":1,"minecraft:bow":2,"minecraft:smooth_basalt":39,"minecraft:stone_shovel":1,"minecraft:arrow":15,"minecraft:raw_iron":73,"minecraft:cobbled_deepslate":2154,"minecraft:raw_gold":134,"minecraft:stone_sword":1,"minecraft:stone_axe":1,"minecraft:amethyst_block":132,"minecraft:mutton":12,"minecraft:gunpowder":18,"minecraft:chest":6,"minecraft:dirt":155,"minecraft:gravel":70,"minecraft:torch":27,"minecraft:diamond_pickaxe":1,"minecraft:cobblestone_stairs":64,"minecraft:tuff":297,"minecraft:coal":374,"minecraft:oak_log":83,"minecraft:sand":18,"minecraft:furnace":8,"minecraft:wheat_seeds":6,"minecraft:oak_door":3,"minecraft:lapis_lazuli":156,"minecraft:iron_pickaxe":1,"minecraft:spider_eye":2,"minecraft:diorite":1,"minecraft:oak_boat":2,"minecraft:white_wool":3,"minecraft:oak_planks":178,"minecraft:potion":3,"minecraft:flint_and_steel":1,"minecraft:crafting_table":33,"minecraft:snowball":24,"minecraft:raw_copper":264,"minecraft:oak_sapling":46,"minecraft:andesite":53,"minecraft:rotten_flesh":56,"minecraft:apple":4,"minecraft:ender_pearl":3,"minecraft:string":10,"minecraft:calcite":54,"minecraft:amethyst_shard":30,"minecraft:gray_wool":2},"minecraft:custom":{"minecraft:time_since_rest":8378,"minecraft:leave_game":6,"minecraft:damage_taken":8370,"minecraft:mob_kills":44,"minecraft:time_since_death":8366,"minecraft:interact_with_furnace":30,"minecraft:sleep_in_bed":1,"minecraft:swim_one_cm":15963,"minecraft:total_world_time":166080,"minecraft:crouch_one_cm":8174,"minecraft:deaths":28,"minecraft:climb_one_cm":2466,"minecraft:interact_with_crafting_table":35,"minecraft:walk_one_cm":1079941,"minecraft:walk_under_water_one_cm":9342,"minecraft:damage_dealt":9437,"minecraft:interact_with_lectern":3,"minecraft:play_time":166080,"minecraft:jump":4651,"minecraft:drop":983,"minecraft:sprint_one_cm":938401,"minecraft:open_chest":37,"minecraft:fall_one_cm":170765,"minecraft:fly_one_cm":727349,"minecraft:walk_on_water_one_cm":12260,"minecraft:sneak_time":2177},"minecraft:broken":{"minecraft:stone_shovel":2,"minecraft:golden_chestplate":1,"minecraft:iron_axe":1,"minecraft:stone_axe":2,"minecraft:iron_pickaxe":5,"minecraft:stone_sword":1,"minecraft:diamond_pickaxe":1,"minecraft:stone_pickaxe":2},"minecraft:killed":{"minecraft:zombie":22,"minecraft:skeleton":6,"minecraft:creeper":7,"minecraft:enderman":1,"minecraft:sheep":4,"minecraft:spider":3}},"DataVersion":4440}