{"stats":{"minecraft:used":{"minecraft:stone_axe":3},"minecraft:killed_by":{"minecraft:endermite":2},"minecraft:picked_up":{"minecraft:stone_pickaxe":1,"minecraft:stone_sword":1,"minecraft:stone_axe":1,"minecraft:stone_shovel":1},"minecraft:dropped":{"minecraft:stone_shovel":1,"minecraft:stone_sword":1,"minecraft:stone_axe":1,"minecraft:stone_pickaxe":1},"minecraft:custom":{"minecraft:time_since_rest":1346,"minecraft:walk_one_cm":39085,"minecraft:leave_game":2,"minecraft:damage_taken":6100,"minecraft:damage_dealt":0,"minecraft:play_time":4559,"minecraft:jump":115,"minecraft:time_since_death":1321,"minecraft:drop":4,"minecraft:sprint_one_cm":4390,"minecraft:fall_one_cm":450,"minecraft:total_world_time":4559,"minecraft:fly_one_cm":8540,"minecraft:walk_on_water_one_cm":179,"minecraft:crouch_one_cm":386,"minecraft:sneak_time":173,"minecraft:deaths":2,"minecraft:damage_dealt_resisted":147}},"DataVersion":4440}