{"stats":{"minecraft:killed_by":{"minecraft:player":9,"minecraft:creaking":1},"minecraft:custom":{"minecraft:interact_with_crafting_table":2,"minecraft:time_since_rest":2169,"minecraft:walk_one_cm":460321,"minecraft:leave_game":6,"minecraft:walk_under_water_one_cm":7233,"minecraft:damage_taken":68151,"minecraft:interact_with_lectern":1,"minecraft:play_time":186128,"minecraft:damage_dealt":21,"minecraft:jump":1587,"minecraft:time_since_death":2155,"minecraft:drop":138,"minecraft:sprint_one_cm":396559,"minecraft:open_chest":6,"minecraft:sleep_in_bed":2,"minecraft:fall_one_cm":185348,"minecraft:total_world_time":186128,"minecraft:swim_one_cm":6850,"minecraft:fly_one_cm":427975,"minecraft:walk_on_water_one_cm":11918,"minecraft:crouch_one_cm":3389,"minecraft:sneak_time":713,"minecraft:deaths":18,"minecraft:climb_one_cm":26907},"minecraft:broken":{"minecraft:stone_pickaxe":1},"minecraft:crafted":{"minecraft:torch":100,"minecraft:stick":24,"minecraft:oak_planks":12,"minecraft:spruce_planks":24,"minecraft:stone_pickaxe":1,"minecraft:oak_sign":3,"minecraft:crafting_table":2},"minecraft:picked_up":{"minecraft:diamond_axe":1,"minecraft:sweet_berries":19,"minecraft:spruce_sapling":5,"minecraft:cobblestone":49,"minecraft:saddle":1,"minecraft:redstone":1,"minecraft:torch":1,"minecraft:cat_spawn_egg":2,"minecraft:diamond_pickaxe":1,"minecraft:spruce_log":19,"minecraft:leaf_litter":1,"minecraft:coal":92,"minecraft:oak_log":9,"minecraft:iron_bars":3,"minecraft:granite":4,"minecraft:echo_shard":384,"minecraft:stick":7,"minecraft:chicken":1,"minecraft:potion":2,"minecraft:crafting_table":1,"minecraft:oak_sapling":2,"minecraft:rotten_flesh":3,"minecraft:raw_iron":2,"minecraft:beef":2,"minecraft:cobbled_deepslate":12,"minecraft:andesite":11,"minecraft:apple":7,"minecraft:filled_map":4,"minecraft:blackstone":1},"minecraft:mined":{"minecraft:torch":1,"minecraft:sculk":1,"minecraft:granite":6,"minecraft:spruce_log":19,"minecraft:andesite":13,"minecraft:coal_ore":96,"minecraft:spruce_sapling":1,"minecraft:cobblestone":9,"minecraft:spruce_leaves":15,"minecraft:cobbled_deepslate":3,"minecraft:gravel":1,"minecraft:deepslate":8,"minecraft:oak_leaves":43,"minecraft:crafting_table":2,"minecraft:oak_log":9,"minecraft:sweet_berry_bush":6,"minecraft:iron_bars":3,"minecraft:iron_ore":2,"minecraft:stone":50},"minecraft:dropped":{"minecraft:rotten_flesh":3,"minecraft:filled_map":2,"minecraft:cat_spawn_egg":1,"minecraft:echo_shard":384},"minecraft:used":{"minecraft:stone_axe":18,"minecraft:sweet_berries":28,"minecraft:leaf_litter":1,"minecraft:cobbled_deepslate":10,"minecraft:apple":6,"minecraft:cobblestone":30,"minecraft:iron_bars":3,"minecraft:diamond_pickaxe":14,"minecraft:diamond_axe":13,"minecraft:oak_sign":3,"minecraft:crafting_table":2,"minecraft:oak_sapling":2,"minecraft:spruce_sapling":4,"minecraft:torch":6,"minecraft:stone_pickaxe":177}},"DataVersion":4440}