{"stats":{"minecraft:dropped":{"minecraft:allium":3,"minecraft:andesite":297,"minecraft:magma_block":2,"minecraft:crimson_roots":1,"minecraft:gravel":5,"minecraft:bone":81,"minecraft:glass":1,"minecraft:poppy":1,"minecraft:breeze_rod":2,"minecraft:mangrove_log":1,"minecraft:enchanted_book":1,"minecraft:spruce_sign":1,"minecraft:raw_gold":4,"minecraft:crossbow":1,"minecraft:azure_bluet":1,"minecraft:filled_map":4,"minecraft:redstone":9,"minecraft:tuff":61,"minecraft:milk_bucket":1,"minecraft:scaffolding":1,"minecraft:arrow":32,"minecraft:carrot":4,"minecraft:white_bed":1,"minecraft:gunpowder":9,"minecraft:deepslate":236,"minecraft:wooden_axe":1,"minecraft:enchanted_golden_apple":1,"minecraft:smooth_basalt":6,"minecraft:stone_axe":2,"minecraft:iron_pickaxe":3,"minecraft:baked_potato":31,"minecraft:diorite":6,"minecraft:tipped_arrow":41,"minecraft:rotten_flesh":138,"minecraft:stone_shovel":6,"minecraft:ancient_debris":1,"minecraft:iron_helmet":1,"minecraft:iron_chestplate":1,"minecraft:torch":4,"minecraft:stone_sword":4,"minecraft:birch_planks":1,"minecraft:ominous_trial_key":3,"minecraft:bow":8,"minecraft:cherry_sapling":2,"minecraft:bucket":1,"minecraft:dirt":42,"minecraft:ominous_bottle":1,"minecraft:sand":12,"minecraft:cherry_sign":3,"minecraft:music_disc_creator":1,"minecraft:coal":1,"minecraft:spruce_boat":1,"minecraft:blue_egg":1,"minecraft:potato":23,"minecraft:glass_bottle":8,"minecraft:birch_trapdoor":1,"minecraft:nether_wart":4,"minecraft:netherite_axe":1,"minecraft:raw_iron":1,"minecraft:item_frame":1,"minecraft:cookie":1,"minecraft:slime_ball":29,"minecraft:netherrack":11,"minecraft:coal_block":16,"minecraft:flowering_azalea":1,"minecraft:birch_fence":2,"minecraft:white_banner":1,"minecraft:glow_ink_sac":1,"minecraft:diamond_shovel":1,"minecraft:oak_planks":6,"minecraft:iron_door":1,"minecraft:lead":2,"minecraft:chainmail_helmet":3,"minecraft:cobbled_deepslate":20,"minecraft:music_disc_lava_chicken":1,"minecraft:wheat_seeds":172,"minecraft:iron_ingot":9,"minecraft:paper":1,"minecraft:stone_pickaxe":2,"minecraft:shield":1,"minecraft:calcite":3,"minecraft:red_tulip":4,"minecraft:player_head":1,"minecraft:diamond_pickaxe":3,"minecraft:dandelion":20,"minecraft:string":38,"minecraft:oak_sign":1,"minecraft:clay_ball":16,"minecraft:stick":27,"minecraft:bread":39,"minecraft:spider_eye":23,"minecraft:firefly_bush":1,"minecraft:netherite_pickaxe":1,"minecraft:cobblestone":75,"minecraft:spruce_planks":6,"minecraft:pale_oak_sapling":1,"minecraft:blue_orchid":2,"minecraft:diamond_axe":1,"minecraft:potion":1,"minecraft:diamond_helmet":1,"minecraft:leather":2,"minecraft:diamond_boots":1,"minecraft:diamond_chestplate":2,"minecraft:diamond_leggings":1,"minecraft:granite":2,"minecraft:cherry_log":12,"minecraft:moss_carpet":14,"minecraft:diamond":3,"minecraft:copper_trapdoor":5,"minecraft:feather":1,"minecraft:dispenser":2,"minecraft:poisonous_potato":4,"minecraft:chiseled_tuff_bricks":1,"minecraft:stone_bricks":1,"minecraft:leaf_litter":8,"minecraft:chicken":2,"minecraft:golden_leggings":3,"minecraft:oak_trapdoor":1,"minecraft:gold_nugget":1},"minecraft:custom":{"minecraft:time_since_rest":3431,"minecraft:leave_game":64,"minecraft:boat_one_cm":267227,"minecraft:damage_absorbed":242,"minecraft:time_since_death":3425,"minecraft:interact_with_furnace":787,"minecraft:happy_ghast_one_cm":35776649,"minecraft:total_world_time":1588421,"minecraft:crouch_one_cm":434705,"minecraft:raid_win":1,"minecraft:climb_one_cm":140719,"minecraft:deaths":77,"minecraft:interact_with_stonecutter":3,"minecraft:minecart_one_cm":18,"minecraft:traded_with_villager":252,"minecraft:damage_resisted":295,"minecraft:damage_blocked_by_shield":3786,"minecraft:interact_with_crafting_table":130,"minecraft:inspect_dropper":55,"minecraft:walk_one_cm":11277462,"minecraft:walk_under_water_one_cm":648133,"minecraft:horse_one_cm":436078,"minecraft:damage_dealt":81074,"minecraft:play_time":1588421,"minecraft:jump":71528,"minecraft:sprint_one_cm":8237280,"minecraft:fill_cauldron":1,"minecraft:inspect_hopper":8,"minecraft:fly_one_cm":21027016,"minecraft:walk_on_water_one_cm":201053,"minecraft:interact_with_blast_furnace":3,"minecraft:interact_with_grindstone":3,"minecraft:talked_to_villager":188,"minecraft:damage_taken":55487,"minecraft:mob_kills":403,"minecraft:open_shulker_box":1,"minecraft:interact_with_beacon":1,"minecraft:open_enderchest":142,"minecraft:damage_dealt_absorbed":293,"minecraft:interact_with_brewingstand":7,"minecraft:interact_with_smithing_table":6,"minecraft:sleep_in_bed":1,"minecraft:inspect_dispenser":7,"minecraft:swim_one_cm":188220,"minecraft:player_kills":20,"minecraft:interact_with_loom":10,"minecraft:play_noteblock":3,"minecraft:interact_with_lectern":21,"minecraft:drop":416,"minecraft:use_cauldron":1,"minecraft:interact_with_cartography_table":3,"minecraft:open_barrel":39,"minecraft:open_chest":1819,"minecraft:interact_with_smoker":8,"minecraft:fall_one_cm":1818788,"minecraft:tune_noteblock":2,"minecraft:interact_with_anvil":25,"minecraft:sneak_time":65793},"minecraft:crafted":{"minecraft:stone_brick_wall":36,"minecraft:diamond_boots":2,"minecraft:gold_ingot":38,"minecraft:glass_pane":112,"minecraft:map":4,"minecraft:stick":144,"minecraft:melon":173,"minecraft:compass":4,"minecraft:cooked_porkchop":26,"minecraft:diamond_axe":1,"minecraft:diamond_pickaxe":2,"minecraft:chest":6,"minecraft:iron_block":12,"minecraft:bookshelf":2,"minecraft:air":0,"minecraft:bow":3,"minecraft:flint_and_steel":1,"minecraft:bone_meal":3,"minecraft:jungle_planks":24,"minecraft:item_frame":1,"minecraft:dark_oak_planks":224,"minecraft:stone_hoe":1,"minecraft:beacon":4,"minecraft:diamond_shovel":1,"minecraft:red_dye":5,"minecraft:glass":49,"minecraft:jungle_fence":3,"minecraft:loom":1,"minecraft:spruce_fence":108,"minecraft:oak_trapdoor":44,"minecraft:oak_planks":368,"minecraft:red_wool":3,"minecraft:cooked_cod":1,"minecraft:coal":144,"minecraft:iron_sword":1,"minecraft:shears":1,"minecraft:iron_shovel":1,"minecraft:white_banner":2,"minecraft:pink_dye":2,"minecraft:netherite_upgrade_smithing_template":18,"minecraft:white_dye":2,"minecraft:yellow_dye":2,"minecraft:cooked_chicken":19,"minecraft:green_dye":9,"minecraft:stone_pickaxe":4,"minecraft:cooked_mutton":13,"minecraft:dark_oak_fence_gate":8,"minecraft:terracotta":407,"minecraft:anvil":1,"minecraft:netherite_ingot":8,"minecraft:emerald_block":25,"minecraft:charcoal":169,"minecraft:cooked_beef":42,"minecraft:diamond":54,"minecraft:blue_dye":1,"minecraft:light_blue_dye":2,"minecraft:oak_slab":24,"minecraft:netherite_boots":1,"minecraft:diamond_chestplate":2,"minecraft:red_banner":1,"minecraft:diamond_sword":1,"minecraft:emerald":370,"minecraft:netherite_scrap":33,"minecraft:raw_iron":27,"minecraft:paper":33,"minecraft:furnace":9,"minecraft:pale_oak_planks":8,"minecraft:iron_ingot":467,"minecraft:cooked_rabbit":11,"minecraft:diamond_hoe":1,"minecraft:diamond_helmet":2,"minecraft:bread":447,"minecraft:tripwire_hook":2,"minecraft:crafting_table":1,"minecraft:diamond_leggings":2,"minecraft:torch":52,"minecraft:enchanted_book":15,"minecraft:baked_potato":609,"minecraft:clay":68,"minecraft:shield":6,"minecraft:dark_oak_fence":6,"minecraft:saddle":3,"minecraft:crossbow":1,"minecraft:deepslate":20,"minecraft:spruce_planks":32,"minecraft:iron_pickaxe":6,"minecraft:iron_axe":3,"minecraft:spruce_fence_gate":8},"minecraft:killed_by":{"minecraft:player":11,"minecraft:zombie_villager":1,"minecraft:silverfish":1,"minecraft:endermite":1,"minecraft:stray":2,"minecraft:spider":1,"minecraft:warden":4,"minecraft:wither_skeleton":1,"minecraft:zombie":3,"minecraft:skeleton":3,"minecraft:blaze":1,"minecraft:pufferfish":1,"minecraft:piglin":1},"minecraft:picked_up":{"minecraft:sweet_berries":132,"minecraft:pale_oak_log":136,"minecraft:smooth_stone_slab":1,"minecraft:cherry_sign":3,"minecraft:cobblestone":995,"minecraft:sugar_cane":26,"minecraft:bone":111,"minecraft:acacia_sapling":9,"minecraft:diamond_shovel":1,"minecraft:clay_ball":288,"minecraft:waxed_copper_grate":2,"minecraft:sculk_catalyst":1,"minecraft:iron_bars":2,"minecraft:white_banner":3,"minecraft:blaze_rod":3,"minecraft:emerald":57,"minecraft:pale_oak_sapling":10,"minecraft:book":952,"minecraft:armor_stand":1,"minecraft:bow":10,"minecraft:birch_boat":2,"minecraft:arrow":208,"minecraft:smooth_basalt":6,"minecraft:stone_shovel":6,"minecraft:red_tulip":4,"minecraft:iron_ingot":31,"minecraft:crossbow":2,"minecraft:azalea":1,"minecraft:golden_leggings":1,"minecraft:dandelion":100,"minecraft:mutton":10,"minecraft:golden_carrot":5,"minecraft:oxeye_daisy":1,"minecraft:oak_log":299,"minecraft:sand":12,"minecraft:furnace":1,"minecraft:wheat_seeds":4230,"minecraft:oak_door":5,"minecraft:quartz":168,"minecraft:egg":2,"minecraft:red_mushroom":2,"minecraft:snowball":112,"minecraft:chiseled_tuff_bricks":2,"minecraft:oak_button":1,"minecraft:oak_sign":2,"minecraft:ender_pearl":2,"minecraft:string":50,"minecraft:stone_bricks":70,"minecraft:obsidian":3,"minecraft:cornflower":6,"minecraft:enchanted_book":3,"minecraft:spruce_sapling":65,"minecraft:iron_block":1,"minecraft:mangrove_log":1,"minecraft:flowering_azalea":1,"minecraft:white_bed":2,"minecraft:bucket":1,"minecraft:stripped_oak_log":1,"minecraft:leather":12,"minecraft:lead":37,"minecraft:brown_mushroom":10,"minecraft:moss_carpet":14,"minecraft:glass_pane":5,"minecraft:music_disc_tears":1,"minecraft:scaffolding":1,"minecraft:porkchop":25,"minecraft:spruce_sign":3,"minecraft:stick":83,"minecraft:white_concrete":4,"minecraft:redstone_torch":9,"minecraft:player_head":8,"minecraft:moss_block":76,"minecraft:cooked_porkchop":4,"minecraft:deepslate":64,"minecraft:cookie":2,"minecraft:item_frame":5,"minecraft:raw_iron":345,"minecraft:diamond_chestplate":2,"minecraft:birch_fence":2,"minecraft:allium":3,"minecraft:chest":11,"minecraft:netherrack":463,"minecraft:copper_trapdoor":5,"minecraft:beacon":2,"minecraft:stone":2,"minecraft:gravel":80,"minecraft:tuff":285,"minecraft:potato":3623,"minecraft:shield":1,"minecraft:lapis_lazuli":17,"minecraft:ominous_bottle":4,"minecraft:trial_key":2,"minecraft:black_banner":1,"minecraft:oak_boat":17,"minecraft:cherry_sapling":2,"minecraft:oak_planks":384,"minecraft:raw_copper":9,"minecraft:dispenser":2,"minecraft:rotten_flesh":92,"minecraft:written_book":2,"minecraft:ancient_debris":33,"minecraft:apple":10,"minecraft:calcite":3,"minecraft:light_blue_terracotta":1,"minecraft:melon":17,"minecraft:cracked_stone_bricks":5,"minecraft:iron_door":2,"minecraft:poisonous_potato":16,"minecraft:glass":28,"minecraft:flint":7,"minecraft:suspicious_stew":1,"minecraft:redstone":28,"minecraft:deepslate_tiles":2,"minecraft:dark_oak_sign":1,"minecraft:redstone_lamp":4,"minecraft:flow_banner_pattern":2,"minecraft:glow_berries":27,"minecraft:firefly_bush":1,"minecraft:melon_slice":1562,"minecraft:diamond":154,"minecraft:slime_ball":39,"minecraft:granite":34,"minecraft:dark_oak_sapling":11,"minecraft:crimson_roots":1,"minecraft:flow_armor_trim_smithing_template":3,"minecraft:spruce_boat":4,"minecraft:spyglass":1,"minecraft:bowl":1,"minecraft:dark_oak_planks":11,"minecraft:enchanted_golden_apple":2,"minecraft:raw_gold":19,"minecraft:stone_sword":5,"minecraft:acacia_log":66,"minecraft:emerald_block":4,"minecraft:deepslate_bricks":1,"minecraft:mossy_stone_bricks":4,"minecraft:spruce_planks":32,"minecraft:dirt":465,"minecraft:blue_egg":7,"minecraft:azure_bluet":14,"minecraft:torch":43,"minecraft:diamond_pickaxe":2,"minecraft:cherry_log":12,"minecraft:bread":24,"minecraft:spruce_log":228,"minecraft:coal":117,"minecraft:netherite_pickaxe":1,"minecraft:oak_fence":3,"minecraft:birch_planks":2,"minecraft:milk_bucket":1,"minecraft:waxed_copper_block":3,"minecraft:poppy":37,"minecraft:cooked_beef":4,"minecraft:nether_star":2,"minecraft:white_wool":22,"minecraft:feather":4,"minecraft:potion":7,"minecraft:spruce_fence":16,"minecraft:andesite":50,"minecraft:raw_iron_block":3,"minecraft:ladder":2,"minecraft:amethyst_shard":64,"minecraft:filled_map":12,"minecraft:diamond_axe":3,"minecraft:carrot":11,"minecraft:breeze_rod":13,"minecraft:gold_nugget":69,"minecraft:water_bucket":2,"minecraft:cod":1,"minecraft:baked_potato":4,"minecraft:glow_ink_sac":1,"minecraft:oak_leaves":123,"minecraft:golden_apple":1,"minecraft:chicken":9,"minecraft:acacia_leaves":3,"minecraft:cooked_chicken":1,"minecraft:cobbled_deepslate":2388,"minecraft:music_disc_lava_chicken":1,"minecraft:stone_axe":1,"minecraft:amethyst_block":28,"minecraft:wheat":1316,"minecraft:tuff_bricks":17,"minecraft:gunpowder":18,"minecraft:blue_orchid":2,"minecraft:blackstone":20,"minecraft:magma_block":30,"minecraft:leaf_litter":8,"minecraft:birch_trapdoor":1,"minecraft:birch_log":3,"minecraft:music_disc_creator":2,"minecraft:pumpkin":168,"minecraft:diamond_block":1,"minecraft:spider_eye":17,"minecraft:coal_block":32,"minecraft:bone_meal":12,"minecraft:dark_oak_log":75,"minecraft:tipped_arrow":72,"minecraft:diorite":48,"minecraft:crafting_table":1,"minecraft:ominous_trial_key":9,"minecraft:oak_sapling":69,"minecraft:beef":13,"minecraft:wither_skeleton_skull":1,"minecraft:wind_charge":68,"minecraft:glass_bottle":5,"minecraft:oak_slab":13,"minecraft:paper":9},"minecraft:broken":{"minecraft:iron_axe":1,"minecraft:iron_pickaxe":4,"minecraft:stone_sword":1,"minecraft:stone_pickaxe":3,"minecraft:shears":1},"minecraft:mined":{"minecraft:torch":9,"minecraft:dispenser":4,"minecraft:light_blue_terracotta":1,"minecraft:spruce_log":230,"minecraft:nether_quartz_ore":178,"minecraft:chest":13,"minecraft:smooth_basalt":6,"minecraft:oak_sign":3,"minecraft:pumpkin":230,"minecraft:netherrack":842,"minecraft:beacon":2,"minecraft:oak_button":1,"minecraft:brown_mushroom":10,"minecraft:spruce_planks":12,"minecraft:wither_skeleton_skull":1,"minecraft:birch_log":3,"minecraft:oxeye_daisy":1,"minecraft:sweet_berry_bush":259,"minecraft:large_fern":5,"minecraft:magma_block":38,"minecraft:obsidian":4,"minecraft:dark_oak_planks":11,"minecraft:redstone_torch":1,"minecraft:cave_vines":24,"minecraft:redstone_lamp":4,"minecraft:melon":314,"minecraft:blackstone":21,"minecraft:iron_door":2,"minecraft:oak_fence":3,"minecraft:moss_block":105,"minecraft:diamond_ore":5,"minecraft:wall_torch":5,"minecraft:decorated_pot":1,"minecraft:fern":1,"minecraft:fire":48,"minecraft:deepslate_diamond_ore":76,"minecraft:cake":1,"minecraft:potatoes":820,"minecraft:oak_sapling":1,"minecraft:azure_bluet":13,"minecraft:iron_ore":85,"minecraft:acacia_log":66,"minecraft:dark_oak_log":75,"minecraft:podzol":1,"minecraft:spruce_wall_sign":1,"minecraft:dandelion":82,"minecraft:glass":27,"minecraft:oak_planks":363,"minecraft:cobblestone":343,"minecraft:sugar_cane":48,"minecraft:cherry_leaves":8,"minecraft:oak_leaves":222,"minecraft:furnace":1,"minecraft:clay":73,"minecraft:deepslate_copper_ore":3,"minecraft:iron_bars":1,"minecraft:cracked_stone_bricks":3,"minecraft:tall_grass":128,"minecraft:waxed_copper_block":3,"minecraft:mossy_stone_bricks":5,"minecraft:dirt":102,"minecraft:ladder":1,"minecraft:sand":2,"minecraft:deepslate":2428,"minecraft:snow":119,"minecraft:spruce_sign":1,"minecraft:oak_log":302,"minecraft:oak_door":4,"minecraft:cherry_log":15,"minecraft:sculk":1257,"minecraft:carrots":4,"minecraft:oak_slab":12,"minecraft:gravel":113,"minecraft:short_grass":760,"minecraft:red_mushroom":1,"minecraft:sculk_catalyst":3,"minecraft:acacia_leaves":36,"minecraft:dirt_path":15,"minecraft:crafting_table":1,"minecraft:deepslate_redstone_ore":4,"minecraft:stripped_oak_log":1,"minecraft:redstone_wall_torch":6,"minecraft:raw_iron_block":3,"minecraft:gold_ore":4,"minecraft:andesite":56,"minecraft:packed_ice":8,"minecraft:cave_vines_plant":25,"minecraft:deepslate_gold_ore":13,"minecraft:ice":1,"minecraft:dark_oak_leaves":55,"minecraft:poppy":11,"minecraft:deepslate_lapis_ore":4,"minecraft:deepslate_iron_ore":250,"minecraft:birch_planks":1,"minecraft:stone":1010,"minecraft:stone_bricks":74,"minecraft:granite":41,"minecraft:spruce_fence":16,"minecraft:bush":149,"minecraft:coal_ore":103,"minecraft:sculk_sensor":10,"minecraft:diorite":66,"minecraft:wheat":1365,"minecraft:ancient_debris":33,"minecraft:white_bed":1,"minecraft:polished_deepslate_stairs":3,"minecraft:sculk_vein":73,"minecraft:bookshelf":163,"minecraft:cherry_wall_sign":3,"minecraft:glow_lichen":1,"minecraft:powder_snow":154,"minecraft:copper_trapdoor":9,"minecraft:player_head":1,"minecraft:mangrove_log":1,"minecraft:grass_block":551,"minecraft:cobweb":2,"minecraft:spruce_leaves":107,"minecraft:chiseled_tuff_bricks":2,"minecraft:cobbled_deepslate":112,"minecraft:tuff":435,"minecraft:tuff_bricks":29,"minecraft:white_wool":4,"minecraft:pale_oak_log":126,"minecraft:nether_gold_ore":15,"minecraft:pale_oak_leaves":1,"minecraft:calcite":3,"minecraft:emerald_block":1,"minecraft:cornflower":7,"minecraft:redstone_wire":1},"minecraft:killed":{"minecraft:zombified_piglin":1,"minecraft:stray":8,"minecraft:pig":10,"minecraft:piglin":3,"minecraft:vindicator":2,"minecraft:ravager":1,"minecraft:bat":1,"minecraft:silverfish":5,"minecraft:zombie":39,"minecraft:zombie_villager":1,"minecraft:chicken":9,"minecraft:creaking":6,"minecraft:goat":1,"minecraft:cow":7,"minecraft:slime":34,"minecraft:pillager":44,"minecraft:skeleton":43,"minecraft:iron_golem":5,"minecraft:witch":3,"minecraft:spider":33,"minecraft:bogged":29,"minecraft:wither":2,"minecraft:husk":27,"minecraft:wither_skeleton":21,"minecraft:cave_spider":6,"minecraft:creeper":21,"minecraft:sheep":6,"minecraft:enderman":4,"minecraft:magma_cube":1,"minecraft:ghast":1,"minecraft:breeze":7,"minecraft:blaze":5},"minecraft:used":{"minecraft:stone_brick_wall":28,"minecraft:iron_axe":243,"minecraft:diamond_hoe":885,"minecraft:ominous_trial_key":10,"minecraft:iron_block":9,"minecraft:netherite_shovel":585,"minecraft:netherite_axe":2346,"minecraft:diamond_sword":597,"minecraft:potato":1243,"minecraft:wheat_seeds":1542,"minecraft:glow_berries":28,"minecraft:glass":57,"minecraft:oak_sign":2,"minecraft:glass_pane":59,"minecraft:netherite_pickaxe":3499,"minecraft:cooked_porkchop":30,"minecraft:granite":27,"minecraft:jungle_fence":1,"minecraft:iron_shovel":222,"minecraft:chiseled_tuff_bricks":1,"minecraft:cracked_stone_bricks":5,"minecraft:light_gray_concrete_powder":64,"minecraft:oak_log":287,"minecraft:diamond_axe":255,"minecraft:poppy":7,"minecraft:snowball":96,"minecraft:pumpkin_pie":1,"minecraft:moss_block":59,"minecraft:stone_pickaxe":495,"minecraft:dandelion":95,"minecraft:blue_terracotta":34,"minecraft:armor_stand":1,"minecraft:bow":30,"minecraft:loom":1,"minecraft:cobbled_deepslate":253,"minecraft:netherrack":217,"minecraft:spruce_boat":3,"minecraft:suspicious_stew":1,"minecraft:cod":1,"minecraft:pink_petals":3,"minecraft:diamond_shovel":107,"minecraft:stone_shovel":111,"minecraft:birch_planks":1,"minecraft:writable_book":4,"minecraft:bone_meal":94,"minecraft:item_frame":4,"minecraft:dark_oak_planks":199,"minecraft:glowstone":10,"minecraft:anvil":1,"minecraft:spruce_fence_gate":4,"minecraft:blue_egg":6,"minecraft:dirt":221,"minecraft:written_book":18,"minecraft:glow_lichen":1,"minecraft:dark_oak_sapling":11,"minecraft:wind_charge":4,"minecraft:spruce_planks":1,"minecraft:oak_leaves":50,"minecraft:cooked_rabbit":11,"minecraft:glow_ink_sac":1,"minecraft:cooked_cod":1,"minecraft:iron_bars":2,"minecraft:shears":196,"minecraft:dark_oak_fence_gate":8,"minecraft:bucket":140,"minecraft:spyglass":10,"minecraft:enchanted_golden_apple":1,"minecraft:oak_planks":343,"minecraft:porkchop":2,"minecraft:oak_sapling":52,"minecraft:sugar_cane":1,"minecraft:smooth_stone_slab":1,"minecraft:trial_key":2,"minecraft:stone_axe":48,"minecraft:oak_trapdoor":40,"minecraft:spruce_fence":64,"minecraft:netherite_sword":890,"minecraft:shield":28,"minecraft:deepslate":4,"minecraft:iron_pickaxe":1173,"minecraft:andesite":17,"minecraft:waxed_copper_block":3,"minecraft:oak_boat":16,"minecraft:golden_carrot":5,"minecraft:milk_bucket":2,"minecraft:cherry_sapling":4,"minecraft:acacia_log":5,"minecraft:cooked_mutton":13,"minecraft:bookshelf":2,"minecraft:diamond_pickaxe":1555,"minecraft:cookie":2,"minecraft:ladder":2,"minecraft:stone_bricks":214,"minecraft:crossbow":29,"minecraft:dark_oak_fence":6,"minecraft:magma_block":9,"minecraft:mossy_stone_bricks":4,"minecraft:azalea":1,"minecraft:tuff":61,"minecraft:stone_sword":66,"minecraft:sweet_berries":12,"minecraft:lava_bucket":3,"minecraft:oxeye_daisy":1,"minecraft:diorite":34,"minecraft:ominous_bottle":1,"minecraft:oak_slab":35,"minecraft:map":1,"minecraft:cobblestone":307,"minecraft:stone":2,"minecraft:golden_apple":2,"minecraft:carrot":8,"minecraft:crafting_table":2,"minecraft:spruce_sign":3,"minecraft:birch_boat":3,"minecraft:netherite_chestplate":2,"minecraft:potion":8,"minecraft:tuff_bricks":17,"minecraft:netherite_helmet":1,"minecraft:baked_potato":357,"minecraft:apple":31,"minecraft:stone_hoe":45,"minecraft:water_bucket":140,"minecraft:soul_sand":8,"minecraft:netherite_boots":2,"minecraft:netherite_leggings":2,"minecraft:wither_skeleton_skull":6,"minecraft:pale_oak_log":2,"minecraft:furnace":10,"minecraft:bread":328,"minecraft:torch":25,"minecraft:white_concrete":4,"minecraft:gravel":14,"minecraft:light_blue_terracotta":65,"minecraft:beacon":3,"minecraft:cooked_chicken":30,"minecraft:white_wool":5,"minecraft:redstone_lamp":4,"minecraft:cooked_beef":55,"minecraft:flint_and_steel":37,"minecraft:redstone_torch":7,"minecraft:chest":17,"minecraft:cornflower":7,"minecraft:spruce_sapling":35,"minecraft:egg":2,"minecraft:azure_bluet":11,"minecraft:ender_pearl":5}},"DataVersion":4440}