{"stats":{"minecraft:custom":{"minecraft:time_since_rest":854,"minecraft:walk_one_cm":47113,"minecraft:leave_game":2,"minecraft:damage_taken":200,"minecraft:play_time":2239,"minecraft:damage_dealt":0,"minecraft:jump":174,"minecraft:time_since_death":834,"minecraft:drop":1,"minecraft:sprint_one_cm":15048,"minecraft:fall_one_cm":1350,"minecraft:total_world_time":2239,"minecraft:fly_one_cm":51598,"minecraft:crouch_one_cm":266,"minecraft:sneak_time":9,"minecraft:deaths":1,"minecraft:damage_dealt_resisted":10},"minecraft:dropped":{"minecraft:stone_sword":1},"minecraft:picked_up":{"minecraft:stone_sword":1}},"DataVersion":4440}