{"stats":{"minecraft:killed_by":{"minecraft:player":52,"minecraft:silverfish":1,"minecraft:creeper":2,"minecraft:endermite":1,"minecraft:zombified_piglin":4,"minecraft:enderman":1,"minecraft:creaking":3,"minecraft:stray":1,"minecraft:spider":1,"minecraft:ghast":1,"minecraft:warden":2,"minecraft:wither_skeleton":1,"minecraft:zombie":21,"minecraft:skeleton":6,"minecraft:blaze":1,"minecraft:piglin":1,"minecraft:drowned":2,"minecraft:husk":1},"minecraft:custom":{"minecraft:eat_cake_slice":18,"minecraft:time_since_rest":17227,"minecraft:leave_game":118,"minecraft:boat_one_cm":1462822,"minecraft:time_since_death":17206,"minecraft:interact_with_furnace":412,"minecraft:happy_ghast_one_cm":3853271,"minecraft:total_world_time":4940232,"minecraft:crouch_one_cm":1309031,"minecraft:raid_win":1,"minecraft:climb_one_cm":408172,"minecraft:deaths":237,"minecraft:interact_with_stonecutter":56,"minecraft:damage_dealt_resisted":28,"minecraft:animals_bred":7,"minecraft:minecart_one_cm":2285,"minecraft:traded_with_villager":288,"minecraft:damage_blocked_by_shield":1304,"minecraft:interact_with_crafting_table":386,"minecraft:inspect_dropper":24,"minecraft:walk_one_cm":30392951,"minecraft:walk_under_water_one_cm":1216535,"minecraft:horse_one_cm":843373,"minecraft:damage_dealt":103446,"minecraft:play_time":4940232,"minecraft:jump":70857,"minecraft:play_record":3,"minecraft:sprint_one_cm":19570991,"minecraft:fill_cauldron":3,"minecraft:inspect_hopper":26,"minecraft:fly_one_cm":17289532,"minecraft:walk_on_water_one_cm":344299,"minecraft:interact_with_blast_furnace":3,"minecraft:interact_with_grindstone":7,"minecraft:talked_to_villager":256,"minecraft:damage_taken":132815,"minecraft:mob_kills":1898,"minecraft:interact_with_beacon":1,"minecraft:open_enderchest":249,"minecraft:damage_dealt_absorbed":32,"minecraft:interact_with_brewingstand":159,"minecraft:interact_with_smithing_table":4,"minecraft:sleep_in_bed":4,"minecraft:inspect_dispenser":5,"minecraft:swim_one_cm":431898,"minecraft:player_kills":37,"minecraft:enchant_item":3,"minecraft:interact_with_loom":5,"minecraft:interact_with_lectern":63,"minecraft:drop":684,"minecraft:use_cauldron":5,"minecraft:interact_with_cartography_table":7,"minecraft:open_barrel":223,"minecraft:open_chest":4585,"minecraft:interact_with_smoker":11,"minecraft:fall_one_cm":2075910,"minecraft:interact_with_anvil":50,"minecraft:sneak_time":415821},"minecraft:broken":{"minecraft:stone_shovel":1,"minecraft:iron_helmet":1,"minecraft:diamond_shovel":3,"minecraft:iron_shovel":4,"minecraft:stone_axe":1,"minecraft:stone_sword":1,"minecraft:stone_pickaxe":1,"minecraft:leather_chestplate":2,"minecraft:wooden_axe":1,"minecraft:iron_axe":1,"minecraft:stone_hoe":4,"minecraft:diamond_pickaxe":2,"minecraft:diamond_axe":1},"minecraft:crafted":{"minecraft:wooden_axe":4,"minecraft:bamboo_door":3,"minecraft:gold_ingot":22,"minecraft:book":1,"minecraft:iron_chestplate":2,"minecraft:glass_pane":64,"minecraft:cherry_sign":6,"minecraft:oak_fence":30,"minecraft:diamond_pickaxe":4,"minecraft:chest":44,"minecraft:iron_block":18,"minecraft:bookshelf":1,"minecraft:pale_oak_fence":150,"minecraft:acacia_planks":104,"minecraft:purple_carpet":9,"minecraft:bucket":4,"minecraft:flint_and_steel":1,"minecraft:jungle_planks":28,"minecraft:ladder":57,"minecraft:item_frame":22,"minecraft:dark_oak_planks":2396,"minecraft:cauldron":1,"minecraft:stone_hoe":1,"minecraft:diamond_shovel":4,"minecraft:blue_banner":3,"minecraft:pale_oak_sign":6,"minecraft:glass":56,"minecraft:oak_sign":42,"minecraft:cobblestone_slab":6,"minecraft:campfire":2,"minecraft:yellow_dye":2,"minecraft:cooked_mutton":2,"minecraft:spruce_door":6,"minecraft:iron_door":3,"minecraft:iron_boots":2,"minecraft:charcoal":89,"minecraft:cooked_beef":4,"minecraft:stonecutter":2,"minecraft:blue_dye":5,"minecraft:spruce_sign":215,"minecraft:cherry_planks":172,"minecraft:barrel":3,"minecraft:red_banner":1,"minecraft:paper":492,"minecraft:furnace":10,"minecraft:iron_ingot":267,"minecraft:jungle_sign":6,"minecraft:cartography_table":1,"minecraft:dark_oak_slab":24,"minecraft:diamond_helmet":1,"minecraft:scaffolding":66,"minecraft:stone":864,"minecraft:jungle_fence_gate":2,"minecraft:enchanted_book":8,"minecraft:baked_potato":109,"minecraft:spruce_stairs":32,"minecraft:clay":28,"minecraft:shield":1,"minecraft:polished_tuff_stairs":6,"minecraft:pale_oak_stairs":68,"minecraft:bamboo_planks":10,"minecraft:spruce_button":1,"minecraft:pale_oak_fence_gate":1,"minecraft:golden_helmet":3,"minecraft:writable_book":2,"minecraft:dark_oak_stairs":108,"minecraft:map":51,"minecraft:stick":660,"minecraft:leather_boots":1,"minecraft:compass":52,"minecraft:cooked_porkchop":1,"minecraft:iron_helmet":1,"minecraft:diamond_axe":2,"minecraft:cobblestone_wall":18,"minecraft:light_gray_dye":3,"minecraft:air":0,"minecraft:bone_meal":90,"minecraft:snow_block":112,"minecraft:deepslate_tile_slab":10,"minecraft:red_dye":5,"minecraft:pale_oak_slab":654,"minecraft:quartz_block":160,"minecraft:redstone_torch":5,"minecraft:oak_button":9,"minecraft:pale_oak_boat":1,"minecraft:lapis_lazuli":45,"minecraft:bundle":3,"minecraft:slime_block":1,"minecraft:oak_planks":606,"minecraft:cooked_cod":11,"minecraft:iron_shovel":4,"minecraft:white_dye":4,"minecraft:lantern":19,"minecraft:anvil":1,"minecraft:netherite_ingot":1,"minecraft:spruce_slab":84,"minecraft:oak_door":3,"minecraft:oak_fence_gate":1,"minecraft:chain":14,"minecraft:diamond_sword":2,"minecraft:bamboo_block":5,"minecraft:iron_nugget":234,"minecraft:dark_oak_door":24,"minecraft:emerald":269,"minecraft:netherite_scrap":1,"minecraft:wheat":863,"minecraft:cherry_trapdoor":2,"minecraft:stone_brick_stairs":11,"minecraft:pale_oak_planks":964,"minecraft:spruce_trapdoor":80,"minecraft:gold_block":7,"minecraft:spruce_boat":2,"minecraft:golden_boots":1,"minecraft:purple_bed":1,"minecraft:bread":204,"minecraft:dark_oak_sign":3,"minecraft:hay_block":54,"minecraft:crafting_table":18,"minecraft:torch":700,"minecraft:dark_oak_fence":51,"minecraft:polished_deepslate_slab":2,"minecraft:spruce_planks":4560,"minecraft:lectern":1,"minecraft:iron_leggings":1},"minecraft:killed":{"minecraft:zombified_piglin":4,"minecraft:stray":1,"minecraft:pig":2,"minecraft:piglin":5,"minecraft:vindicator":1,"minecraft:zombie":1574,"minecraft:glow_squid":5,"minecraft:zombie_villager":1,"minecraft:chicken":9,"minecraft:creaking":1,"minecraft:goat":1,"minecraft:drowned":31,"minecraft:cow":24,"minecraft:slime":56,"minecraft:pillager":1,"minecraft:skeleton":73,"minecraft:tropical_fish":5,"minecraft:iron_golem":2,"minecraft:witch":1,"minecraft:spider":29,"minecraft:husk":6,"minecraft:wither_skeleton":9,"minecraft:creeper":23,"minecraft:hoglin":4,"minecraft:sheep":14,"minecraft:enderman":1,"minecraft:magma_cube":1,"minecraft:breeze":1},"minecraft:picked_up":{"minecraft:cobblestone_wall":1,"minecraft:purple_dye":2,"minecraft:sweet_berries":106,"minecraft:pale_oak_log":1102,"minecraft:cherry_sign":13,"minecraft:cobblestone":2736,"minecraft:minecart":1,"minecraft:sugar_cane":471,"minecraft:stripped_dark_oak_log":80,"minecraft:bone":102,"minecraft:acacia_sapling":2,"minecraft:cooked_mutton":6,"minecraft:snow_block":32,"minecraft:diamond_shovel":3,"minecraft:clay_ball":968,"minecraft:sculk_catalyst":2,"minecraft:iron_bars":3,"minecraft:white_terracotta":2,"minecraft:blaze_rod":2,"minecraft:emerald":5,"minecraft:pale_oak_sapling":118,"minecraft:book":3,"minecraft:ink_sac":3,"minecraft:crimson_fungus":5,"minecraft:bow":5,"minecraft:arrow":100,"minecraft:smooth_basalt":10,"minecraft:iron_ingot":20,"minecraft:pale_oak_stairs":41,"minecraft:blue_banner":1,"minecraft:spruce_slab":79,"minecraft:crossbow":3,"minecraft:azalea":1,"minecraft:golden_leggings":2,"minecraft:dandelion":55,"minecraft:pale_oak_fence":31,"minecraft:music_disc_chirp":1,"minecraft:mutton":16,"minecraft:golden_carrot":40,"minecraft:diamond_leggings":2,"minecraft:iron_chestplate":1,"minecraft:spruce_leaves":44,"minecraft:red_banner":2,"minecraft:brown_wool":1,"minecraft:big_dripleaf":2,"minecraft:oxeye_daisy":11,"minecraft:oak_log":105,"minecraft:sand":31,"minecraft:furnace":10,"minecraft:wheat_seeds":4001,"minecraft:oak_door":2,"minecraft:leather_leggings":2,"minecraft:music_disc_13":2,"minecraft:quartz":490,"minecraft:egg":5,"minecraft:iron_leggings":1,"minecraft:diamond_sword":2,"minecraft:red_concrete_powder":1,"minecraft:red_mushroom":7,"minecraft:snowball":1199,"minecraft:loom":1,"minecraft:dried_kelp":44,"minecraft:mushroom_stem":31,"minecraft:chiseled_tuff_bricks":3,"minecraft:oak_button":6,"minecraft:oak_sign":40,"minecraft:ender_pearl":1,"minecraft:string":62,"minecraft:stone_bricks":763,"minecraft:obsidian":35,"minecraft:leather_boots":1,"minecraft:writable_book":21,"minecraft:light_gray_terracotta":77,"minecraft:white_carpet":1,"minecraft:nether_wart_block":2,"minecraft:mushroom_stew":7,"minecraft:waxed_copper_bulb":1,"minecraft:cornflower":20,"minecraft:enchanted_book":1,"minecraft:spruce_sapling":97,"minecraft:mangrove_log":3,"minecraft:deepslate_brick_wall":35,"minecraft:flowering_azalea":2,"minecraft:bucket":6,"minecraft:stripped_oak_log":16,"minecraft:leather":32,"minecraft:slime_block":1,"minecraft:cherry_fence":2,"minecraft:honey_bottle":2,"minecraft:lead":12,"minecraft:brown_mushroom":9,"minecraft:polished_andesite_stairs":1,"minecraft:stripped_cherry_log":1,"minecraft:armadillo_scute":1,"minecraft:moss_carpet":14,"minecraft:music_disc_tears":2,"minecraft:scaffolding":41,"minecraft:porkchop":18,"minecraft:carved_pumpkin":2,"minecraft:spruce_sign":27,"minecraft:stick":338,"minecraft:white_concrete":1,"minecraft:redstone_torch":7,"minecraft:wooden_sword":1,"minecraft:bamboo":606,"minecraft:player_head":7,"minecraft:diamond_boots":2,"minecraft:moss_block":73,"minecraft:iron_axe":1,"minecraft:deepslate":61,"minecraft:cauldron":1,"minecraft:item_frame":58,"minecraft:raw_iron":194,"minecraft:diamond_chestplate":2,"minecraft:mossy_cobblestone":69,"minecraft:leather_helmet":3,"minecraft:cherry_boat":5,"minecraft:spruce_door":2,"minecraft:cherry_planks":20,"minecraft:chest":30,"minecraft:lectern":2,"minecraft:pink_petals":40,"minecraft:sculk":1,"minecraft:cobbled_deepslate_slab":2,"minecraft:netherrack":362,"minecraft:crimson_planks":1,"minecraft:red_wool":18,"minecraft:pale_oak_slab":40,"minecraft:trident":1,"minecraft:wither_rose":1,"minecraft:stone":12,"minecraft:gravel":238,"minecraft:jungle_boat":2,"minecraft:deepslate_tile_stairs":47,"minecraft:tuff":252,"minecraft:potato":359,"minecraft:dark_oak_stairs":26,"minecraft:shield":1,"minecraft:lapis_lazuli":195,"minecraft:spruce_stairs":3,"minecraft:stripped_pale_oak_log":232,"minecraft:yellow_concrete":2,"minecraft:ominous_bottle":4,"minecraft:black_banner":1,"minecraft:oak_boat":4,"minecraft:cherry_sapling":31,"minecraft:oak_planks":322,"minecraft:ice":2,"minecraft:brown_egg":2,"minecraft:raw_copper":222,"minecraft:stone_brick_stairs":49,"minecraft:rotten_flesh":586,"minecraft:written_book":24,"minecraft:ancient_debris":2,"minecraft:apple":24,"minecraft:cherry_trapdoor":1,"minecraft:calcite":12,"minecraft:iron_nugget":9,"minecraft:melon":294,"minecraft:iron_door":2,"minecraft:tropical_fish":40,"minecraft:poisonous_potato":9,"minecraft:glow_item_frame":5,"minecraft:brewing_stand":2,"minecraft:flint":52,"minecraft:polished_deepslate_wall":2,"minecraft:redstone":326,"minecraft:deepslate_tiles":731,"minecraft:dark_oak_sign":3,"minecraft:redstone_lamp":2,"minecraft:orange_terracotta":73,"minecraft:glow_berries":20,"minecraft:diamond":244,"minecraft:slime_ball":52,"minecraft:echo_shard":151,"minecraft:granite":142,"minecraft:dark_oak_sapling":379,"minecraft:crimson_roots":2,"minecraft:deepslate_brick_slab":12,"minecraft:salmon":2,"minecraft:acacia_sign":1,"minecraft:packed_ice":4,"minecraft:jungle_sign":1,"minecraft:charcoal":2,"minecraft:spruce_boat":21,"minecraft:red_mushroom_block":84,"minecraft:gold_block":4,"minecraft:spyglass":4,"minecraft:dark_oak_planks":64,"minecraft:hay_block":22,"minecraft:raw_gold":27,"minecraft:stone_sword":2,"minecraft:acacia_log":22,"minecraft:deepslate_bricks":104,"minecraft:pale_oak_leaves":141,"minecraft:pale_oak_sign":11,"minecraft:spruce_planks":1190,"minecraft:dirt":4075,"minecraft:light_gray_dye":2,"minecraft:basalt":1,"minecraft:blue_egg":11,"minecraft:rail":1,"minecraft:blue_wool":24,"minecraft:diamond_helmet":1,"minecraft:azure_bluet":8,"minecraft:torch":331,"minecraft:diamond_pickaxe":4,"minecraft:cherry_log":46,"minecraft:cobbled_deepslate_wall":4,"minecraft:bread":59,"minecraft:iron_boots":1,"minecraft:spruce_log":397,"minecraft:cactus_flower":1,"minecraft:birch_leaves":1,"minecraft:coal":449,"minecraft:oak_fence":7,"minecraft:music_disc_otherside":1,"minecraft:sculk_sensor":2,"minecraft:splash_potion":6,"minecraft:deepslate_brick_stairs":28,"minecraft:cherry_leaves":24,"minecraft:anvil":1,"minecraft:nether_bricks":10,"minecraft:milk_bucket":2,"minecraft:bookshelf":2,"minecraft:waxed_copper_block":4,"minecraft:jungle_stairs":6,"minecraft:poppy":15,"minecraft:stone_hoe":1,"minecraft:cooked_beef":20,"minecraft:white_wool":11,"minecraft:feather":11,"minecraft:mangrove_propagule":4,"minecraft:potion":30,"minecraft:spruce_fence":2,"minecraft:polished_granite":2,"minecraft:chiseled_deepslate":89,"minecraft:andesite":111,"minecraft:lily_of_the_valley":2,"minecraft:deepslate_tile_slab":36,"minecraft:copper_ingot":2,"minecraft:ladder":11,"minecraft:amethyst_shard":4,"minecraft:sandstone":13,"minecraft:filled_map":35,"minecraft:dark_oak_door":1,"minecraft:soul_sand":5,"minecraft:carrot":281,"minecraft:black_terracotta":9,"minecraft:rabbit":1,"minecraft:mangrove_roots":25,"minecraft:polished_deepslate_slab":2,"minecraft:soul_soil":1,"minecraft:gold_nugget":1,"minecraft:bamboo_button":1,"minecraft:dark_oak_leaves":49,"minecraft:water_bucket":1,"minecraft:baked_potato":280,"minecraft:melon_seeds":19,"minecraft:glow_ink_sac":8,"minecraft:oak_leaves":4,"minecraft:polished_tuff_slab":187,"minecraft:fire_charge":1,"minecraft:black_wool":2,"minecraft:chicken":6,"minecraft:leather_chestplate":5,"minecraft:golden_chestplate":2,"minecraft:cooked_chicken":2,"minecraft:kelp":469,"minecraft:cobbled_deepslate":3515,"minecraft:pointed_dripstone":8,"minecraft:glowstone_dust":2,"minecraft:pumpkin_seeds":8,"minecraft:jungle_sapling":1,"minecraft:amethyst_block":14,"minecraft:wheat":1445,"minecraft:tuff_bricks":16,"minecraft:map":3,"minecraft:gunpowder":38,"minecraft:pumpkin_pie":7,"minecraft:spruce_trapdoor":17,"minecraft:blackstone":1,"minecraft:deepslate_tile_wall":14,"minecraft:coarse_dirt":1,"minecraft:magma_block":3,"minecraft:polished_deepslate":7,"minecraft:leaf_litter":13,"minecraft:pale_oak_planks":119,"minecraft:grass_block":8,"minecraft:pale_oak_boat":8,"minecraft:birch_log":8,"minecraft:music_disc_creator":2,"minecraft:compass":4,"minecraft:pumpkin":183,"minecraft:diamond_block":1,"minecraft:spider_eye":24,"minecraft:sculk_shrieker":1,"minecraft:bone_meal":5,"minecraft:dark_oak_log":3577,"minecraft:diorite":279,"minecraft:golden_helmet":1,"minecraft:crafting_table":7,"minecraft:oak_sapling":69,"minecraft:beef":47,"minecraft:cake":1,"minecraft:wind_charge":2,"minecraft:glass_bottle":6,"minecraft:blue_bed":2,"minecraft:waxed_oxidized_copper":4,"minecraft:purple_wool":7,"minecraft:barrel":1,"minecraft:cocoa_beans":75,"minecraft:paper":18},"minecraft:mined":{"minecraft:torch":122,"minecraft:mangrove_roots":23,"minecraft:spruce_log":339,"minecraft:nether_quartz_ore":209,"minecraft:chest":30,"minecraft:pumpkin":238,"minecraft:netherrack":721,"minecraft:spruce_sapling":1,"minecraft:brown_mushroom":10,"minecraft:spruce_planks":1101,"minecraft:attached_pumpkin_stem":2,"minecraft:birch_log":8,"minecraft:sweet_berry_bush":13,"minecraft:big_dripleaf_stem":2,"minecraft:large_fern":5,"minecraft:dark_oak_planks":66,"minecraft:blue_bed":1,"minecraft:redstone_lamp":1,"minecraft:blackstone":1,"minecraft:anvil":3,"minecraft:deepslate_bricks":7,"minecraft:sculk_shrieker":1,"minecraft:pale_oak_sign":5,"minecraft:dark_oak_sapling":229,"minecraft:campfire":1,"minecraft:gold_block":4,"minecraft:wall_torch":75,"minecraft:fire":5,"minecraft:dark_oak_door":1,"minecraft:deepslate_tiles":229,"minecraft:oak_sapling":4,"minecraft:azalea":2,"minecraft:azure_bluet":10,"minecraft:acacia_log":22,"minecraft:deepslate_brick_slab":7,"minecraft:dark_oak_log":3650,"minecraft:stripped_pale_oak_log":232,"minecraft:spruce_wall_sign":6,"minecraft:dandelion":48,"minecraft:glass":1,"minecraft:oak_wall_sign":6,"minecraft:cherry_leaves":135,"minecraft:scaffolding":23,"minecraft:oak_leaves":599,"minecraft:brewing_stand":2,"minecraft:clay":231,"minecraft:spruce_stairs":3,"minecraft:crimson_roots":1,"minecraft:iron_bars":2,"minecraft:tall_grass":60,"minecraft:waxed_copper_block":4,"minecraft:deepslate_tile_slab":28,"minecraft:polished_tuff_slab":155,"minecraft:jungle_sign":1,"minecraft:crimson_fungus":5,"minecraft:pink_petals":22,"minecraft:moss_carpet":5,"minecraft:spruce_door":1,"minecraft:sand":50,"minecraft:spruce_sign":14,"minecraft:cocoa":21,"minecraft:yellow_concrete":2,"minecraft:vine":98,"minecraft:carrots":73,"minecraft:lectern":2,"minecraft:weeping_vines":1,"minecraft:short_grass":413,"minecraft:red_mushroom":6,"minecraft:sculk_catalyst":1,"minecraft:dirt_path":40,"minecraft:crafting_table":6,"minecraft:flowering_azalea":1,"minecraft:deepslate_redstone_ore":83,"minecraft:dark_oak_stairs":27,"minecraft:leaf_litter":3,"minecraft:stripped_oak_log":15,"minecraft:redstone_wall_torch":1,"minecraft:coarse_dirt":6,"minecraft:copper_ore":36,"minecraft:packed_ice":124,"minecraft:cave_vines_plant":11,"minecraft:budding_amethyst":1,"minecraft:cauldron":1,"minecraft:stone_bricks":868,"minecraft:sculk_sensor":2,"minecraft:wheat":1067,"minecraft:bee_nest":2,"minecraft:light_gray_terracotta":79,"minecraft:soul_soil":1,"minecraft:snow_block":293,"minecraft:mossy_cobblestone":76,"minecraft:grass_block":3841,"minecraft:acacia_sign":1,"minecraft:tuff_bricks":18,"minecraft:white_wool":5,"minecraft:pale_oak_leaves":150,"minecraft:deepslate_tile_wall":8,"minecraft:calcite":13,"minecraft:spruce_slab":73,"minecraft:cherry_sign":10,"minecraft:red_banner":1,"minecraft:pale_oak_sapling":8,"minecraft:smooth_basalt":16,"minecraft:cherry_fence":2,"minecraft:oak_sign":19,"minecraft:amethyst_block":11,"minecraft:blue_wool":2,"minecraft:oak_button":2,"minecraft:stripped_dark_oak_log":92,"minecraft:cherry_trapdoor":1,"minecraft:oxeye_daisy":12,"minecraft:jungle_sapling":1,"minecraft:obsidian":34,"minecraft:waxed_oxidized_copper":4,"minecraft:cave_vines":14,"minecraft:sandstone":11,"minecraft:melon":273,"minecraft:white_concrete":1,"minecraft:nether_wart_block":3,"minecraft:iron_door":2,"minecraft:birch_leaves":43,"minecraft:oak_fence":7,"minecraft:moss_block":73,"minecraft:mushroom_stem":25,"minecraft:bamboo":100,"minecraft:stone_brick_stairs":49,"minecraft:deepslate_diamond_ore":104,"minecraft:potatoes":109,"minecraft:attached_melon_stem":2,"minecraft:iron_ore":47,"minecraft:podzol":19,"minecraft:lily_of_the_valley":2,"minecraft:oak_planks":198,"minecraft:cobblestone":358,"minecraft:pale_oak_fence":31,"minecraft:sugar_cane":580,"minecraft:red_mushroom_block":177,"minecraft:furnace":10,"minecraft:black_banner":1,"minecraft:pointed_dripstone":4,"minecraft:tall_seagrass":1,"minecraft:dirt":2207,"minecraft:cobblestone_wall":1,"minecraft:basalt":2,"minecraft:deepslate":3631,"minecraft:cherry_planks":22,"minecraft:snow":326,"minecraft:deepslate_tile_stairs":56,"minecraft:oak_log":104,"minecraft:pale_oak_stairs":23,"minecraft:oak_door":2,"minecraft:cherry_log":45,"minecraft:sculk":102,"minecraft:warped_nylium":3,"minecraft:gravel":349,"minecraft:pale_oak_wall_sign":1,"minecraft:loom":1,"minecraft:polished_deepslate_slab":2,"minecraft:gold_ore":8,"minecraft:pale_oak_slab":26,"minecraft:andesite":122,"minecraft:chiseled_bookshelf":1,"minecraft:deepslate_gold_ore":10,"minecraft:ice":4,"minecraft:nether_bricks":2,"minecraft:dark_oak_leaves":112,"minecraft:chiseled_deepslate":97,"minecraft:poppy":13,"minecraft:deepslate_lapis_ore":28,"minecraft:deepslate_iron_ore":18,"minecraft:waxed_copper_bulb":1,"minecraft:amethyst_cluster":3,"minecraft:black_terracotta":13,"minecraft:stone":3653,"minecraft:deepslate_brick_stairs":32,"minecraft:orange_terracotta":73,"minecraft:granite":281,"minecraft:spruce_fence":1,"minecraft:coal_ore":192,"minecraft:diorite":313,"minecraft:ancient_debris":1,"minecraft:hay_block":16,"minecraft:spruce_trapdoor":14,"minecraft:dark_oak_sign":2,"minecraft:cherry_sapling":2,"minecraft:polished_deepslate":5,"minecraft:sculk_vein":6,"minecraft:slime_block":1,"minecraft:white_carpet":1,"minecraft:cherry_wall_sign":2,"minecraft:glow_lichen":1,"minecraft:powder_snow":131,"minecraft:player_head":2,"minecraft:polished_deepslate_wall":2,"minecraft:spruce_leaves":132,"minecraft:chiseled_tuff_bricks":3,"minecraft:cobbled_deepslate":452,"minecraft:carved_pumpkin":2,"minecraft:tuff":367,"minecraft:polished_tuff":1,"minecraft:pale_oak_log":959,"minecraft:pale_oak_planks":113,"minecraft:cornflower":18,"minecraft:redstone_wire":6},"minecraft:dropped":{"minecraft:andesite":50,"minecraft:sweet_berries":2,"minecraft:magma_block":7,"minecraft:pale_oak_stairs":6,"minecraft:wooden_sword":1,"minecraft:oxeye_daisy":2,"minecraft:spruce_button":1,"minecraft:tropical_fish":24,"minecraft:gravel":19,"minecraft:bone":2,"minecraft:poppy":3,"minecraft:tuff_bricks":4,"minecraft:enchanted_book":1,"minecraft:spruce_sign":10,"minecraft:moss_block":5,"minecraft:crossbow":1,"minecraft:azure_bluet":2,"minecraft:filled_map":6,"minecraft:minecart":1,"minecraft:glowstone_dust":17,"minecraft:leather_chestplate":5,"minecraft:redstone":15,"minecraft:tuff":73,"minecraft:book":1,"minecraft:iron_leggings":1,"minecraft:scaffolding":27,"minecraft:arrow":56,"minecraft:spruce_sapling":10,"minecraft:carrot":15,"minecraft:redstone_torch":1,"minecraft:spruce_log":160,"minecraft:gunpowder":13,"minecraft:deepslate":59,"minecraft:dried_kelp":2,"minecraft:wooden_axe":1,"minecraft:smooth_basalt":1,"minecraft:baked_potato":61,"minecraft:diorite":49,"minecraft:rotten_flesh":46,"minecraft:ancient_debris":1,"minecraft:chainmail_leggings":2,"minecraft:iron_chestplate":2,"minecraft:torch":27,"minecraft:sandstone":3,"minecraft:stone_sword":2,"minecraft:leather_leggings":5,"minecraft:bow":2,"minecraft:cherry_sapling":2,"minecraft:bucket":3,"minecraft:dirt":123,"minecraft:black_wool":1,"minecraft:crimson_planks":1,"minecraft:obsidian":7,"minecraft:golden_chestplate":6,"minecraft:ominous_bottle":2,"minecraft:melon_slice":20,"minecraft:stone_brick_stairs":3,"minecraft:ender_pearl":1,"minecraft:sculk_shrieker":1,"minecraft:emerald":6,"minecraft:spruce_boat":5,"minecraft:honey_bottle":1,"minecraft:potato":44,"minecraft:glass_bottle":2,"minecraft:melon":2,"minecraft:written_book":16,"minecraft:raw_iron":15,"minecraft:slime_ball":17,"minecraft:golden_helmet":9,"minecraft:netherrack":87,"minecraft:spyglass":3,"minecraft:flowering_azalea":2,"minecraft:mutton":3,"minecraft:diamond_shovel":3,"minecraft:oak_planks":118,"minecraft:porkchop":2,"minecraft:wheat":166,"minecraft:lead":1,"minecraft:basalt":1,"minecraft:kelp":475,"minecraft:chainmail_helmet":4,"minecraft:cobbled_deepslate":1243,"minecraft:egg":1,"minecraft:spruce_fence_gate":3,"minecraft:wheat_seeds":94,"minecraft:deepslate_brick_slab":2,"minecraft:paper":7,"minecraft:trident":1,"minecraft:chainmail_chestplate":1,"minecraft:red_wool":1,"minecraft:calcite":4,"minecraft:player_head":2,"minecraft:diamond_pickaxe":2,"minecraft:dandelion":10,"minecraft:red_banner":1,"minecraft:string":15,"minecraft:golden_boots":5,"minecraft:oak_sign":31,"minecraft:clay_ball":100,"minecraft:red_mushroom_block":39,"minecraft:stick":14,"minecraft:pale_oak_planks":3,"minecraft:sheep_spawn_egg":1,"minecraft:bread":30,"minecraft:white_terracotta":2,"minecraft:spider_eye":9,"minecraft:iron_boots":2,"minecraft:snowball":388,"minecraft:leather_helmet":13,"minecraft:melon_seeds":5,"minecraft:cobblestone":194,"minecraft:spruce_planks":382,"minecraft:leather_boots":3,"minecraft:pale_oak_sapling":3,"minecraft:pumpkin_seeds":6,"minecraft:potion":20,"minecraft:bundle":1,"minecraft:diamond_helmet":1,"minecraft:white_wool":1,"minecraft:diamond_boots":1,"minecraft:diamond_chestplate":1,"minecraft:diamond_leggings":1,"minecraft:splash_potion":1,"minecraft:chainmail_boots":2,"minecraft:granite":7,"minecraft:moss_carpet":4,"minecraft:diamond":11,"minecraft:blue_bed":1,"minecraft:bone_meal":2,"minecraft:poisonous_potato":1,"minecraft:water_bucket":2,"minecraft:stone_bricks":36,"minecraft:leaf_litter":8,"minecraft:deepslate_tiles":596,"minecraft:chicken":1,"minecraft:flint":2,"minecraft:diamond_sword":2,"minecraft:iron_sword":2,"minecraft:golden_leggings":9,"minecraft:spruce_door":2,"minecraft:axolotl_bucket":1,"minecraft:amethyst_shard":2,"minecraft:writable_book":13,"minecraft:light_gray_dye":1,"minecraft:echo_shard":1,"minecraft:mushroom_stem":6},"minecraft:used":{"minecraft:diamond_helmet":3,"minecraft:light_gray_dye":1,"minecraft:clay":1,"minecraft:cartography_table":1,"minecraft:polished_tuff_slab":384,"minecraft:diamond_sword":1214,"minecraft:cherry_planks":66,"minecraft:campfire":2,"minecraft:wither_rose":1,"minecraft:wheat_seeds":1347,"minecraft:bamboo_button":1,"minecraft:mushroom_stew":7,"minecraft:glass":28,"minecraft:black_terracotta":4,"minecraft:mushroom_stem":2,"minecraft:hay_block":25,"minecraft:deepslate_tile_slab":792,"minecraft:cherry_boat":1,"minecraft:stripped_pale_oak_log":115,"minecraft:oak_log":19,"minecraft:spruce_slab":152,"minecraft:stonecutter":2,"minecraft:polished_deepslate_slab":4,"minecraft:diamond_axe":10189,"minecraft:white_carpet":1,"minecraft:stripped_oak_log":15,"minecraft:poppy":8,"minecraft:snowball":165,"minecraft:pale_oak_stairs":54,"minecraft:moss_block":47,"minecraft:loom":1,"minecraft:cobbled_deepslate":1746,"minecraft:pink_petals":36,"minecraft:deepslate_brick_slab":118,"minecraft:leather_chestplate":1,"minecraft:golden_leggings":1,"minecraft:stone_shovel":131,"minecraft:anvil":2,"minecraft:spruce_fence_gate":1,"minecraft:melon_seeds":1,"minecraft:mutton":4,"minecraft:goat_horn":1,"minecraft:written_book":88,"minecraft:wind_charge":4,"minecraft:glow_ink_sac":13,"minecraft:shears":63,"minecraft:nether_wart_block":1,"minecraft:bucket":100,"minecraft:cocoa_beans":26,"minecraft:porkchop":16,"minecraft:oak_sapling":61,"minecraft:brown_egg":2,"minecraft:iron_door":6,"minecraft:oak_fence":34,"minecraft:grass_block":4,"minecraft:string":2,"minecraft:jungle_sign":5,"minecraft:cherry_leaves":24,"minecraft:shield":15,"minecraft:blue_banner":2,"minecraft:deepslate":150,"minecraft:andesite":5,"minecraft:polished_deepslate":69,"minecraft:chiseled_deepslate":97,"minecraft:pale_oak_sapling":105,"minecraft:dark_oak_log":1524,"minecraft:waxed_copper_block":3,"minecraft:iron_sword":12,"minecraft:acacia_sign":1,"minecraft:oak_boat":3,"minecraft:golden_carrot":38,"minecraft:deepslate_bricks":18,"minecraft:light_gray_terracotta":4,"minecraft:cooked_mutton":8,"minecraft:cookie":18,"minecraft:stone_bricks":825,"minecraft:blue_wool":2,"minecraft:packed_ice":4,"minecraft:oxeye_daisy":7,"minecraft:diorite":39,"minecraft:redstone":1,"minecraft:pale_oak_boat":6,"minecraft:spruce_door":3,"minecraft:map":1,"minecraft:pale_oak_planks":168,"minecraft:cobblestone":1346,"minecraft:diamond_chestplate":2,"minecraft:cherry_sign":26,"minecraft:stone":23,"minecraft:chain":14,"minecraft:crafting_table":26,"minecraft:spruce_sign":49,"minecraft:sculk":1,"minecraft:iron_chestplate":1,"minecraft:spruce_trapdoor":80,"minecraft:potion":21,"minecraft:tuff_bricks":12,"minecraft:pale_oak_fence_gate":1,"minecraft:glow_item_frame":42,"minecraft:baked_potato":384,"minecraft:apple":21,"minecraft:scaffolding":76,"minecraft:purple_carpet":9,"minecraft:red_banner":2,"minecraft:melon_slice":157,"minecraft:soul_soil":1,"minecraft:stone_hoe":600,"minecraft:spruce_log":166,"minecraft:pumpkin":1,"minecraft:water_bucket":95,"minecraft:deepslate_tile_wall":24,"minecraft:golden_helmet":1,"minecraft:bread":341,"minecraft:torch":976,"minecraft:jungle_sapling":1,"minecraft:chicken":1,"minecraft:gravel":79,"minecraft:cake":1,"minecraft:cooked_chicken":4,"minecraft:white_wool":5,"minecraft:lily_of_the_valley":2,"minecraft:redstone_lamp":2,"minecraft:snow_block":140,"minecraft:deepslate_tile_stairs":358,"minecraft:amethyst_block":5,"minecraft:chest":71,"minecraft:cauldron":2,"minecraft:beef":13,"minecraft:sandstone":8,"minecraft:iron_axe":346,"minecraft:leaf_litter":5,"minecraft:black_banner":1,"minecraft:potato":212,"minecraft:glow_berries":23,"minecraft:glass_bottle":13,"minecraft:wooden_axe":136,"minecraft:jungle_fence_gate":2,"minecraft:jungle_planks":2,"minecraft:oak_sign":56,"minecraft:salmon":2,"minecraft:golden_boots":1,"minecraft:dark_oak_stairs":92,"minecraft:lantern":19,"minecraft:glass_pane":70,"minecraft:netherite_pickaxe":6815,"minecraft:cooked_porkchop":1,"minecraft:granite":17,"minecraft:golden_chestplate":1,"minecraft:iron_shovel":1002,"minecraft:pale_oak_sign":11,"minecraft:pale_oak_leaves":131,"minecraft:blackstone":1,"minecraft:pumpkin_pie":7,"minecraft:jungle_boat":2,"minecraft:stone_pickaxe":131,"minecraft:dandelion":19,"minecraft:oak_door":7,"minecraft:netherrack":291,"minecraft:spruce_boat":12,"minecraft:suspicious_stew":1,"minecraft:diamond_shovel":6494,"minecraft:rotten_flesh":68,"minecraft:sculk_catalyst":1,"minecraft:writable_book":187,"minecraft:bone_meal":92,"minecraft:item_frame":67,"minecraft:spider_eye":3,"minecraft:dark_oak_planks":1961,"minecraft:acacia_sapling":2,"minecraft:blue_egg":10,"minecraft:dirt":2041,"minecraft:honey_bottle":1,"minecraft:obsidian":1,"minecraft:dark_oak_sign":4,"minecraft:spruce_leaves":21,"minecraft:dark_oak_sapling":2,"minecraft:spruce_planks":4168,"minecraft:oak_leaves":3,"minecraft:dark_oak_door":24,"minecraft:leather_boots":1,"minecraft:beetroot_soup":1,"minecraft:tropical_fish":24,"minecraft:orange_terracotta":1,"minecraft:birch_log":1,"minecraft:cooked_cod":11,"minecraft:rail":1,"minecraft:iron_bars":3,"minecraft:pale_oak_fence":167,"minecraft:waxed_copper_bulb":1,"minecraft:lectern":3,"minecraft:stone_brick_stairs":208,"minecraft:spyglass":1129,"minecraft:deepslate_tiles":3324,"minecraft:oak_planks":382,"minecraft:purple_wool":1,"minecraft:sugar_cane":9,"minecraft:ice":2,"minecraft:stone_axe":132,"minecraft:spruce_fence":33,"minecraft:polished_deepslate_wall":50,"minecraft:spruce_stairs":21,"minecraft:milk_bucket":10,"minecraft:cherry_sapling":17,"minecraft:purple_bed":6,"minecraft:diamond_pickaxe":5869,"minecraft:ladder":46,"minecraft:stripped_dark_oak_log":26,"minecraft:crossbow":2,"minecraft:dark_oak_fence":50,"minecraft:tuff":972,"minecraft:brewing_stand":2,"minecraft:stone_sword":131,"minecraft:sweet_berries":121,"minecraft:lava_bucket":1,"minecraft:cobblestone_wall":17,"minecraft:pale_oak_slab":231,"minecraft:dead_bush":5,"minecraft:carrot":207,"minecraft:oak_fence_gate":1,"minecraft:gold_block":12,"minecraft:book":5,"minecraft:diamond_boots":1,"minecraft:trident":1,"minecraft:cherry_trapdoor":3,"minecraft:cherry_fence":1,"minecraft:slime_block":1,"minecraft:smooth_basalt":1,"minecraft:pale_oak_log":503,"minecraft:deepslate_brick_wall":1,"minecraft:furnace":16,"minecraft:blue_bed":3,"minecraft:barrel":3,"minecraft:iron_boots":1,"minecraft:dark_oak_slab":4,"minecraft:white_concrete":1,"minecraft:oak_button":13,"minecraft:dried_kelp":7,"minecraft:cobblestone_slab":6,"minecraft:bamboo_door":2,"minecraft:deepslate_brick_stairs":62,"minecraft:cherry_log":12,"minecraft:cooked_beef":26,"minecraft:redstone_torch":10,"minecraft:cornflower":9,"minecraft:carved_pumpkin":2,"minecraft:brown_wool":1,"minecraft:spruce_sapling":37,"minecraft:egg":3,"minecraft:azure_bluet":4,"minecraft:leather_helmet":1}},"DataVersion":4440}