{"stats":{"minecraft:killed_by":{"minecraft:hoglin":1,"minecraft:drowned":1},"minecraft:custom":{"minecraft:pig_one_cm":5936,"minecraft:eat_cake_slice":1,"minecraft:time_since_rest":4285,"minecraft:talked_to_villager":1,"minecraft:leave_game":20,"minecraft:damage_taken":6355,"minecraft:mob_kills":99,"minecraft:boat_one_cm":305455,"minecraft:time_since_death":4249,"minecraft:interact_with_brewingstand":2,"minecraft:interact_with_furnace":16,"minecraft:sleep_in_bed":12,"minecraft:swim_one_cm":48526,"minecraft:total_world_time":528797,"minecraft:crouch_one_cm":18002,"minecraft:deaths":5,"minecraft:raid_win":1,"minecraft:climb_one_cm":118124,"minecraft:interact_with_stonecutter":3,"minecraft:enchant_item":3,"minecraft:interact_with_loom":11,"minecraft:damage_blocked_by_shield":2520,"minecraft:interact_with_crafting_table":81,"minecraft:walk_one_cm":8166044,"minecraft:horse_one_cm":850,"minecraft:walk_under_water_one_cm":188643,"minecraft:damage_dealt":14694,"minecraft:interact_with_lectern":1,"minecraft:play_time":528797,"minecraft:jump":6105,"minecraft:drop":143,"minecraft:open_barrel":33,"minecraft:sprint_one_cm":297527,"minecraft:open_chest":411,"minecraft:interact_with_smoker":64,"minecraft:inspect_hopper":6,"minecraft:fall_one_cm":209055,"minecraft:fly_one_cm":96239,"minecraft:interact_with_anvil":2,"minecraft:walk_on_water_one_cm":87569,"minecraft:sneak_time":4192,"minecraft:interact_with_blast_furnace":66,"minecraft:interact_with_grindstone":3},"minecraft:broken":{"minecraft:stone_shovel":1,"minecraft:stone_axe":2,"minecraft:iron_pickaxe":2},"minecraft:crafted":{"minecraft:lantern":2,"minecraft:polished_deepslate_stairs":16,"minecraft:stick":40,"minecraft:deepslate_bricks":4,"minecraft:cooked_beef":3,"minecraft:oak_door":3,"minecraft:diamond_pickaxe":1,"minecraft:chest":2,"minecraft:chain":1,"minecraft:diamond_sword":1,"minecraft:iron_nugget":18,"minecraft:bone_meal":27,"minecraft:ladder":3,"minecraft:oak_stairs":96,"minecraft:iron_ingot":64,"minecraft:stone_hoe":1,"minecraft:tuff_stairs":16,"minecraft:oak_sign":3,"minecraft:crafting_table":2,"minecraft:torch":32,"minecraft:white_bed":1,"minecraft:baked_potato":65,"minecraft:shield":1,"minecraft:stone_axe":4,"minecraft:oak_planks":22,"minecraft:cobbled_deepslate_stairs":4,"minecraft:iron_pickaxe":3,"minecraft:shears":1,"minecraft:iron_shovel":1,"minecraft:iron_sword":1,"minecraft:polished_deepslate":296,"minecraft:iron_axe":1},"minecraft:killed":{"minecraft:zombie":39,"minecraft:skeleton":9,"minecraft:bogged":5,"minecraft:creeper":38,"minecraft:zombie_villager":2,"minecraft:evoker":1,"minecraft:spider":2},"minecraft:picked_up":{"minecraft:dark_oak_slab":4,"minecraft:carrot":31,"minecraft:cobblestone":64,"minecraft:mangrove_roots":56,"minecraft:mangrove_log":25,"minecraft:flint":5,"minecraft:white_bed":2,"minecraft:stripped_oak_log":1,"minecraft:leather":1,"minecraft:bone":77,"minecraft:redstone":140,"minecraft:honey_bottle":1,"minecraft:gold_nugget":1,"minecraft:stone_pickaxe":4,"minecraft:lantern":3,"minecraft:sculk_catalyst":1,"minecraft:moss_carpet":12,"minecraft:baked_potato":12,"minecraft:diamond":47,"minecraft:granite":2,"minecraft:glow_ink_sac":15,"minecraft:porkchop":4,"minecraft:spruce_sign":4,"minecraft:salmon":1,"minecraft:stick":8,"minecraft:oak_trapdoor":18,"minecraft:shroomlight":5,"minecraft:spruce_boat":1,"minecraft:cobbled_deepslate_stairs":14,"minecraft:bow":1,"minecraft:arrow":10,"minecraft:iron_axe":1,"minecraft:iron_ingot":7,"minecraft:dark_oak_planks":101,"minecraft:raw_iron":59,"minecraft:spruce_slab":2,"minecraft:cobbled_deepslate":753,"minecraft:diamond_chestplate":1,"minecraft:raw_gold":6,"minecraft:stone_sword":4,"minecraft:stone_axe":2,"minecraft:muddy_mangrove_roots":91,"minecraft:nether_brick":1,"minecraft:gunpowder":71,"minecraft:chest":5,"minecraft:golden_carrot":5,"minecraft:diamond_leggings":1,"minecraft:spruce_planks":371,"minecraft:dark_oak_trapdoor":13,"minecraft:netherrack":79,"minecraft:dirt":49,"minecraft:diamond_helmet":1,"minecraft:gravel":40,"minecraft:golden_boots":1,"minecraft:crimson_stem":2,"minecraft:torch":52,"minecraft:tuff":88,"minecraft:polished_deepslate":92,"minecraft:oak_stairs":22,"minecraft:oak_log":18,"minecraft:tuff_stairs":8,"minecraft:pale_oak_planks":1,"minecraft:potato":109,"minecraft:oak_fence":4,"minecraft:oak_door":15,"minecraft:mud":136,"minecraft:lapis_lazuli":291,"minecraft:spider_eye":1,"minecraft:spruce_stairs":14,"minecraft:quartz":5,"minecraft:tipped_arrow":2,"minecraft:egg":7,"minecraft:birch_sapling":22,"minecraft:totem_of_undying":1,"minecraft:poppy":2,"minecraft:stone_hoe":1,"minecraft:white_wool":7,"minecraft:mangrove_propagule":18,"minecraft:oak_planks":604,"minecraft:potion":2,"minecraft:crafting_table":3,"minecraft:snowball":52,"minecraft:raw_copper":4,"minecraft:andesite":3,"minecraft:rotten_flesh":36,"minecraft:written_book":1,"minecraft:polished_deepslate_stairs":36,"minecraft:oak_sign":4,"minecraft:mangrove_planks":4,"minecraft:string":8,"minecraft:glass_bottle":1,"minecraft:obsidian":3,"minecraft:ladder":12,"minecraft:filled_map":1,"minecraft:chain":3},"minecraft:mined":{"minecraft:mud":122,"minecraft:torch":7,"minecraft:mangrove_roots":29,"minecraft:nether_quartz_ore":5,"minecraft:chest":2,"minecraft:vine":17,"minecraft:oak_sign":1,"minecraft:netherrack":119,"minecraft:carrots":9,"minecraft:gravel":54,"minecraft:short_grass":2,"minecraft:dirt_path":3,"minecraft:crafting_table":2,"minecraft:deepslate_redstone_ore":27,"minecraft:stripped_oak_log":1,"minecraft:obsidian":2,"minecraft:andesite":5,"minecraft:oak_fence":3,"minecraft:dark_oak_trapdoor":3,"minecraft:deepslate_gold_ore":4,"minecraft:wall_torch":15,"minecraft:deepslate_lapis_ore":29,"minecraft:deepslate_diamond_ore":20,"minecraft:potatoes":32,"minecraft:deepslate_iron_ore":34,"minecraft:iron_ore":27,"minecraft:stone":96,"minecraft:granite":4,"minecraft:chain":3,"minecraft:crimson_stem":2,"minecraft:oak_planks":573,"minecraft:white_bed":1,"minecraft:lantern":1,"minecraft:mangrove_leaves":34,"minecraft:shroomlight":5,"minecraft:oak_wall_sign":1,"minecraft:polished_deepslate_stairs":4,"minecraft:polished_deepslate":93,"minecraft:cobbled_deepslate_stairs":14,"minecraft:crimson_nylium":1,"minecraft:glow_lichen":3,"minecraft:muddy_mangrove_roots":49,"minecraft:tall_seagrass":3,"minecraft:oak_stairs":20,"minecraft:dirt":20,"minecraft:mangrove_log":25,"minecraft:grass_block":48,"minecraft:cobweb":6,"minecraft:cobbled_deepslate":42,"minecraft:tuff":74,"minecraft:ladder":1,"minecraft:deepslate":686,"minecraft:sand":1,"minecraft:snow":39,"minecraft:oak_log":18,"minecraft:oak_door":12},"minecraft:dropped":{"minecraft:rotten_flesh":2,"minecraft:spruce_planks":370,"minecraft:nether_brick":1,"minecraft:stone_sword":3,"minecraft:bow":1,"minecraft:mangrove_roots":26,"minecraft:bone":68,"minecraft:lantern":2,"minecraft:potion":1,"minecraft:egg":1,"minecraft:poppy":1,"minecraft:obsidian":1,"minecraft:cobbled_deepslate_stairs":1,"minecraft:chest":1,"minecraft:moss_carpet":8,"minecraft:sculk_catalyst":1,"minecraft:spruce_sign":4,"minecraft:diamond":18,"minecraft:stone_pickaxe":3,"minecraft:mangrove_propagule":12,"minecraft:dark_oak_slab":4,"minecraft:spruce_slab":2,"minecraft:honey_bottle":1,"minecraft:glass_bottle":1,"minecraft:muddy_mangrove_roots":29,"minecraft:written_book":1,"minecraft:flint":2,"minecraft:spruce_stairs":14,"minecraft:oak_trapdoor":18,"minecraft:carrot":6,"minecraft:crafting_table":1,"minecraft:white_bed":1,"minecraft:gunpowder":58,"minecraft:dark_oak_planks":101,"minecraft:stone_axe":2,"minecraft:polished_deepslate_stairs":16,"minecraft:snowball":4,"minecraft:ladder":9},"minecraft:used":{"minecraft:stone_axe":513,"minecraft:iron_axe":229,"minecraft:shield":31,"minecraft:deepslate":1,"minecraft:iron_pickaxe":605,"minecraft:andesite":2,"minecraft:polished_deepslate":357,"minecraft:diamond_sword":220,"minecraft:mud":11,"minecraft:potato":51,"minecraft:iron_sword":146,"minecraft:golden_carrot":5,"minecraft:deepslate_bricks":4,"minecraft:diamond_pickaxe":643,"minecraft:oak_sign":2,"minecraft:ladder":5,"minecraft:glass_pane":17,"minecraft:lantern":3,"minecraft:tuff":40,"minecraft:iron_shovel":138,"minecraft:stone_sword":30,"minecraft:polished_deepslate_stairs":6,"minecraft:oak_log":12,"minecraft:cobblestone":4,"minecraft:chain":3,"minecraft:carrot":29,"minecraft:stripped_oak_log":1,"minecraft:crafting_table":3,"minecraft:poppy":1,"minecraft:snowball":48,"minecraft:potion":1,"minecraft:white_bed":2,"minecraft:stone_pickaxe":113,"minecraft:oak_door":17,"minecraft:cobbled_deepslate_stairs":14,"minecraft:baked_potato":66,"minecraft:cobbled_deepslate":225,"minecraft:netherrack":17,"minecraft:stone_hoe":2,"minecraft:stone_shovel":130,"minecraft:rotten_flesh":5,"minecraft:writable_book":3,"minecraft:bone_meal":111,"minecraft:bread":1,"minecraft:torch":54,"minecraft:written_book":3,"minecraft:dirt":4,"minecraft:gravel":11,"minecraft:oak_stairs":116,"minecraft:muddy_mangrove_roots":11,"minecraft:cooked_beef":3,"minecraft:dark_oak_trapdoor":4,"minecraft:chest":6,"minecraft:oak_planks":354,"minecraft:spruce_sapling":4,"minecraft:egg":6}},"DataVersion":4440}