{"stats":{"minecraft:killed_by":{"minecraft:player":1},"minecraft:custom":{"minecraft:pig_one_cm":74849,"minecraft:eat_cake_slice":537,"minecraft:trigger_trapped_chest":10,"minecraft:time_since_rest":229293,"minecraft:leave_game":79,"minecraft:damage_taken":10988,"minecraft:mob_kills":3443,"minecraft:boat_one_cm":576657,"minecraft:open_shulker_box":80,"minecraft:time_since_death":229281,"minecraft:aviate_one_cm":12597943,"minecraft:damage_dealt_absorbed":32,"minecraft:open_enderchest":2,"minecraft:sleep_in_bed":8,"minecraft:happy_ghast_one_cm":3773,"minecraft:swim_one_cm":168310,"minecraft:total_world_time":2401754,"minecraft:crouch_one_cm":156154,"minecraft:climb_one_cm":40818,"minecraft:deaths":11,"minecraft:player_kills":30,"minecraft:interact_with_loom":8,"minecraft:interact_with_crafting_table":2,"minecraft:inspect_dropper":3,"minecraft:walk_one_cm":7423322,"minecraft:walk_under_water_one_cm":788762,"minecraft:horse_one_cm":53024,"minecraft:interact_with_lectern":8,"minecraft:damage_dealt":1765506,"minecraft:play_time":2401754,"minecraft:jump":11895,"minecraft:play_record":15,"minecraft:drop":2908,"minecraft:use_cauldron":3,"minecraft:bell_ring":75,"minecraft:open_barrel":34,"minecraft:sprint_one_cm":1840209,"minecraft:open_chest":239,"minecraft:fill_cauldron":10,"minecraft:fall_one_cm":36099,"minecraft:fly_one_cm":23852262,"minecraft:interact_with_anvil":37,"minecraft:walk_on_water_one_cm":149523,"minecraft:sneak_time":56124},"minecraft:killed":{"minecraft:elder_guardian":5,"minecraft:fox":6,"minecraft:pig":2,"minecraft:piglin_brute":1,"minecraft:piglin":1,"minecraft:zoglin":4,"minecraft:ravager":40,"minecraft:cat":8,"minecraft:zombie":61,"minecraft:zombie_villager":6,"minecraft:chicken":4,"minecraft:creaking":5,"minecraft:guardian":1,"minecraft:cow":2,"minecraft:wolf":5,"minecraft:slime":3,"minecraft:skeleton":48,"minecraft:witch":354,"minecraft:frog":13,"minecraft:spider":15,"minecraft:strider":2,"minecraft:husk":2342,"minecraft:warden":218,"minecraft:creeper":45,"minecraft:enderman":12,"minecraft:hoglin":45,"minecraft:sheep":2,"minecraft:magma_cube":183,"minecraft:ghast":3},"minecraft:picked_up":{"minecraft:tropical_fish":1,"minecraft:light_blue_dye":3,"minecraft:music_disc_wait":1,"minecraft:stone_button":1,"minecraft:shears":1,"minecraft:saddle":10,"minecraft:bee_nest":1,"minecraft:flint":22,"minecraft:suspicious_stew":3,"minecraft:redstone":239,"minecraft:bone":15,"minecraft:music_disc_creator_music_box":1,"minecraft:bamboo_door":2,"minecraft:lantern":6,"minecraft:sculk_catalyst":54,"minecraft:slime_ball":2,"minecraft:diamond":2,"minecraft:echo_shard":2032,"minecraft:goat_horn":1,"minecraft:blaze_rod":1,"minecraft:chainmail_chestplate":1,"minecraft:deepslate_iron_ore":8,"minecraft:sugar":39,"minecraft:bow":1,"minecraft:arrow":17,"minecraft:magma_cream":8,"minecraft:iron_ingot":2,"minecraft:bowl":2,"minecraft:crossbow":1,"minecraft:mace":3,"minecraft:music_disc_chirp":1,"minecraft:polished_blackstone":1,"minecraft:golden_carrot":8,"minecraft:spruce_planks":10,"minecraft:light_blue_shulker_box":8,"minecraft:blue_egg":1,"minecraft:pale_oak_door":1,"minecraft:black_carpet":1,"minecraft:azure_bluet":1,"minecraft:torch":4,"minecraft:bread":18,"minecraft:spruce_log":3,"minecraft:coal":13,"minecraft:music_disc_otherside":1,"minecraft:birch_planks":5,"minecraft:sand":281,"minecraft:wheat_seeds":2,"minecraft:music_disc_relic":1,"minecraft:leather_leggings":1,"minecraft:music_disc_13":1,"minecraft:egg":1,"minecraft:milk_bucket":10,"minecraft:poppy":2,"minecraft:cooked_beef":1,"minecraft:feather":7,"minecraft:mangrove_propagule":4,"minecraft:potion":34,"minecraft:bricks":256,"minecraft:snowball":1,"minecraft:chainmail_boots":1,"minecraft:ender_pearl":5,"minecraft:music_disc_pigstep":1,"minecraft:string":14,"minecraft:copper_ingot":2,"minecraft:writable_book":3,"minecraft:music_disc_mellohi":1,"minecraft:amethyst_shard":3,"minecraft:filled_map":40,"minecraft:dark_oak_door":1,"minecraft:carrot":5,"minecraft:mangrove_roots":206,"minecraft:beetroot_soup":1,"minecraft:mangrove_log":13,"minecraft:breeze_rod":3,"minecraft:black_concrete":28,"minecraft:fishing_rod":1,"minecraft:bucket":8,"minecraft:leather":38,"minecraft:lead":3,"minecraft:brown_mushroom":6,"minecraft:moss_carpet":24,"minecraft:gold_ingot":12,"minecraft:music_disc_blocks":1,"minecraft:baked_potato":7,"minecraft:chorus_fruit":10,"minecraft:music_disc_tears":1,"minecraft:scaffolding":73,"minecraft:prismarine_crystals":1,"minecraft:carved_pumpkin":1,"minecraft:porkchop":44,"minecraft:music_disc_precipice":1,"minecraft:stick":257,"minecraft:polished_tuff":76,"minecraft:white_concrete":128,"minecraft:chicken":2,"minecraft:item_frame":11,"minecraft:cobbled_deepslate":9,"minecraft:diamond_chestplate":1,"minecraft:shulker_box":2,"minecraft:glowstone_dust":42,"minecraft:music_disc_lava_chicken":2,"minecraft:music_disc_5":1,"minecraft:nether_brick":2,"minecraft:wheat":3,"minecraft:map":10,"minecraft:gunpowder":54,"minecraft:chest":2,"minecraft:netherite_sword":4,"minecraft:sculk":1,"minecraft:tide_armor_trim_smithing_template":1,"minecraft:stone":2,"minecraft:gravel":2,"minecraft:jungle_planks":4,"minecraft:tuff":2,"minecraft:polished_deepslate":3,"minecraft:leaf_litter":3,"minecraft:potato":1,"minecraft:music_disc_creator":1,"minecraft:spider_eye":43,"minecraft:yellow_dye":1,"minecraft:trial_key":5,"minecraft:green_carpet":1,"minecraft:diorite":1,"minecraft:black_banner":3,"minecraft:stone_brick_stairs":15,"minecraft:beef":4,"minecraft:rotten_flesh":646,"minecraft:written_book":12,"minecraft:wind_charge":1,"minecraft:music_disc_cat":1,"minecraft:glass_bottle":59,"minecraft:gray_banner":2,"minecraft:fern":4,"minecraft:paper":3},"minecraft:mined":{"minecraft:bricks":49,"minecraft:polished_tuff":12,"minecraft:scaffolding":8,"minecraft:stone_brick_stairs":6,"minecraft:light_blue_shulker_box":4,"minecraft:chest":1,"minecraft:birch_planks":4,"minecraft:black_concrete":25},"minecraft:dropped":{"minecraft:nether_brick":2,"minecraft:mangrove_roots":206,"minecraft:tropical_fish":1,"minecraft:dark_oak_door":1,"minecraft:gravel":3,"minecraft:bone":25,"minecraft:poppy":1,"minecraft:glowstone":18,"minecraft:bowl":2,"minecraft:breeze_rod":2,"minecraft:blackstone":1,"minecraft:mangrove_log":13,"minecraft:mangrove_propagule":4,"minecraft:azure_bluet":1,"minecraft:filled_map":20,"minecraft:mace":2,"minecraft:warped_sign":2,"minecraft:redstone":1,"minecraft:golden_carrot":92,"minecraft:tuff":2,"minecraft:milk_bucket":83,"minecraft:acacia_planks":1,"minecraft:scaffolding":337,"minecraft:arrow":3,"minecraft:carrot":4,"minecraft:carved_pumpkin":2,"minecraft:spruce_log":4,"minecraft:gunpowder":9,"minecraft:gold_ingot":31,"minecraft:copper_grate":9,"minecraft:spruce_leaves":1,"minecraft:chorus_fruit":7,"minecraft:polished_blackstone":1,"minecraft:baked_potato":7,"minecraft:diorite":1,"minecraft:rotten_flesh":463,"minecraft:barrier":1,"minecraft:torch":4,"minecraft:bow":1,"minecraft:lantern":5,"minecraft:bucket":1,"minecraft:bamboo_door":2,"minecraft:sand":150,"minecraft:chest":2,"minecraft:shears":1,"minecraft:ender_chest":1,"minecraft:sculk":10,"minecraft:emerald":64,"minecraft:blue_egg":1,"minecraft:potato":1,"minecraft:glass_bottle":17,"minecraft:bedrock":2,"minecraft:brown_mushroom":6,"minecraft:cooked_beef":3,"minecraft:written_book":19,"minecraft:item_frame":46,"minecraft:cookie":2,"minecraft:slime_ball":2,"minecraft:vine":1,"minecraft:jungle_planks":4,"minecraft:polished_deepslate":3,"minecraft:spyglass":2,"minecraft:yellow_dye":1,"minecraft:blaze_rod":2,"minecraft:oak_planks":1,"minecraft:porkchop":2,"minecraft:wheat":51,"minecraft:lead":4,"minecraft:cobbled_deepslate":9,"minecraft:light_blue_dye":3,"minecraft:egg":1,"minecraft:wheat_seeds":2,"minecraft:iron_ingot":6,"minecraft:flint_and_steel":2,"minecraft:goat_horn":2,"minecraft:paper":1,"minecraft:sculk_catalyst":1,"minecraft:deepslate_iron_ore":8,"minecraft:black_banner":1,"minecraft:polished_basalt":1,"minecraft:chainmail_chestplate":1,"minecraft:polished_tuff":64,"minecraft:copper_ingot":2,"minecraft:allay_spawn_egg":8,"minecraft:diamond_pickaxe":3,"minecraft:dandelion":2,"minecraft:string":13,"minecraft:stick":143,"minecraft:bread":288,"minecraft:spider_eye":6,"minecraft:cobblestone":1,"minecraft:spruce_planks":10,"minecraft:nether_wart_block":15,"minecraft:bricks":387,"minecraft:wind_charge":2,"minecraft:diamond_axe":1,"minecraft:potion":223,"minecraft:diamond_helmet":2,"minecraft:diamond_boots":2,"minecraft:diamond_chestplate":3,"minecraft:diamond_leggings":1,"minecraft:chainmail_boots":1,"minecraft:moss_carpet":24,"minecraft:white_concrete":128,"minecraft:saddle":3,"minecraft:diamond":76,"minecraft:feather":5,"minecraft:suspicious_stew":3,"minecraft:water_bucket":1,"minecraft:map":143,"minecraft:netherite_sword":1,"minecraft:trial_key":2,"minecraft:light_gray_shulker_box":1,"minecraft:leaf_litter":2,"minecraft:chicken":3,"minecraft:beef":2,"minecraft:shulker_box":2,"minecraft:sculk_vein":2,"minecraft:flint":4,"minecraft:fishing_rod":2,"minecraft:writable_book":3,"minecraft:fern":5,"minecraft:magma_cream":4,"minecraft:echo_shard":2035},"minecraft:used":{"minecraft:polished_tuff":578,"minecraft:kelp":44,"minecraft:shulker_box":2,"minecraft:mangrove_boat":3,"minecraft:campfire":1,"minecraft:dead_fire_coral":2,"minecraft:bee_spawn_egg":11,"minecraft:crimson_stem":1,"minecraft:skeleton_spawn_egg":2,"minecraft:decorated_pot":3,"minecraft:deepslate_tile_slab":30,"minecraft:creaking_spawn_egg":2,"minecraft:barrier":18,"minecraft:white_carpet":4,"minecraft:seagrass":27,"minecraft:poppy":4,"minecraft:snowball":52,"minecraft:pale_oak_stairs":18,"minecraft:bow":5,"minecraft:loom":1,"minecraft:dead_bubble_coral":3,"minecraft:green_carpet":13,"minecraft:hanging_roots":60,"minecraft:pink_petals":10,"minecraft:deepslate_brick_slab":575,"minecraft:red_stained_glass":32,"minecraft:pale_oak_trapdoor":11,"minecraft:warped_fence":6,"minecraft:dark_oak_leaves":473,"minecraft:spawner":1,"minecraft:anvil":24,"minecraft:goat_horn":4,"minecraft:zombie_villager_spawn_egg":3,"minecraft:acacia_fence":5,"minecraft:written_book":37,"minecraft:sand":41,"minecraft:wind_charge":6,"minecraft:gray_banner":36,"minecraft:flower_pot":5,"minecraft:black_stained_glass":30,"minecraft:iron_door":1,"minecraft:bedrock":274,"minecraft:oak_fence":49,"minecraft:grass_block":5,"minecraft:wildflowers":22,"minecraft:polished_blackstone_stairs":1,"minecraft:copper_grate":15,"minecraft:pale_oak_sapling":1,"minecraft:dark_oak_log":301,"minecraft:firework_rocket":4321,"minecraft:golden_carrot":1,"minecraft:sculk_shrieker":11,"minecraft:piglin_brute_spawn_egg":1,"minecraft:stone_brick_slab":811,"minecraft:husk_spawn_egg":2274,"minecraft:red_stained_glass_pane":86,"minecraft:stone_bricks":3252,"minecraft:packed_ice":5,"minecraft:pale_oak_boat":1,"minecraft:parrot_spawn_egg":1,"minecraft:tuff_brick_slab":2,"minecraft:bee_nest":2,"minecraft:pale_oak_planks":22,"minecraft:cobblestone":3,"minecraft:stone":242,"minecraft:acacia_stairs":25,"minecraft:chain":105,"minecraft:spruce_trapdoor":1,"minecraft:sculk":56,"minecraft:red_mushroom":20,"minecraft:potion":25,"minecraft:bush":17,"minecraft:mossy_stone_brick_stairs":49,"minecraft:baked_potato":15,"minecraft:chorus_fruit":1,"minecraft:scaffolding":209,"minecraft:moss_carpet":137,"minecraft:pale_hanging_moss":176,"minecraft:gray_glazed_terracotta":50,"minecraft:spruce_log":4,"minecraft:black_concrete":55,"minecraft:water_bucket":24,"minecraft:goat_spawn_egg":1,"minecraft:black_stained_glass_pane":15,"minecraft:torch":6,"minecraft:bread":422,"minecraft:chiseled_stone_bricks":1131,"minecraft:black_bed":1,"minecraft:dead_fire_coral_fan":12,"minecraft:chicken_spawn_egg":1,"minecraft:polished_blackstone_brick_wall":864,"minecraft:gravel":2,"minecraft:cake":169,"minecraft:light_blue_terracotta":1,"minecraft:tube_coral_fan":1,"minecraft:lily_of_the_valley":2,"minecraft:deepslate_tile_stairs":266,"minecraft:sculk_sensor":8,"minecraft:chest":30,"minecraft:dead_horn_coral_fan":3,"minecraft:cauldron":10,"minecraft:hoglin_spawn_egg":39,"minecraft:stone_brick_wall":994,"minecraft:leaf_litter":336,"minecraft:cracked_deepslate_tiles":13,"minecraft:spruce_pressure_plate":1,"minecraft:black_banner":14,"minecraft:sculk_vein":199,"minecraft:black_carpet":12,"minecraft:dark_oak_stairs":25,"minecraft:cat_spawn_egg":26,"minecraft:lantern":199,"minecraft:short_grass":12,"minecraft:light_blue_candle":9,"minecraft:bricks":165,"minecraft:pale_oak_sign":2,"minecraft:blue_orchid":2,"minecraft:firefly_bush":23,"minecraft:cracked_stone_bricks":272,"minecraft:pale_oak_leaves":570,"minecraft:pale_oak_door":26,"minecraft:rabbit_spawn_egg":1,"minecraft:blackstone":40,"minecraft:jukebox":2,"minecraft:dandelion":2,"minecraft:chiseled_polished_blackstone":243,"minecraft:waxed_weathered_copper_door":17,"minecraft:acacia_planks":22,"minecraft:netherrack":7,"minecraft:vine":678,"minecraft:lingering_potion":26,"minecraft:birch_planks":383,"minecraft:sculk_catalyst":319,"minecraft:cod_spawn_egg":4,"minecraft:writable_book":26,"minecraft:bone_meal":50,"minecraft:item_frame":147,"minecraft:guardian_spawn_egg":1,"minecraft:dark_oak_planks":94,"minecraft:blue_egg":12,"minecraft:dirt":124,"minecraft:fishing_rod":37,"minecraft:obsidian":1,"minecraft:dark_oak_sign":1,"minecraft:glow_lichen":86,"minecraft:spruce_leaves":22,"minecraft:dead_brain_coral":3,"minecraft:spruce_planks":22,"minecraft:beetroot_soup":14,"minecraft:witch_spawn_egg":379,"minecraft:tropical_fish":12,"minecraft:tall_grass":11,"minecraft:iron_bars":297,"minecraft:pale_oak_fence":7,"minecraft:dead_horn_coral":2,"minecraft:polished_basalt":1952,"minecraft:nether_brick_fence":16,"minecraft:lectern":2,"minecraft:stone_brick_stairs":306,"minecraft:mossy_stone_brick_wall":320,"minecraft:spyglass":228,"minecraft:splash_potion":882,"minecraft:deepslate_tiles":192,"minecraft:chiseled_bookshelf":5,"minecraft:polished_blackstone_brick_stairs":1352,"minecraft:red_candle":25,"minecraft:oak_planks":58,"minecraft:warped_sign":11,"minecraft:ice":15,"minecraft:spruce_fence":5,"minecraft:polished_deepslate_wall":2,"minecraft:netherite_sword":1113,"minecraft:spruce_stairs":18,"minecraft:mangrove_sign":6,"minecraft:light_blue_shulker_box":23,"minecraft:creeper_spawn_egg":1,"minecraft:milk_bucket":21,"minecraft:dead_tube_coral":2,"minecraft:diamond_pickaxe":96,"minecraft:mangrove_trapdoor":134,"minecraft:bookshelf":6,"minecraft:nether_brick":10,"minecraft:command_block":1,"minecraft:polished_tuff_wall":2,"minecraft:dark_oak_fence":6,"minecraft:mossy_stone_bricks":257,"minecraft:azalea":1,"minecraft:brewing_stand":1,"minecraft:lava_bucket":68,"minecraft:warden_spawn_egg":221,"minecraft:polished_deepslate_stairs":2,"minecraft:brown_mushroom":15,"minecraft:large_fern":11,"minecraft:mace":2734,"minecraft:mangrove_door":14,"minecraft:oak_fence_gate":1,"minecraft:polished_blackstone_wall":1,"minecraft:trident":3,"minecraft:black_glazed_terracotta":57,"minecraft:mossy_stone_brick_slab":383,"minecraft:pig_spawn_egg":6,"minecraft:trapped_chest":3,"minecraft:bell":2,"minecraft:pale_oak_log":166,"minecraft:barrel":11,"minecraft:fern":10,"minecraft:elder_guardian_spawn_egg":5,"minecraft:blue_ice":1,"minecraft:polished_blackstone_bricks":2275,"minecraft:cobblestone_slab":1,"minecraft:stone_button":1,"minecraft:spruce_button":2,"minecraft:debug_stick":37,"minecraft:zoglin_spawn_egg":4,"minecraft:enderman_spawn_egg":1,"minecraft:deepslate_brick_stairs":7,"minecraft:oak_stairs":20,"minecraft:cherry_log":1,"minecraft:cooked_beef":16,"minecraft:ender_chest":4,"minecraft:flint_and_steel":22,"minecraft:cracked_polished_blackstone_bricks":85,"minecraft:mangrove_propagule":1,"minecraft:cornflower":1,"minecraft:carved_pumpkin":1,"minecraft:egg":1,"minecraft:azure_bluet":3,"minecraft:ravager_spawn_egg":30}},"DataVersion":4440}