{"stats":{"minecraft:used":{"minecraft:stone_axe":7},"minecraft:killed_by":{"minecraft:endermite":1},"minecraft:custom":{"minecraft:time_since_rest":409,"minecraft:walk_one_cm":6719,"minecraft:leave_game":1,"minecraft:damage_taken":3130,"minecraft:play_time":803,"minecraft:damage_dealt":0,"minecraft:jump":80,"minecraft:time_since_death":401,"minecraft:sprint_one_cm":7941,"minecraft:total_world_time":803,"minecraft:fly_one_cm":18809,"minecraft:sneak_time":2,"minecraft:deaths":1,"minecraft:damage_dealt_resisted":157}},"DataVersion":4440}