{"stats":{"minecraft:killed":{"minecraft:zombie":6,"minecraft:skeleton":1,"minecraft:creeper":1,"minecraft:rabbit":4,"minecraft:chicken":2,"minecraft:sheep":33,"minecraft:pig":22,"minecraft:cow":9,"minecraft:spider":1},"minecraft:used":{"minecraft:stone_axe":235,"minecraft:stone_brick_wall":91,"minecraft:birch_sapling":1,"minecraft:iron_pickaxe":362,"minecraft:wheat_seeds":2,"minecraft:wooden_axe":59,"minecraft:cooked_mutton":5,"minecraft:oak_sign":4,"minecraft:stone_bricks":340,"minecraft:light_gray_wool":1,"minecraft:cooked_porkchop":12,"minecraft:granite":5,"minecraft:iron_shovel":501,"minecraft:stone_sword":214,"minecraft:sweet_berries":57,"minecraft:cobblestone_wall":111,"minecraft:diorite":25,"minecraft:wooden_pickaxe":197,"minecraft:brown_mushroom":2,"minecraft:cobblestone":106,"minecraft:stone":2,"minecraft:stonecutter":1,"minecraft:diorite_wall":25,"minecraft:crafting_table":5,"minecraft:spruce_sign":4,"minecraft:spruce_trapdoor":1,"minecraft:white_bed":2,"minecraft:stone_pickaxe":1157,"minecraft:netherrack":6,"minecraft:spruce_boat":7,"minecraft:spruce_log":18,"minecraft:stone_shovel":528,"minecraft:birch_planks":4,"minecraft:pumpkin":13,"minecraft:rotten_flesh":2,"minecraft:water_bucket":2,"minecraft:furnace":10,"minecraft:torch":101,"minecraft:dirt":923,"minecraft:wooden_hoe":3,"minecraft:cobblestone_stairs":9,"minecraft:spruce_planks":38,"minecraft:cooked_rabbit":4,"minecraft:spruce_button":1,"minecraft:gravel":9,"minecraft:cooked_chicken":1,"minecraft:bucket":2,"minecraft:chest":11,"minecraft:beef":2,"minecraft:porkchop":6,"minecraft:spruce_sapling":71},"minecraft:mined":{"minecraft:torch":5,"minecraft:spruce_log":210,"minecraft:oak_sign":1,"minecraft:pumpkin":17,"minecraft:netherrack":6,"minecraft:spruce_sapling":1,"minecraft:diorite_wall":25,"minecraft:gravel":23,"minecraft:short_grass":11,"minecraft:brown_mushroom":7,"minecraft:dirt_path":2,"minecraft:spruce_planks":66,"minecraft:crafting_table":2,"minecraft:birch_log":2,"minecraft:leaf_litter":4,"minecraft:sweet_berry_bush":20,"minecraft:stripped_oak_log":1,"minecraft:large_fern":6,"minecraft:copper_ore":73,"minecraft:stone_brick_wall":5,"minecraft:firefly_bush":1,"minecraft:stripped_spruce_log":10,"minecraft:birch_leaves":5,"minecraft:andesite":70,"minecraft:deepslate_gold_ore":2,"minecraft:ice":34,"minecraft:wall_torch":6,"minecraft:fern":9,"minecraft:deepslate_lapis_ore":6,"minecraft:deepslate_iron_ore":10,"minecraft:birch_planks":2,"minecraft:iron_ore":45,"minecraft:stone":987,"minecraft:stone_bricks":9,"minecraft:granite":49,"minecraft:cobblestone_stairs":1,"minecraft:dandelion":1,"minecraft:coal_ore":65,"minecraft:diorite":93,"minecraft:oak_planks":3,"minecraft:cobblestone":96,"minecraft:white_bed":1,"minecraft:bee_nest":1,"minecraft:oak_leaves":49,"minecraft:furnace":1,"minecraft:powder_snow":48,"minecraft:tall_grass":8,"minecraft:dirt":875,"minecraft:cobblestone_wall":72,"minecraft:grass_block":773,"minecraft:spruce_leaves":64,"minecraft:carved_pumpkin":1,"minecraft:white_wool":17,"minecraft:deepslate":7,"minecraft:snow":17,"minecraft:oak_log":2},"minecraft:crafted":{"minecraft:stone_sword":2,"minecraft:wooden_axe":1,"minecraft:stone_shovel":4,"minecraft:cooked_chicken":1,"minecraft:birch_planks":8,"minecraft:stone_pickaxe":22,"minecraft:cooked_mutton":5,"minecraft:stick":92,"minecraft:charcoal":125,"minecraft:wooden_pickaxe":4,"minecraft:stonecutter":1,"minecraft:cooked_porkchop":12,"minecraft:spruce_sign":3,"minecraft:chest":11,"minecraft:air":0,"minecraft:bucket":1,"minecraft:furnace":9,"minecraft:spruce_trapdoor":2,"minecraft:iron_ingot":25,"minecraft:spruce_boat":1,"minecraft:cooked_rabbit":4,"minecraft:copper_ingot":29,"minecraft:oak_sign":3,"minecraft:stone":432,"minecraft:crafting_table":3,"minecraft:torch":84,"minecraft:white_bed":14,"minecraft:wooden_hoe":1,"minecraft:stone_axe":4,"minecraft:oak_planks":8,"minecraft:spruce_planks":208,"minecraft:iron_pickaxe":2,"minecraft:iron_shovel":2,"minecraft:cobblestone_stairs":8,"minecraft:spruce_button":1},"minecraft:broken":{"minecraft:stone_shovel":4,"minecraft:wooden_axe":1,"minecraft:iron_shovel":2,"minecraft:stone_axe":1,"minecraft:iron_pickaxe":1,"minecraft:stone_sword":1,"minecraft:stone_pickaxe":8,"minecraft:wooden_pickaxe":3},"minecraft:picked_up":{"minecraft:cobblestone_wall":69,"minecraft:sweet_berries":54,"minecraft:spruce_sapling":71,"minecraft:rabbit":4,"minecraft:cobblestone":1073,"minecraft:flint":3,"minecraft:white_bed":1,"minecraft:diorite_wall":22,"minecraft:stripped_oak_log":1,"minecraft:leather":9,"minecraft:bone":1,"minecraft:brown_mushroom":17,"minecraft:firefly_bush":1,"minecraft:stripped_spruce_log":10,"minecraft:granite":47,"minecraft:carved_pumpkin":1,"minecraft:porkchop":38,"minecraft:stick":48,"minecraft:black_wool":2,"minecraft:chicken":2,"minecraft:spruce_boat":6,"minecraft:arrow":2,"minecraft:stone_brick_wall":4,"minecraft:raw_iron":53,"minecraft:cobbled_deepslate":3,"minecraft:raw_gold":2,"minecraft:dandelion":1,"minecraft:mutton":46,"minecraft:gunpowder":1,"minecraft:spruce_trapdoor":1,"minecraft:spruce_planks":68,"minecraft:netherrack":12,"minecraft:dirt":1625,"minecraft:brown_wool":2,"minecraft:gravel":19,"minecraft:light_gray_wool":2,"minecraft:torch":18,"minecraft:cobblestone_stairs":1,"minecraft:spruce_log":206,"minecraft:leaf_litter":31,"minecraft:coal":80,"minecraft:oak_log":2,"minecraft:birch_planks":4,"minecraft:birch_log":2,"minecraft:furnace":1,"minecraft:wheat_seeds":2,"minecraft:lapis_lazuli":43,"minecraft:pumpkin":17,"minecraft:diorite":93,"minecraft:birch_sapling":2,"minecraft:feather":1,"minecraft:white_wool":44,"minecraft:oak_planks":3,"minecraft:crafting_table":2,"minecraft:snowball":17,"minecraft:raw_copper":262,"minecraft:oak_sapling":3,"minecraft:andesite":69,"minecraft:rotten_flesh":4,"minecraft:beef":16,"minecraft:oak_sign":2,"minecraft:string":2,"minecraft:stone_bricks":9},"minecraft:dropped":{"minecraft:light_gray_wool":1,"minecraft:spruce_planks":2,"minecraft:brown_mushroom":4,"minecraft:spruce_trapdoor":1,"minecraft:birch_planks":2,"minecraft:brown_wool":1,"minecraft:dirt":15},"minecraft:custom":{"minecraft:time_since_rest":21879,"minecraft:leave_game":3,"minecraft:damage_taken":1301,"minecraft:mob_kills":79,"minecraft:boat_one_cm":290895,"minecraft:time_since_death":21871,"minecraft:interact_with_furnace":232,"minecraft:sleep_in_bed":1,"minecraft:swim_one_cm":58283,"minecraft:total_world_time":152657,"minecraft:crouch_one_cm":14940,"minecraft:deaths":3,"minecraft:interact_with_stonecutter":21,"minecraft:interact_with_crafting_table":48,"minecraft:walk_one_cm":1258129,"minecraft:walk_under_water_one_cm":14755,"minecraft:damage_dealt":7727,"minecraft:play_time":152657,"minecraft:jump":4732,"minecraft:drop":7,"minecraft:sprint_one_cm":659803,"minecraft:open_chest":175,"minecraft:fall_one_cm":109774,"minecraft:fly_one_cm":1151637,"minecraft:walk_on_water_one_cm":10391,"minecraft:sneak_time":1201}},"DataVersion":4440}