{"stats":{"minecraft:dropped":{"minecraft:bread":5,"minecraft:white_banner":1,"minecraft:crossbow":2},"minecraft:custom":{"minecraft:time_since_rest":79005,"minecraft:leave_game":4,"minecraft:damage_taken":911,"minecraft:mob_kills":24,"minecraft:time_since_death":78989,"minecraft:interact_with_furnace":88,"minecraft:total_world_time":79338,"minecraft:swim_one_cm":80548,"minecraft:crouch_one_cm":12879,"minecraft:deaths":1,"minecraft:climb_one_cm":13260,"minecraft:interact_with_crafting_table":37,"minecraft:walk_one_cm":890543,"minecraft:walk_under_water_one_cm":38766,"minecraft:interact_with_lectern":3,"minecraft:play_time":79338,"minecraft:damage_dealt":5603,"minecraft:jump":2714,"minecraft:drop":8,"minecraft:open_barrel":4,"minecraft:sprint_one_cm":289279,"minecraft:open_chest":71,"minecraft:inspect_hopper":1,"minecraft:fall_one_cm":67859,"minecraft:fly_one_cm":703094,"minecraft:walk_on_water_one_cm":18928,"minecraft:sneak_time":2276},"minecraft:picked_up":{"minecraft:cobblestone_wall":1,"minecraft:dirt":10,"minecraft:blue_egg":1,"minecraft:rabbit":2,"minecraft:cobblestone":55,"minecraft:rabbit_hide":1,"minecraft:redstone":61,"minecraft:torch":1,"minecraft:bone":3,"minecraft:cactus_flower":6,"minecraft:coal":18,"minecraft:glow_berries":2,"minecraft:oak_log":121,"minecraft:clay_ball":13,"minecraft:potato":5,"minecraft:sand":408,"minecraft:furnace":2,"minecraft:diamond":3,"minecraft:wheat_seeds":506,"minecraft:granite":2,"minecraft:white_banner":1,"minecraft:lapis_lazuli":30,"minecraft:jungle_log":14,"minecraft:jungle_door":9,"minecraft:ominous_bottle":1,"minecraft:stick":45,"minecraft:potion":1,"minecraft:moss_block":6,"minecraft:crafting_table":1,"minecraft:arrow":3,"minecraft:oak_sapling":55,"minecraft:rotten_flesh":3,"minecraft:cactus":17,"minecraft:raw_iron":27,"minecraft:cobbled_deepslate":41,"minecraft:oak_sign":1,"minecraft:crossbow":2,"minecraft:apple":6,"minecraft:string":2,"minecraft:raw_gold":6,"minecraft:jungle_sapling":1,"minecraft:oak_slab":1,"minecraft:calcite":3,"minecraft:amethyst_block":2,"minecraft:smooth_sandstone":4,"minecraft:wheat":182,"minecraft:sandstone":181},"minecraft:crafted":{"minecraft:sandstone":110,"minecraft:stone_shovel":2,"minecraft:stone_pickaxe":2,"minecraft:stick":8,"minecraft:charcoal":16,"minecraft:oak_fence":21,"minecraft:oak_slab":42,"minecraft:chest":2,"minecraft:cobblestone_wall":12,"minecraft:air":0,"minecraft:jungle_trapdoor":14,"minecraft:bone_meal":3,"minecraft:furnace":4,"minecraft:jungle_planks":56,"minecraft:iron_ingot":17,"minecraft:bread":61,"minecraft:oak_sign":3,"minecraft:jungle_door":3,"minecraft:crafting_table":1,"minecraft:torch":16,"minecraft:clay":3,"minecraft:smooth_sandstone":96,"minecraft:stone_axe":1,"minecraft:oak_planks":84,"minecraft:iron_pickaxe":1},"minecraft:killed":{"minecraft:pillager":18,"minecraft:skeleton":2,"minecraft:husk":1,"minecraft:rabbit":1,"minecraft:spider":1},"minecraft:used":{"minecraft:stone_axe":200,"minecraft:oak_fence":18,"minecraft:iron_pickaxe":72,"minecraft:jungle_door":11,"minecraft:potato":1,"minecraft:wheat_seeds":189,"minecraft:stone_hoe":4,"minecraft:stone_shovel":393,"minecraft:jungle_trapdoor":14,"minecraft:cactus_flower":1,"minecraft:bone_meal":3,"minecraft:oak_sign":1,"minecraft:furnace":6,"minecraft:bread":31,"minecraft:granite":1,"minecraft:torch":17,"minecraft:dirt":10,"minecraft:sand":16,"minecraft:stone_sword":108,"minecraft:cobblestone_wall":11,"minecraft:oak_slab":35,"minecraft:oak_log":36,"minecraft:cobblestone":20,"minecraft:smooth_sandstone":97,"minecraft:crafting_table":2,"minecraft:chest":2,"minecraft:potion":1,"minecraft:oak_sapling":15,"minecraft:stone_pickaxe":323,"minecraft:sandstone":137},"minecraft:broken":{"minecraft:stone_shovel":3,"minecraft:stone_axe":1,"minecraft:stone_pickaxe":2},"minecraft:mined":{"minecraft:granite":2,"minecraft:vine":12,"minecraft:podzol":3,"minecraft:oak_sign":1,"minecraft:smooth_sandstone":4,"minecraft:coal_ore":23,"minecraft:wheat":186,"minecraft:oak_slab":1,"minecraft:cobblestone":4,"minecraft:amethyst_block":3,"minecraft:oak_leaves":79,"minecraft:furnace":2,"minecraft:crafting_table":1,"minecraft:clay":3,"minecraft:deepslate_redstone_ore":13,"minecraft:jungle_log":14,"minecraft:glow_lichen":1,"minecraft:sandstone":181,"minecraft:cactus_flower":1,"minecraft:dirt":7,"minecraft:cobblestone_wall":1,"minecraft:jungle_door":8,"minecraft:andesite":1,"minecraft:moss_block":6,"minecraft:deepslate_gold_ore":6,"minecraft:deepslate":41,"minecraft:sand":554,"minecraft:calcite":3,"minecraft:deepslate_diamond_ore":3,"minecraft:potatoes":1,"minecraft:cactus":7,"minecraft:oak_log":121,"minecraft:oak_sapling":1,"minecraft:dead_bush":7,"minecraft:jungle_leaves":7,"minecraft:iron_ore":27,"minecraft:stone":70,"minecraft:lapis_ore":4}},"DataVersion":4440}