{"stats":{"minecraft:dropped":{"minecraft:cooked_chicken":1,"minecraft:chiseled_tuff":1,"minecraft:bow":1,"minecraft:trial_key":8,"minecraft:golden_carrot":1,"minecraft:book":1,"minecraft:dirt":1,"minecraft:sugar_cane":28,"minecraft:spruce_sapling":1,"minecraft:arrow":2,"minecraft:gold_nugget":3,"minecraft:cooked_salmon":1,"minecraft:salmon":2,"minecraft:spruce_log":1,"minecraft:wooden_axe":1,"minecraft:gunpowder":1,"minecraft:goat_horn":2,"minecraft:spruce_sign":1,"minecraft:stone_axe":1,"minecraft:snowball":1,"minecraft:mutton":2,"minecraft:baked_potato":55,"minecraft:diorite":1},"minecraft:custom":{"minecraft:time_since_rest":41034,"minecraft:leave_game":10,"minecraft:damage_taken":22148,"minecraft:mob_kills":67,"minecraft:boat_one_cm":50981,"minecraft:interact_with_beacon":4,"minecraft:time_since_death":40976,"minecraft:open_enderchest":3,"minecraft:interact_with_brewingstand":1,"minecraft:interact_with_furnace":97,"minecraft:inspect_dispenser":7,"minecraft:swim_one_cm":96644,"minecraft:total_world_time":225879,"minecraft:crouch_one_cm":117591,"minecraft:climb_one_cm":9318,"minecraft:deaths":17,"minecraft:interact_with_stonecutter":1,"minecraft:fish_caught":24,"minecraft:player_kills":1,"minecraft:enchant_item":4,"minecraft:damage_blocked_by_shield":4584,"minecraft:interact_with_crafting_table":94,"minecraft:walk_one_cm":1509558,"minecraft:walk_under_water_one_cm":66337,"minecraft:interact_with_lectern":1,"minecraft:damage_dealt":14022,"minecraft:play_time":225879,"minecraft:jump":8950,"minecraft:play_record":2,"minecraft:drop":90,"minecraft:open_barrel":13,"minecraft:sprint_one_cm":1360984,"minecraft:open_chest":371,"minecraft:inspect_hopper":1,"minecraft:interact_with_smoker":20,"minecraft:fall_one_cm":382873,"minecraft:fly_one_cm":1711123,"minecraft:interact_with_anvil":12,"minecraft:walk_on_water_one_cm":64016,"minecraft:sneak_time":17101,"minecraft:interact_with_blast_furnace":23,"minecraft:interact_with_grindstone":2},"minecraft:crafted":{"minecraft:stone_sword":1,"minecraft:cooked_salmon":1,"minecraft:diamond_boots":1,"minecraft:writable_book":1,"minecraft:cooked_chicken":4,"minecraft:gold_ingot":19,"minecraft:cooked_mutton":2,"minecraft:coal_block":21,"minecraft:stick":20,"minecraft:smooth_stone":9,"minecraft:diamond":18,"minecraft:cooked_porkchop":1,"minecraft:diorite_stairs":8,"minecraft:diamond_pickaxe":1,"minecraft:chest":9,"minecraft:diamond_sword":1,"minecraft:air":0,"minecraft:bucket":1,"minecraft:bone_meal":9,"minecraft:furnace":3,"minecraft:spyglass":1,"minecraft:snow_block":18,"minecraft:gold_block":1,"minecraft:iron_ingot":28,"minecraft:copper_ingot":171,"minecraft:diamond_hoe":1,"minecraft:diamond_helmet":1,"minecraft:tuff_stairs":4,"minecraft:oak_sign":3,"minecraft:blast_furnace":1,"minecraft:stone":15,"minecraft:crafting_table":2,"minecraft:diamond_leggings":1,"minecraft:torch":68,"minecraft:baked_potato":70,"minecraft:lapis_lazuli":18,"minecraft:shield":1,"minecraft:stone_axe":2,"minecraft:golden_chestplate":1,"minecraft:cooked_cod":17,"minecraft:spruce_planks":120,"minecraft:coal":45,"minecraft:cobbled_deepslate_stairs":88,"minecraft:stone_stairs":12,"minecraft:fishing_rod":3,"minecraft:smoker":1,"minecraft:cobblestone_stairs":136},"minecraft:killed_by":{"minecraft:player":2,"minecraft:endermite":4,"minecraft:enderman":1},"minecraft:picked_up":{"minecraft:sweet_berries":9,"minecraft:cobblestone":596,"minecraft:sugar_cane":65,"minecraft:redstone":31,"minecraft:bone":48,"minecraft:deepslate_tiles":9,"minecraft:flow_banner_pattern":1,"minecraft:diamond":13,"minecraft:granite":14,"minecraft:goat_horn":2,"minecraft:emerald":18,"minecraft:flow_armor_trim_smithing_template":1,"minecraft:book":1,"minecraft:salmon":6,"minecraft:spruce_boat":6,"minecraft:cobbled_deepslate_stairs":2,"minecraft:bow":3,"minecraft:arrow":40,"minecraft:stone_shovel":1,"minecraft:iron_ingot":13,"minecraft:enchanted_golden_apple":1,"minecraft:raw_gold":23,"minecraft:mutton":6,"minecraft:golden_carrot":13,"minecraft:spruce_planks":13,"minecraft:dirt":118,"minecraft:rail":6,"minecraft:orange_concrete":3,"minecraft:torch":32,"minecraft:cobblestone_stairs":29,"minecraft:bread":7,"minecraft:spruce_log":35,"minecraft:coal":193,"minecraft:stone_stairs":8,"minecraft:oak_fence":1,"minecraft:furnace":4,"minecraft:iron_ore":3,"minecraft:mangrove_boat":4,"minecraft:wheat_seeds":1,"minecraft:egg":3,"minecraft:hopper":1,"minecraft:waxed_copper_block":1,"minecraft:poppy":1,"minecraft:white_wool":5,"minecraft:potion":1,"minecraft:snowball":167,"minecraft:blast_furnace":1,"minecraft:chiseled_tuff_bricks":4,"minecraft:andesite":11,"minecraft:oak_sign":4,"minecraft:string":23,"minecraft:copper_ingot":1,"minecraft:ladder":2,"minecraft:diamond_axe":1,"minecraft:enchanted_book":4,"minecraft:carrot":2,"minecraft:spruce_sapling":23,"minecraft:rabbit":2,"minecraft:iron_block":1,"minecraft:breeze_rod":3,"minecraft:white_bed":1,"minecraft:guster_banner_pattern":1,"minecraft:honey_bottle":3,"minecraft:gold_nugget":3,"minecraft:cod":17,"minecraft:chiseled_tuff":2,"minecraft:gold_ingot":12,"minecraft:baked_potato":20,"minecraft:music_disc_tears":1,"minecraft:bolt_armor_trim_smithing_template":1,"minecraft:porkchop":2,"minecraft:spruce_sign":7,"minecraft:stick":18,"minecraft:chicken":4,"minecraft:cooked_salmon":2,"minecraft:iron_axe":1,"minecraft:cooked_chicken":7,"minecraft:item_frame":2,"minecraft:raw_iron":24,"minecraft:cobbled_deepslate":158,"minecraft:diamond_chestplate":1,"minecraft:lapis_block":4,"minecraft:stone_axe":1,"minecraft:tuff_bricks":24,"minecraft:map":1,"minecraft:gunpowder":10,"minecraft:chest":3,"minecraft:magma_block":1,"minecraft:stone":57,"minecraft:gravel":4,"minecraft:tuff":7,"minecraft:polished_deepslate":3,"minecraft:cooked_cod":1,"minecraft:potato":19,"minecraft:grass_block":1,"minecraft:shield":1,"minecraft:music_disc_creator":2,"minecraft:lapis_lazuli":37,"minecraft:diamond_block":2,"minecraft:coal_block":7,"minecraft:tipped_arrow":51,"minecraft:ominous_bottle":3,"minecraft:trial_key":12,"minecraft:diorite":30,"minecraft:oak_boat":4,"minecraft:pufferfish":3,"minecraft:oak_planks":15,"minecraft:crafting_table":6,"minecraft:ominous_trial_key":8,"minecraft:decorated_pot":2,"minecraft:raw_copper":235,"minecraft:rotten_flesh":17,"minecraft:wind_charge":56,"minecraft:polished_deepslate_stairs":2,"minecraft:iron_nugget":1,"minecraft:paper":2},"minecraft:broken":{"minecraft:stone_shovel":1,"minecraft:fishing_rod":2,"minecraft:stone_axe":2,"minecraft:stone_sword":1,"minecraft:stone_pickaxe":1},"minecraft:mined":{"minecraft:torch":10,"minecraft:redstone_ore":4,"minecraft:spruce_log":25,"minecraft:chest":3,"minecraft:oak_sign":1,"minecraft:spruce_sapling":8,"minecraft:gravel":4,"minecraft:short_grass":7,"minecraft:spruce_planks":13,"minecraft:crafting_table":7,"minecraft:sweet_berry_bush":5,"minecraft:magma_block":1,"minecraft:copper_ore":53,"minecraft:gold_ore":4,"minecraft:chiseled_tuff":1,"minecraft:andesite":19,"minecraft:oak_fence":1,"minecraft:packed_ice":1,"minecraft:blast_furnace":1,"minecraft:deepslate_gold_ore":19,"minecraft:diamond_ore":2,"minecraft:wall_torch":10,"minecraft:deepslate_diamond_ore":8,"minecraft:deepslate_lapis_ore":5,"minecraft:potatoes":8,"minecraft:deepslate_tiles":1,"minecraft:iron_ore":24,"minecraft:stone":789,"minecraft:granite":15,"minecraft:cobblestone_stairs":30,"minecraft:bush":1,"minecraft:spruce_wall_sign":3,"minecraft:coal_ore":187,"minecraft:diorite":44,"minecraft:oak_planks":15,"minecraft:cobblestone":28,"minecraft:sugar_cane":46,"minecraft:white_bed":1,"minecraft:oak_wall_sign":2,"minecraft:polished_deepslate_stairs":2,"minecraft:furnace":4,"minecraft:polished_deepslate":2,"minecraft:cobbled_deepslate_stairs":2,"minecraft:tall_grass":2,"minecraft:snow_block":16,"minecraft:orange_concrete":1,"minecraft:rail":5,"minecraft:dirt":103,"minecraft:hopper":1,"minecraft:grass_block":30,"minecraft:cobweb":25,"minecraft:spruce_leaves":60,"minecraft:white_wool":2,"minecraft:tuff":11,"minecraft:tuff_bricks":3,"minecraft:deepslate":126,"minecraft:snow":3,"minecraft:spruce_sign":2,"minecraft:stone_stairs":8},"minecraft:killed":{"minecraft:zombie":18,"minecraft:stray":26,"minecraft:skeleton":3,"minecraft:rabbit":3,"minecraft:creeper":4,"minecraft:enderman":2,"minecraft:sheep":3,"minecraft:pig":1,"minecraft:drowned":1,"minecraft:breeze":2,"minecraft:bat":1},"minecraft:used":{"minecraft:stone_axe":193,"minecraft:oak_fence":1,"minecraft:diamond_helmet":1,"minecraft:diamond_hoe":6,"minecraft:shield":39,"minecraft:ominous_trial_key":3,"minecraft:tuff_stairs":4,"minecraft:andesite":8,"minecraft:polished_deepslate":1,"minecraft:orange_concrete":3,"minecraft:mangrove_boat":3,"minecraft:potato":14,"minecraft:waxed_copper_block":1,"minecraft:oak_boat":3,"minecraft:wheat_seeds":1,"minecraft:golden_carrot":10,"minecraft:diorite_stairs":8,"minecraft:diamond_pickaxe":1271,"minecraft:cooked_mutton":2,"minecraft:oak_sign":7,"minecraft:salmon":1,"minecraft:ladder":2,"minecraft:cooked_porkchop":1,"minecraft:granite":11,"minecraft:blast_furnace":2,"minecraft:tuff":1,"minecraft:stone_sword":162,"minecraft:chiseled_tuff_bricks":4,"minecraft:sweet_berries":10,"minecraft:polished_deepslate_stairs":2,"minecraft:diorite":8,"minecraft:diamond_leggings":2,"minecraft:cobblestone":272,"minecraft:diamond_chestplate":1,"minecraft:stone":45,"minecraft:stonecutter":1,"minecraft:axolotl_bucket":1,"minecraft:diamond_axe":132,"minecraft:carrot":3,"minecraft:crafting_table":8,"minecraft:spruce_sign":7,"minecraft:poppy":1,"minecraft:snowball":61,"minecraft:tuff_bricks":24,"minecraft:white_bed":2,"minecraft:stone_pickaxe":131,"minecraft:diamond_boots":1,"minecraft:cobbled_deepslate_stairs":74,"minecraft:spruce_hanging_sign":2,"minecraft:baked_potato":62,"minecraft:cobbled_deepslate":25,"minecraft:spruce_boat":3,"minecraft:smoker":1,"minecraft:chiseled_tuff":1,"minecraft:stone_shovel":131,"minecraft:rabbit":1,"minecraft:water_bucket":7,"minecraft:writable_book":2,"minecraft:bone_meal":4,"minecraft:item_frame":1,"minecraft:furnace":5,"minecraft:goat_horn":2,"minecraft:mutton":2,"minecraft:torch":98,"minecraft:bread":7,"minecraft:dirt":112,"minecraft:fishing_rod":123,"minecraft:cooked_salmon":2,"minecraft:cobblestone_stairs":147,"minecraft:spruce_planks":10,"minecraft:gravel":2,"minecraft:stone_stairs":20,"minecraft:cooked_chicken":10,"minecraft:white_wool":3,"minecraft:cooked_cod":17,"minecraft:snow_block":16,"minecraft:bucket":8,"minecraft:spyglass":223,"minecraft:chest":12,"minecraft:deepslate_tiles":2,"minecraft:oak_planks":8,"minecraft:porkchop":1,"minecraft:spruce_sapling":22,"minecraft:egg":3,"minecraft:sugar_cane":12,"minecraft:iron_ore":3,"minecraft:trial_key":8}},"DataVersion":4440}