{"stats":{"minecraft:killed_by":{"minecraft:player":14,"minecraft:silverfish":1,"minecraft:endermite":4,"minecraft:piglin":1},"minecraft:custom":{"minecraft:time_since_rest":3897,"minecraft:leave_game":85,"minecraft:boat_one_cm":351345,"minecraft:time_since_death":348423,"minecraft:interact_with_furnace":25,"minecraft:happy_ghast_one_cm":35968,"minecraft:total_world_time":2479189,"minecraft:crouch_one_cm":185284,"minecraft:climb_one_cm":87583,"minecraft:deaths":27,"minecraft:interact_with_stonecutter":7,"minecraft:fish_caught":95,"minecraft:animals_bred":1,"minecraft:traded_with_villager":692,"minecraft:damage_blocked_by_shield":7268,"minecraft:interact_with_crafting_table":100,"minecraft:walk_one_cm":6480110,"minecraft:walk_under_water_one_cm":41445,"minecraft:horse_one_cm":2058796,"minecraft:damage_dealt":99391,"minecraft:play_time":2479189,"minecraft:jump":76428,"minecraft:play_record":7,"minecraft:sprint_one_cm":7367741,"minecraft:inspect_hopper":3,"minecraft:fly_one_cm":24626901,"minecraft:walk_on_water_one_cm":57106,"minecraft:interact_with_blast_furnace":16,"minecraft:interact_with_grindstone":24,"minecraft:talked_to_villager":268,"minecraft:damage_taken":33313,"minecraft:mob_kills":1414,"minecraft:open_enderchest":239,"minecraft:interact_with_brewingstand":8,"minecraft:interact_with_smithing_table":4,"minecraft:sleep_in_bed":64,"minecraft:inspect_dispenser":19,"minecraft:swim_one_cm":167919,"minecraft:pot_flower":1,"minecraft:player_kills":5,"minecraft:enchant_item":12,"minecraft:interact_with_loom":12,"minecraft:interact_with_campfire":13,"minecraft:play_noteblock":3,"minecraft:interact_with_lectern":4,"minecraft:drop":268,"minecraft:interact_with_cartography_table":5,"minecraft:bell_ring":2,"minecraft:open_barrel":104,"minecraft:open_chest":1979,"minecraft:interact_with_smoker":2,"minecraft:fall_one_cm":1867044,"minecraft:interact_with_anvil":31,"minecraft:sneak_time":48657},"minecraft:broken":{"minecraft:iron_helmet":1,"minecraft:shield":1,"minecraft:stone_axe":1,"minecraft:iron_pickaxe":1,"minecraft:diamond_leggings":1,"minecraft:stone_pickaxe":4,"minecraft:iron_boots":1},"minecraft:crafted":{"minecraft:diamond_boots":2,"minecraft:wooden_sword":1,"minecraft:writable_book":1,"minecraft:gold_ingot":20,"minecraft:book":4,"minecraft:iron_chestplate":1,"minecraft:map":27,"minecraft:stick":18940,"minecraft:compass":29,"minecraft:iron_helmet":1,"minecraft:iron_block":23,"minecraft:diamond_pickaxe":1,"minecraft:chest":5,"minecraft:bookshelf":15,"minecraft:air":0,"minecraft:bow":6,"minecraft:redstone":45,"minecraft:bucket":1,"minecraft:bone_meal":117,"minecraft:snow_block":4,"minecraft:item_frame":1,"minecraft:mushroom_stew":5,"minecraft:deepslate_tile_slab":636,"minecraft:stone_hoe":1,"minecraft:diamond_shovel":1,"minecraft:red_dye":275,"minecraft:spruce_fence":3,"minecraft:wooden_hoe":1,"minecraft:lapis_lazuli":18,"minecraft:bundle":1,"minecraft:oak_planks":2500,"minecraft:red_wool":177,"minecraft:red_bed":1,"minecraft:fishing_rod":2,"minecraft:shears":4,"minecraft:redstone_block":44,"minecraft:pink_dye":48,"minecraft:white_dye":87,"minecraft:birch_planks":272,"minecraft:stone_pickaxe":3,"minecraft:anvil":1,"minecraft:white_wool":96,"minecraft:glowstone":36,"minecraft:spruce_sign":3,"minecraft:cherry_planks":32,"minecraft:diamond_chestplate":1,"minecraft:diamond_sword":4,"minecraft:emerald":635,"minecraft:paper":249,"minecraft:furnace":1,"minecraft:spruce_boat":4,"minecraft:iron_ingot":49,"minecraft:beetroot_soup":4,"minecraft:white_carpet":96,"minecraft:cartography_table":1,"minecraft:lead":76,"minecraft:diamond_helmet":2,"minecraft:bread":4,"minecraft:crafting_table":5,"minecraft:beehive":1,"minecraft:diamond_leggings":2,"minecraft:torch":88,"minecraft:enchanted_book":20,"minecraft:red_carpet":72,"minecraft:bowl":4,"minecraft:shield":4,"minecraft:magenta_dye":52,"minecraft:magenta_wool":22,"minecraft:lectern":1,"minecraft:spruce_planks":6712,"minecraft:iron_pickaxe":1,"minecraft:copper_block":68,"minecraft:golden_apple":3,"minecraft:spruce_fence_gate":2},"minecraft:killed":{"minecraft:slime":2,"minecraft:zombified_piglin":1,"minecraft:stray":8,"minecraft:skeleton":139,"minecraft:witch":3,"minecraft:silverfish":857,"minecraft:spider":51,"minecraft:allay":1,"minecraft:zombie":233,"minecraft:donkey":1,"minecraft:husk":18,"minecraft:bogged":13,"minecraft:cave_spider":1,"minecraft:creeper":23,"minecraft:zombie_villager":5,"minecraft:chicken":14,"minecraft:squid":1,"minecraft:drowned":5,"minecraft:cow":1,"minecraft:breeze":5},"minecraft:picked_up":{"minecraft:tropical_fish":2,"minecraft:light_blue_dye":1,"minecraft:name_tag":2,"minecraft:sweet_berries":94,"minecraft:glow_item_frame":1,"minecraft:cobblestone":420,"minecraft:flint":8,"minecraft:sugar_cane":80,"minecraft:redstone":80,"minecraft:bone":159,"minecraft:flow_banner_pattern":2,"minecraft:glow_berries":1,"minecraft:clay_ball":68,"minecraft:waxed_copper_grate":3,"minecraft:firefly_bush":1,"minecraft:sculk_catalyst":1,"minecraft:stripped_spruce_log":3,"minecraft:slime_ball":2,"minecraft:diamond":24,"minecraft:white_banner":1,"minecraft:echo_shard":1627,"minecraft:granite":33,"minecraft:emerald":83,"minecraft:lily_pad":3,"minecraft:deepslate_iron_ore":8,"minecraft:flow_armor_trim_smithing_template":2,"minecraft:book":42,"minecraft:salmon":31,"minecraft:ink_sac":2,"minecraft:armor_stand":1,"minecraft:spruce_boat":19,"minecraft:bow":25,"minecraft:arrow":257,"minecraft:iron_ingot":15,"minecraft:spruce_slab":2,"minecraft:chest_minecart":3,"minecraft:enchanted_golden_apple":4,"minecraft:golden_leggings":1,"minecraft:emerald_block":3,"minecraft:nautilus_shell":1,"minecraft:golden_carrot":2,"minecraft:iron_chestplate":1,"minecraft:beetroot":183,"minecraft:spruce_planks":1,"minecraft:music_disc_11":3,"minecraft:dirt":611,"minecraft:cooked_rabbit":1,"minecraft:rabbit_hide":1,"minecraft:torch":47,"minecraft:bread":3,"minecraft:spruce_log":704,"minecraft:coal":28,"minecraft:oak_log":310,"minecraft:oak_fence":5,"minecraft:sand":27,"minecraft:wheat_seeds":152,"minecraft:leather_leggings":1,"minecraft:egg":1,"minecraft:milk_bucket":2,"minecraft:diamond_sword":5,"minecraft:hopper":1,"minecraft:waxed_copper_block":10,"minecraft:red_bed":2,"minecraft:birch_sapling":18,"minecraft:poppy":2,"minecraft:cooked_beef":5,"minecraft:feather":10,"minecraft:potion":13,"minecraft:red_mushroom":7,"minecraft:snowball":197,"minecraft:chiseled_tuff_bricks":8,"minecraft:andesite":25,"minecraft:beetroot_seeds":517,"minecraft:deepslate_tile_slab":81,"minecraft:string":74,"minecraft:golden_sword":1,"minecraft:stone_bricks":1,"minecraft:writable_book":3,"minecraft:leather_boots":1,"minecraft:white_carpet":6,"minecraft:sandstone":19,"minecraft:filled_map":9,"minecraft:chain":2,"minecraft:diamond_axe":3,"minecraft:enchanted_book":12,"minecraft:carrot":152,"minecraft:spruce_sapling":138,"minecraft:rabbit":1,"minecraft:iron_block":3,"minecraft:tripwire_hook":2,"minecraft:breeze_rod":11,"minecraft:fishing_rod":4,"minecraft:guster_banner_pattern":1,"minecraft:leather":4,"minecraft:honey_bottle":11,"minecraft:lead":11,"minecraft:brown_mushroom":28,"minecraft:water_bucket":2,"minecraft:stone_pickaxe":2,"minecraft:cod":53,"minecraft:armadillo_scute":1,"minecraft:baked_potato":147,"minecraft:melon_seeds":2,"minecraft:bolt_armor_trim_smithing_template":1,"minecraft:glow_ink_sac":1,"minecraft:golden_apple":3,"minecraft:polished_tuff_slab":2,"minecraft:music_disc_precipice":1,"minecraft:oak_trapdoor":2,"minecraft:stick":182,"minecraft:polished_tuff":4,"minecraft:redstone_torch":5,"minecraft:bamboo":313,"minecraft:black_wool":108,"minecraft:chicken":9,"minecraft:iron_axe":3,"minecraft:deepslate":1,"minecraft:cooked_chicken":15,"minecraft:red_carpet":6,"minecraft:item_frame":5,"minecraft:raw_iron":18,"minecraft:cobbled_deepslate":95,"minecraft:diamond_chestplate":6,"minecraft:honeycomb":3,"minecraft:glowstone_dust":2,"minecraft:music_disc_lava_chicken":1,"minecraft:mossy_cobblestone":103,"minecraft:detector_rail":7,"minecraft:wheat":54,"minecraft:tuff_bricks":43,"minecraft:gunpowder":24,"minecraft:pumpkin_pie":47,"minecraft:lectern":2,"minecraft:spruce_trapdoor":1,"minecraft:sculk":1,"minecraft:red_wool":67,"minecraft:gravel":11,"minecraft:deepslate_tile_stairs":2,"minecraft:tuff":1,"minecraft:leaf_litter":68,"minecraft:potato":215,"minecraft:birch_log":68,"minecraft:shield":4,"minecraft:music_disc_creator":1,"minecraft:music_disc_stal":2,"minecraft:magenta_wool":12,"minecraft:spider_eye":10,"minecraft:tipped_arrow":113,"minecraft:ominous_bottle":5,"minecraft:trial_key":11,"minecraft:diorite":149,"minecraft:oak_boat":1,"minecraft:pufferfish":7,"minecraft:oak_planks":44,"minecraft:crafting_table":10,"minecraft:ominous_trial_key":7,"minecraft:raw_copper":10,"minecraft:oak_sapling":139,"minecraft:rotten_flesh":271,"minecraft:written_book":2,"minecraft:cake":1,"minecraft:wind_charge":70,"minecraft:apple":21,"minecraft:music_disc_cat":2,"minecraft:glass_bottle":3,"minecraft:fern":1,"minecraft:purple_wool":22},"minecraft:mined":{"minecraft:torch":28,"minecraft:red_bed":2,"minecraft:spruce_log":641,"minecraft:chest":1,"minecraft:carrots":40,"minecraft:lectern":2,"minecraft:gravel":15,"minecraft:short_grass":14,"minecraft:waxed_copper_grate":3,"minecraft:red_mushroom":8,"minecraft:brown_mushroom":17,"minecraft:red_carpet":4,"minecraft:dirt_path":1,"minecraft:crafting_table":9,"minecraft:birch_log":68,"minecraft:deepslate_redstone_ore":10,"minecraft:leaf_litter":50,"minecraft:sweet_berry_bush":8,"minecraft:large_fern":4,"minecraft:redstone_wall_torch":3,"minecraft:red_wool":67,"minecraft:copper_ore":3,"minecraft:cave_vines":1,"minecraft:sandstone":20,"minecraft:firefly_bush":1,"minecraft:stripped_spruce_log":3,"minecraft:magenta_wool":12,"minecraft:birch_leaves":1,"minecraft:andesite":42,"minecraft:oak_fence":3,"minecraft:glowstone":1,"minecraft:cave_vines_plant":1,"minecraft:bamboo":44,"minecraft:ice":7,"minecraft:wall_torch":14,"minecraft:fern":40,"minecraft:fire":2,"minecraft:deepslate_iron_ore":10,"minecraft:potatoes":66,"minecraft:waxed_copper_bulb":1,"minecraft:oak_sapling":12,"minecraft:iron_ore":8,"minecraft:stone":581,"minecraft:beetroots":191,"minecraft:stone_bricks":5,"minecraft:white_wall_banner":1,"minecraft:granite":59,"minecraft:podzol":456,"minecraft:chain":2,"minecraft:coal_ore":29,"minecraft:diorite":242,"minecraft:wheat":55,"minecraft:oak_planks":2,"minecraft:cobblestone":61,"minecraft:spruce_trapdoor":1,"minecraft:sugar_cane":79,"minecraft:oak_trapdoor":2,"minecraft:oak_leaves":41,"minecraft:clay":30,"minecraft:sculk_vein":3,"minecraft:bookshelf":14,"minecraft:white_carpet":6,"minecraft:deepslate_copper_ore":2,"minecraft:waxed_oxidized_copper_door":1,"minecraft:waxed_copper_block":12,"minecraft:deepslate_tile_slab":49,"minecraft:polished_tuff_slab":1,"minecraft:lily_pad":2,"minecraft:mossy_cobblestone":103,"minecraft:dirt":107,"minecraft:tripwire":1,"minecraft:hopper":1,"minecraft:grass_block":387,"minecraft:cobweb":25,"minecraft:spruce_leaves":97,"minecraft:chiseled_tuff_bricks":5,"minecraft:cobbled_deepslate":5,"minecraft:tuff":4,"minecraft:polished_tuff":4,"minecraft:tuff_bricks":47,"minecraft:deepslate":85,"minecraft:sand":35,"minecraft:snow":87,"minecraft:deepslate_tile_stairs":2,"minecraft:oak_log":311,"minecraft:redstone_wire":1,"minecraft:dead_bush":1},"minecraft:dropped":{"minecraft:iron_axe":1,"minecraft:oak_planks":2,"minecraft:andesite":10,"minecraft:sweet_berries":14,"minecraft:mossy_cobblestone":3,"minecraft:wheat":1,"minecraft:detector_rail":7,"minecraft:flow_banner_pattern":1,"minecraft:lead":76,"minecraft:gravel":2,"minecraft:bone":17,"minecraft:music_disc_lava_chicken":1,"minecraft:spruce_fence_gate":1,"minecraft:poppy":2,"minecraft:wheat_seeds":14,"minecraft:tuff_bricks":3,"minecraft:enchanted_book":3,"minecraft:sculk_catalyst":1,"minecraft:deepslate_iron_ore":8,"minecraft:stone_pickaxe":2,"minecraft:filled_map":24,"minecraft:polished_tuff_slab":1,"minecraft:tuff":1,"minecraft:milk_bucket":1,"minecraft:string":19,"minecraft:clay_ball":44,"minecraft:stick":2,"minecraft:spruce_sapling":1,"minecraft:arrow":21,"minecraft:redstone_torch":2,"minecraft:gunpowder":4,"minecraft:spider_eye":6,"minecraft:snowball":34,"minecraft:baked_potato":111,"minecraft:golden_apple":3,"minecraft:tipped_arrow":83,"minecraft:rotten_flesh":75,"minecraft:cobblestone":5,"minecraft:spruce_planks":2,"minecraft:wooden_hoe":1,"minecraft:sandstone":7,"minecraft:leather_leggings":1,"minecraft:bow":17,"minecraft:diamond_axe":2,"minecraft:pufferfish":1,"minecraft:potion":4,"minecraft:dirt":1,"minecraft:leather":1,"minecraft:raw_copper":3,"minecraft:diamond_chestplate":1,"minecraft:ominous_bottle":1,"minecraft:sand":25,"minecraft:oak_fence":2,"minecraft:shears":2,"minecraft:sculk":1,"minecraft:golden_sword":1,"minecraft:emerald":70,"minecraft:spruce_boat":2,"minecraft:waxed_copper_block":5,"minecraft:potato":2,"minecraft:glass_bottle":4,"minecraft:bone_meal":4,"minecraft:pumpkin_pie":47,"minecraft:water_bucket":1,"minecraft:chiseled_tuff_bricks":4,"minecraft:cooked_beef":5,"minecraft:leaf_litter":5,"minecraft:flint":8,"minecraft:golden_leggings":1,"minecraft:crafting_table":1,"minecraft:writable_book":1,"minecraft:cod":1,"minecraft:echo_shard":1675,"minecraft:glow_ink_sac":1},"minecraft:used":{"minecraft:polished_tuff":4,"minecraft:leaf_litter":23,"minecraft:diamond_helmet":3,"minecraft:ominous_trial_key":10,"minecraft:white_banner":1,"minecraft:polished_tuff_slab":1,"minecraft:diamond_sword":1680,"minecraft:potato":67,"minecraft:wheat_seeds":62,"minecraft:mushroom_stew":5,"minecraft:granite":15,"minecraft:deepslate_tile_slab":2628,"minecraft:chiseled_tuff_bricks":4,"minecraft:red_carpet":78,"minecraft:firefly_bush":1,"minecraft:oak_log":7,"minecraft:diamond_axe":1691,"minecraft:white_carpet":102,"minecraft:snowball":14,"minecraft:beetroot_seeds":195,"minecraft:stone_pickaxe":526,"minecraft:armor_stand":1,"minecraft:bow":6,"minecraft:chainmail_helmet":1,"minecraft:iron_leggings":1,"minecraft:cobbled_deepslate":30,"minecraft:spruce_boat":19,"minecraft:diamond_shovel":1011,"minecraft:stone_shovel":18,"minecraft:rotten_flesh":55,"minecraft:writable_book":14,"minecraft:bone_meal":26,"minecraft:item_frame":5,"minecraft:glowstone":26,"minecraft:anvil":1,"minecraft:spruce_fence_gate":1,"minecraft:melon_seeds":1,"minecraft:dirt":436,"minecraft:written_book":5,"minecraft:honey_bottle":4,"minecraft:fishing_rod":196,"minecraft:wind_charge":16,"minecraft:chest_minecart":1,"minecraft:leather_boots":1,"minecraft:cooked_rabbit":1,"minecraft:beetroot_soup":4,"minecraft:rail":1,"minecraft:shears":55,"minecraft:lectern":2,"minecraft:bucket":12,"minecraft:oak_sapling":26,"minecraft:purple_wool":15,"minecraft:sugar_cane":4,"minecraft:trial_key":31,"minecraft:stone_axe":75,"minecraft:oak_trapdoor":2,"minecraft:oak_fence":3,"minecraft:spruce_fence":3,"minecraft:string":2,"minecraft:shield":85,"minecraft:iron_pickaxe":253,"minecraft:deepslate":1,"minecraft:andesite":5,"minecraft:waxed_copper_block":5,"minecraft:oak_boat":1,"minecraft:iron_sword":222,"minecraft:golden_carrot":2,"minecraft:milk_bucket":1,"minecraft:diamond_pickaxe":632,"minecraft:cooked_mutton":6,"minecraft:bookshelf":14,"minecraft:stone_bricks":1,"minecraft:stone_sword":70,"minecraft:sweet_berries":82,"minecraft:red_bed":3,"minecraft:magenta_wool":34,"minecraft:diorite":10,"minecraft:redstone":1,"minecraft:diamond_leggings":2,"minecraft:cobblestone":299,"minecraft:diamond_chestplate":1,"minecraft:waxed_copper_grate":3,"minecraft:chain":2,"minecraft:carrot":40,"minecraft:crafting_table":10,"minecraft:spruce_sign":2,"minecraft:spruce_trapdoor":2,"minecraft:iron_chestplate":1,"minecraft:red_mushroom":2,"minecraft:potion":7,"minecraft:tuff_bricks":40,"minecraft:diamond_boots":5,"minecraft:baked_potato":614,"minecraft:apple":3,"minecraft:spruce_log":44,"minecraft:stone_hoe":37,"minecraft:water_bucket":12,"minecraft:furnace":1,"minecraft:torch":165,"minecraft:bread":18,"minecraft:iron_boots":1,"minecraft:red_wool":164,"minecraft:wooden_hoe":8,"minecraft:gravel":4,"minecraft:cooked_chicken":12,"minecraft:cooked_beef":18,"minecraft:deepslate_tile_stairs":2,"minecraft:redstone_torch":5,"minecraft:chest":5,"minecraft:iron_helmet":1,"minecraft:spruce_sapling":14,"minecraft:sandstone":12}},"DataVersion":4440}