{"stats":{"minecraft:killed_by":{"minecraft:skeleton":2,"minecraft:player":1,"minecraft:zombie_villager":1,"minecraft:silverfish":3,"minecraft:endermite":3,"minecraft:zombified_piglin":2,"minecraft:creaking":2,"minecraft:spider":1,"minecraft:zombie":5},"minecraft:custom":{"minecraft:time_since_rest":22674,"minecraft:leave_game":30,"minecraft:boat_one_cm":18047,"minecraft:damage_absorbed":65,"minecraft:time_since_death":29677,"minecraft:interact_with_furnace":478,"minecraft:happy_ghast_one_cm":205693,"minecraft:total_world_time":1805792,"minecraft:crouch_one_cm":451257,"minecraft:climb_one_cm":243452,"minecraft:deaths":47,"minecraft:interact_with_stonecutter":6,"minecraft:damage_dealt_resisted":114,"minecraft:animals_bred":2,"minecraft:traded_with_villager":1178,"minecraft:damage_blocked_by_shield":8306,"minecraft:interact_with_crafting_table":299,"minecraft:inspect_dropper":6,"minecraft:walk_one_cm":8233260,"minecraft:walk_under_water_one_cm":405742,"minecraft:damage_dealt":221919,"minecraft:play_time":1805792,"minecraft:jump":65309,"minecraft:play_record":1,"minecraft:sprint_one_cm":7412077,"minecraft:fill_cauldron":7,"minecraft:inspect_hopper":59,"minecraft:fly_one_cm":15294749,"minecraft:walk_on_water_one_cm":223570,"minecraft:interact_with_blast_furnace":2,"minecraft:interact_with_grindstone":29,"minecraft:talked_to_villager":580,"minecraft:damage_taken":47811,"minecraft:mob_kills":4104,"minecraft:interact_with_beacon":1,"minecraft:open_enderchest":318,"minecraft:interact_with_smithing_table":19,"minecraft:sleep_in_bed":26,"minecraft:inspect_dispenser":1,"minecraft:swim_one_cm":406144,"minecraft:pot_flower":5,"minecraft:enchant_item":46,"minecraft:interact_with_loom":3,"minecraft:interact_with_lectern":16,"minecraft:drop":700,"minecraft:use_cauldron":3,"minecraft:open_barrel":47,"minecraft:open_chest":2114,"minecraft:interact_with_smoker":1,"minecraft:fall_one_cm":2598382,"minecraft:interact_with_anvil":89,"minecraft:sneak_time":75164},"minecraft:broken":{"minecraft:stone_shovel":3,"minecraft:iron_axe":1,"minecraft:stone_hoe":2,"minecraft:stone_axe":4,"minecraft:golden_helmet":2,"minecraft:iron_pickaxe":1,"minecraft:stone_sword":1,"minecraft:stone_pickaxe":5,"minecraft:iron_boots":1,"minecraft:iron_sword":1},"minecraft:crafted":{"minecraft:iron_trapdoor":1,"minecraft:firework_rocket":294,"minecraft:gold_ingot":1143,"minecraft:book":46,"minecraft:iron_chestplate":3,"minecraft:crimson_planks":24,"minecraft:cookie":288,"minecraft:clock":1,"minecraft:lever":1,"minecraft:diamond_pickaxe":1,"minecraft:chest":28,"minecraft:iron_block":21,"minecraft:bookshelf":12,"minecraft:bow":2,"minecraft:repeater":1,"minecraft:bucket":1,"minecraft:flint_and_steel":1,"minecraft:ladder":3,"minecraft:item_frame":1,"minecraft:mushroom_stew":48,"minecraft:cauldron":1,"minecraft:stone_hoe":2,"minecraft:jukebox":1,"minecraft:diamond_shovel":1,"minecraft:glass":221,"minecraft:cobblestone_slab":18,"minecraft:iron_hoe":1,"minecraft:spruce_fence":30,"minecraft:suspicious_stew":5,"minecraft:brewing_stand":1,"minecraft:cobbled_deepslate_slab":324,"minecraft:sugar":1,"minecraft:redstone_block":83,"minecraft:firework_star":106,"minecraft:netherite_upgrade_smithing_template":18,"minecraft:comparator":1,"minecraft:spruce_door":3,"minecraft:iron_boots":3,"minecraft:polished_granite_slab":54,"minecraft:white_wool":99,"minecraft:charcoal":141,"minecraft:cooked_beef":2,"minecraft:diamond":252,"minecraft:stonecutter":1,"minecraft:golden_carrot":573,"minecraft:spruce_sign":15,"minecraft:brick":372,"minecraft:apple":8,"minecraft:paper":267,"minecraft:furnace":4,"minecraft:iron_ingot":803,"minecraft:diamond_hoe":1,"minecraft:lead":4,"minecraft:diamond_helmet":1,"minecraft:stone":64,"minecraft:blaze_powder":4,"minecraft:experience_bottle":21,"minecraft:diamond_leggings":1,"minecraft:enchanted_book":68,"minecraft:spruce_stairs":4,"minecraft:clay":41,"minecraft:shield":2,"minecraft:stone_axe":4,"minecraft:diamond_block":49,"minecraft:iron_axe":2,"minecraft:golden_apple":3,"minecraft:diamond_boots":2,"minecraft:golden_helmet":2,"minecraft:writable_book":2,"minecraft:ender_eye":2,"minecraft:white_harness":1,"minecraft:stick":2954,"minecraft:ender_chest":2,"minecraft:cooked_porkchop":48,"minecraft:iron_helmet":2,"minecraft:diamond_axe":1,"minecraft:bolt_armor_trim_smithing_template":6,"minecraft:air":0,"minecraft:bone_meal":462,"minecraft:snow_block":1,"minecraft:lapis_block":28,"minecraft:glass_bottle":9,"minecraft:pumpkin_pie":68,"minecraft:flower_pot":6,"minecraft:quartz_block":293,"minecraft:redstone_torch":6,"minecraft:lapis_lazuli":135,"minecraft:oak_planks":204,"minecraft:gold_nugget":141,"minecraft:iron_sword":2,"minecraft:shears":1,"minecraft:iron_shovel":2,"minecraft:stone_shovel":3,"minecraft:white_dye":120,"minecraft:lantern":2,"minecraft:cooked_chicken":3,"minecraft:hopper":10,"minecraft:stone_pickaxe":4,"minecraft:anvil":7,"minecraft:netherite_ingot":9,"minecraft:emerald_block":14,"minecraft:spruce_slab":36,"minecraft:glowstone":10,"minecraft:composter":2,"minecraft:fermented_spider_eye":1,"minecraft:diamond_chestplate":1,"minecraft:diamond_sword":2,"minecraft:golden_sword":9,"minecraft:golden_leggings":2,"minecraft:iron_nugget":18,"minecraft:emerald":798,"minecraft:spruce_trapdoor":12,"minecraft:spruce_boat":3,"minecraft:copper_ingot":9,"minecraft:bread":476,"minecraft:crafting_table":9,"minecraft:bricks":85,"minecraft:torch":288,"minecraft:white_bed":1,"minecraft:bowl":12,"minecraft:crossbow":1,"minecraft:dropper":1,"minecraft:spruce_planks":1848,"minecraft:lectern":1,"minecraft:iron_pickaxe":1,"minecraft:copper_block":4,"minecraft:iron_leggings":1},"minecraft:killed":{"minecraft:zombified_piglin":2672,"minecraft:piglin":59,"minecraft:bat":2,"minecraft:zombie":368,"minecraft:glow_squid":1,"minecraft:zombie_villager":1,"minecraft:chicken":3,"minecraft:squid":81,"minecraft:drowned":2,"minecraft:cow":1,"minecraft:wolf":1,"minecraft:slime":27,"minecraft:skeleton":50,"minecraft:spider":550,"minecraft:strider":1,"minecraft:bogged":55,"minecraft:husk":27,"minecraft:wither_skeleton":14,"minecraft:cave_spider":46,"minecraft:creeper":12,"minecraft:hoglin":25,"minecraft:enderman":9,"minecraft:magma_cube":17,"minecraft:ghast":17,"minecraft:breeze":12,"minecraft:blaze":4},"minecraft:picked_up":{"minecraft:sweet_berries":9,"minecraft:cobblestone":583,"minecraft:sugar_cane":223,"minecraft:bone":282,"minecraft:rose_bush":6,"minecraft:clay_ball":700,"minecraft:iron_sword":2,"minecraft:white_terracotta":1,"minecraft:blaze_rod":2,"minecraft:emerald":138,"minecraft:book":35,"minecraft:ink_sac":262,"minecraft:shroomlight":7,"minecraft:spectral_arrow":51,"minecraft:bow":8,"minecraft:arrow":250,"minecraft:smooth_basalt":29,"minecraft:stone_shovel":1,"minecraft:iron_ingot":48,"minecraft:lilac":12,"minecraft:cactus":3,"minecraft:spruce_slab":3,"minecraft:crossbow":2,"minecraft:spore_blossom":2,"minecraft:azalea":5,"minecraft:dandelion":4,"minecraft:golden_carrot":4,"minecraft:spruce_leaves":2,"minecraft:crimson_stem":6,"minecraft:big_dripleaf":2,"minecraft:cobblestone_stairs":10,"minecraft:oak_log":51,"minecraft:sand":66,"minecraft:furnace":3,"minecraft:mangrove_boat":1,"minecraft:wheat_seeds":4588,"minecraft:leather_leggings":1,"minecraft:music_disc_13":1,"minecraft:quartz":1212,"minecraft:diamond_sword":4,"minecraft:red_mushroom":77,"minecraft:snowball":4,"minecraft:ender_pearl":16,"minecraft:string":115,"minecraft:golden_sword":32,"minecraft:obsidian":9,"minecraft:writable_book":4,"minecraft:nether_wart_block":5,"minecraft:comparator":1,"minecraft:warped_fungus":4,"minecraft:enchanted_book":10,"minecraft:spruce_sapling":98,"minecraft:iron_block":1,"minecraft:deepslate_brick_wall":3,"minecraft:flowering_azalea":2,"minecraft:white_bed":14,"minecraft:leather":53,"minecraft:honey_bottle":2,"minecraft:lead":12,"minecraft:brown_mushroom":135,"minecraft:moss_carpet":15,"minecraft:sculk_vein":111,"minecraft:ghast_tear":4,"minecraft:porkchop":49,"minecraft:dropper":1,"minecraft:carved_pumpkin":1,"minecraft:stick":123,"minecraft:redstone_torch":1,"minecraft:polished_tuff":2,"minecraft:moss_block":178,"minecraft:cooked_porkchop":26,"minecraft:raw_iron":786,"minecraft:diamond_chestplate":2,"minecraft:waxed_oxidized_copper_grate":1,"minecraft:mossy_cobblestone":89,"minecraft:nether_brick":45,"minecraft:chest":6,"minecraft:lectern":70,"minecraft:sculk":348,"minecraft:cobbled_deepslate_slab":21,"minecraft:netherrack":1114,"minecraft:gravel":619,"minecraft:tuff":316,"minecraft:potato":1243,"minecraft:shield":1,"minecraft:lapis_lazuli":472,"minecraft:spruce_stairs":3,"minecraft:ominous_bottle":2,"minecraft:trial_key":16,"minecraft:flint_and_steel":1,"minecraft:raw_copper":57,"minecraft:red_candle":3,"minecraft:rotten_flesh":623,"minecraft:apple":3,"minecraft:calcite":228,"minecraft:iron_nugget":25,"minecraft:melon":6,"minecraft:tropical_fish":6,"minecraft:poisonous_potato":5,"minecraft:brewing_stand":1,"minecraft:composter":3,"minecraft:flint":11,"minecraft:warped_roots":1,"minecraft:redstone":984,"minecraft:glow_berries":71,"minecraft:diamond":599,"minecraft:slime_ball":51,"minecraft:granite":136,"minecraft:crimson_roots":11,"minecraft:flow_armor_trim_smithing_template":2,"minecraft:nether_wart":4,"minecraft:enchanted_golden_apple":1,"minecraft:raw_gold":521,"minecraft:stone_sword":1,"minecraft:deepslate_bricks":1,"minecraft:torchflower":2,"minecraft:crying_obsidian":17,"minecraft:spruce_planks":79,"minecraft:dirt":288,"minecraft:basalt":287,"minecraft:blue_egg":15,"minecraft:bone_block":6,"minecraft:iron_shovel":1,"minecraft:azure_bluet":3,"minecraft:torch":73,"minecraft:diamond_pickaxe":4,"minecraft:cobbled_deepslate_wall":3,"minecraft:iron_boots":2,"minecraft:spruce_log":729,"minecraft:coal":587,"minecraft:snow":26,"minecraft:sculk_sensor":1,"minecraft:deepslate_brick_stairs":6,"minecraft:nether_bricks":10,"minecraft:hopper":5,"minecraft:poppy":6,"minecraft:cooked_beef":4,"minecraft:feather":6,"minecraft:iron_trapdoor":3,"minecraft:potion":6,"minecraft:spruce_fence":9,"minecraft:polished_granite":3,"minecraft:warped_nylium":1,"minecraft:andesite":64,"minecraft:ladder":1,"minecraft:amethyst_shard":46,"minecraft:polished_granite_slab":20,"minecraft:soul_sand":44,"minecraft:podzol":18,"minecraft:carrot":1151,"minecraft:breeze_rod":25,"minecraft:gold_nugget":1690,"minecraft:stone_pickaxe":1,"minecraft:gold_ingot":132,"minecraft:baked_potato":12,"minecraft:bolt_armor_trim_smithing_template":1,"minecraft:glow_ink_sac":14,"minecraft:golden_apple":2,"minecraft:polished_tuff_slab":2,"minecraft:oak_trapdoor":1,"minecraft:fire_charge":10,"minecraft:chicken":4,"minecraft:clay":251,"minecraft:leather_chestplate":1,"minecraft:cooked_chicken":1,"minecraft:cobbled_deepslate":4243,"minecraft:pointed_dripstone":3,"minecraft:glowstone_dust":42,"minecraft:pumpkin_seeds":7,"minecraft:stone_axe":1,"minecraft:amethyst_block":214,"minecraft:wheat":1686,"minecraft:tuff_bricks":4,"minecraft:gunpowder":38,"minecraft:spruce_trapdoor":19,"minecraft:blackstone":88,"minecraft:coarse_dirt":9,"minecraft:magma_block":27,"minecraft:lever":2,"minecraft:polished_granite_stairs":3,"minecraft:nether_brick_fence":2,"minecraft:grass_block":37,"minecraft:torchflower_seeds":2,"minecraft:pumpkin":5,"minecraft:spider_eye":41,"minecraft:sculk_shrieker":2,"minecraft:bone_meal":42,"minecraft:tipped_arrow":69,"minecraft:diorite":37,"minecraft:crafting_table":14,"minecraft:ominous_trial_key":4,"minecraft:oak_sapling":35,"minecraft:beef":3,"minecraft:wither_skeleton_skull":1,"minecraft:wind_charge":18,"minecraft:cobblestone_slab":10,"minecraft:dried_ghast":2,"minecraft:barrel":1},"minecraft:mined":{"minecraft:spore_blossom":2,"minecraft:torch":19,"minecraft:comparator":1,"minecraft:lever":1,"minecraft:iron_trapdoor":3,"minecraft:spruce_log":719,"minecraft:nether_quartz_ore":555,"minecraft:chest":6,"minecraft:smooth_basalt":37,"minecraft:pumpkin":7,"minecraft:netherrack":2377,"minecraft:spruce_sapling":8,"minecraft:bone_block":6,"minecraft:amethyst_block":219,"minecraft:weeping_vines_plant":1,"minecraft:brown_mushroom":74,"minecraft:spruce_planks":37,"minecraft:polished_granite_slab":20,"minecraft:sweet_berry_bush":4,"minecraft:large_fern":25,"minecraft:magma_block":32,"minecraft:obsidian":3,"minecraft:redstone_torch":1,"minecraft:waxed_oxidized_copper_grate":4,"minecraft:cave_vines":7,"minecraft:melon":6,"minecraft:blackstone":17,"minecraft:nether_wart_block":5,"minecraft:deepslate_bricks":1,"minecraft:sculk_shrieker":3,"minecraft:moss_block":189,"minecraft:mushroom_stem":48,"minecraft:nether_brick_fence":4,"minecraft:wall_torch":24,"minecraft:fern":172,"minecraft:fire":31,"minecraft:deepslate_diamond_ore":252,"minecraft:potatoes":336,"minecraft:oak_sapling":1,"minecraft:azalea":4,"minecraft:iron_ore":189,"minecraft:nether_sprouts":1,"minecraft:podzol":123,"minecraft:red_candle":1,"minecraft:dandelion":2,"minecraft:glass":96,"minecraft:cobblestone":150,"minecraft:sugar_cane":182,"minecraft:shroomlight":7,"minecraft:red_mushroom_block":180,"minecraft:oak_leaves":24,"minecraft:furnace":3,"minecraft:brown_mushroom_block":135,"minecraft:clay":533,"minecraft:spruce_stairs":3,"minecraft:deepslate_copper_ore":1,"minecraft:crimson_roots":4,"minecraft:tall_grass":19,"minecraft:pointed_dripstone":1,"minecraft:polished_tuff_slab":2,"minecraft:torchflower":1,"minecraft:cobbled_deepslate_slab":14,"minecraft:dirt":229,"minecraft:hopper":5,"minecraft:medium_amethyst_bud":1,"minecraft:flower_pot":1,"minecraft:soul_fire":3,"minecraft:moss_carpet":3,"minecraft:basalt":376,"minecraft:sand":34,"minecraft:deepslate":11170,"minecraft:snow":29,"minecraft:oak_log":51,"minecraft:polished_granite":3,"minecraft:lapis_ore":1,"minecraft:potted_poppy":1,"minecraft:redstone_ore":3,"minecraft:sculk":477,"minecraft:warped_roots":6,"minecraft:vine":1,"minecraft:warped_nylium":6,"minecraft:carrots":316,"minecraft:lectern":70,"minecraft:gravel":2430,"minecraft:short_grass":68,"minecraft:red_mushroom":36,"minecraft:dirt_path":2,"minecraft:crafting_table":14,"minecraft:flowering_azalea":2,"minecraft:deepslate_redstone_ore":323,"minecraft:lilac":3,"minecraft:coarse_dirt":9,"minecraft:copper_ore":8,"minecraft:gold_ore":25,"minecraft:andesite":124,"minecraft:glowstone":20,"minecraft:cave_vines_plant":5,"minecraft:deepslate_gold_ore":220,"minecraft:budding_amethyst":16,"minecraft:nether_bricks":10,"minecraft:warped_fungus":4,"minecraft:poppy":2,"minecraft:deepslate_lapis_ore":97,"minecraft:cactus":3,"minecraft:deepslate_iron_ore":223,"minecraft:amethyst_cluster":4,"minecraft:stone":821,"minecraft:deepslate_brick_stairs":6,"minecraft:dropper":1,"minecraft:granite":190,"minecraft:cobblestone_stairs":10,"minecraft:spruce_fence":9,"minecraft:crimson_stem":6,"minecraft:coal_ore":314,"minecraft:sculk_sensor":1,"minecraft:diorite":60,"minecraft:wheat":1705,"minecraft:spruce_trapdoor":19,"minecraft:polished_granite_stairs":3,"minecraft:deepslate_brick_wall":3,"minecraft:oak_trapdoor":1,"minecraft:white_bed":13,"minecraft:cobbled_deepslate_wall":3,"minecraft:composter":3,"minecraft:sculk_vein":88,"minecraft:bookshelf":10,"minecraft:soul_sand":34,"minecraft:crimson_nylium":38,"minecraft:barrel":1,"minecraft:mossy_cobblestone":98,"minecraft:nether_wart":1,"minecraft:grass_block":117,"minecraft:cobweb":18,"minecraft:spruce_leaves":75,"minecraft:cobbled_deepslate":139,"minecraft:carved_pumpkin":1,"minecraft:tuff":598,"minecraft:polished_tuff":2,"minecraft:tuff_bricks":4,"minecraft:nether_gold_ore":182,"minecraft:calcite":238,"minecraft:spruce_slab":4,"minecraft:cobblestone_slab":5,"minecraft:dead_bush":1},"minecraft:dropped":{"minecraft:andesite":1,"minecraft:nether_brick":45,"minecraft:brewing_stand":2,"minecraft:crimson_roots":11,"minecraft:gravel":336,"minecraft:ink_sac":2,"minecraft:cobblestone_slab":11,"minecraft:blackstone":27,"minecraft:enchanted_book":15,"minecraft:spruce_sign":3,"minecraft:moss_block":2,"minecraft:soul_sand":16,"minecraft:cooked_chicken":1,"minecraft:glowstone_dust":2,"minecraft:leather_chestplate":1,"minecraft:redstone":154,"minecraft:golden_carrot":37,"minecraft:tuff":160,"minecraft:fire_charge":8,"minecraft:book":2,"minecraft:arrow":222,"minecraft:spruce_sapling":2,"minecraft:carrot":1,"minecraft:carved_pumpkin":1,"minecraft:spruce_log":14,"minecraft:gunpowder":22,"minecraft:gold_ingot":205,"minecraft:stone_axe":2,"minecraft:baked_potato":6,"minecraft:tipped_arrow":7,"minecraft:rotten_flesh":87,"minecraft:stone_shovel":1,"minecraft:iron_helmet":2,"minecraft:torch":21,"minecraft:stone_sword":1,"minecraft:leather_leggings":1,"minecraft:bow":3,"minecraft:dirt":39,"minecraft:golden_chestplate":2,"minecraft:podzol":4,"minecraft:sculk":8,"minecraft:emerald":36,"minecraft:bookshelf":1,"minecraft:blue_egg":4,"minecraft:honey_bottle":2,"minecraft:potato":1,"minecraft:brown_mushroom":69,"minecraft:cooked_beef":3,"minecraft:quartz_block":37,"minecraft:cookie":33,"minecraft:slime_ball":1,"minecraft:crafting_table":1,"minecraft:lapis_lazuli":43,"minecraft:netherrack":7,"minecraft:cooked_porkchop":3,"minecraft:azalea":1,"minecraft:iron_axe":1,"minecraft:glow_berries":2,"minecraft:warped_fungus":4,"minecraft:red_candle":3,"minecraft:mossy_cobblestone":4,"minecraft:wheat":16,"minecraft:spectral_arrow":12,"minecraft:chainmail_helmet":1,"minecraft:cobbled_deepslate":1887,"minecraft:polished_granite_slab":14,"minecraft:clay":69,"minecraft:wheat_seeds":363,"minecraft:iron_ingot":52,"minecraft:flint_and_steel":1,"minecraft:iron_nugget":7,"minecraft:spruce_trapdoor":7,"minecraft:stone_pickaxe":1,"minecraft:shield":1,"minecraft:spruce_slab":2,"minecraft:polished_tuff":1,"minecraft:warped_roots":1,"minecraft:diamond_pickaxe":4,"minecraft:dandelion":1,"minecraft:string":21,"minecraft:clay_ball":100,"minecraft:stick":49,"minecraft:bread":16,"minecraft:white_terracotta":1,"minecraft:spider_eye":37,"minecraft:iron_boots":2,"minecraft:leather_helmet":1,"minecraft:cobblestone":103,"minecraft:pointed_dripstone":3,"minecraft:nether_wart_block":4,"minecraft:spruce_planks":79,"minecraft:pumpkin_seeds":4,"minecraft:red_mushroom":1,"minecraft:potion":5,"minecraft:leather":1,"minecraft:granite":14,"minecraft:moss_carpet":7,"minecraft:diamond":84,"minecraft:feather":1,"minecraft:golden_sword":280,"minecraft:suspicious_stew":5,"minecraft:trial_key":3,"minecraft:chicken":1,"minecraft:mangrove_boat":1,"minecraft:sculk_vein":45,"minecraft:flint":10,"minecraft:diamond_sword":4,"minecraft:iron_sword":3,"minecraft:golden_leggings":1,"minecraft:big_dripleaf":2,"minecraft:spruce_door":1,"minecraft:gold_nugget":18,"minecraft:mushroom_stew":7,"minecraft:writable_book":1,"minecraft:magma_cream":2},"minecraft:used":{"minecraft:polished_tuff":1,"minecraft:iron_axe":356,"minecraft:repeater":1,"minecraft:diamond_hoe":4,"minecraft:ominous_trial_key":4,"minecraft:clay":32,"minecraft:cactus":3,"minecraft:netherite_shovel":1503,"minecraft:netherite_axe":289,"minecraft:polished_tuff_slab":2,"minecraft:diamond_sword":2966,"minecraft:cobbled_deepslate_slab":341,"minecraft:potato":344,"minecraft:sculk_vein":66,"minecraft:wheat_seeds":2710,"minecraft:glow_berries":82,"minecraft:glass_bottle":6,"minecraft:mushroom_stew":41,"minecraft:glass":116,"minecraft:lantern":2,"minecraft:netherite_pickaxe":8120,"minecraft:cooked_porkchop":66,"minecraft:coarse_dirt":8,"minecraft:iron_shovel":130,"minecraft:bricks":14,"minecraft:spruce_slab":13,"minecraft:stonecutter":1,"minecraft:flowering_azalea":2,"minecraft:diamond_axe":159,"minecraft:nether_wart":1,"minecraft:poppy":4,"minecraft:blackstone":10,"minecraft:pumpkin_pie":48,"minecraft:moss_block":161,"minecraft:jukebox":1,"minecraft:stone_pickaxe":659,"minecraft:dandelion":2,"minecraft:bow":19,"minecraft:polished_granite_stairs":51,"minecraft:torchflower":1,"minecraft:cobbled_deepslate":448,"minecraft:netherrack":957,"minecraft:lilac":12,"minecraft:spruce_boat":3,"minecraft:mossy_cobblestone":72,"minecraft:diamond_shovel":1349,"minecraft:dried_ghast":1,"minecraft:podzol":13,"minecraft:fire_charge":2,"minecraft:deepslate_diamond_ore":2,"minecraft:stone_shovel":510,"minecraft:rotten_flesh":101,"minecraft:writable_book":51,"minecraft:bone_meal":382,"minecraft:item_frame":1,"minecraft:anvil":7,"minecraft:blue_egg":8,"minecraft:dirt":356,"minecraft:written_book":5,"minecraft:polished_granite":3,"minecraft:snow":19,"minecraft:sand":3,"minecraft:wind_charge":12,"minecraft:spruce_planks":93,"minecraft:tropical_fish":6,"minecraft:rose_bush":7,"minecraft:polished_granite_slab":60,"minecraft:glow_ink_sac":1,"minecraft:basalt":225,"minecraft:shears":1,"minecraft:nether_brick_fence":2,"minecraft:waxed_oxidized_copper_grate":1,"minecraft:nether_wart_block":1,"minecraft:lectern":71,"minecraft:bucket":147,"minecraft:iron_trapdoor":4,"minecraft:splash_potion":1,"minecraft:warped_nylium":1,"minecraft:oak_sapling":10,"minecraft:flower_pot":6,"minecraft:dropper":2,"minecraft:trial_key":12,"minecraft:stone_axe":592,"minecraft:oak_trapdoor":1,"minecraft:grass_block":22,"minecraft:spruce_fence":28,"minecraft:netherite_sword":513,"minecraft:shield":116,"minecraft:spruce_stairs":7,"minecraft:iron_pickaxe":252,"minecraft:andesite":26,"minecraft:firework_rocket":80,"minecraft:iron_sword":491,"minecraft:golden_carrot":110,"minecraft:deepslate_bricks":1,"minecraft:bookshelf":10,"minecraft:diamond_pickaxe":10483,"minecraft:cookie":39,"minecraft:ladder":4,"minecraft:crossbow":135,"minecraft:magma_block":9,"minecraft:cobbled_deepslate_wall":3,"minecraft:azalea":4,"minecraft:tuff":65,"minecraft:stone_sword":142,"minecraft:sweet_berries":10,"minecraft:lava_bucket":4,"minecraft:diorite":6,"minecraft:ominous_bottle":2,"minecraft:redstone":3,"minecraft:brown_mushroom":11,"minecraft:spruce_door":2,"minecraft:cobblestone":182,"minecraft:stone":1,"minecraft:hopper":15,"minecraft:golden_apple":2,"minecraft:carrot":464,"minecraft:crafting_table":20,"minecraft:spruce_sign":6,"minecraft:sculk":235,"minecraft:spruce_trapdoor":22,"minecraft:red_mushroom":13,"minecraft:potion":7,"minecraft:tuff_bricks":4,"minecraft:white_bed":14,"minecraft:netherite_helmet":1,"minecraft:baked_potato":6,"minecraft:moss_carpet":8,"minecraft:melon_slice":14,"minecraft:stone_hoe":267,"minecraft:spruce_log":40,"minecraft:pumpkin":5,"minecraft:iron_hoe":15,"minecraft:spore_blossom":2,"minecraft:water_bucket":142,"minecraft:soul_sand":28,"minecraft:deepslate_brick_wall":2,"minecraft:furnace":6,"minecraft:bread":352,"minecraft:torch":318,"minecraft:netherite_hoe":645,"minecraft:iron_boots":1,"minecraft:cobblestone_stairs":73,"minecraft:lever":3,"minecraft:cobblestone_slab":13,"minecraft:gravel":83,"minecraft:torchflower_seeds":2,"minecraft:composter":5,"minecraft:deepslate_brick_stairs":300,"minecraft:cooked_chicken":3,"minecraft:comparator":2,"minecraft:cooked_beef":3,"minecraft:snow_block":1,"minecraft:ender_chest":2,"minecraft:flint_and_steel":16,"minecraft:redstone_torch":1,"minecraft:amethyst_block":175,"minecraft:chest":24,"minecraft:mangrove_propagule":1,"minecraft:cauldron":1,"minecraft:spruce_sapling":84,"minecraft:azure_bluet":2,"minecraft:ender_pearl":1}},"DataVersion":4440}