{"stats":{"minecraft:killed_by":{"minecraft:skeleton":4,"minecraft:player":1,"minecraft:zombie_villager":2,"minecraft:creeper":3,"minecraft:hoglin":1,"minecraft:spider":1,"minecraft:wither_skeleton":1,"minecraft:zombie":7},"minecraft:custom":{"minecraft:eat_cake_slice":9,"minecraft:talked_to_villager":189,"minecraft:time_since_rest":135884,"minecraft:leave_game":118,"minecraft:damage_taken":45828,"minecraft:mob_kills":1971,"minecraft:boat_one_cm":402080,"minecraft:time_since_death":182307,"minecraft:open_enderchest":40,"minecraft:interact_with_brewingstand":35,"minecraft:interact_with_furnace":476,"minecraft:sleep_in_bed":31,"minecraft:inspect_dispenser":8,"minecraft:swim_one_cm":365354,"minecraft:total_world_time":3691137,"minecraft:crouch_one_cm":715017,"minecraft:climb_one_cm":74979,"minecraft:deaths":93,"minecraft:interact_with_stonecutter":129,"minecraft:player_kills":1,"minecraft:enchant_item":28,"minecraft:interact_with_loom":12,"minecraft:animals_bred":166,"minecraft:traded_with_villager":278,"minecraft:interact_with_crafting_table":662,"minecraft:inspect_dropper":32,"minecraft:walk_one_cm":18326859,"minecraft:walk_under_water_one_cm":491016,"minecraft:horse_one_cm":387323,"minecraft:interact_with_lectern":16,"minecraft:damage_dealt":179888,"minecraft:play_time":3691137,"minecraft:jump":86291,"minecraft:play_record":1,"minecraft:drop":912,"minecraft:open_barrel":170,"minecraft:sprint_one_cm":12151947,"minecraft:open_chest":2219,"minecraft:fill_cauldron":4,"minecraft:inspect_hopper":389,"minecraft:fall_one_cm":2693995,"minecraft:tune_noteblock":15,"minecraft:fly_one_cm":16937635,"minecraft:interact_with_anvil":26,"minecraft:walk_on_water_one_cm":457475,"minecraft:sneak_time":104792,"minecraft:interact_with_blast_furnace":320,"minecraft:interact_with_grindstone":21},"minecraft:broken":{"minecraft:stone_shovel":1,"minecraft:iron_hoe":1,"minecraft:iron_shovel":1,"minecraft:golden_sword":1,"minecraft:golden_boots":1,"minecraft:stone_axe":2,"minecraft:iron_pickaxe":1,"minecraft:stone_sword":7,"minecraft:stone_pickaxe":3,"minecraft:diamond_hoe":1,"minecraft:iron_axe":1,"minecraft:diamond_pickaxe":1,"minecraft:shears":1,"minecraft:diamond_helmet":2,"minecraft:iron_sword":6},"minecraft:crafted":{"minecraft:stone_sword":8,"minecraft:gold_ingot":166,"minecraft:book":10,"minecraft:crimson_planks":28,"minecraft:glass_pane":32,"minecraft:copper_trapdoor":24,"minecraft:clock":1,"minecraft:raw_copper_block":188,"minecraft:lever":16,"minecraft:diamond_pickaxe":4,"minecraft:chest":181,"minecraft:iron_block":8,"minecraft:bookshelf":1,"minecraft:bow":5,"minecraft:bucket":4,"minecraft:flint_and_steel":1,"minecraft:ladder":15,"minecraft:item_frame":7,"minecraft:oak_stairs":8,"minecraft:cauldron":2,"minecraft:light_blue_banner":2,"minecraft:stone_hoe":1,"minecraft:dispenser":6,"minecraft:diamond_shovel":3,"minecraft:cut_copper":8,"minecraft:glass":117,"minecraft:cobblestone_slab":32,"minecraft:copper_door":3,"minecraft:iron_hoe":1,"minecraft:spruce_fence":147,"minecraft:brewing_stand":1,"minecraft:granite_wall":6,"minecraft:deepslate_tiles":89,"minecraft:cobbled_deepslate_stairs":17,"minecraft:campfire":2,"minecraft:redstone_block":64,"minecraft:yellow_dye":1,"minecraft:comparator":2,"minecraft:hopper_minecart":9,"minecraft:chiseled_tuff_bricks":53,"minecraft:cooked_mutton":28,"minecraft:coal_block":144,"minecraft:spruce_door":21,"minecraft:iron_door":3,"minecraft:terracotta":71,"minecraft:smooth_stone":19,"minecraft:white_wool":35,"minecraft:charcoal":9,"minecraft:crimson_slab":6,"minecraft:stonecutter":4,"minecraft:blue_dye":24,"minecraft:golden_carrot":47,"minecraft:decorated_pot":1,"minecraft:spruce_sign":36,"minecraft:calibrated_sculk_sensor":1,"minecraft:brick":819,"minecraft:barrel":7,"minecraft:cobbled_deepslate_wall":531,"minecraft:polished_granite":6,"minecraft:paper":30,"minecraft:furnace":25,"minecraft:iron_ingot":272,"minecraft:diamond_hoe":2,"minecraft:light_blue_wool":4,"minecraft:lead":4,"minecraft:diamond_helmet":1,"minecraft:scaffolding":42,"minecraft:redstone_lamp":29,"minecraft:tripwire_hook":6,"minecraft:stone":155,"minecraft:cut_copper_stairs":8,"minecraft:light_gray_bed":1,"minecraft:diamond_leggings":1,"minecraft:enchanted_book":10,"minecraft:baked_potato":59,"minecraft:deepslate_brick_slab":138,"minecraft:spruce_stairs":112,"minecraft:clay":412,"minecraft:stone_axe":1,"minecraft:observer":23,"minecraft:black_concrete_powder":112,"minecraft:iron_axe":2,"minecraft:piston":16,"minecraft:spruce_button":2,"minecraft:copper_grate":76,"minecraft:cobblestone_stairs":37,"minecraft:spruce_fence_gate":60,"minecraft:diamond_boots":1,"minecraft:spruce_hanging_sign":6,"minecraft:writable_book":1,"minecraft:powered_rail":36,"minecraft:stick":1716,"minecraft:deepslate_bricks":920,"minecraft:smooth_stone_slab":18,"minecraft:minecart":9,"minecraft:black_dye":19,"minecraft:andesite_slab":340,"minecraft:crimson_stairs":8,"minecraft:cooked_porkchop":3,"minecraft:diamond_axe":1,"minecraft:lightning_rod":2,"minecraft:cobblestone_wall":6,"minecraft:black_banner":2,"minecraft:air":0,"minecraft:redstone":126,"minecraft:raw_copper":1668,"minecraft:bone_meal":27,"minecraft:deepslate_tile_slab":94,"minecraft:lapis_block":14,"minecraft:glass_bottle":15,"minecraft:stone_button":2,"minecraft:pumpkin_pie":16,"minecraft:red_dye":1,"minecraft:blast_furnace":9,"minecraft:redstone_torch":8,"minecraft:loom":1,"minecraft:lapis_lazuli":27,"minecraft:oak_planks":16,"minecraft:gold_nugget":281,"minecraft:coal":903,"minecraft:red_bed":1,"minecraft:rail":16,"minecraft:iron_sword":7,"minecraft:fishing_rod":1,"minecraft:shears":10,"minecraft:iron_shovel":2,"minecraft:polished_deepslate":1104,"minecraft:smoker":1,"minecraft:white_dye":27,"minecraft:lantern":1,"minecraft:hopper":110,"minecraft:note_block":5,"minecraft:stone_pickaxe":4,"minecraft:crimson_trapdoor":2,"minecraft:anvil":2,"minecraft:emerald_block":2,"minecraft:spruce_slab":720,"minecraft:light_blue_dye":18,"minecraft:glowstone":32,"minecraft:chain":2,"minecraft:polished_tuff_slab":94,"minecraft:diamond_chestplate":1,"minecraft:diamond_sword":1,"minecraft:golden_sword":1,"minecraft:polished_tuff":16,"minecraft:iron_nugget":18,"minecraft:emerald":282,"minecraft:deepslate_brick_wall":20,"minecraft:black_bed":3,"minecraft:spruce_trapdoor":62,"minecraft:spruce_boat":5,"minecraft:deepslate_brick_stairs":12,"minecraft:light_blue_stained_glass":32,"minecraft:copper_ingot":1377,"minecraft:target":2,"minecraft:white_carpet":3,"minecraft:brick_stairs":8,"minecraft:bread":2340,"minecraft:hay_block":2,"minecraft:crafting_table":27,"minecraft:bricks":469,"minecraft:torch":756,"minecraft:white_bed":10,"minecraft:blue_terracotta":40,"minecraft:bowl":4,"minecraft:saddle":1,"minecraft:polished_deepslate_slab":24,"minecraft:crossbow":1,"minecraft:dropper":47,"minecraft:spruce_planks":4188,"minecraft:lectern":1,"minecraft:iron_pickaxe":2,"minecraft:copper_block":175},"minecraft:killed":{"minecraft:pillager":5,"minecraft:skeleton":69,"minecraft:pig":1,"minecraft:iron_golem":1,"minecraft:mooshroom":5,"minecraft:piglin_brute":1,"minecraft:witch":2,"minecraft:piglin":27,"minecraft:bat":1,"minecraft:spider":866,"minecraft:salmon":1,"minecraft:zombie":868,"minecraft:wither_skeleton":3,"minecraft:glow_squid":7,"minecraft:creeper":14,"minecraft:zombie_villager":3,"minecraft:chicken":1,"minecraft:hoglin":3,"minecraft:sheep":40,"minecraft:enderman":1,"minecraft:squid":14,"minecraft:magma_cube":12,"minecraft:ghast":1,"minecraft:blaze":1},"minecraft:picked_up":{"minecraft:cobblestone_wall":2,"minecraft:sweet_berries":342,"minecraft:smooth_stone_slab":17,"minecraft:cobblestone":4640,"minecraft:brick":28,"minecraft:sugar_cane":84,"minecraft:hopper_minecart":1,"minecraft:bone":64,"minecraft:diamond_shovel":1,"minecraft:clay_ball":3944,"minecraft:sculk_catalyst":1,"minecraft:stripped_spruce_log":27,"minecraft:book":1,"minecraft:ink_sac":21,"minecraft:light_blue_wool":3,"minecraft:blue_stained_glass_pane":96,"minecraft:crimson_fungus":16,"minecraft:wildflowers":21,"minecraft:chainmail_helmet":1,"minecraft:shroomlight":6,"minecraft:bow":7,"minecraft:arrow":79,"minecraft:smooth_basalt":52,"minecraft:red_tulip":2,"minecraft:iron_ingot":34,"minecraft:spruce_slab":97,"minecraft:crossbow":2,"minecraft:azalea":18,"minecraft:dandelion":7,"minecraft:mutton":56,"minecraft:spruce_leaves":3,"minecraft:stonecutter":6,"minecraft:crimson_nylium":17,"minecraft:black_dye":4,"minecraft:crimson_stem":57,"minecraft:big_dripleaf":14,"minecraft:cobblestone_stairs":2,"minecraft:oxeye_daisy":1,"minecraft:oak_stairs":2,"minecraft:oak_log":51,"minecraft:sand":521,"minecraft:furnace":34,"minecraft:raw_copper_block":60,"minecraft:wheat_seeds":16613,"minecraft:black_bed":2,"minecraft:quartz":541,"minecraft:red_bed":1,"minecraft:snowball":15,"minecraft:loom":1,"minecraft:chiseled_tuff_bricks":83,"minecraft:chainmail_boots":2,"minecraft:music_disc_pigstep":1,"minecraft:ender_pearl":1,"minecraft:string":40,"minecraft:stone_bricks":4,"minecraft:white_carpet":1,"minecraft:nether_wart_block":154,"minecraft:cornflower":2,"minecraft:comparator":19,"minecraft:warped_fungus":12,"minecraft:spruce_sapling":448,"minecraft:spruce_fence_gate":18,"minecraft:tripwire_hook":3,"minecraft:mangrove_log":60,"minecraft:deepslate_brick_wall":18,"minecraft:flowering_azalea":31,"minecraft:white_bed":29,"minecraft:leather":8,"minecraft:lead":12,"minecraft:brown_mushroom":24,"minecraft:orange_tulip":5,"minecraft:light_blue_banner":1,"minecraft:moss_carpet":89,"minecraft:scaffolding":60,"minecraft:lightning_rod":1,"minecraft:porkchop":3,"minecraft:dropper":13,"minecraft:carved_pumpkin":1,"minecraft:spruce_sign":29,"minecraft:stick":371,"minecraft:redstone_torch":19,"minecraft:bamboo":110,"minecraft:moss_block":30,"minecraft:deepslate":3,"minecraft:cauldron":1,"minecraft:item_frame":2,"minecraft:raw_iron":293,"minecraft:spruce_hanging_sign":1,"minecraft:mossy_cobblestone":59,"minecraft:spruce_door":9,"minecraft:chest":40,"minecraft:lectern":6,"minecraft:netherrack":711,"minecraft:crimson_planks":2,"minecraft:red_wool":3,"minecraft:stone":46,"minecraft:gravel":202,"minecraft:granite_wall":6,"minecraft:tuff":1125,"minecraft:phantom_membrane":1,"minecraft:redstone_block":53,"minecraft:potato":4059,"minecraft:terracotta":6,"minecraft:lapis_lazuli":515,"minecraft:cut_copper":2,"minecraft:flowering_azalea_leaves":126,"minecraft:spruce_stairs":37,"minecraft:ominous_bottle":1,"minecraft:black_banner":1,"minecraft:raw_copper":1885,"minecraft:dispenser":5,"minecraft:rotten_flesh":650,"minecraft:fern":1,"minecraft:calcite":333,"minecraft:crimson_slab":12,"minecraft:tropical_fish":8,"minecraft:poisonous_potato":17,"minecraft:glass":59,"minecraft:flint":1651,"minecraft:polished_deepslate_wall":1,"minecraft:redstone":1131,"minecraft:deepslate_tiles":55,"minecraft:redstone_lamp":1,"minecraft:glow_berries":11,"minecraft:lantern":1,"minecraft:diamond":169,"minecraft:slime_ball":1,"minecraft:granite":177,"minecraft:crimson_roots":54,"minecraft:spruce_button":2,"minecraft:deepslate_brick_slab":143,"minecraft:nether_wart":54,"minecraft:salmon":1,"minecraft:powered_rail":22,"minecraft:spruce_boat":21,"minecraft:cobbled_deepslate_stairs":1,"minecraft:dark_oak_button":1,"minecraft:magma_cream":1,"minecraft:observer":46,"minecraft:raw_gold":186,"minecraft:stone_sword":2,"minecraft:deepslate_bricks":1123,"minecraft:spruce_planks":186,"minecraft:dirt":3103,"minecraft:basalt":123,"minecraft:blue_egg":6,"minecraft:rail":2,"minecraft:blue_wool":2,"minecraft:iron_shovel":1,"minecraft:golden_boots":1,"minecraft:azure_bluet":10,"minecraft:torch":309,"minecraft:diamond_pickaxe":2,"minecraft:cobbled_deepslate_wall":14,"minecraft:bread":147,"minecraft:spruce_log":1556,"minecraft:coal":1863,"minecraft:snow":12,"minecraft:sculk_sensor":3,"minecraft:deepslate_brick_stairs":30,"minecraft:weeping_vines":6,"minecraft:nether_bricks":2,"minecraft:hopper":52,"minecraft:birch_sapling":1,"minecraft:poppy":19,"minecraft:white_wool":15,"minecraft:feather":2,"minecraft:mangrove_propagule":31,"minecraft:spruce_fence":52,"minecraft:bricks":67,"minecraft:polished_blackstone_stairs":83,"minecraft:andesite":328,"minecraft:deepslate_tile_slab":23,"minecraft:blue_glazed_terracotta":3,"minecraft:copper_ingot":35,"minecraft:ladder":4,"minecraft:amethyst_shard":55,"minecraft:filled_map":9,"minecraft:soul_sand":17,"minecraft:carrot":3146,"minecraft:mangrove_roots":316,"minecraft:polished_deepslate_slab":1,"minecraft:black_concrete":88,"minecraft:gold_nugget":150,"minecraft:water_bucket":2,"minecraft:cod":1,"minecraft:azalea_leaves":365,"minecraft:gold_ingot":79,"minecraft:baked_potato":14,"minecraft:copper_grate":2,"minecraft:copper_block":21,"minecraft:glow_ink_sac":7,"minecraft:polished_tuff_slab":161,"minecraft:black_wool":24,"minecraft:clay":46,"minecraft:golden_chestplate":1,"minecraft:repeater":17,"minecraft:kelp":339,"minecraft:cobbled_deepslate":6240,"minecraft:andesite_slab":3,"minecraft:lapis_block":1,"minecraft:glowstone_dust":125,"minecraft:pumpkin_seeds":1,"minecraft:amethyst_block":39,"minecraft:wheat":7496,"minecraft:gunpowder":10,"minecraft:spruce_trapdoor":1,"minecraft:blackstone":454,"minecraft:deepslate_tile_wall":2,"minecraft:magma_block":4,"minecraft:lever":1,"minecraft:smooth_stone":53,"minecraft:short_grass":39,"minecraft:light_gray_wool":6,"minecraft:polished_deepslate":61,"minecraft:leaf_litter":3,"minecraft:calibrated_sculk_sensor":1,"minecraft:grass_block":873,"minecraft:birch_log":15,"minecraft:mud":1,"minecraft:sticky_piston":36,"minecraft:piston":24,"minecraft:spider_eye":17,"minecraft:coal_block":42,"minecraft:bone_meal":14,"minecraft:diorite":138,"minecraft:golden_helmet":3,"minecraft:crafting_table":29,"minecraft:decorated_pot":1,"minecraft:warped_stem":49,"minecraft:beef":11,"minecraft:cobblestone_slab":8,"minecraft:purple_wool":1,"minecraft:barrel":14,"minecraft:paper":1,"minecraft:gray_wool":28},"minecraft:mined":{"minecraft:torch":105,"minecraft:mangrove_roots":355,"minecraft:comparator":11,"minecraft:lever":1,"minecraft:dispenser":4,"minecraft:red_tulip":2,"minecraft:spruce_log":1577,"minecraft:nether_quartz_ore":289,"minecraft:chest":33,"minecraft:smooth_basalt":67,"minecraft:netherrack":2686,"minecraft:black_concrete":88,"minecraft:spruce_sapling":3,"minecraft:amethyst_block":42,"minecraft:weeping_vines_plant":3,"minecraft:brown_mushroom":18,"minecraft:blue_stained_glass_pane":96,"minecraft:spruce_planks":133,"minecraft:piston_head":1,"minecraft:birch_log":17,"minecraft:oxeye_daisy":1,"minecraft:sweet_berry_bush":21,"minecraft:blue_glazed_terracotta":3,"minecraft:large_fern":21,"minecraft:magma_block":8,"minecraft:farmland":201,"minecraft:obsidian":1,"minecraft:cave_vines":4,"minecraft:sandstone":12,"minecraft:redstone_lamp":1,"minecraft:orange_tulip":5,"minecraft:piston":12,"minecraft:stripped_spruce_log":27,"minecraft:blackstone":743,"minecraft:sticky_piston":21,"minecraft:nether_wart_block":158,"minecraft:deepslate_bricks":1158,"minecraft:birch_leaves":2,"minecraft:smooth_stone_slab":17,"minecraft:repeater":6,"minecraft:moss_block":40,"minecraft:bamboo":56,"minecraft:diamond_ore":3,"minecraft:wall_torch":86,"minecraft:decorated_pot":1,"minecraft:fern":65,"minecraft:copper_grate":3,"minecraft:kelp_plant":60,"minecraft:deepslate_diamond_ore":65,"minecraft:potatoes":824,"minecraft:warped_stem":49,"minecraft:small_dripleaf":1,"minecraft:deepslate_tiles":44,"minecraft:mangrove_propagule":2,"minecraft:azalea":14,"minecraft:azure_bluet":17,"minecraft:copper_block":6,"minecraft:iron_ore":126,"minecraft:deepslate_brick_slab":51,"minecraft:spruce_hanging_sign":1,"minecraft:chain":1,"minecraft:spruce_wall_sign":5,"minecraft:dandelion":3,"minecraft:glass":40,"minecraft:cobblestone":552,"minecraft:sugar_cane":86,"minecraft:tripwire_hook":1,"minecraft:lantern":1,"minecraft:spruce_fence_gate":18,"minecraft:kelp":142,"minecraft:shroomlight":6,"minecraft:mangrove_leaves":477,"minecraft:scaffolding":32,"minecraft:furnace":33,"minecraft:clay":1112,"minecraft:crimson_slab":12,"minecraft:spruce_stairs":37,"minecraft:powered_rail":17,"minecraft:deepslate_copper_ore":12,"minecraft:black_banner":1,"minecraft:spruce_button":1,"minecraft:crimson_roots":71,"minecraft:bricks":7,"minecraft:wildflowers":6,"minecraft:tall_grass":22,"minecraft:deepslate_tile_slab":15,"minecraft:polished_tuff_slab":150,"minecraft:granite_wall":6,"minecraft:rail":2,"minecraft:dirt":4837,"minecraft:cobblestone_wall":5,"minecraft:crimson_fungus":15,"minecraft:hopper":52,"minecraft:water_cauldron":1,"minecraft:moss_carpet":9,"minecraft:spruce_door":6,"minecraft:ladder":2,"minecraft:basalt":747,"minecraft:sand":1023,"minecraft:deepslate":7645,"minecraft:snow":31,"minecraft:seagrass":2,"minecraft:spruce_sign":4,"minecraft:stonecutter":6,"minecraft:oak_log":51,"minecraft:lapis_ore":20,"minecraft:black_bed":3,"minecraft:mud":1,"minecraft:sculk":888,"minecraft:andesite_slab":3,"minecraft:red_bed":1,"minecraft:vine":37,"minecraft:terracotta":4,"minecraft:carrots":705,"minecraft:lectern":6,"minecraft:gravel":2011,"minecraft:short_grass":95,"minecraft:sculk_catalyst":1,"minecraft:loom":1,"minecraft:dirt_path":2,"minecraft:crafting_table":28,"minecraft:flowering_azalea":30,"minecraft:deepslate_redstone_ore":190,"minecraft:leaf_litter":4,"minecraft:polished_deepslate_slab":1,"minecraft:redstone_wall_torch":11,"minecraft:copper_ore":291,"minecraft:andesite":614,"minecraft:glowstone":43,"minecraft:cave_vines_plant":2,"minecraft:redstone_block":6,"minecraft:deepslate_gold_ore":124,"minecraft:ice":191,"minecraft:budding_amethyst":10,"minecraft:nether_bricks":33,"minecraft:warped_fungus":12,"minecraft:poppy":9,"minecraft:deepslate_lapis_ore":32,"minecraft:deepslate_iron_ore":72,"minecraft:amethyst_cluster":8,"minecraft:stone":11218,"minecraft:stone_bricks":4,"minecraft:deepslate_brick_stairs":30,"minecraft:dropper":13,"minecraft:granite":304,"minecraft:cobblestone_stairs":2,"minecraft:spruce_fence":53,"minecraft:crimson_stem":57,"minecraft:azalea_leaves":433,"minecraft:coal_ore":943,"minecraft:sculk_sensor":6,"minecraft:diorite":358,"minecraft:wheat":8032,"minecraft:spruce_trapdoor":1,"minecraft:deepslate_brick_wall":15,"minecraft:white_bed":28,"minecraft:cobbled_deepslate_wall":15,"minecraft:polished_deepslate":57,"minecraft:sculk_vein":68,"minecraft:cobbled_deepslate_stairs":1,"minecraft:soul_sand":13,"minecraft:white_carpet":1,"minecraft:crimson_nylium":26,"minecraft:glow_lichen":1,"minecraft:calibrated_sculk_sensor":2,"minecraft:gilded_blackstone":1,"minecraft:barrel":12,"minecraft:oak_stairs":2,"minecraft:mossy_cobblestone":60,"minecraft:nether_wart":18,"minecraft:lapis_block":1,"minecraft:big_dripleaf":3,"minecraft:observer":45,"minecraft:mangrove_log":46,"minecraft:polished_deepslate_wall":1,"minecraft:grass_block":4045,"minecraft:spruce_leaves":972,"minecraft:chiseled_tuff_bricks":81,"minecraft:cobbled_deepslate":199,"minecraft:tuff":1064,"minecraft:white_wool":2,"minecraft:flowering_azalea_leaves":148,"minecraft:nether_gold_ore":30,"minecraft:deepslate_tile_wall":2,"minecraft:calcite":360,"minecraft:spruce_slab":112,"minecraft:cobblestone_slab":9,"minecraft:cornflower":2,"minecraft:redstone_wire":17,"minecraft:polished_blackstone_stairs":82,"minecraft:crimson_planks":2},"minecraft:dropped":{"minecraft:deepslate_brick_wall":2,"minecraft:andesite":12,"minecraft:stripped_spruce_log":4,"minecraft:magma_block":2,"minecraft:smooth_stone_slab":1,"minecraft:crimson_roots":2,"minecraft:spruce_button":1,"minecraft:tropical_fish":1,"minecraft:gravel":3,"minecraft:bone":24,"minecraft:glass":30,"minecraft:brick":2,"minecraft:poppy":2,"minecraft:cobblestone_slab":13,"minecraft:spruce_sign":4,"minecraft:raw_gold":6,"minecraft:moss_block":7,"minecraft:polished_deepslate_wall":3,"minecraft:crossbow":1,"minecraft:polished_tuff_slab":11,"minecraft:amethyst_block":1,"minecraft:grass_block":3,"minecraft:tuff":41,"minecraft:arrow":38,"minecraft:spruce_sapling":46,"minecraft:carrot":32,"minecraft:white_bed":1,"minecraft:gunpowder":4,"minecraft:deepslate":3,"minecraft:gold_ingot":39,"minecraft:smooth_basalt":16,"minecraft:baked_potato":1,"minecraft:diorite":6,"minecraft:tipped_arrow":1,"minecraft:rotten_flesh":140,"minecraft:torch":3,"minecraft:stone_sword":2,"minecraft:bow":5,"minecraft:deepslate_tile_wall":1,"minecraft:dirt":165,"minecraft:raw_copper":115,"minecraft:sand":7,"minecraft:chest":8,"minecraft:shears":1,"minecraft:deepslate_bricks":3,"minecraft:coal":10,"minecraft:blue_egg":2,"minecraft:polished_blackstone_stairs":1,"minecraft:potato":67,"minecraft:brown_mushroom":1,"minecraft:stone_hoe":1,"minecraft:raw_iron":8,"minecraft:item_frame":1,"minecraft:slime_ball":1,"minecraft:polished_deepslate":1,"minecraft:golden_helmet":2,"minecraft:lapis_lazuli":13,"minecraft:cut_copper":2,"minecraft:netherrack":24,"minecraft:coal_block":1,"minecraft:mutton":2,"minecraft:terracotta":2,"minecraft:glow_ink_sac":1,"minecraft:azalea":4,"minecraft:light_blue_banner":1,"minecraft:tripwire_hook":4,"minecraft:iron_shovel":1,"minecraft:glow_berries":1,"minecraft:mossy_cobblestone":4,"minecraft:wheat":16,"minecraft:kelp":3,"minecraft:cobbled_deepslate":1092,"minecraft:spruce_fence_gate":2,"minecraft:wheat_seeds":644,"minecraft:iron_ingot":3,"minecraft:deepslate_brick_slab":127,"minecraft:spruce_trapdoor":2,"minecraft:stone_pickaxe":2,"minecraft:spruce_slab":6,"minecraft:calcite":2,"minecraft:copper_ingot":4,"minecraft:diamond_pickaxe":1,"minecraft:string":30,"minecraft:lightning_rod":1,"minecraft:clay_ball":400,"minecraft:stick":67,"minecraft:bread":627,"minecraft:spider_eye":12,"minecraft:snowball":10,"minecraft:cobblestone":399,"minecraft:spruce_planks":110,"minecraft:cobblestone_stairs":1,"minecraft:white_wool":11,"minecraft:weeping_vines":5,"minecraft:diamond_boots":1,"minecraft:diamond_chestplate":1,"minecraft:diamond_leggings":1,"minecraft:chainmail_boots":1,"minecraft:granite":16,"minecraft:moss_carpet":1,"minecraft:bone_meal":10,"minecraft:poisonous_potato":9,"minecraft:chiseled_tuff_bricks":4,"minecraft:furnace":1,"minecraft:beef":3,"minecraft:flint":23,"minecraft:polished_deepslate_slab":1,"minecraft:big_dripleaf":13,"minecraft:spruce_door":5,"minecraft:gold_nugget":3,"minecraft:spruce_fence":1,"minecraft:deepslate_tile_slab":6,"minecraft:magma_cream":1},"minecraft:used":{"minecraft:kelp":347,"minecraft:clay":257,"minecraft:polished_tuff_slab":868,"minecraft:mud":1,"minecraft:diamond_sword":1473,"minecraft:campfire":2,"minecraft:wheat_seeds":9137,"minecraft:brick_stairs":9,"minecraft:glass":173,"minecraft:decorated_pot":2,"minecraft:deepslate_tile_slab":335,"minecraft:azalea_leaves":308,"minecraft:spruce_slab":698,"minecraft:stonecutter":10,"minecraft:polished_deepslate_slab":67,"minecraft:light_gray_bed":1,"minecraft:diamond_axe":2769,"minecraft:white_carpet":2,"minecraft:poppy":9,"minecraft:snowball":3,"minecraft:moss_block":8,"minecraft:hopper_minecart":10,"minecraft:bow":1,"minecraft:cobbled_deepslate_stairs":14,"minecraft:cut_copper_stairs":5,"minecraft:spruce_hanging_sign":2,"minecraft:loom":2,"minecraft:cobbled_deepslate":734,"minecraft:cod":1,"minecraft:deepslate_brick_slab":167,"minecraft:stone_shovel":131,"minecraft:calibrated_sculk_sensor":2,"minecraft:anvil":2,"minecraft:spruce_fence_gate":75,"minecraft:light_blue_stained_glass":24,"minecraft:written_book":1,"minecraft:terracotta":17,"minecraft:sand":2,"minecraft:redstone_block":9,"minecraft:crimson_stairs":8,"minecraft:glow_ink_sac":3,"minecraft:shears":591,"minecraft:bucket":297,"minecraft:blue_stained_glass_pane":95,"minecraft:smooth_stone_slab":20,"minecraft:iron_door":1,"minecraft:grass_block":716,"minecraft:polished_blackstone_stairs":133,"minecraft:iron_pickaxe":503,"minecraft:andesite":82,"minecraft:polished_deepslate":184,"minecraft:copper_grate":162,"minecraft:bamboo":9,"minecraft:iron_sword":1632,"minecraft:golden_carrot":47,"minecraft:deepslate_bricks":2307,"minecraft:cooked_mutton":54,"minecraft:stone_bricks":4,"minecraft:red_bed":1,"minecraft:diorite":96,"minecraft:redstone":82,"minecraft:spruce_door":15,"minecraft:diamond_leggings":2,"minecraft:cobblestone":1060,"minecraft:stone":9,"minecraft:axolotl_bucket":2,"minecraft:crafting_table":55,"minecraft:spruce_sign":41,"minecraft:spruce_trapdoor":61,"minecraft:target":2,"minecraft:potion":3,"minecraft:lapis_block":1,"minecraft:baked_potato":13,"minecraft:scaffolding":96,"minecraft:smoker":1,"minecraft:light_blue_banner":1,"minecraft:moss_carpet":2,"minecraft:copper_door":1,"minecraft:crimson_trapdoor":1,"minecraft:stone_hoe":72,"minecraft:black_concrete":85,"minecraft:spruce_log":252,"minecraft:water_bucket":291,"minecraft:soul_sand":5,"minecraft:deepslate_tile_wall":1,"minecraft:golden_sword":32,"minecraft:andesite_slab":390,"minecraft:bread":504,"minecraft:torch":997,"minecraft:black_bed":5,"minecraft:cobblestone_stairs":38,"minecraft:gravel":4,"minecraft:white_wool":2,"minecraft:redstone_lamp":25,"minecraft:comparator":20,"minecraft:chest":101,"minecraft:cauldron":3,"minecraft:birch_sapling":1,"minecraft:iron_axe":247,"minecraft:leaf_litter":3,"minecraft:repeater":16,"minecraft:diamond_hoe":5410,"minecraft:black_banner":3,"minecraft:potato":1368,"minecraft:glow_berries":10,"minecraft:sticky_piston":8,"minecraft:black_concrete_powder":112,"minecraft:lantern":2,"minecraft:glass_pane":16,"minecraft:cooked_porkchop":3,"minecraft:granite":37,"minecraft:dark_oak_button":1,"minecraft:iron_shovel":458,"minecraft:chiseled_tuff_bricks":463,"minecraft:bricks":40,"minecraft:black_wool":4,"minecraft:flowering_azalea":17,"minecraft:nether_wart":18,"minecraft:blackstone":205,"minecraft:pumpkin_pie":8,"minecraft:stone_pickaxe":447,"minecraft:dandelion":3,"minecraft:netherrack":496,"minecraft:spruce_boat":23,"minecraft:diamond_shovel":12363,"minecraft:lightning_rod":2,"minecraft:writable_book":19,"minecraft:bone_meal":313,"minecraft:item_frame":8,"minecraft:glowstone":1,"minecraft:dirt":2840,"minecraft:fishing_rod":7,"minecraft:stripped_spruce_log":14,"minecraft:spruce_leaves":3,"minecraft:spruce_planks":335,"minecraft:dispenser":9,"minecraft:flowering_azalea_leaves":114,"minecraft:crimson_fungus":5,"minecraft:tropical_fish":4,"minecraft:rail":12,"minecraft:lectern":7,"minecraft:granite_wall":7,"minecraft:powered_rail":45,"minecraft:deepslate_tiles":393,"minecraft:purple_wool":1,"minecraft:sugar_cane":3,"minecraft:dropper":20,"minecraft:stone_axe":243,"minecraft:spruce_fence":178,"minecraft:polished_deepslate_wall":14,"minecraft:observer":67,"minecraft:spruce_stairs":125,"minecraft:milk_bucket":4,"minecraft:diamond_pickaxe":30526,"minecraft:ladder":15,"minecraft:magma_block":2,"minecraft:blast_furnace":9,"minecraft:cobbled_deepslate_wall":605,"minecraft:azalea":10,"minecraft:tuff":24,"minecraft:crimson_slab":18,"minecraft:brewing_stand":1,"minecraft:stone_sword":919,"minecraft:piston":16,"minecraft:sweet_berries":303,"minecraft:lava_bucket":1,"minecraft:cobblestone_wall":8,"minecraft:copper_block":12,"minecraft:hopper":153,"minecraft:carrot":1254,"minecraft:note_block":5,"minecraft:copper_trapdoor":24,"minecraft:white_bed":26,"minecraft:diamond_boots":1,"minecraft:light_blue_dye":1,"minecraft:white_dye":2,"minecraft:iron_hoe":251,"minecraft:blue_glazed_terracotta":35,"minecraft:deepslate_brick_wall":36,"minecraft:furnace":47,"minecraft:barrel":19,"minecraft:fern":1,"minecraft:lever":9,"minecraft:warped_fungus":2,"minecraft:tripwire_hook":4,"minecraft:cobblestone_slab":22,"minecraft:stone_button":2,"minecraft:spruce_button":1,"minecraft:deepslate_brick_stairs":55,"minecraft:oak_stairs":10,"minecraft:crimson_nylium":14,"minecraft:cooked_beef":41,"minecraft:redstone_torch":20,"minecraft:spruce_sapling":156}},"DataVersion":4440}