{"stats":{"minecraft:killed_by":{"minecraft:ravager":1,"minecraft:player":7,"minecraft:magma_cube":2,"minecraft:zombie_villager":1,"minecraft:silverfish":1,"minecraft:hoglin":1,"minecraft:piglin":1,"minecraft:zombie":2},"minecraft:custom":{"minecraft:eat_cake_slice":3,"minecraft:time_since_rest":162370,"minecraft:leave_game":73,"minecraft:boat_one_cm":888741,"minecraft:time_since_death":162317,"minecraft:interact_with_furnace":274,"minecraft:happy_ghast_one_cm":7663555,"minecraft:total_world_time":2920829,"minecraft:crouch_one_cm":375759,"minecraft:raid_win":1,"minecraft:climb_one_cm":356931,"minecraft:deaths":29,"minecraft:interact_with_stonecutter":122,"minecraft:fish_caught":22,"minecraft:animals_bred":750,"minecraft:traded_with_villager":143,"minecraft:damage_blocked_by_shield":178,"minecraft:interact_with_crafting_table":598,"minecraft:walk_one_cm":17080847,"minecraft:walk_under_water_one_cm":133609,"minecraft:horse_one_cm":31456,"minecraft:damage_dealt":116575,"minecraft:play_time":2920829,"minecraft:jump":38043,"minecraft:play_record":4,"minecraft:sprint_one_cm":6931739,"minecraft:inspect_hopper":15,"minecraft:fly_one_cm":9387993,"minecraft:walk_on_water_one_cm":113501,"minecraft:interact_with_blast_furnace":25,"minecraft:interact_with_grindstone":2,"minecraft:talked_to_villager":170,"minecraft:damage_taken":32780,"minecraft:mob_kills":2203,"minecraft:interact_with_beacon":3,"minecraft:open_enderchest":21,"minecraft:interact_with_brewingstand":436,"minecraft:interact_with_smithing_table":2,"minecraft:sleep_in_bed":17,"minecraft:swim_one_cm":290266,"minecraft:player_kills":4,"minecraft:enchant_item":11,"minecraft:interact_with_loom":2,"minecraft:play_noteblock":1,"minecraft:interact_with_lectern":15,"minecraft:drop":680,"minecraft:bell_ring":1,"minecraft:open_barrel":231,"minecraft:open_chest":3141,"minecraft:interact_with_smoker":135,"minecraft:fall_one_cm":1012782,"minecraft:tune_noteblock":1,"minecraft:interact_with_anvil":28,"minecraft:sneak_time":108291},"minecraft:broken":{"minecraft:stone_shovel":1,"minecraft:iron_axe":2,"minecraft:iron_shovel":5,"minecraft:bow":1,"minecraft:stone_hoe":1,"minecraft:stone_axe":1,"minecraft:leather_boots":1,"minecraft:stone_pickaxe":3,"minecraft:diamond_axe":1},"minecraft:crafted":{"minecraft:sandstone":9,"minecraft:andesite_wall":18,"minecraft:nether_brick":112,"minecraft:gold_ingot":20,"minecraft:book":144,"minecraft:cookie":824,"minecraft:melon":4,"minecraft:oak_fence":51,"minecraft:light_gray_wool":14,"minecraft:diamond_pickaxe":1,"minecraft:chest":53,"minecraft:iron_block":6,"minecraft:bookshelf":2,"minecraft:acacia_wood":24,"minecraft:acacia_planks":56,"minecraft:bucket":4,"minecraft:jungle_planks":16,"minecraft:daylight_detector":3,"minecraft:ladder":30,"minecraft:item_frame":17,"minecraft:oak_stairs":20,"minecraft:mushroom_stew":5,"minecraft:cauldron":3,"minecraft:mangrove_button":1,"minecraft:oak_pressure_plate":1,"minecraft:stone_hoe":1,"minecraft:diamond_shovel":1,"minecraft:glass":227,"minecraft:oak_sign":45,"minecraft:tuff_wall":26,"minecraft:cobblestone_slab":6,"minecraft:mangrove_planks":184,"minecraft:spruce_fence":21,"minecraft:oak_trapdoor":2,"minecraft:smooth_sandstone_slab":4,"minecraft:mangrove_wood":42,"minecraft:brewing_stand":3,"minecraft:cobbled_deepslate_slab":8,"minecraft:red_terracotta":32,"minecraft:lime_harness":1,"minecraft:sugar":71,"minecraft:cobbled_deepslate_stairs":6,"minecraft:light_gray_terracotta":40,"minecraft:redstone_block":25,"minecraft:netherite_upgrade_smithing_template":4,"minecraft:pale_oak_pressure_plate":12,"minecraft:mangrove_sign":12,"minecraft:green_dye":1,"minecraft:cooked_mutton":173,"minecraft:leather":10,"minecraft:acacia_trapdoor":2,"minecraft:smooth_stone":1,"minecraft:white_wool":63,"minecraft:cooked_beef":244,"minecraft:diamond":36,"minecraft:stonecutter":3,"minecraft:oak_slab":180,"minecraft:golden_carrot":60,"minecraft:barrel":14,"minecraft:red_stained_glass":8,"minecraft:nether_wart_block":9,"minecraft:cake":22,"minecraft:apple":4,"minecraft:paper":483,"minecraft:armor_stand":1,"minecraft:furnace":4,"minecraft:iron_ingot":197,"minecraft:lead":4,"minecraft:scaffolding":96,"minecraft:redstone_lamp":3,"minecraft:stone":69,"minecraft:blaze_powder":56,"minecraft:acacia_slab":12,"minecraft:enchanted_book":140,"minecraft:baked_potato":128,"minecraft:spruce_stairs":4,"minecraft:crimson_hyphae":27,"minecraft:shield":2,"minecraft:light_gray_banner":2,"minecraft:polished_tuff_wall":4,"minecraft:red_nether_bricks":18,"minecraft:diamond_block":28,"minecraft:netherite_pickaxe":1,"minecraft:birch_sign":33,"minecraft:iron_axe":1,"minecraft:cobblestone_stairs":56,"minecraft:golden_apple":5,"minecraft:white_terracotta":96,"minecraft:cooked_salmon":29,"minecraft:orange_terracotta":8,"minecraft:golden_helmet":1,"minecraft:writable_book":2,"minecraft:ender_eye":1,"minecraft:gray_banner":3,"minecraft:gray_dye":34,"minecraft:map":2,"minecraft:stick":408,"minecraft:leather_boots":8,"minecraft:deepslate_bricks":1,"minecraft:nether_brick_stairs":2,"minecraft:compass":2,"minecraft:ender_chest":1,"minecraft:minecart":2,"minecraft:black_dye":31,"minecraft:cooked_porkchop":21,"minecraft:pumpkin_seeds":4,"minecraft:diamond_axe":1,"minecraft:cobblestone_wall":54,"minecraft:jungle_slab":6,"minecraft:light_gray_dye":50,"minecraft:air":0,"minecraft:bone_meal":102,"minecraft:oak_boat":10,"minecraft:snow_block":40,"minecraft:glass_bottle":132,"minecraft:pumpkin_pie":9,"minecraft:lime_wool":11,"minecraft:red_dye":33,"minecraft:pale_oak_slab":6,"minecraft:mangrove_fence":15,"minecraft:acacia_fence":3,"minecraft:light_gray_stained_glass":216,"minecraft:mangrove_trapdoor":10,"minecraft:lapis_lazuli":36,"minecraft:smooth_sandstone":9,"minecraft:oxidized_cut_copper":4,"minecraft:nether_brick_wall":2,"minecraft:bundle":3,"minecraft:lime_bundle":1,"minecraft:oak_planks":624,"minecraft:gray_stained_glass":144,"minecraft:gold_nugget":399,"minecraft:shears":3,"minecraft:iron_shovel":4,"minecraft:white_banner":18,"minecraft:smoker":1,"minecraft:mangrove_slab":18,"minecraft:white_dye":99,"minecraft:lantern":1,"minecraft:polished_deepslate_stairs":4,"minecraft:nether_brick_fence":6,"minecraft:cooked_chicken":218,"minecraft:birch_planks":304,"minecraft:hopper":4,"minecraft:stone_pickaxe":2,"minecraft:white_bundle":1,"minecraft:anvil":2,"minecraft:lime_dye":2,"minecraft:nether_bricks":16,"minecraft:stripped_mangrove_wood":21,"minecraft:red_nether_brick_wall":3,"minecraft:mangrove_stairs":12,"minecraft:wooden_pickaxe":1,"minecraft:spruce_slab":30,"minecraft:red_stained_glass_pane":16,"minecraft:oak_door":6,"minecraft:acacia_fence_gate":3,"minecraft:glowstone":31,"minecraft:composter":1,"minecraft:lime_banner":3,"minecraft:chain":13,"minecraft:fermented_spider_eye":18,"minecraft:diamond_sword":1,"minecraft:iron_nugget":36,"minecraft:emerald":2,"minecraft:wheat":594,"minecraft:pale_oak_planks":28,"minecraft:spruce_trapdoor":4,"minecraft:copper_ingot":484,"minecraft:bread":314,"minecraft:tuff_stairs":4,"minecraft:hay_block":328,"minecraft:crafting_table":6,"minecraft:glistering_melon_slice":3,"minecraft:bricks":12,"minecraft:mangrove_fence_gate":14,"minecraft:torch":100,"minecraft:birch_slab":90,"minecraft:bowl":4,"minecraft:saddle":1,"minecraft:spruce_planks":224,"minecraft:lectern":1,"minecraft:iron_pickaxe":1,"minecraft:copper_block":12,"minecraft:red_nether_brick_stairs":2},"minecraft:killed":{"minecraft:zombified_piglin":100,"minecraft:pillager":1,"minecraft:skeleton":34,"minecraft:pig":11,"minecraft:piglin":4,"minecraft:ravager":1,"minecraft:bat":10,"minecraft:silverfish":1012,"minecraft:spider":22,"minecraft:zombie":87,"minecraft:husk":12,"minecraft:creeper":33,"minecraft:chicken":340,"minecraft:hoglin":98,"minecraft:sheep":170,"minecraft:squid":11,"minecraft:drowned":6,"minecraft:cow":186,"minecraft:magma_cube":53,"minecraft:ghast":2},"minecraft:picked_up":{"minecraft:cobblestone_wall":10,"minecraft:sweet_berries":484,"minecraft:cobblestone":4885,"minecraft:minecart":3,"minecraft:brick":5,"minecraft:saddle":2,"minecraft:sugar_cane":729,"minecraft:bone":26,"minecraft:rose_bush":64,"minecraft:cooked_mutton":15,"minecraft:diamond_shovel":1,"minecraft:clay_ball":45,"minecraft:stripped_spruce_log":1,"minecraft:white_banner":10,"minecraft:blaze_rod":65,"minecraft:emerald":219,"minecraft:sugar":6,"minecraft:mangrove_trapdoor":2,"minecraft:polished_diorite_slab":1,"minecraft:book":15,"minecraft:purpur_pillar":1,"minecraft:armor_stand":1,"minecraft:ink_sac":117,"minecraft:crimson_fungus":1,"minecraft:light_gray_concrete":2,"minecraft:andesite_wall":16,"minecraft:wildflowers":8,"minecraft:shroomlight":9,"minecraft:bow":5,"minecraft:arrow":94,"minecraft:iron_ingot":216,"minecraft:lilac":1,"minecraft:cactus":3,"minecraft:spruce_slab":3,"minecraft:blue_concrete":1,"minecraft:crossbow":2,"minecraft:mace":1,"minecraft:brick_stairs":1,"minecraft:mutton":260,"minecraft:golden_carrot":2,"minecraft:axolotl_bucket":2,"minecraft:stonecutter":6,"minecraft:crimson_stem":31,"minecraft:cobblestone_stairs":13,"minecraft:oak_stairs":20,"minecraft:oak_log":92,"minecraft:sand":77,"minecraft:furnace":9,"minecraft:wheat_seeds":11031,"minecraft:iron_ore":2,"minecraft:oak_door":10,"minecraft:quartz":257,"minecraft:egg":1795,"minecraft:weathered_cut_copper_stairs":3,"minecraft:tuff_wall":7,"minecraft:red_mushroom":14,"minecraft:snowball":1055,"minecraft:white_bundle":1,"minecraft:loom":1,"minecraft:dried_kelp":1,"minecraft:oak_sign":28,"minecraft:string":19,"minecraft:golden_sword":6,"minecraft:smithing_table":2,"minecraft:stone_bricks":1,"minecraft:obsidian":20,"minecraft:leather_boots":1,"minecraft:writable_book":15,"minecraft:light_gray_terracotta":4,"minecraft:polished_diorite":1,"minecraft:nether_wart_block":47,"minecraft:mushroom_stew":8,"minecraft:ender_chest":3,"minecraft:acacia_trapdoor":1,"minecraft:spruce_sapling":3,"minecraft:iron_block":89,"minecraft:glowstone":31,"minecraft:mangrove_log":4,"minecraft:white_bed":1,"minecraft:fishing_rod":1,"minecraft:stripped_oak_log":2,"minecraft:chiseled_stone_bricks":1,"minecraft:granite_stairs":1,"minecraft:leather":243,"minecraft:birch_sign":8,"minecraft:lead":6,"minecraft:brown_mushroom":47,"minecraft:stripped_acacia_wood":14,"minecraft:armadillo_scute":1,"minecraft:moss_carpet":1,"minecraft:ghast_tear":66,"minecraft:music_disc_tears":2,"minecraft:scaffolding":62,"minecraft:mangrove_slab":1,"minecraft:prismarine":19,"minecraft:sea_pickle":25,"minecraft:porkchop":34,"minecraft:spruce_sign":10,"minecraft:oak_pressure_plate":1,"minecraft:music_disc_precipice":1,"minecraft:stick":58,"minecraft:polished_tuff":10,"minecraft:wooden_sword":3,"minecraft:bamboo":114,"minecraft:turtle_egg":3,"minecraft:player_head":1,"minecraft:cooked_porkchop":277,"minecraft:iron_axe":1,"minecraft:cauldron":4,"minecraft:cookie":2,"minecraft:red_carpet":5,"minecraft:item_frame":9,"minecraft:stone_brick_wall":1,"minecraft:raw_iron":217,"minecraft:oxidized_copper":8,"minecraft:netherite_leggings":1,"minecraft:leather_helmet":1,"minecraft:chest":27,"minecraft:lectern":29,"minecraft:netherite_sword":1,"minecraft:cobbled_deepslate_slab":5,"minecraft:netherrack":166,"minecraft:red_wool":2,"minecraft:beacon":1,"minecraft:red_stained_glass_pane":2,"minecraft:stone":130,"minecraft:gravel":140,"minecraft:netherite_hoe":1,"minecraft:tuff":686,"minecraft:phantom_membrane":4,"minecraft:redstone_block":1,"minecraft:cooked_cod":1,"minecraft:stripped_mangrove_log":128,"minecraft:tuff_stairs":3,"minecraft:stripped_mangrove_wood":11,"minecraft:potato":1,"minecraft:terracotta":66,"minecraft:lime_wool":123,"minecraft:lapis_lazuli":82,"minecraft:jungle_log":7,"minecraft:rabbit_stew":1,"minecraft:activator_rail":1,"minecraft:warped_sign":2,"minecraft:mangrove_sign":1,"minecraft:oak_boat":59,"minecraft:pufferfish":5,"minecraft:cherry_sapling":5,"minecraft:oak_planks":30,"minecraft:mangrove_fence_gate":2,"minecraft:flint_and_steel":1,"minecraft:netherite_chestplate":1,"minecraft:raw_copper":756,"minecraft:orange_dye":1,"minecraft:stone_brick_stairs":22,"minecraft:rotten_flesh":124,"minecraft:written_book":10,"minecraft:fermented_spider_eye":1,"minecraft:ancient_debris":1,"minecraft:apple":5,"minecraft:calcite":14,"minecraft:jukebox":1,"minecraft:smooth_sandstone":1,"minecraft:mangrove_stairs":8,"minecraft:tropical_fish":5,"minecraft:name_tag":1,"minecraft:glass":32,"minecraft:composter":1,"minecraft:flint":22,"minecraft:polished_deepslate_wall":1,"minecraft:suspicious_stew":1,"minecraft:redstone":416,"minecraft:deepslate_tiles":6,"minecraft:redstone_lamp":1,"minecraft:birch_slab":6,"minecraft:glow_berries":7,"minecraft:firefly_bush":11,"minecraft:melon_slice":237,"minecraft:diamond":337,"minecraft:granite":657,"minecraft:goat_horn":9,"minecraft:stone_brick_slab":4,"minecraft:lily_pad":16,"minecraft:deepslate_brick_slab":5,"minecraft:nether_wart":364,"minecraft:salmon":9,"minecraft:charcoal":2,"minecraft:spruce_boat":48,"minecraft:cobbled_deepslate_stairs":3,"minecraft:gold_block":9,"minecraft:spyglass":1,"minecraft:magma_cream":5,"minecraft:bowl":4,"minecraft:chest_minecart":1,"minecraft:polished_tuff_wall":6,"minecraft:orange_banner":1,"minecraft:enchanted_golden_apple":2,"minecraft:hay_block":167,"minecraft:raw_gold":12,"minecraft:deepslate_bricks":19,"minecraft:crying_obsidian":4,"minecraft:pale_oak_sign":1,"minecraft:spruce_planks":30,"minecraft:lime_bed":1,"minecraft:dirt":1662,"minecraft:basalt":1,"minecraft:blue_egg":22,"minecraft:rail":354,"minecraft:iron_shovel":1,"minecraft:torch":65,"minecraft:diamond_pickaxe":3,"minecraft:cobbled_deepslate_wall":11,"minecraft:bread":163,"minecraft:spruce_log":37,"minecraft:coal":553,"minecraft:netherite_pickaxe":2,"minecraft:oak_fence":25,"minecraft:yellow_stained_glass":1,"minecraft:splash_potion":1,"minecraft:light_gray_stained_glass":13,"minecraft:weeping_vines":2,"minecraft:prismarine_brick_stairs":3,"minecraft:anvil":1,"minecraft:milk_bucket":2,"minecraft:hopper":1,"minecraft:birch_sapling":13,"minecraft:totem_of_undying":1,"minecraft:poppy":1,"minecraft:cooked_beef":2,"minecraft:white_wool":490,"minecraft:feather":341,"minecraft:potion":16,"minecraft:fletching_table":3,"minecraft:exposed_copper":7,"minecraft:andesite":343,"minecraft:lily_of_the_valley":4,"minecraft:deepslate_tile_slab":11,"minecraft:copper_ingot":2,"minecraft:ladder":9,"minecraft:filled_map":3,"minecraft:soul_sand":17,"minecraft:diamond_axe":1,"minecraft:carrot":198,"minecraft:polished_deepslate_slab":6,"minecraft:breeze_rod":1,"minecraft:netherite_boots":1,"minecraft:gold_nugget":61,"minecraft:polished_diorite_stairs":1,"minecraft:cod":10,"minecraft:gold_ingot":104,"minecraft:baked_potato":1,"minecraft:melon_seeds":104,"minecraft:copper_block":15,"minecraft:glow_ink_sac":2,"minecraft:golden_apple":1,"minecraft:acacia_fence_gate":2,"minecraft:prismarine_bricks":20,"minecraft:acacia_slab":1,"minecraft:black_wool":12,"minecraft:chicken":423,"minecraft:red_terracotta":2,"minecraft:nether_brick_stairs":1,"minecraft:cooked_salmon":4,"minecraft:cooked_chicken":19,"minecraft:kelp":15,"minecraft:cobbled_deepslate":412,"minecraft:glowstone_dust":134,"minecraft:pumpkin_seeds":13,"minecraft:end_stone_bricks":1,"minecraft:wheat":4045,"minecraft:gunpowder":29,"minecraft:pumpkin_pie":6,"minecraft:netherite_helmet":1,"minecraft:spruce_trapdoor":1,"minecraft:blaze_powder":1,"minecraft:magma_block":12,"minecraft:tinted_glass":3,"minecraft:smooth_stone":11,"minecraft:light_gray_wool":61,"minecraft:leaf_litter":10687,"minecraft:pale_oak_planks":103,"minecraft:grass_block":1,"minecraft:birch_log":29,"minecraft:music_disc_creator":1,"minecraft:mud":384,"minecraft:pumpkin":22,"minecraft:diamond_block":3,"minecraft:spider_eye":36,"minecraft:bone_meal":50,"minecraft:tipped_arrow":41,"minecraft:diorite":279,"minecraft:weathered_copper":32,"minecraft:crafting_table":32,"minecraft:oak_sapling":63,"minecraft:bundle":7,"minecraft:beef":406,"minecraft:polished_deepslate_stairs":2,"minecraft:cake":4,"minecraft:wind_charge":67,"minecraft:cobblestone_slab":6,"minecraft:glass_bottle":4,"minecraft:oak_slab":33,"minecraft:netherite_ingot":1,"minecraft:dried_ghast":3,"minecraft:barrel":8,"minecraft:iron_hoe":1,"minecraft:cocoa_beans":229,"minecraft:paper":14,"minecraft:gray_wool":92},"minecraft:mined":{"minecraft:torch":18,"minecraft:yellow_stained_glass":1,"minecraft:spruce_log":37,"minecraft:chest":25,"minecraft:pumpkin":29,"minecraft:netherrack":354,"minecraft:beacon":1,"minecraft:spruce_sapling":1,"minecraft:brown_mushroom":45,"minecraft:spruce_planks":13,"minecraft:birch_log":29,"minecraft:sweet_berry_bush":45,"minecraft:magma_block":15,"minecraft:red_wool":2,"minecraft:redstone_lamp":1,"minecraft:anvil":1,"minecraft:warped_sign":1,"minecraft:deepslate_bricks":19,"minecraft:campfire":1,"minecraft:gold_block":9,"minecraft:wall_torch":14,"minecraft:fire":1,"minecraft:smithing_table":2,"minecraft:deepslate_tiles":7,"minecraft:deepslate_brick_slab":1,"minecraft:sea_pickle":8,"minecraft:spruce_wall_sign":5,"minecraft:brick_stairs":1,"minecraft:tuff_wall":7,"minecraft:oak_wall_sign":12,"minecraft:scaffolding":17,"minecraft:oak_leaves":594,"minecraft:birch_slab":2,"minecraft:mangrove_slab":1,"minecraft:clay":11,"minecraft:fletching_table":3,"minecraft:deepslate_copper_ore":6,"minecraft:tall_grass":3,"minecraft:emerald_ore":4,"minecraft:lily_pad":14,"minecraft:cobbled_deepslate_slab":4,"minecraft:acacia_trapdoor":1,"minecraft:acacia_slab":1,"minecraft:prismarine_brick_stairs":3,"minecraft:stripped_mangrove_wood":11,"minecraft:sand":72,"minecraft:white_banner":1,"minecraft:seagrass":1,"minecraft:spruce_sign":3,"minecraft:oxidized_copper":8,"minecraft:stonecutter":6,"minecraft:cocoa":75,"minecraft:lapis_ore":3,"minecraft:chiseled_stone_bricks":1,"minecraft:lime_bed":1,"minecraft:vine":5,"minecraft:terracotta":2,"minecraft:carrots":56,"minecraft:lectern":28,"minecraft:weeping_vines":1,"minecraft:short_grass":37,"minecraft:red_mushroom":14,"minecraft:mangrove_wall_sign":1,"minecraft:infested_stone":8,"minecraft:crafting_table":28,"minecraft:leaf_litter":2731,"minecraft:stripped_oak_log":2,"minecraft:copper_ore":112,"minecraft:stone_brick_wall":1,"minecraft:smooth_stone":9,"minecraft:nether_brick_stairs":1,"minecraft:cave_vines_plant":27,"minecraft:cauldron":4,"minecraft:cactus":1,"minecraft:iron_block":157,"minecraft:white_wall_banner":6,"minecraft:stone_bricks":1,"minecraft:bush":4,"minecraft:crimson_stem":31,"minecraft:wheat":4311,"minecraft:dried_ghast":2,"minecraft:mangrove_stairs":8,"minecraft:prismarine":1,"minecraft:birch_sign":3,"minecraft:red_terracotta":2,"minecraft:soul_sand":1,"minecraft:fire_coral_wall_fan":1,"minecraft:light_gray_terracotta":4,"minecraft:polished_tuff_wall":6,"minecraft:crying_obsidian":4,"minecraft:snow_block":3175,"minecraft:barrel":8,"minecraft:nether_wart":69,"minecraft:grass_block":1426,"minecraft:stone_brick_slab":2,"minecraft:deepslate_tile_wall":1,"minecraft:calcite":14,"minecraft:spruce_slab":3,"minecraft:weathered_cut_copper_stairs":3,"minecraft:andesite_wall":16,"minecraft:jukebox":1,"minecraft:warped_wall_sign":1,"minecraft:smooth_sandstone":1,"minecraft:oak_sign":5,"minecraft:weeping_vines_plant":2,"minecraft:birch_wall_sign":5,"minecraft:granite_stairs":1,"minecraft:farmland":3,"minecraft:obsidian":18,"minecraft:cave_vines":11,"minecraft:melon":61,"minecraft:stripped_spruce_log":1,"minecraft:nether_wart_block":47,"minecraft:polished_diorite_slab":1,"minecraft:birch_leaves":129,"minecraft:oak_fence":28,"minecraft:bamboo":15,"minecraft:stone_brick_stairs":22,"minecraft:kelp_plant":4,"minecraft:deepslate_diamond_ore":4,"minecraft:light_gray_concrete":2,"minecraft:copper_block":15,"minecraft:iron_ore":79,"minecraft:pumpkin_stem":8,"minecraft:lily_of_the_valley":4,"minecraft:oak_planks":38,"minecraft:cobblestone":580,"minecraft:light_gray_stained_glass":13,"minecraft:tinted_glass":2,"minecraft:sugar_cane":434,"minecraft:shroomlight":9,"minecraft:mangrove_leaves":1,"minecraft:polished_diorite":1,"minecraft:furnace":9,"minecraft:mangrove_trapdoor":2,"minecraft:wildflowers":2,"minecraft:exposed_copper":7,"minecraft:tall_seagrass":1,"minecraft:rail":324,"minecraft:dirt":9265,"minecraft:cobblestone_wall":10,"minecraft:hopper":1,"minecraft:red_stained_glass_pane":2,"minecraft:ladder":6,"minecraft:basalt":1,"minecraft:deepslate":341,"minecraft:snow":474,"minecraft:oak_log":96,"minecraft:oak_door":7,"minecraft:polished_diorite_stairs":1,"minecraft:redstone_ore":4,"minecraft:lime_wool":3,"minecraft:weathered_copper":32,"minecraft:oak_slab":32,"minecraft:gravel":430,"minecraft:pale_oak_wall_sign":1,"minecraft:acacia_fence_gate":2,"minecraft:loom":1,"minecraft:red_carpet":3,"minecraft:melon_stem":23,"minecraft:jungle_log":8,"minecraft:firefly_bush":11,"minecraft:gold_ore":5,"minecraft:andesite":1149,"minecraft:chiseled_bookshelf":1,"minecraft:glowstone":53,"minecraft:redstone_block":1,"minecraft:ice":88,"minecraft:poppy":1,"minecraft:deepslate_iron_ore":2,"minecraft:stone":15388,"minecraft:stripped_mangrove_log":128,"minecraft:granite":1751,"minecraft:cobblestone_stairs":13,"minecraft:coal_ore":212,"minecraft:diorite":853,"minecraft:hay_block":164,"minecraft:spruce_trapdoor":1,"minecraft:white_bed":1,"minecraft:polished_deepslate_stairs":2,"minecraft:cherry_sapling":1,"minecraft:cobbled_deepslate_wall":11,"minecraft:light_gray_wool":2,"minecraft:composter":1,"minecraft:cobbled_deepslate_stairs":3,"minecraft:crimson_nylium":5,"minecraft:powder_snow":35,"minecraft:stripped_acacia_wood":14,"minecraft:oak_stairs":20,"minecraft:mangrove_log":4,"minecraft:polished_deepslate_wall":1,"minecraft:cobweb":5,"minecraft:tuff_stairs":3,"minecraft:spruce_leaves":48,"minecraft:mangrove_fence_gate":2,"minecraft:cobbled_deepslate":77,"minecraft:tuff":686,"minecraft:polished_tuff":10,"minecraft:pale_oak_planks":102,"minecraft:cobblestone_slab":6},"minecraft:dropped":{"minecraft:wooden_sword":3,"minecraft:oak_boat":1,"minecraft:gravel":2,"minecraft:bone":8,"minecraft:end_stone_bricks":1,"minecraft:brick":2,"minecraft:ink_sac":20,"minecraft:bowl":3,"minecraft:enchanted_book":17,"minecraft:spruce_sign":2,"minecraft:crossbow":1,"minecraft:filled_map":2,"minecraft:cooked_chicken":149,"minecraft:diamond_block":1,"minecraft:redstone":194,"minecraft:grass_block":1,"minecraft:golden_carrot":44,"minecraft:book":10,"minecraft:birch_sign":1,"minecraft:arrow":1,"minecraft:chiseled_stone_bricks":1,"minecraft:spruce_log":1,"minecraft:gunpowder":4,"minecraft:cooked_mutton":40,"minecraft:purpur_pillar":1,"minecraft:diorite":71,"minecraft:netherite_hoe":1,"minecraft:rotten_flesh":86,"minecraft:ancient_debris":1,"minecraft:torch":1,"minecraft:bow":2,"minecraft:bucket":6,"minecraft:dirt":358,"minecraft:activator_rail":1,"minecraft:obsidian":1,"minecraft:melon_slice":44,"minecraft:sand":1,"minecraft:chest":1,"minecraft:stone_brick_stairs":1,"minecraft:oak_fence":2,"minecraft:pufferfish_bucket":1,"minecraft:emerald":33,"minecraft:rail":18,"minecraft:coal":19,"minecraft:spruce_boat":1,"minecraft:glass_bottle":1,"minecraft:cooked_beef":45,"minecraft:nether_wart":35,"minecraft:written_book":3,"minecraft:raw_iron":39,"minecraft:item_frame":8,"minecraft:cookie":160,"minecraft:crafting_table":3,"minecraft:lapis_lazuli":25,"minecraft:netherrack":1,"minecraft:cooked_porkchop":128,"minecraft:terracotta":64,"minecraft:glow_ink_sac":1,"minecraft:diamond_shovel":2,"minecraft:oak_planks":3,"minecraft:lectern":1,"minecraft:wheat":68,"minecraft:cobbled_deepslate":6,"minecraft:egg":182,"minecraft:wheat_seeds":473,"minecraft:iron_ingot":33,"minecraft:flint_and_steel":1,"minecraft:iron_nugget":1,"minecraft:goat_horn":1,"minecraft:paper":3,"minecraft:netherite_ingot":3,"minecraft:rose_bush":1,"minecraft:birch_slab":4,"minecraft:player_head":1,"minecraft:tinted_glass":1,"minecraft:copper_ingot":2,"minecraft:diamond_pickaxe":3,"minecraft:hay_block":73,"minecraft:string":2,"minecraft:oak_sign":5,"minecraft:stick":17,"minecraft:pale_oak_planks":7,"minecraft:cooked_salmon":34,"minecraft:bread":112,"minecraft:snowball":830,"minecraft:oak_door":1,"minecraft:leather_helmet":1,"minecraft:cobblestone":1369,"minecraft:white_bundle":1,"minecraft:wind_charge":2,"minecraft:blue_concrete":1,"minecraft:potion":32,"minecraft:bundle":7,"minecraft:leather":47,"minecraft:splash_potion":20,"minecraft:quartz":257,"minecraft:granite":170,"minecraft:diamond":48,"minecraft:golden_sword":6,"minecraft:pumpkin_pie":10,"minecraft:water_bucket":1,"minecraft:leaf_litter":332,"minecraft:chicken":64,"minecraft:flint":3,"minecraft:polished_deepslate_slab":6,"minecraft:salmon":4,"minecraft:fishing_rod":1,"minecraft:writable_book":10,"minecraft:cake":1,"minecraft:gray_wool":64},"minecraft:used":{"minecraft:polished_tuff":20,"minecraft:weathered_cut_copper_slab":16,"minecraft:daylight_detector":3,"minecraft:stripped_mangrove_wood":32,"minecraft:weathered_copper":25,"minecraft:kelp":16,"minecraft:clay":11,"minecraft:birch_sign":36,"minecraft:white_banner":11,"minecraft:diamond_sword":794,"minecraft:cobbled_deepslate_slab":44,"minecraft:acacia_slab":3,"minecraft:wheat_seeds":4434,"minecraft:brick_stairs":13,"minecraft:mushroom_stew":3,"minecraft:polished_diorite_stairs":6,"minecraft:allium":1,"minecraft:hay_block":390,"minecraft:deepslate_tile_slab":10,"minecraft:exposed_copper":7,"minecraft:jungle_log":5,"minecraft:oak_log":4,"minecraft:red_nether_brick_wall":7,"minecraft:spruce_slab":10,"minecraft:stonecutter":9,"minecraft:diamond_axe":2034,"minecraft:stripped_oak_log":2,"minecraft:poppy":1,"minecraft:snowball":86,"minecraft:jungle_slab":1,"minecraft:calcite":88,"minecraft:armor_stand":2,"minecraft:bow":140,"minecraft:polished_granite_stairs":6,"minecraft:cobbled_deepslate_stairs":41,"minecraft:loom":1,"minecraft:cobbled_deepslate":958,"minecraft:polished_diorite":381,"minecraft:cod":9,"minecraft:andesite_wall":116,"minecraft:deepslate_brick_slab":7,"minecraft:stone_shovel":131,"minecraft:light_gray_banner":2,"minecraft:fletching_table":1,"minecraft:anvil":3,"minecraft:melon_seeds":34,"minecraft:goat_horn":23,"minecraft:red_nether_bricks":9,"minecraft:written_book":38,"minecraft:acacia_fence":2,"minecraft:terracotta":2,"minecraft:cooked_salmon":15,"minecraft:sand":36,"minecraft:redstone_block":20,"minecraft:wind_charge":3,"minecraft:gray_banner":3,"minecraft:gray_wool":12,"minecraft:mangrove_planks":16,"minecraft:prismarine_brick_slab":4,"minecraft:nether_wart_block":45,"minecraft:bucket":98,"minecraft:cocoa_beans":90,"minecraft:nether_brick_slab":4,"minecraft:pale_oak_pressure_plate":12,"minecraft:porkchop":2,"minecraft:oak_sapling":18,"minecraft:oak_fence":54,"minecraft:oak_trapdoor":4,"minecraft:nether_bricks":6,"minecraft:wildflowers":8,"minecraft:shield":3,"minecraft:birch_slab":83,"minecraft:iron_pickaxe":205,"minecraft:andesite":41,"minecraft:bamboo":15,"minecraft:oak_boat":65,"minecraft:golden_carrot":12,"minecraft:peony":1,"minecraft:stone_brick_slab":4,"minecraft:deepslate_bricks":16,"minecraft:light_gray_terracotta":41,"minecraft:cooked_mutton":98,"minecraft:shroomlight":3,"minecraft:cookie":2,"minecraft:red_stained_glass_pane":29,"minecraft:stone_bricks":30,"minecraft:gray_dye":11,"minecraft:tuff_brick_stairs":4,"minecraft:minecart":4,"minecraft:smooth_stone":151,"minecraft:gray_stained_glass":144,"minecraft:diorite":32,"minecraft:tropical_fish_bucket":2,"minecraft:pumpkin_seeds":12,"minecraft:cobblestone":1281,"minecraft:stone":99,"minecraft:axolotl_bucket":6,"minecraft:chain":10,"minecraft:crafting_table":34,"minecraft:spruce_sign":6,"minecraft:spruce_trapdoor":5,"minecraft:red_mushroom":8,"minecraft:potion":8,"minecraft:mangrove_wood":9,"minecraft:lime_banner":3,"minecraft:baked_potato":1,"minecraft:scaffolding":154,"minecraft:smoker":1,"minecraft:moss_carpet":1,"minecraft:melon_slice":202,"minecraft:stone_hoe":131,"minecraft:spruce_log":141,"minecraft:pumpkin":6,"minecraft:water_bucket":90,"minecraft:soul_sand":16,"minecraft:deepslate_tile_wall":1,"minecraft:golden_helmet":2,"minecraft:bread":145,"minecraft:torch":130,"minecraft:red_wool":2,"minecraft:cobblestone_stairs":80,"minecraft:gravel":15,"minecraft:cake":3,"minecraft:nether_brick_stairs":4,"minecraft:beacon":1,"minecraft:cooked_chicken":66,"minecraft:nether_brick_wall":2,"minecraft:lily_of_the_valley":4,"minecraft:red_terracotta":31,"minecraft:redstone_lamp":4,"minecraft:smooth_sandstone":8,"minecraft:snow_block":154,"minecraft:chest":72,"minecraft:cauldron":16,"minecraft:beef":2,"minecraft:stone_brick_wall":18,"minecraft:prismarine":1,"minecraft:birch_sapling":5,"minecraft:iron_axe":259,"minecraft:leaf_litter":982,"minecraft:andesite_stairs":37,"minecraft:melon":24,"minecraft:iron_block":89,"minecraft:mangrove_slab":9,"minecraft:glow_berries":7,"minecraft:glass_bottle":142,"minecraft:light_gray_concrete":2,"minecraft:jungle_planks":1,"minecraft:oak_sign":68,"minecraft:salmon":5,"minecraft:sea_pickle":4,"minecraft:lantern":1,"minecraft:netherite_pickaxe":1824,"minecraft:cooked_porkchop":17,"minecraft:granite":16,"minecraft:iron_shovel":1261,"minecraft:pale_oak_sign":1,"minecraft:red_carpet":5,"minecraft:firefly_bush":9,"minecraft:smithing_table":2,"minecraft:oxidized_cut_copper":1,"minecraft:nether_wart":99,"minecraft:pumpkin_pie":1,"minecraft:stone_pickaxe":394,"minecraft:oak_door":13,"minecraft:netherrack":72,"minecraft:spruce_boat":44,"minecraft:diamond_shovel":13338,"minecraft:dried_ghast":3,"minecraft:birch_planks":10,"minecraft:rotten_flesh":27,"minecraft:writable_book":43,"minecraft:bone_meal":632,"minecraft:item_frame":17,"minecraft:glowstone":45,"minecraft:crimson_hyphae":18,"minecraft:lime_wool":11,"minecraft:blue_egg":19,"minecraft:dirt":391,"minecraft:fishing_rod":61,"minecraft:obsidian":1,"minecraft:spruce_planks":9,"minecraft:leather_boots":3,"minecraft:tropical_fish":5,"minecraft:orange_terracotta":3,"minecraft:smooth_sandstone_slab":1,"minecraft:basalt":17,"minecraft:cooked_cod":1,"minecraft:rail":311,"minecraft:nether_brick_fence":6,"minecraft:lectern":29,"minecraft:stone_brick_stairs":76,"minecraft:spyglass":198,"minecraft:splash_potion":9,"minecraft:oak_planks":11,"minecraft:sugar_cane":48,"minecraft:stone_axe":94,"minecraft:spruce_fence":34,"minecraft:white_terracotta":88,"minecraft:polished_deepslate_wall":17,"minecraft:netherite_sword":296,"minecraft:tuff_stairs":3,"minecraft:spruce_stairs":4,"minecraft:mangrove_sign":12,"minecraft:milk_bucket":8,"minecraft:mangrove_trapdoor":12,"minecraft:yellow_stained_glass":1,"minecraft:bookshelf":1,"minecraft:diamond_pickaxe":20098,"minecraft:ladder":34,"minecraft:polished_tuff_wall":59,"minecraft:crossbow":56,"minecraft:magma_block":1,"minecraft:cobbled_deepslate_wall":70,"minecraft:tuff":46,"minecraft:tuff_wall":90,"minecraft:brewing_stand":3,"minecraft:weeping_vines":2,"minecraft:sweet_berries":485,"minecraft:polished_deepslate_stairs":8,"minecraft:mangrove_log":132,"minecraft:cobblestone_wall":76,"minecraft:oak_slab":168,"minecraft:lime_bed":1,"minecraft:copper_block":38,"minecraft:weathered_cut_copper_stairs":16,"minecraft:mace":2,"minecraft:hopper":10,"minecraft:orange_banner":1,"minecraft:carrot":171,"minecraft:acacia_fence_gate":4,"minecraft:light_gray_stained_glass":225,"minecraft:white_bed":1,"minecraft:acacia_wood":12,"minecraft:oxidized_copper":2,"minecraft:gold_block":8,"minecraft:red_nether_brick_stairs":2,"minecraft:acacia_trapdoor":3,"minecraft:granite_stairs":9,"minecraft:polished_diorite_slab":6,"minecraft:iron_hoe":166,"minecraft:stripped_acacia_wood":13,"minecraft:prismarine_brick_stairs":6,"minecraft:furnace":9,"minecraft:barrel":21,"minecraft:mangrove_stairs":19,"minecraft:cobblestone_slab":19,"minecraft:bundle":7,"minecraft:composter":2,"minecraft:mangrove_fence_gate":10,"minecraft:oak_stairs":55,"minecraft:cooked_beef":3,"minecraft:ender_chest":2,"minecraft:mangrove_fence":10,"minecraft:spruce_sapling":1,"minecraft:egg":1701,"minecraft:azure_bluet":1}},"DataVersion":4440}