{"stats":{"minecraft:custom":{"minecraft:time_since_rest":5664,"minecraft:walk_one_cm":30375,"minecraft:leave_game":1,"minecraft:damage_taken":20,"minecraft:play_time":6329,"minecraft:jump":84,"minecraft:time_since_death":5654,"minecraft:sprint_one_cm":16048,"minecraft:fall_one_cm":1300,"minecraft:happy_ghast_one_cm":92151,"minecraft:total_world_time":6329,"minecraft:fly_one_cm":22792,"minecraft:crouch_one_cm":18,"minecraft:sneak_time":36,"minecraft:deaths":1},"minecraft:picked_up":{"minecraft:baked_potato":64}},"DataVersion":4440}