{"stats":{"minecraft:killed_by":{"minecraft:skeleton":1,"minecraft:player":2},"minecraft:custom":{"minecraft:time_since_rest":26760,"minecraft:leave_game":14,"minecraft:damage_taken":4009,"minecraft:mob_kills":1,"minecraft:boat_one_cm":79527,"minecraft:time_since_death":26740,"minecraft:interact_with_furnace":22,"minecraft:happy_ghast_one_cm":297783,"minecraft:total_world_time":189771,"minecraft:crouch_one_cm":13516,"minecraft:deaths":9,"minecraft:climb_one_cm":7519,"minecraft:player_kills":2,"minecraft:animals_bred":1,"minecraft:interact_with_crafting_table":38,"minecraft:walk_one_cm":1373956,"minecraft:horse_one_cm":3,"minecraft:walk_under_water_one_cm":45600,"minecraft:interact_with_lectern":9,"minecraft:play_time":189771,"minecraft:damage_dealt":874,"minecraft:jump":1779,"minecraft:drop":68,"minecraft:open_barrel":21,"minecraft:sprint_one_cm":659805,"minecraft:open_chest":123,"minecraft:fall_one_cm":52679,"minecraft:fly_one_cm":240561,"minecraft:walk_on_water_one_cm":1027,"minecraft:sneak_time":2181},"minecraft:crafted":{"minecraft:snow_block":56,"minecraft:chiseled_bookshelf":7,"minecraft:iron_ingot":25,"minecraft:glass":18,"minecraft:spruce_door":3,"minecraft:iron_chestplate":1,"minecraft:iron_boots":1,"minecraft:stone":24,"minecraft:stick":4,"minecraft:spruce_slab":96,"minecraft:shield":1,"minecraft:lever":1,"minecraft:iron_helmet":1,"minecraft:barrel":3,"minecraft:chest":2,"minecraft:spruce_planks":228,"minecraft:melon_seeds":1,"minecraft:iron_pickaxe":1,"minecraft:shears":1,"minecraft:air":0,"minecraft:iron_leggings":1},"minecraft:killed":{"minecraft:zombie":1},"minecraft:picked_up":{"minecraft:spruce_planks":9,"minecraft:carrot":23,"minecraft:spruce_sapling":10,"minecraft:dirt":67,"minecraft:cobblestone":241,"minecraft:stone":11,"minecraft:leather":4,"minecraft:torch":78,"minecraft:bone":3,"minecraft:dark_oak_sign":1,"minecraft:spruce_log":39,"minecraft:iron_boots":1,"minecraft:coal":93,"minecraft:diamond_shovel":1,"minecraft:stone_pickaxe":1,"minecraft:potato":24,"minecraft:moss_carpet":2,"minecraft:furnace":2,"minecraft:wheat_seeds":12,"minecraft:spruce_button":1,"minecraft:book":2,"minecraft:stick":5,"minecraft:spruce_boat":7,"minecraft:potion":1,"minecraft:red_mushroom_block":392,"minecraft:leather_chestplate":1,"minecraft:cooked_salmon":1,"minecraft:crafting_table":1,"minecraft:snowball":139,"minecraft:deepslate":2,"minecraft:arrow":3,"minecraft:oak_sapling":9,"minecraft:cookie":32,"minecraft:iron_ingot":21,"minecraft:mushroom_stem":15,"minecraft:item_frame":1,"minecraft:rotten_flesh":18,"minecraft:raw_iron":8,"minecraft:spruce_slab":11,"minecraft:cobbled_deepslate":7,"minecraft:stone_sword":2,"minecraft:wheat":5,"minecraft:leather_helmet":1,"minecraft:barrel":7,"minecraft:cherry_planks":16,"minecraft:chest":2,"minecraft:gunpowder":2,"minecraft:spruce_trapdoor":3},"minecraft:mined":{"minecraft:torch":5,"minecraft:lever":1,"minecraft:spruce_log":39,"minecraft:chest":2,"minecraft:coal_ore":11,"minecraft:wheat":5,"minecraft:carrots":10,"minecraft:cobblestone":8,"minecraft:spruce_trapdoor":3,"minecraft:short_grass":4,"minecraft:red_mushroom_block":2,"minecraft:spruce_planks":9,"minecraft:furnace":2,"minecraft:crafting_table":1,"minecraft:powder_snow":18,"minecraft:snow_block":18,"minecraft:barrel":7,"minecraft:dirt":7,"minecraft:grass_block":101,"minecraft:black_stained_glass_pane":1,"minecraft:packed_ice":1,"minecraft:pale_oak_sign":1,"minecraft:spruce_leaves":5,"minecraft:wall_torch":3,"minecraft:spruce_slab":10,"minecraft:snow":6,"minecraft:potatoes":4,"minecraft:iron_ore":8,"minecraft:stone":156},"minecraft:dropped":{"minecraft:rotten_flesh":6,"minecraft:stone":10,"minecraft:wheat_seeds":3,"minecraft:sand":1,"minecraft:deepslate":2,"minecraft:torch":25,"minecraft:stone_sword":2,"minecraft:stone_pickaxe":1,"minecraft:written_book":1,"minecraft:baked_potato":1,"minecraft:snow_block":32,"minecraft:leather":2},"minecraft:used":{"minecraft:stone_axe":92,"minecraft:baked_potato":24,"minecraft:spruce_boat":7,"minecraft:iron_pickaxe":71,"minecraft:diamond_shovel":1,"minecraft:potato":6,"minecraft:melon_slice":14,"minecraft:wheat_seeds":5,"minecraft:spruce_log":24,"minecraft:stone_shovel":107,"minecraft:rotten_flesh":10,"minecraft:writable_book":10,"minecraft:item_frame":2,"minecraft:glass":12,"minecraft:furnace":2,"minecraft:barrel":10,"minecraft:torch":32,"minecraft:written_book":3,"minecraft:dirt":63,"minecraft:cooked_salmon":1,"minecraft:sand":6,"minecraft:stone_sword":30,"minecraft:lever":1,"minecraft:pale_oak_sign":1,"minecraft:spruce_planks":120,"minecraft:spruce_door":1,"minecraft:cobblestone":131,"minecraft:stone":14,"minecraft:red_mushroom_block":2,"minecraft:spruce_slab":74,"minecraft:snow_block":23,"minecraft:carrot":26,"minecraft:crafting_table":1,"minecraft:chest":4,"minecraft:spruce_trapdoor":3,"minecraft:chiseled_bookshelf":6,"minecraft:potion":1,"minecraft:spruce_sapling":8,"minecraft:stone_pickaxe":123}},"DataVersion":4440}