{"stats":{"minecraft:killed_by":{"minecraft:skeleton":2,"minecraft:player":7,"minecraft:creeper":1,"minecraft:iron_golem":2,"minecraft:drowned":1,"minecraft:zombie":3},"minecraft:custom":{"minecraft:eat_cake_slice":8,"minecraft:time_since_rest":977572,"minecraft:leave_game":143,"minecraft:boat_one_cm":4142393,"minecraft:time_since_death":977558,"minecraft:interact_with_furnace":728,"minecraft:happy_ghast_one_cm":258403,"minecraft:total_world_time":4557807,"minecraft:crouch_one_cm":511125,"minecraft:climb_one_cm":220037,"minecraft:deaths":33,"minecraft:interact_with_stonecutter":72,"minecraft:fish_caught":102,"minecraft:animals_bred":26,"minecraft:minecart_one_cm":31709,"minecraft:traded_with_villager":92,"minecraft:damage_blocked_by_shield":3066,"minecraft:interact_with_crafting_table":319,"minecraft:inspect_dropper":4,"minecraft:walk_one_cm":21777017,"minecraft:walk_under_water_one_cm":319363,"minecraft:horse_one_cm":13919,"minecraft:damage_dealt":60612,"minecraft:play_time":4557807,"minecraft:jump":31686,"minecraft:sprint_one_cm":5275086,"minecraft:fill_cauldron":21,"minecraft:inspect_hopper":11,"minecraft:fly_one_cm":6433885,"minecraft:walk_on_water_one_cm":298072,"minecraft:interact_with_blast_furnace":35,"minecraft:interact_with_grindstone":8,"minecraft:talked_to_villager":86,"minecraft:damage_taken":33300,"minecraft:mob_kills":1542,"minecraft:open_enderchest":151,"minecraft:interact_with_brewingstand":5,"minecraft:sleep_in_bed":5,"minecraft:inspect_dispenser":1,"minecraft:swim_one_cm":222722,"minecraft:pot_flower":20,"minecraft:player_kills":1,"minecraft:enchant_item":9,"minecraft:interact_with_loom":2,"minecraft:interact_with_lectern":156,"minecraft:drop":441,"minecraft:bell_ring":7,"minecraft:open_barrel":117,"minecraft:open_chest":3666,"minecraft:fall_one_cm":684013,"minecraft:tune_noteblock":2,"minecraft:interact_with_anvil":6,"minecraft:sneak_time":86502},"minecraft:broken":{"minecraft:stone_shovel":8,"minecraft:wooden_hoe":2,"minecraft:iron_shovel":4,"minecraft:stone_hoe":38,"minecraft:stone_axe":52,"minecraft:stone_sword":1,"minecraft:stone_pickaxe":13,"minecraft:shears":3,"minecraft:wooden_pickaxe":1,"minecraft:iron_sword":1},"minecraft:crafted":{"minecraft:stone_sword":1,"minecraft:stone_brick_wall":6,"minecraft:wooden_axe":2,"minecraft:sandstone":522,"minecraft:gold_ingot":45,"minecraft:book":8,"minecraft:iron_chestplate":1,"minecraft:glass_pane":32,"minecraft:cookie":64,"minecraft:clock":1,"minecraft:leather_chestplate":2,"minecraft:oak_fence":72,"minecraft:mossy_stone_brick_stairs":1,"minecraft:diamond_pickaxe":2,"minecraft:chest":59,"minecraft:iron_block":19,"minecraft:bookshelf":1,"minecraft:stone_slab":8,"minecraft:purple_wool":3,"minecraft:bow":2,"minecraft:brown_banner":8,"minecraft:bucket":1,"minecraft:jungle_planks":204,"minecraft:item_frame":6,"minecraft:oak_stairs":28,"minecraft:dark_oak_planks":312,"minecraft:mangrove_button":3,"minecraft:stone_hoe":39,"minecraft:diamond_shovel":1,"minecraft:glass":95,"minecraft:oak_sign":9,"minecraft:mangrove_planks":448,"minecraft:birch_pressure_plate":2,"minecraft:spruce_fence":102,"minecraft:wooden_hoe":2,"minecraft:oak_trapdoor":168,"minecraft:campfire":2,"minecraft:redstone_block":88,"minecraft:yellow_dye":4,"minecraft:mangrove_sign":3,"minecraft:green_dye":16,"minecraft:cooked_mutton":3,"minecraft:spruce_door":30,"minecraft:iron_boots":3,"minecraft:bone_block":54,"minecraft:smooth_stone":1599,"minecraft:charcoal":153,"minecraft:cooked_beef":3,"minecraft:stonecutter":1,"minecraft:blue_dye":2,"minecraft:oak_slab":6,"minecraft:decorated_pot":26,"minecraft:brick":217,"minecraft:barrel":11,"minecraft:birch_hanging_sign":6,"minecraft:iron_bars":16,"minecraft:paper":81,"minecraft:armor_stand":4,"minecraft:furnace":2,"minecraft:grindstone":1,"minecraft:iron_ingot":305,"minecraft:jungle_sign":3,"minecraft:diamond_helmet":1,"minecraft:stone":2569,"minecraft:mossy_stone_brick_wall":4,"minecraft:candle":32,"minecraft:diamond_leggings":1,"minecraft:enchanted_book":4,"minecraft:baked_potato":24,"minecraft:spruce_stairs":460,"minecraft:clay":1,"minecraft:shield":6,"minecraft:stone_axe":51,"minecraft:birch_stairs":4,"minecraft:black_wool":18,"minecraft:birch_sign":3,"minecraft:spruce_fence_gate":25,"minecraft:cooked_salmon":9,"minecraft:diamond_boots":1,"minecraft:spruce_hanging_sign":6,"minecraft:writable_book":4,"minecraft:birch_fence":15,"minecraft:dark_oak_stairs":48,"minecraft:map":4,"minecraft:stick":232,"minecraft:stone_brick_slab":22,"minecraft:compass":4,"minecraft:smooth_stone_slab":2,"minecraft:black_dye":18,"minecraft:iron_helmet":3,"minecraft:diamond_axe":2,"minecraft:black_banner":12,"minecraft:air":0,"minecraft:bone_meal":1035,"minecraft:spyglass":1,"minecraft:snow_block":244,"minecraft:lapis_block":27,"minecraft:glass_bottle":21,"minecraft:flower_pot":39,"minecraft:blast_furnace":1,"minecraft:mangrove_fence":48,"minecraft:written_book":13,"minecraft:mangrove_trapdoor":44,"minecraft:lapis_lazuli":9,"minecraft:smooth_sandstone":537,"minecraft:oak_planks":820,"minecraft:cooked_cod":12,"minecraft:coal":2,"minecraft:iron_sword":1,"minecraft:fishing_rod":2,"minecraft:shears":3,"minecraft:iron_shovel":4,"minecraft:andesite":62,"minecraft:mangrove_slab":174,"minecraft:stone_shovel":8,"minecraft:white_dye":2,"minecraft:lantern":49,"minecraft:birch_planks":404,"minecraft:hopper":4,"minecraft:stone_pickaxe":23,"minecraft:anvil":3,"minecraft:mangrove_door":3,"minecraft:lime_dye":4,"minecraft:mangrove_stairs":48,"minecraft:wooden_pickaxe":1,"minecraft:spruce_slab":866,"minecraft:dark_oak_trapdoor":74,"minecraft:composter":2,"minecraft:chain":7,"minecraft:diamond_chestplate":1,"minecraft:diamond_sword":1,"minecraft:iron_nugget":450,"minecraft:cut_sandstone":44,"minecraft:emerald":88,"minecraft:stone_brick_stairs":1,"minecraft:mud_bricks":148,"minecraft:spruce_trapdoor":421,"minecraft:dark_oak_pressure_plate":3,"minecraft:chiseled_bookshelf":35,"minecraft:spruce_boat":1,"minecraft:copper_ingot":365,"minecraft:packed_mud":149,"minecraft:purple_bed":1,"minecraft:crafting_table":2,"minecraft:mangrove_fence_gate":6,"minecraft:torch":288,"minecraft:dark_oak_fence":3,"minecraft:mossy_stone_bricks":13,"minecraft:purple_dye":4,"minecraft:spruce_planks":3348,"minecraft:lectern":1,"minecraft:coarse_dirt":8,"minecraft:iron_leggings":3},"minecraft:killed":{"minecraft:zombie":1412,"minecraft:husk":4,"minecraft:skeleton":34,"minecraft:creeper":13,"minecraft:zombie_villager":1,"minecraft:iron_golem":7,"minecraft:squid":9,"minecraft:drowned":4,"minecraft:mooshroom":4,"minecraft:cow":1,"minecraft:spider":35},"minecraft:picked_up":{"minecraft:sweet_berries":711,"minecraft:cobblestone":2295,"minecraft:minecart":1,"minecraft:brick":4,"minecraft:sugar_cane":249,"minecraft:stripped_dark_oak_log":331,"minecraft:bone":322,"minecraft:snow_block":342,"minecraft:diamond_shovel":2,"minecraft:clay_ball":92,"minecraft:sculk_catalyst":5,"minecraft:stripped_spruce_log":862,"minecraft:emerald":2,"minecraft:pale_oak_sapling":5,"minecraft:sugar":3,"minecraft:mangrove_trapdoor":6,"minecraft:armor_stand":3,"minecraft:ink_sac":22,"minecraft:chainmail_helmet":3,"minecraft:bow":7,"minecraft:arrow":87,"minecraft:iron_ingot":38,"minecraft:mangrove_door":2,"minecraft:cactus":10,"minecraft:spruce_slab":61,"minecraft:azalea":13,"minecraft:golden_leggings":2,"minecraft:dandelion":8,"minecraft:mud_brick_stairs":3,"minecraft:nautilus_shell":1,"minecraft:cut_sandstone":4,"minecraft:golden_carrot":29,"minecraft:mud_brick_slab":5,"minecraft:brown_wool":32,"minecraft:stonecutter":10,"minecraft:mangrove_leaves":205,"minecraft:cobblestone_stairs":32,"minecraft:oak_stairs":15,"minecraft:oak_log":340,"minecraft:sand":304,"minecraft:furnace":17,"minecraft:wheat_seeds":805,"minecraft:iron_ore":42,"minecraft:egg":4,"minecraft:iron_leggings":3,"minecraft:diamond_sword":3,"minecraft:emerald_ore":4,"minecraft:snowball":883,"minecraft:blast_furnace":1,"minecraft:oak_sign":5,"minecraft:ender_pearl":1,"minecraft:string":60,"minecraft:stone_bricks":49,"minecraft:obsidian":1,"minecraft:leather_boots":2,"minecraft:writable_book":34,"minecraft:white_carpet":2,"minecraft:mushroom_stew":6,"minecraft:pale_oak_trapdoor":1,"minecraft:chain":3,"minecraft:cornflower":1,"minecraft:iron_helmet":3,"minecraft:ender_chest":93,"minecraft:enchanted_book":2,"minecraft:spruce_sapling":236,"minecraft:spruce_fence_gate":5,"minecraft:tripwire_hook":2,"minecraft:mangrove_log":269,"minecraft:flowering_azalea":4,"minecraft:fishing_rod":5,"minecraft:leather":6,"minecraft:lead":4,"minecraft:brown_mushroom":17,"minecraft:wooden_axe":3,"minecraft:stripped_jungle_log":1,"minecraft:mud_bricks":1,"minecraft:moss_carpet":76,"minecraft:scaffolding":6,"minecraft:mangrove_slab":1,"minecraft:spruce_sign":5,"minecraft:stick":577,"minecraft:bamboo":54,"minecraft:player_head":2,"minecraft:moss_block":4,"minecraft:deepslate":1,"minecraft:item_frame":15,"minecraft:stone_brick_wall":3,"minecraft:raw_iron":95,"minecraft:spruce_hanging_sign":1,"minecraft:dead_bush":13,"minecraft:muddy_mangrove_roots":3,"minecraft:mangrove_fence":1,"minecraft:leather_helmet":1,"minecraft:spruce_door":40,"minecraft:chest":58,"minecraft:sculk":1,"minecraft:dark_oak_trapdoor":4,"minecraft:trident":1,"minecraft:stone":18453,"minecraft:gravel":64,"minecraft:jungle_planks":13,"minecraft:tuff":4,"minecraft:stripped_mangrove_log":85,"minecraft:potato":31,"minecraft:dark_oak_stairs":11,"minecraft:shield":3,"minecraft:jungle_log":1249,"minecraft:spruce_stairs":64,"minecraft:trial_key":2,"minecraft:mangrove_sign":1,"minecraft:black_banner":10,"minecraft:pufferfish":13,"minecraft:oak_planks":28,"minecraft:ice":2,"minecraft:netherite_scrap":1,"minecraft:brown_egg":2,"minecraft:raw_copper":116,"minecraft:stone_brick_stairs":5,"minecraft:purple_bed":1,"minecraft:rotten_flesh":1757,"minecraft:written_book":18,"minecraft:apple":32,"minecraft:mud_brick_wall":20,"minecraft:jukebox":4,"minecraft:smooth_sandstone":6,"minecraft:mangrove_stairs":2,"minecraft:poisonous_potato":304,"minecraft:glass":18,"minecraft:flint":9,"minecraft:redstone":51,"minecraft:dark_oak_sign":2,"minecraft:firefly_bush":13,"minecraft:lantern":10,"minecraft:diamond":12,"minecraft:granite":84,"minecraft:dark_oak_sapling":77,"minecraft:chiseled_bookshelf":12,"minecraft:stone_brick_slab":3,"minecraft:lily_pad":71,"minecraft:deepslate_brick_slab":4,"minecraft:salmon":38,"minecraft:jungle_sign":7,"minecraft:charcoal":16,"minecraft:spruce_boat":83,"minecraft:bowl":5,"minecraft:raw_gold":9,"minecraft:stone_sword":1,"minecraft:deepslate_bricks":28,"minecraft:spruce_planks":53,"minecraft:dirt":3875,"minecraft:bone_block":40,"minecraft:azure_bluet":1,"minecraft:torch":311,"minecraft:dripstone_block":8,"minecraft:bread":2,"minecraft:stripped_birch_log":68,"minecraft:iron_boots":3,"minecraft:spruce_log":1750,"minecraft:cactus_flower":1,"minecraft:birch_leaves":6,"minecraft:coal":562,"minecraft:snow":364,"minecraft:oak_fence":29,"minecraft:deepslate_brick_stairs":33,"minecraft:cherry_leaves":1,"minecraft:anvil":1,"minecraft:milk_bucket":1,"minecraft:bookshelf":33,"minecraft:hopper":1,"minecraft:birch_sapling":76,"minecraft:poppy":21,"minecraft:cooked_beef":24,"minecraft:feather":1,"minecraft:mangrove_propagule":52,"minecraft:potion":17,"minecraft:spruce_fence":7,"minecraft:jungle_fence":11,"minecraft:rooted_dirt":10,"minecraft:andesite":18,"minecraft:mangrove_planks":326,"minecraft:jungle_trapdoor":12,"minecraft:ladder":79,"minecraft:amethyst_shard":37,"minecraft:sandstone":20,"minecraft:filled_map":19,"minecraft:vine":49,"minecraft:crimson_sign":3,"minecraft:coal_ore":417,"minecraft:podzol":6,"minecraft:diamond_axe":1,"minecraft:carrot":26,"minecraft:mangrove_roots":472,"minecraft:gold_nugget":1,"minecraft:stone_slab":12,"minecraft:dark_oak_leaves":1,"minecraft:water_bucket":1,"minecraft:cod":58,"minecraft:baked_potato":208,"minecraft:oak_leaves":123,"minecraft:golden_apple":1,"minecraft:copper_ore":4,"minecraft:oak_trapdoor":14,"minecraft:clay":49,"minecraft:leather_chestplate":6,"minecraft:golden_chestplate":1,"minecraft:cooked_chicken":5,"minecraft:jungle_slab":17,"minecraft:cobbled_deepslate":196,"minecraft:pointed_dripstone":6,"minecraft:pumpkin_seeds":4,"minecraft:music_disc_lava_chicken":1,"minecraft:jungle_sapling":103,"minecraft:wheat":280,"minecraft:map":2,"minecraft:damaged_anvil":3,"minecraft:gunpowder":75,"minecraft:brown_banner":4,"minecraft:spruce_trapdoor":73,"minecraft:clock":13,"minecraft:leaf_litter":152,"minecraft:grass_block":816,"minecraft:birch_log":166,"minecraft:mud":237,"minecraft:sticky_piston":4,"minecraft:pumpkin":2,"minecraft:spider_eye":26,"minecraft:sculk_shrieker":1,"minecraft:bone_meal":164,"minecraft:dark_oak_log":543,"minecraft:diorite":106,"minecraft:wooden_pickaxe":2,"minecraft:sandstone_stairs":6,"minecraft:flower_pot":6,"minecraft:golden_helmet":8,"minecraft:crafting_table":44,"minecraft:decorated_pot":43,"minecraft:oak_sapling":266,"minecraft:warped_stem":3,"minecraft:bundle":3,"minecraft:beef":11,"minecraft:glass_bottle":9,"minecraft:warped_stairs":6,"minecraft:jungle_leaves":89,"minecraft:barrel":5,"minecraft:cocoa_beans":239,"minecraft:paper":7},"minecraft:mined":{"minecraft:torch":145,"minecraft:mangrove_roots":473,"minecraft:dark_oak_wall_sign":2,"minecraft:pale_oak_sapling":1,"minecraft:spruce_log":1733,"minecraft:chest":58,"minecraft:smooth_sandstone":6,"minecraft:pumpkin":2,"minecraft:spruce_sapling":21,"minecraft:bone_block":40,"minecraft:stripped_dark_oak_log":331,"minecraft:brown_mushroom":10,"minecraft:spruce_wall_hanging_sign":1,"minecraft:spruce_planks":48,"minecraft:piston_head":4,"minecraft:birch_log":166,"minecraft:sweet_berry_bush":28,"minecraft:large_fern":9,"minecraft:farmland":1,"minecraft:obsidian":1,"minecraft:sandstone":9,"minecraft:stripped_spruce_log":858,"minecraft:brown_banner":2,"minecraft:deepslate_bricks":28,"minecraft:birch_leaves":12,"minecraft:oak_fence":29,"minecraft:sculk_shrieker":1,"minecraft:dark_oak_sapling":5,"minecraft:dark_oak_trapdoor":4,"minecraft:moss_block":4,"minecraft:bamboo":8,"minecraft:wall_torch":40,"minecraft:decorated_pot":43,"minecraft:fern":2,"minecraft:fire":10,"minecraft:stone_brick_stairs":6,"minecraft:mud_brick_stairs":3,"minecraft:mangrove_planks":166,"minecraft:potatoes":1,"minecraft:ender_chest":91,"minecraft:warped_stem":1,"minecraft:dripstone_block":8,"minecraft:mangrove_propagule":7,"minecraft:oak_sapling":5,"minecraft:iron_ore":101,"minecraft:deepslate_brick_slab":4,"minecraft:black_wall_banner":9,"minecraft:mud_brick_slab":5,"minecraft:dark_oak_log":543,"minecraft:podzol":12,"minecraft:chain":3,"minecraft:spruce_wall_sign":4,"minecraft:stone_slab":6,"minecraft:dandelion":5,"minecraft:glass":18,"minecraft:oak_planks":28,"minecraft:cobblestone":299,"minecraft:sugar_cane":196,"minecraft:tripwire_hook":1,"minecraft:brown_wall_banner":2,"minecraft:lantern":9,"minecraft:spruce_fence_gate":5,"minecraft:mangrove_leaves":890,"minecraft:oak_wall_sign":3,"minecraft:birch_sapling":6,"minecraft:scaffolding":1,"minecraft:oak_leaves":2163,"minecraft:furnace":17,"minecraft:rooted_dirt":10,"minecraft:jungle_trapdoor":12,"minecraft:mangrove_slab":1,"minecraft:clay":72,"minecraft:spruce_stairs":67,"minecraft:mangrove_trapdoor":6,"minecraft:black_banner":1,"minecraft:muddy_mangrove_roots":3,"minecraft:mud_bricks":1,"minecraft:tall_grass":120,"minecraft:purple_bed":1,"minecraft:emerald_ore":4,"minecraft:tall_seagrass":20,"minecraft:lily_pad":48,"minecraft:dirt":3695,"minecraft:hopper":1,"minecraft:flower_pot":4,"minecraft:moss_carpet":13,"minecraft:spruce_door":37,"minecraft:ladder":1,"minecraft:sand":30,"minecraft:stripped_birch_log":68,"minecraft:deepslate":132,"minecraft:snow":417,"minecraft:seagrass":8,"minecraft:crimson_wall_sign":1,"minecraft:bamboo_sapling":1,"minecraft:stonecutter":10,"minecraft:oak_log":340,"minecraft:cocoa":59,"minecraft:mud":236,"minecraft:sculk":2,"minecraft:vine":100,"minecraft:brown_wool":5,"minecraft:gravel":115,"minecraft:short_grass":117,"minecraft:mangrove_wall_sign":1,"minecraft:sculk_catalyst":4,"minecraft:dirt_path":9,"minecraft:crafting_table":43,"minecraft:dark_oak_stairs":11,"minecraft:leaf_litter":8,"minecraft:jungle_log":1252,"minecraft:copper_ore":17,"minecraft:stone_brick_wall":3,"minecraft:firefly_bush":11,"minecraft:gold_ore":9,"minecraft:andesite":126,"minecraft:chiseled_bookshelf":15,"minecraft:blast_furnace":1,"minecraft:ice":3,"minecraft:dark_oak_leaves":132,"minecraft:jungle_wall_sign":2,"minecraft:warped_stairs":3,"minecraft:poppy":13,"minecraft:cactus":3,"minecraft:jungle_leaves":3463,"minecraft:stone":25621,"minecraft:stone_bricks":49,"minecraft:jungle_fence":12,"minecraft:deepslate_brick_stairs":33,"minecraft:stripped_mangrove_log":85,"minecraft:sandstone_stairs":6,"minecraft:granite":227,"minecraft:cobblestone_stairs":1,"minecraft:spruce_fence":7,"minecraft:azalea_leaves":37,"minecraft:coal_ore":801,"minecraft:diorite":245,"minecraft:wheat":296,"minecraft:spruce_trapdoor":49,"minecraft:oak_trapdoor":14,"minecraft:mangrove_door":2,"minecraft:mangrove_stairs":2,"minecraft:mud_brick_wall":17,"minecraft:crimson_sign":2,"minecraft:bookshelf":2,"minecraft:white_carpet":1,"minecraft:stripped_jungle_log":1,"minecraft:powder_snow":67,"minecraft:snow_block":1478,"minecraft:barrel":5,"minecraft:oak_stairs":15,"minecraft:mangrove_log":269,"minecraft:grass_block":2174,"minecraft:stone_brick_slab":3,"minecraft:peony":1,"minecraft:spruce_leaves":172,"minecraft:cobbled_deepslate":1,"minecraft:cut_sandstone":4,"minecraft:flowering_azalea_leaves":12,"minecraft:damaged_anvil":3,"minecraft:player_wall_head":1,"minecraft:spruce_slab":30,"minecraft:jukebox":2,"minecraft:redstone_wire":8},"minecraft:dropped":{"minecraft:lily_pad":48,"minecraft:dark_oak_sign":1,"minecraft:sugar":3,"minecraft:brown_banner":1,"minecraft:andesite":1,"minecraft:oak_leaves":2,"minecraft:lectern":1,"minecraft:sweet_berries":22,"minecraft:stripped_spruce_log":1,"minecraft:mangrove_fence":1,"minecraft:wheat":1,"minecraft:lead":3,"minecraft:bone":14,"minecraft:music_disc_lava_chicken":1,"minecraft:glass":15,"minecraft:ink_sac":4,"minecraft:egg":1,"minecraft:bowl":1,"minecraft:wheat_seeds":34,"minecraft:iron_ingot":13,"minecraft:spruce_trapdoor":10,"minecraft:spruce_sign":1,"minecraft:spruce_slab":24,"minecraft:filled_map":1,"minecraft:jukebox":1,"minecraft:tuff":2,"minecraft:snow":364,"minecraft:string":10,"minecraft:spruce_stairs":1,"minecraft:coal_ore":134,"minecraft:arrow":11,"minecraft:spruce_sapling":5,"minecraft:cooked_salmon":6,"minecraft:spruce_log":72,"minecraft:gunpowder":38,"minecraft:deepslate":1,"minecraft:spider_eye":16,"minecraft:firefly_bush":1,"minecraft:snowball":16,"minecraft:diorite":90,"minecraft:rotten_flesh":58,"minecraft:cobblestone":826,"minecraft:copper_ore":4,"minecraft:pointed_dripstone":6,"minecraft:spruce_planks":4,"minecraft:torch":30,"minecraft:mud":1,"minecraft:leather_boots":1,"minecraft:pale_oak_sapling":6,"minecraft:bow":3,"minecraft:pumpkin_seeds":4,"minecraft:diamond_axe":1,"minecraft:pufferfish":1,"minecraft:potion":14,"minecraft:dirt":1510,"minecraft:stone":3691,"minecraft:obsidian":1,"minecraft:moss_carpet":1,"minecraft:ender_chest":1,"minecraft:sculk_shrieker":1,"minecraft:coal":122,"minecraft:spruce_boat":1,"minecraft:potato":5,"minecraft:cherry_leaves":1,"minecraft:poisonous_potato":303,"minecraft:wooden_pickaxe":2,"minecraft:written_book":13,"minecraft:diamond_sword":3,"minecraft:snow_block":510,"minecraft:raw_iron":17,"minecraft:spruce_door":1,"minecraft:cookie":8,"minecraft:salmon":4,"minecraft:fishing_rod":3,"minecraft:crafting_table":1,"minecraft:iron_ore":10,"minecraft:amethyst_shard":32,"minecraft:writable_book":30,"minecraft:pale_oak_trapdoor":1,"minecraft:cod":2},"minecraft:used":{"minecraft:clay":1,"minecraft:cactus":8,"minecraft:birch_sign":2,"minecraft:smooth_sandstone_stairs":4,"minecraft:mud":88,"minecraft:diamond_sword":628,"minecraft:campfire":2,"minecraft:wheat_seeds":663,"minecraft:mushroom_stew":57,"minecraft:glass":69,"minecraft:mangrove_leaves":441,"minecraft:decorated_pot":69,"minecraft:birch_fence":15,"minecraft:damaged_anvil":2,"minecraft:jungle_log":16,"minecraft:coal_ore":18,"minecraft:oak_log":18,"minecraft:spruce_slab":710,"minecraft:stonecutter":11,"minecraft:diamond_axe":3829,"minecraft:white_carpet":2,"minecraft:poppy":9,"minecraft:snowball":3,"minecraft:armor_stand":7,"minecraft:bow":39,"minecraft:chainmail_helmet":1,"minecraft:spruce_hanging_sign":3,"minecraft:iron_leggings":1,"minecraft:cobbled_deepslate":3,"minecraft:sandstone_slab":2,"minecraft:deepslate_brick_slab":66,"minecraft:podzol":5,"minecraft:stone_shovel":1058,"minecraft:dark_oak_leaves":1,"minecraft:anvil":4,"minecraft:spruce_fence_gate":30,"minecraft:written_book":1145,"minecraft:cooked_salmon":6,"minecraft:sand":8,"minecraft:glow_ink_sac":2,"minecraft:shears":714,"minecraft:mangrove_planks":46,"minecraft:bucket":467,"minecraft:cocoa_beans":73,"minecraft:oak_sapling":62,"minecraft:flower_pot":45,"minecraft:brown_egg":2,"minecraft:oak_fence":99,"minecraft:oak_trapdoor":166,"minecraft:grass_block":805,"minecraft:jungle_sign":9,"minecraft:shield":43,"minecraft:lily_pad":14,"minecraft:deepslate":132,"minecraft:andesite":111,"minecraft:jungle_door":2,"minecraft:dark_oak_log":536,"minecraft:bamboo":20,"minecraft:iron_sword":250,"minecraft:golden_carrot":29,"minecraft:stone_brick_slab":34,"minecraft:deepslate_bricks":433,"minecraft:cookie":7,"minecraft:rooted_dirt":10,"minecraft:stone_bricks":1178,"minecraft:diorite":1,"minecraft:wooden_pickaxe":59,"minecraft:spruce_door":59,"minecraft:map":1,"minecraft:cobblestone":316,"minecraft:stone":2108,"minecraft:stripped_mangrove_log":81,"minecraft:chain":27,"minecraft:crafting_table":39,"minecraft:stripped_birch_log":60,"minecraft:spruce_sign":1,"minecraft:sculk":1,"minecraft:iron_chestplate":1,"minecraft:spruce_trapdoor":463,"minecraft:potion":58,"minecraft:air":21,"minecraft:bone_block":722,"minecraft:mossy_stone_brick_stairs":1,"minecraft:baked_potato":229,"minecraft:apple":43,"minecraft:moss_carpet":302,"minecraft:stone_hoe":4984,"minecraft:spruce_log":1977,"minecraft:water_bucket":467,"minecraft:warped_stairs":3,"minecraft:bread":12,"minecraft:torch":515,"minecraft:jungle_sapling":4,"minecraft:cobblestone_stairs":1,"minecraft:gravel":16,"minecraft:cake":1,"minecraft:jungle_leaves":70,"minecraft:cooked_chicken":5,"minecraft:smooth_sandstone":539,"minecraft:dark_oak_trapdoor":77,"minecraft:chest":115,"minecraft:cauldron":2,"minecraft:sandstone":228,"minecraft:stone_brick_wall":9,"minecraft:birch_sapling":31,"minecraft:leaf_litter":2,"minecraft:stone_slab":20,"minecraft:andesite_stairs":2,"minecraft:player_head":1,"minecraft:black_banner":15,"minecraft:potato":1,"minecraft:mangrove_slab":175,"minecraft:sticky_piston":4,"minecraft:jungle_trapdoor":12,"minecraft:glass_bottle":22,"minecraft:wooden_axe":4,"minecraft:oak_sign":12,"minecraft:dark_oak_stairs":56,"minecraft:lantern":126,"minecraft:glass_pane":26,"minecraft:granite":2,"minecraft:coarse_dirt":8,"minecraft:jungle_fence":11,"minecraft:iron_shovel":1003,"minecraft:dark_oak_pressure_plate":5,"minecraft:firefly_bush":13,"minecraft:crimson_sign":1,"minecraft:mud_bricks":29,"minecraft:grindstone":1,"minecraft:mud_brick_wall":68,"minecraft:candle":32,"minecraft:jukebox":2,"minecraft:stone_pickaxe":1735,"minecraft:dandelion":7,"minecraft:birch_leaves":6,"minecraft:mangrove_roots":1438,"minecraft:spruce_boat":82,"minecraft:diamond_shovel":6392,"minecraft:birch_planks":204,"minecraft:rotten_flesh":8,"minecraft:writable_book":579,"minecraft:bone_meal":739,"minecraft:item_frame":19,"minecraft:dirt":1337,"minecraft:fishing_rod":160,"minecraft:dark_oak_sign":8,"minecraft:stripped_spruce_log":841,"minecraft:dark_oak_sapling":49,"minecraft:spruce_planks":355,"minecraft:oak_leaves":21,"minecraft:birch_log":65,"minecraft:cooked_cod":12,"minecraft:iron_bars":4,"minecraft:muddy_mangrove_roots":3,"minecraft:lectern":7,"minecraft:stone_brick_stairs":71,"minecraft:mossy_stone_brick_wall":4,"minecraft:spyglass":56,"minecraft:dripstone_block":8,"minecraft:chiseled_bookshelf":266,"minecraft:oak_planks":48,"minecraft:sugar_cane":38,"minecraft:ice":2,"minecraft:stone_axe":6356,"minecraft:spruce_fence":106,"minecraft:polished_deepslate_wall":4,"minecraft:mud_brick_slab":30,"minecraft:mud_brick_stairs":56,"minecraft:warped_stem":1,"minecraft:spruce_stairs":507,"minecraft:mangrove_sign":2,"minecraft:purple_bed":2,"minecraft:brown_banner":4,"minecraft:packed_mud":1,"minecraft:mangrove_trapdoor":49,"minecraft:bookshelf":2,"minecraft:diamond_pickaxe":26485,"minecraft:ladder":11,"minecraft:stripped_dark_oak_log":327,"minecraft:dark_oak_fence":5,"minecraft:blast_furnace":1,"minecraft:mossy_stone_bricks":8,"minecraft:azalea":15,"minecraft:tuff":2,"minecraft:cut_sandstone":85,"minecraft:stone_sword":131,"minecraft:sweet_berries":276,"minecraft:mangrove_log":164,"minecraft:dead_bush":1,"minecraft:hopper":5,"minecraft:mangrove_door":3,"minecraft:carrot":67,"minecraft:sandstone_stairs":16,"minecraft:trident":2,"minecraft:birch_stairs":1,"minecraft:furnace":14,"minecraft:barrel":16,"minecraft:iron_boots":1,"minecraft:wooden_hoe":118,"minecraft:mangrove_stairs":50,"minecraft:cobblestone_slab":1,"minecraft:composter":2,"minecraft:stone_stairs":4,"minecraft:deepslate_brick_stairs":431,"minecraft:mangrove_fence_gate":6,"minecraft:oak_stairs":43,"minecraft:mangrove_button":3,"minecraft:sandstone_wall":14,"minecraft:cooked_beef":27,"minecraft:ender_chest":91,"minecraft:flint_and_steel":11,"minecraft:birch_hanging_sign":1,"minecraft:mangrove_fence":33,"minecraft:mangrove_propagule":150,"minecraft:cornflower":1,"minecraft:birch_pressure_plate":2,"minecraft:brown_wool":5,"minecraft:spruce_sapling":120,"minecraft:egg":1,"minecraft:azure_bluet":1,"minecraft:ender_pearl":1,"minecraft:leather_helmet":2}},"DataVersion":4440}