{"stats":{"minecraft:picked_up":{"minecraft:porkchop":3,"minecraft:sweet_berries":27,"minecraft:dirt":2,"minecraft:oak_log":4,"minecraft:wheat_seeds":5,"minecraft:wheat":4,"minecraft:leather":1,"minecraft:beef":3},"minecraft:killed":{"minecraft:pig":1,"minecraft:cow":1},"minecraft:custom":{"minecraft:time_since_rest":74,"minecraft:walk_one_cm":149833,"minecraft:leave_game":1,"minecraft:mob_kills":2,"minecraft:walk_under_water_one_cm":2037,"minecraft:damage_taken":470,"minecraft:damage_dealt":181,"minecraft:play_time":7506,"minecraft:jump":646,"minecraft:time_since_death":59,"minecraft:open_barrel":1,"minecraft:sprint_one_cm":117781,"minecraft:fall_one_cm":15724,"minecraft:swim_one_cm":1322,"minecraft:total_world_time":7506,"minecraft:fly_one_cm":136042,"minecraft:walk_on_water_one_cm":1582,"minecraft:crouch_one_cm":414,"minecraft:sneak_time":27,"minecraft:climb_one_cm":5793,"minecraft:deaths":2},"minecraft:mined":{"minecraft:fern":1,"minecraft:oak_leaves":3,"minecraft:sweet_berry_bush":12,"minecraft:oak_log":5,"minecraft:wheat":3,"minecraft:grass_block":2},"minecraft:used":{"minecraft:stone_axe":5,"minecraft:stone_sword":8,"minecraft:sweet_berries":38,"minecraft:beef":3,"minecraft:dirt":2,"minecraft:wheat_seeds":2}},"DataVersion":4440}