{"stats":{"minecraft:killed_by":{"minecraft:skeleton":2,"minecraft:blaze":1,"minecraft:player":7,"minecraft:zombified_piglin":1},"minecraft:custom":{"minecraft:eat_cake_slice":8,"minecraft:time_since_rest":21367,"minecraft:leave_game":73,"minecraft:boat_one_cm":792889,"minecraft:time_since_death":21347,"minecraft:interact_with_furnace":155,"minecraft:happy_ghast_one_cm":1999932,"minecraft:total_world_time":2309598,"minecraft:crouch_one_cm":476583,"minecraft:climb_one_cm":104168,"minecraft:deaths":82,"minecraft:interact_with_stonecutter":8,"minecraft:animals_bred":23,"minecraft:minecart_one_cm":19248,"minecraft:traded_with_villager":65,"minecraft:damage_blocked_by_shield":1222,"minecraft:interact_with_crafting_table":160,"minecraft:walk_one_cm":10050312,"minecraft:walk_under_water_one_cm":467989,"minecraft:horse_one_cm":202669,"minecraft:damage_dealt":51678,"minecraft:play_time":2309598,"minecraft:jump":117729,"minecraft:play_record":6,"minecraft:sprint_one_cm":5763960,"minecraft:inspect_hopper":142,"minecraft:fly_one_cm":12252966,"minecraft:walk_on_water_one_cm":407999,"minecraft:interact_with_blast_furnace":149,"minecraft:interact_with_grindstone":19,"minecraft:talked_to_villager":48,"minecraft:damage_taken":51085,"minecraft:mob_kills":5101,"minecraft:open_enderchest":72,"minecraft:interact_with_brewingstand":51,"minecraft:interact_with_smithing_table":1,"minecraft:sleep_in_bed":40,"minecraft:inspect_dispenser":11,"minecraft:swim_one_cm":250450,"minecraft:player_kills":1,"minecraft:enchant_item":42,"minecraft:interact_with_loom":3,"minecraft:interact_with_lectern":13,"minecraft:drop":2644,"minecraft:open_barrel":12,"minecraft:open_chest":1747,"minecraft:interact_with_smoker":53,"minecraft:fall_one_cm":1454098,"minecraft:interact_with_anvil":39,"minecraft:sneak_time":76901},"minecraft:broken":{"minecraft:leather_leggings":1,"minecraft:iron_axe":2,"minecraft:stone_axe":13,"minecraft:iron_pickaxe":1,"minecraft:stone_pickaxe":43},"minecraft:crafted":{"minecraft:wooden_axe":2,"minecraft:wooden_sword":2,"minecraft:gold_ingot":104,"minecraft:book":39,"minecraft:polished_diorite_stairs":12,"minecraft:diorite_stairs":16,"minecraft:iron_block":22,"minecraft:chest":57,"minecraft:acacia_planks":76,"minecraft:bucket":2,"minecraft:jungle_planks":256,"minecraft:dark_oak_planks":5276,"minecraft:stone_hoe":1,"minecraft:diamond_shovel":1,"minecraft:glass":21,"minecraft:cobblestone_slab":30,"minecraft:brown_bed":2,"minecraft:cobbled_deepslate_stairs":256,"minecraft:redstone_block":28,"minecraft:netherite_upgrade_smithing_template":2,"minecraft:polished_diorite":32,"minecraft:coal_block":16,"minecraft:spruce_door":3,"minecraft:dark_oak_fence_gate":3,"minecraft:bone_block":1224,"minecraft:dark_oak_boat":3,"minecraft:smooth_stone":3,"minecraft:charcoal":245,"minecraft:spruce_sign":3,"minecraft:iron_bars":432,"minecraft:armor_stand":1,"minecraft:raw_iron":9,"minecraft:paper":123,"minecraft:furnace":2,"minecraft:diorite_wall":330,"minecraft:iron_ingot":569,"minecraft:diamond_hoe":2,"minecraft:diamond_helmet":1,"minecraft:scaffolding":360,"minecraft:cracked_deepslate_bricks":26,"minecraft:stone":64,"minecraft:blaze_powder":14,"minecraft:diamond_leggings":1,"minecraft:enchanted_book":3,"minecraft:baked_potato":448,"minecraft:shield":4,"minecraft:stone_axe":35,"minecraft:prismarine_wall":174,"minecraft:iron_axe":2,"minecraft:cooked_salmon":8,"minecraft:diamond_boots":1,"minecraft:writable_book":5,"minecraft:stick":4316,"minecraft:deepslate_bricks":42,"minecraft:smooth_stone_slab":6,"minecraft:iron_helmet":1,"minecraft:diamond_axe":1,"minecraft:black_banner":2,"minecraft:air":0,"minecraft:redstone":27,"minecraft:dark_oak_button":69,"minecraft:bone_meal":11476,"minecraft:spyglass":1,"minecraft:oak_boat":2,"minecraft:lapis_block":34,"minecraft:glass_bottle":21,"minecraft:redstone_torch":20,"minecraft:written_book":2,"minecraft:lapis_lazuli":126,"minecraft:oak_planks":20,"minecraft:cooked_cod":45,"minecraft:coal":135,"minecraft:iron_shovel":1,"minecraft:iron_sword":1,"minecraft:shears":1,"minecraft:polished_deepslate":256,"minecraft:white_banner":2,"minecraft:cooked_chicken":19,"minecraft:birch_planks":12,"minecraft:hopper":3,"minecraft:stone_pickaxe":70,"minecraft:anvil":4,"minecraft:wooden_pickaxe":2,"minecraft:dark_oak_trapdoor":4,"minecraft:diamond_chestplate":1,"minecraft:diamond_sword":1,"minecraft:emerald":62,"minecraft:birch_boat":1,"minecraft:black_bed":25,"minecraft:gold_block":12,"minecraft:deepslate_brick_stairs":8,"minecraft:copper_ingot":296,"minecraft:purple_bed":3,"minecraft:bread":1,"minecraft:dark_oak_sign":36,"minecraft:crafting_table":75,"minecraft:torch":1612,"minecraft:white_bed":5,"minecraft:dark_oak_fence":3,"minecraft:spruce_planks":68,"minecraft:iron_pickaxe":3,"minecraft:copper_block":21,"minecraft:iron_leggings":1},"minecraft:killed":{"minecraft:slime":4,"minecraft:zombified_piglin":7,"minecraft:skeleton":2891,"minecraft:bat":11,"minecraft:silverfish":1994,"minecraft:spider":42,"minecraft:zombie":86,"minecraft:creeper":11,"minecraft:zombie_villager":1,"minecraft:enderman":1,"minecraft:drowned":34,"minecraft:cow":2,"minecraft:blaze":2},"minecraft:picked_up":{"minecraft:iron_door":2,"minecraft:poisonous_potato":4,"minecraft:sweet_berries":41,"minecraft:pale_oak_log":1816,"minecraft:shears":1,"minecraft:cobblestone":6852,"minecraft:glass":1,"minecraft:flint":30,"minecraft:diorite_wall":15,"minecraft:stripped_dark_oak_log":5,"minecraft:sugar_cane":152,"minecraft:redstone":279,"minecraft:bone":1645,"minecraft:dark_oak_sign":5,"minecraft:glow_berries":5,"minecraft:clay_ball":20,"minecraft:sculk_catalyst":1,"minecraft:iron_bars":4,"minecraft:slime_ball":6,"minecraft:diamond":342,"minecraft:granite":74,"minecraft:dark_oak_sapling":1440,"minecraft:blaze_rod":7,"minecraft:chainmail_chestplate":1,"minecraft:pale_oak_sapling":129,"minecraft:bush":1,"minecraft:nether_wart":25,"minecraft:book":279,"minecraft:armor_stand":3,"minecraft:cobbled_deepslate_stairs":11,"minecraft:dark_oak_button":48,"minecraft:bow":109,"minecraft:birch_boat":1,"minecraft:smooth_basalt":242,"minecraft:arrow":1716,"minecraft:iron_ingot":6,"minecraft:dark_oak_planks":19,"minecraft:crossbow":1,"minecraft:raw_gold":163,"minecraft:golden_leggings":3,"minecraft:mossy_stone_bricks":2,"minecraft:nautilus_shell":2,"minecraft:beetroot":27,"minecraft:pale_oak_sign":1,"minecraft:spruce_planks":1,"minecraft:dirt":808,"minecraft:brown_wool":6,"minecraft:golden_boots":3,"minecraft:torch":505,"minecraft:diamond_pickaxe":1,"minecraft:big_dripleaf":3,"minecraft:prismarine_wall":4,"minecraft:bread":12,"minecraft:spruce_log":19,"minecraft:coal":272,"minecraft:oak_log":11,"minecraft:snow":2,"minecraft:sand":24,"minecraft:furnace":2,"minecraft:sculk_sensor":2,"minecraft:wheat_seeds":293,"minecraft:black_bed":10,"minecraft:leather_leggings":4,"minecraft:music_disc_13":1,"minecraft:quartz":6,"minecraft:egg":4,"minecraft:diamond_sword":2,"minecraft:poppy":17,"minecraft:white_wool":15,"minecraft:potion":4,"minecraft:closed_eyeblossom":2,"minecraft:red_mushroom":286,"minecraft:andesite":428,"minecraft:beetroot_seeds":82,"minecraft:string":35,"minecraft:raw_iron_block":1,"minecraft:stone_bricks":29,"minecraft:copper_ingot":68,"minecraft:obsidian":1,"minecraft:writable_book":6,"minecraft:leather_boots":3,"minecraft:polished_diorite":2,"minecraft:filled_map":1,"minecraft:diamond_axe":1,"minecraft:carrot":6,"minecraft:mangrove_roots":8,"minecraft:white_bed":2,"minecraft:leather":9,"minecraft:gold_nugget":8,"minecraft:stone_slab":1,"minecraft:lead":4,"minecraft:resin_clump":58,"minecraft:water_bucket":1,"minecraft:dark_oak_leaves":2,"minecraft:stone_pickaxe":1,"minecraft:polished_diorite_stairs":2,"minecraft:armadillo_scute":1,"minecraft:moss_carpet":2,"minecraft:gold_ingot":1,"minecraft:baked_potato":66,"minecraft:scaffolding":14,"minecraft:pale_oak_hanging_sign":1,"minecraft:prismarine":128,"minecraft:resin_block":1,"minecraft:stick":990,"minecraft:bamboo":368,"minecraft:black_wool":79,"minecraft:leather_chestplate":4,"minecraft:moss_block":4,"minecraft:golden_chestplate":4,"minecraft:deepslate":21,"minecraft:cookie":7,"minecraft:cooked_chicken":2,"minecraft:item_frame":1,"minecraft:raw_iron":421,"minecraft:cobbled_deepslate":7722,"minecraft:pumpkin_seeds":2,"minecraft:mossy_cobblestone":37,"minecraft:amethyst_block":55,"minecraft:nether_brick":1,"minecraft:wheat":81,"minecraft:leather_helmet":7,"minecraft:gunpowder":15,"minecraft:chest":20,"minecraft:blackstone":28,"minecraft:sculk":1,"minecraft:diorite_stairs":6,"minecraft:pale_moss_carpet":76,"minecraft:blaze_powder":2,"minecraft:netherrack":328,"minecraft:trident":1,"minecraft:lever":2,"minecraft:stone":98,"minecraft:gravel":262,"minecraft:tuff":561,"minecraft:leaf_litter":7,"minecraft:phantom_membrane":24,"minecraft:pale_oak_planks":3,"minecraft:potato":893,"minecraft:grass_block":1871,"minecraft:birch_log":4,"minecraft:lapis_lazuli":344,"minecraft:spider_eye":10,"minecraft:bone_meal":27,"minecraft:dark_oak_log":16237,"minecraft:diorite":170,"minecraft:black_banner":1,"minecraft:wooden_pickaxe":1,"minecraft:oak_boat":8,"minecraft:pale_moss_block":26,"minecraft:golden_helmet":9,"minecraft:crafting_table":2,"minecraft:raw_copper":284,"minecraft:oak_sapling":1,"minecraft:purple_bed":1,"minecraft:beef":8,"minecraft:rotten_flesh":95,"minecraft:written_book":2,"minecraft:apple":153,"minecraft:dark_oak_boat":40,"minecraft:cobblestone_slab":2,"minecraft:music_disc_cat":2,"minecraft:calcite":640,"minecraft:purple_wool":12,"minecraft:paper":1,"minecraft:cracked_stone_bricks":1},"minecraft:mined":{"minecraft:torch":176,"minecraft:dark_oak_wall_sign":1,"minecraft:mangrove_roots":18,"minecraft:spruce_log":20,"minecraft:nether_quartz_ore":5,"minecraft:chest":20,"minecraft:smooth_basalt":244,"minecraft:netherrack":882,"minecraft:amethyst_block":55,"minecraft:stripped_dark_oak_log":5,"minecraft:spruce_planks":1,"minecraft:pale_hanging_moss":81,"minecraft:birch_log":4,"minecraft:sweet_berry_bush":24,"minecraft:big_dripleaf_stem":1,"minecraft:large_fern":7,"minecraft:obsidian":1,"minecraft:dark_oak_planks":20,"minecraft:cave_vines":1,"minecraft:pale_moss_carpet":57,"minecraft:blackstone":14,"minecraft:iron_door":3,"minecraft:oak_fence":2,"minecraft:dark_oak_sapling":1,"minecraft:moss_block":5,"minecraft:bamboo":78,"minecraft:mushroom_stem":121,"minecraft:wall_torch":110,"minecraft:fern":6,"minecraft:blue_carpet":1,"minecraft:fire":12,"minecraft:deepslate_diamond_ore":152,"minecraft:potatoes":356,"minecraft:iron_ore":124,"minecraft:beetroots":32,"minecraft:pale_moss_block":25,"minecraft:black_wall_banner":1,"minecraft:dark_oak_log":16479,"minecraft:stone_slab":1,"minecraft:dandelion":1,"minecraft:glass":1,"minecraft:closed_eyeblossom":2,"minecraft:oak_planks":3,"minecraft:cobblestone":252,"minecraft:sugar_cane":233,"minecraft:red_mushroom_block":884,"minecraft:scaffolding":11,"minecraft:oak_leaves":3,"minecraft:polished_diorite":2,"minecraft:furnace":2,"minecraft:clay":2,"minecraft:iron_bars":4,"minecraft:cracked_stone_bricks":2,"minecraft:tall_grass":182,"minecraft:mossy_stone_bricks":2,"minecraft:pale_oak_wall_hanging_sign":1,"minecraft:dirt":1338,"minecraft:moss_carpet":1,"minecraft:deepslate":8922,"minecraft:sand":34,"minecraft:snow":7,"minecraft:bamboo_sapling":1,"minecraft:resin_block":1,"minecraft:oak_log":16,"minecraft:prismarine_wall":4,"minecraft:black_bed":2,"minecraft:polished_diorite_stairs":2,"minecraft:sculk":489,"minecraft:vine":2,"minecraft:carrots":1,"minecraft:diorite_wall":5,"minecraft:gravel":459,"minecraft:short_grass":260,"minecraft:pale_oak_wall_sign":1,"minecraft:sculk_catalyst":2,"minecraft:dirt_path":4,"minecraft:crafting_table":2,"minecraft:deepslate_redstone_ore":51,"minecraft:leaf_litter":2,"minecraft:copper_ore":49,"minecraft:raw_iron_block":1,"minecraft:gold_ore":8,"minecraft:andesite":796,"minecraft:packed_ice":2,"minecraft:deepslate_gold_ore":70,"minecraft:ice":2,"minecraft:budding_amethyst":5,"minecraft:dark_oak_leaves":6847,"minecraft:resin_clump":37,"minecraft:poppy":15,"minecraft:deepslate_lapis_ore":28,"minecraft:deepslate_iron_ore":68,"minecraft:stone":11176,"minecraft:stone_bricks":29,"minecraft:granite":250,"minecraft:diorite_stairs":6,"minecraft:bush":1,"minecraft:coal_ore":191,"minecraft:diorite":348,"minecraft:sculk_sensor":7,"minecraft:wheat":85,"minecraft:white_bed":2,"minecraft:dark_oak_sign":2,"minecraft:sculk_vein":25,"minecraft:bookshelf":89,"minecraft:cobbled_deepslate_stairs":11,"minecraft:white_carpet":1,"minecraft:powder_snow":26,"minecraft:creaking_heart":6,"minecraft:mossy_cobblestone":37,"minecraft:nether_wart":7,"minecraft:grass_block":1975,"minecraft:cobweb":7,"minecraft:spruce_leaves":13,"minecraft:cobbled_deepslate":154,"minecraft:white_wool":4,"minecraft:tuff":672,"minecraft:pale_oak_log":1830,"minecraft:pale_oak_leaves":518,"minecraft:calcite":646,"minecraft:cobblestone_slab":3},"minecraft:dropped":{"minecraft:dark_oak_sign":1,"minecraft:andesite":10,"minecraft:sweet_berries":24,"minecraft:mangrove_roots":8,"minecraft:gravel":64,"minecraft:bone":915,"minecraft:glass":1,"minecraft:pale_moss_block":1,"minecraft:poppy":8,"minecraft:blackstone":12,"minecraft:oak_sapling":1,"minecraft:cooked_chicken":4,"minecraft:black_bed":8,"minecraft:leather_chestplate":9,"minecraft:purple_wool":2,"minecraft:grass_block":59,"minecraft:bush":1,"minecraft:tuff":186,"minecraft:book":279,"minecraft:arrow":6233,"minecraft:deepslate":21,"minecraft:wooden_axe":1,"minecraft:gunpowder":2,"minecraft:gold_ingot":1,"minecraft:stone_axe":22,"minecraft:iron_pickaxe":1,"minecraft:dark_oak_log":562,"minecraft:baked_potato":302,"minecraft:diorite":14,"minecraft:pale_moss_carpet":21,"minecraft:rotten_flesh":39,"minecraft:torch":14,"minecraft:leather_leggings":10,"minecraft:bow":268,"minecraft:cooked_cod":2,"minecraft:bucket":1,"minecraft:dirt":4,"minecraft:black_wool":2,"minecraft:stone":93,"minecraft:obsidian":1,"minecraft:golden_chestplate":13,"minecraft:melon_slice":2,"minecraft:sand":3,"minecraft:resin_clump":3,"minecraft:shears":1,"minecraft:sculk":1,"minecraft:glass_bottle":2,"minecraft:apple":10,"minecraft:bamboo":5,"minecraft:wooden_pickaxe":1,"minecraft:written_book":3,"minecraft:cookie":5,"minecraft:dark_oak_button":68,"minecraft:golden_helmet":27,"minecraft:netherrack":51,"minecraft:glow_ink_sac":7,"minecraft:iron_axe":1,"minecraft:oak_planks":11,"minecraft:wheat":2,"minecraft:chainmail_helmet":6,"minecraft:experience_bottle":17,"minecraft:cobbled_deepslate":3095,"minecraft:egg":1,"minecraft:sugar_cane":1,"minecraft:armadillo_scute":1,"minecraft:wheat_seeds":23,"minecraft:iron_ingot":1,"minecraft:dark_oak_boat":1,"minecraft:stone_pickaxe":26,"minecraft:chainmail_chestplate":3,"minecraft:calcite":128,"minecraft:diorite_wall":10,"minecraft:dark_oak_sapling":8,"minecraft:snow":2,"minecraft:string":6,"minecraft:golden_boots":11,"minecraft:stick":40,"minecraft:pale_oak_planks":3,"minecraft:bread":28,"minecraft:spider_eye":8,"minecraft:leather_helmet":19,"minecraft:cobblestone":257,"minecraft:leather_boots":9,"minecraft:pale_oak_sapling":10,"minecraft:pumpkin_seeds":1,"minecraft:red_mushroom":69,"minecraft:diamond_axe":1,"minecraft:moss_carpet":1,"minecraft:diamond":235,"minecraft:bone_meal":7,"minecraft:poisonous_potato":4,"minecraft:water_bucket":1,"minecraft:stone_bricks":2,"minecraft:closed_eyeblossom":2,"minecraft:diamond_sword":2,"minecraft:flint":1,"minecraft:golden_leggings":14,"minecraft:gold_nugget":8,"minecraft:dark_oak_leaves":1,"minecraft:dark_oak_planks":65,"minecraft:writable_book":6},"minecraft:used":{"minecraft:iron_axe":520,"minecraft:stone_slab":1,"minecraft:diamond_hoe":6993,"minecraft:diamond_sword":1046,"minecraft:black_banner":1,"minecraft:potato":378,"minecraft:wheat_seeds":104,"minecraft:glow_berries":11,"minecraft:glass_bottle":33,"minecraft:wooden_axe":18,"minecraft:mushroom_stew":2,"minecraft:polished_diorite_stairs":14,"minecraft:granite":7,"minecraft:dark_oak_button":1,"minecraft:iron_shovel":27,"minecraft:pale_oak_sign":1,"minecraft:tinted_glass":1,"minecraft:diorite_wall":237,"minecraft:diamond_axe":18364,"minecraft:blackstone":16,"minecraft:beetroot_seeds":32,"minecraft:moss_block":4,"minecraft:calcite":26,"minecraft:stone_pickaxe":5718,"minecraft:armor_stand":4,"minecraft:bow":15,"minecraft:cobbled_deepslate_stairs":262,"minecraft:cobbled_deepslate":6233,"minecraft:netherrack":277,"minecraft:polished_diorite":31,"minecraft:mossy_cobblestone":10,"minecraft:deepslate_brick_slab":72,"minecraft:diamond_shovel":3525,"minecraft:leather_chestplate":1,"minecraft:rotten_flesh":6,"minecraft:writable_book":49,"minecraft:bone_meal":471,"minecraft:dark_oak_planks":6,"minecraft:anvil":4,"minecraft:dirt":689,"minecraft:written_book":14,"minecraft:dark_oak_sign":25,"minecraft:dark_oak_sapling":2,"minecraft:spruce_planks":2,"minecraft:cooked_cod":25,"minecraft:iron_bars":342,"minecraft:dark_oak_fence_gate":3,"minecraft:bucket":59,"minecraft:spyglass":253,"minecraft:sugar_cane":2,"minecraft:stone_axe":1922,"minecraft:grass_block":1506,"minecraft:prismarine_wall":178,"minecraft:shield":12,"minecraft:iron_pickaxe":330,"minecraft:deepslate":320,"minecraft:andesite":59,"minecraft:bamboo":7,"minecraft:dark_oak_log":72,"minecraft:oak_boat":10,"minecraft:leather_leggings":1,"minecraft:iron_sword":88,"minecraft:golden_carrot":1,"minecraft:diorite_stairs":22,"minecraft:purple_bed":1,"minecraft:deepslate_bricks":10,"minecraft:diamond_pickaxe":19375,"minecraft:nether_brick":1,"minecraft:wooden_sword":28,"minecraft:cookie":2,"minecraft:stone_bricks":25,"minecraft:beetroot":27,"minecraft:crossbow":28,"minecraft:dark_oak_fence":3,"minecraft:tuff":111,"minecraft:sweet_berries":21,"minecraft:diorite":282,"minecraft:wooden_pickaxe":16,"minecraft:pumpkin_seeds":1,"minecraft:spruce_door":2,"minecraft:cobblestone":9731,"minecraft:stone":5,"minecraft:hopper":3,"minecraft:resin_block":1,"minecraft:carrot":8,"minecraft:crafting_table":13,"minecraft:spruce_sign":1,"minecraft:birch_boat":2,"minecraft:potion":10,"minecraft:white_bed":3,"minecraft:diamond_boots":1,"minecraft:baked_potato":426,"minecraft:trident":685,"minecraft:apple":17,"minecraft:scaffolding":200,"minecraft:moss_carpet":1,"minecraft:melon_slice":126,"minecraft:stone_hoe":21,"minecraft:water_bucket":58,"minecraft:smooth_basalt":99,"minecraft:pale_oak_log":45,"minecraft:deepslate_brick_wall":4,"minecraft:furnace":3,"minecraft:torch":2073,"minecraft:bread":32,"minecraft:black_bed":20,"minecraft:cracked_deepslate_bricks":6,"minecraft:cobblestone_slab":28,"minecraft:resin_clump":2,"minecraft:gravel":9,"minecraft:cake":1,"minecraft:deepslate_brick_stairs":8,"minecraft:cooked_chicken":33,"minecraft:redstone_torch":8,"minecraft:dark_oak_trapdoor":3,"minecraft:dark_oak_boat":41,"minecraft:chest":60,"minecraft:beef":8,"minecraft:pale_moss_carpet":1,"minecraft:egg":2}},"DataVersion":4440}