{"stats":{"minecraft:killed_by":{"minecraft:skeleton":5,"minecraft:polar_bear":2,"minecraft:player":3,"minecraft:magma_cube":1,"minecraft:creaking":18,"minecraft:spider":1,"minecraft:iron_golem":1,"minecraft:drowned":3,"minecraft:zombie":8},"minecraft:custom":{"minecraft:time_since_rest":12102,"minecraft:leave_game":40,"minecraft:boat_one_cm":1858940,"minecraft:time_since_death":12082,"minecraft:interact_with_furnace":299,"minecraft:total_world_time":3399841,"minecraft:crouch_one_cm":901510,"minecraft:climb_one_cm":95642,"minecraft:deaths":56,"minecraft:interact_with_stonecutter":38,"minecraft:fish_caught":60,"minecraft:damage_dealt_resisted":126,"minecraft:animals_bred":6,"minecraft:traded_with_villager":26,"minecraft:damage_blocked_by_shield":4648,"minecraft:interact_with_crafting_table":231,"minecraft:walk_one_cm":19348320,"minecraft:walk_under_water_one_cm":454009,"minecraft:horse_one_cm":1284056,"minecraft:damage_dealt":203433,"minecraft:play_time":3399841,"minecraft:jump":52867,"minecraft:play_record":1,"minecraft:sprint_one_cm":8954020,"minecraft:fill_cauldron":2,"minecraft:inspect_hopper":12,"minecraft:fly_one_cm":9711570,"minecraft:walk_on_water_one_cm":517505,"minecraft:interact_with_blast_furnace":2,"minecraft:interact_with_grindstone":2,"minecraft:talked_to_villager":76,"minecraft:damage_taken":96744,"minecraft:mob_kills":2828,"minecraft:open_shulker_box":5,"minecraft:open_enderchest":2,"minecraft:interact_with_brewingstand":6,"minecraft:interact_with_smithing_table":1,"minecraft:sleep_in_bed":9,"minecraft:inspect_dispenser":37,"minecraft:swim_one_cm":1012498,"minecraft:player_kills":3,"minecraft:enchant_item":43,"minecraft:interact_with_loom":5,"minecraft:interact_with_lectern":22,"minecraft:drop":204,"minecraft:use_cauldron":2,"minecraft:open_barrel":234,"minecraft:open_chest":2367,"minecraft:interact_with_smoker":55,"minecraft:fall_one_cm":1333080,"minecraft:interact_with_anvil":7,"minecraft:sneak_time":170282},"minecraft:broken":{"minecraft:stone_shovel":5,"minecraft:iron_helmet":1,"minecraft:diamond_shovel":4,"minecraft:iron_chestplate":1,"minecraft:wooden_hoe":1,"minecraft:iron_hoe":2,"minecraft:leather_helmet":2,"minecraft:iron_leggings":1,"minecraft:iron_shovel":4,"minecraft:bow":1,"minecraft:stone_axe":7,"minecraft:iron_pickaxe":18,"minecraft:stone_sword":4,"minecraft:stone_pickaxe":5,"minecraft:iron_boots":2,"minecraft:iron_axe":27,"minecraft:fishing_rod":1,"minecraft:stone_hoe":1,"minecraft:shears":4,"minecraft:diamond_axe":6,"minecraft:iron_sword":1,"minecraft:wooden_shovel":1},"minecraft:crafted":{"minecraft:stone_sword":3,"minecraft:mace":1,"minecraft:mossy_cobblestone_wall":6,"minecraft:gold_ingot":24,"minecraft:book":13,"minecraft:iron_chestplate":1,"minecraft:glass_pane":16,"minecraft:copper_trapdoor":2,"minecraft:clock":1,"minecraft:bamboo_fence_gate":4,"minecraft:raw_copper_block":24,"minecraft:lever":1,"minecraft:birch_door":3,"minecraft:diamond_pickaxe":3,"minecraft:chest":45,"minecraft:iron_block":3,"minecraft:bookshelf":1,"minecraft:bow":10,"minecraft:acacia_planks":232,"minecraft:repeater":2,"minecraft:bucket":1,"minecraft:item_frame":12,"minecraft:dark_oak_planks":132,"minecraft:mushroom_stew":13,"minecraft:yellow_stained_glass":16,"minecraft:cauldron":1,"minecraft:dispenser":1,"minecraft:diamond_shovel":3,"minecraft:leather_helmet":3,"minecraft:glass":110,"minecraft:mangrove_planks":240,"minecraft:iron_hoe":1,"minecraft:cobbled_deepslate_slab":48,"minecraft:cobbled_deepslate_stairs":4,"minecraft:bamboo_fence":66,"minecraft:campfire":1,"minecraft:pink_dye":2,"minecraft:yellow_dye":76,"minecraft:polished_diorite":16,"minecraft:spruce_door":3,"minecraft:iron_boots":3,"minecraft:charcoal":6,"minecraft:cooked_beef":412,"minecraft:stonecutter":2,"minecraft:blue_dye":1,"minecraft:oak_slab":12,"minecraft:spruce_sign":6,"minecraft:barrel":6,"minecraft:wooden_shovel":2,"minecraft:iron_bars":48,"minecraft:paper":129,"minecraft:furnace":3,"minecraft:diorite_wall":6,"minecraft:iron_ingot":404,"minecraft:pale_oak_trapdoor":2,"minecraft:black_stained_glass_pane":8,"minecraft:diamond_hoe":1,"minecraft:lead":2,"minecraft:scaffolding":12,"minecraft:stone":136,"minecraft:acacia_slab":90,"minecraft:wolf_armor":2,"minecraft:enchanted_book":2,"minecraft:shield":2,"minecraft:stone_axe":5,"minecraft:bamboo_planks":370,"minecraft:black_wool":12,"minecraft:iron_axe":28,"minecraft:cobblestone_stairs":4,"minecraft:polished_deepslate_wall":4,"minecraft:writable_book":1,"minecraft:andesite_stairs":28,"minecraft:acacia_stairs":52,"minecraft:map":5,"minecraft:stick":670,"minecraft:compass":6,"minecraft:black_dye":30,"minecraft:andesite_slab":132,"minecraft:cooked_porkchop":102,"minecraft:iron_helmet":3,"minecraft:diamond_axe":4,"minecraft:cobblestone_wall":60,"minecraft:black_banner":4,"minecraft:polished_andesite":8,"minecraft:air":0,"minecraft:bone_meal":126,"minecraft:lapis_block":14,"minecraft:stone_button":10,"minecraft:red_dye":48,"minecraft:redstone_torch":4,"minecraft:loom":1,"minecraft:mangrove_trapdoor":18,"minecraft:bundle":1,"minecraft:oak_planks":320,"minecraft:iron_sword":2,"minecraft:fishing_rod":2,"minecraft:shears":6,"minecraft:iron_shovel":5,"minecraft:polished_deepslate":68,"minecraft:smoker":2,"minecraft:mangrove_slab":108,"minecraft:stone_shovel":4,"minecraft:birch_planks":24,"minecraft:hopper":5,"minecraft:stone_pickaxe":3,"minecraft:anvil":1,"minecraft:mangrove_door":3,"minecraft:mangrove_stairs":52,"minecraft:diamond_chestplate":1,"minecraft:diamond_sword":2,"minecraft:bamboo_block":192,"minecraft:cut_sandstone":188,"minecraft:emerald":42,"minecraft:pale_oak_planks":24,"minecraft:spruce_trapdoor":14,"minecraft:tuff_slab":6,"minecraft:copper_ingot":649,"minecraft:bamboo_stairs":4,"minecraft:crafting_table":10,"minecraft:torch":212,"minecraft:white_bed":1,"minecraft:polished_andesite_slab":12,"minecraft:birch_slab":6,"minecraft:polished_deepslate_slab":6,"minecraft:purple_dye":2,"minecraft:spruce_planks":408,"minecraft:lectern":1,"minecraft:iron_pickaxe":19,"minecraft:iron_leggings":3},"minecraft:killed":{"minecraft:zombified_piglin":1,"minecraft:stray":127,"minecraft:fox":2,"minecraft:pig":53,"minecraft:mooshroom":293,"minecraft:piglin":2,"minecraft:bat":9,"minecraft:silverfish":1224,"minecraft:salmon":4,"minecraft:zombie":251,"minecraft:glow_squid":7,"minecraft:zombie_villager":5,"minecraft:rabbit":9,"minecraft:chicken":37,"minecraft:squid":34,"minecraft:drowned":7,"minecraft:cow":53,"minecraft:slime":234,"minecraft:skeleton":96,"minecraft:iron_golem":2,"minecraft:spider":160,"minecraft:horse":2,"minecraft:wither_skeleton":5,"minecraft:creeper":62,"minecraft:hoglin":1,"minecraft:sheep":11,"minecraft:enderman":3,"minecraft:magma_cube":27,"minecraft:breeze":15,"minecraft:blaze":4},"minecraft:picked_up":{"minecraft:cobblestone_wall":2,"minecraft:sweet_berries":13,"minecraft:pale_oak_log":710,"minecraft:cobblestone":1545,"minecraft:shears":2,"minecraft:saddle":1,"minecraft:diorite_wall":5,"minecraft:sugar_cane":234,"minecraft:bone":404,"minecraft:acacia_sapling":61,"minecraft:rose_bush":1,"minecraft:diamond_shovel":1,"minecraft:clay_ball":260,"minecraft:waxed_copper_grate":1,"minecraft:tuff_slab":1,"minecraft:iron_bars":18,"minecraft:blaze_rod":2,"minecraft:emerald":78,"minecraft:pale_oak_sapling":91,"minecraft:mangrove_trapdoor":4,"minecraft:ink_sac":63,"minecraft:waxed_cut_copper_stairs":1,"minecraft:wildflowers":60,"minecraft:bow":23,"minecraft:arrow":428,"minecraft:smooth_basalt":139,"minecraft:iron_ingot":63,"minecraft:mangrove_door":1,"minecraft:spruce_slab":6,"minecraft:crossbow":4,"minecraft:heavy_core":1,"minecraft:azalea":14,"minecraft:dandelion":4,"minecraft:white_candle":28,"minecraft:lava_bucket":1,"minecraft:nautilus_shell":2,"minecraft:mutton":23,"minecraft:cut_sandstone":3,"minecraft:golden_carrot":9,"minecraft:music_disc_11":1,"minecraft:rabbit_hide":6,"minecraft:stonecutter":2,"minecraft:black_dye":14,"minecraft:crimson_stem":6,"minecraft:oxeye_daisy":2,"minecraft:oak_log":118,"minecraft:sand":635,"minecraft:furnace":6,"minecraft:mangrove_boat":4,"minecraft:wheat_seeds":9,"minecraft:quartz":73,"minecraft:egg":36,"minecraft:red_mushroom":4619,"minecraft:snowball":44,"minecraft:loom":1,"minecraft:chiseled_tuff_bricks":2,"minecraft:oak_sign":1,"minecraft:beetroot_seeds":62,"minecraft:bamboo_fence_gate":4,"minecraft:ender_pearl":2,"minecraft:string":192,"minecraft:obsidian":2,"minecraft:polished_basalt":176,"minecraft:polished_diorite":1,"minecraft:nether_wart_block":1,"minecraft:mushroom_stew":1,"minecraft:pale_oak_trapdoor":2,"minecraft:chain":54,"minecraft:cornflower":1,"minecraft:comparator":10,"minecraft:enchanted_book":4,"minecraft:birch_door":3,"minecraft:gray_carpet":3,"minecraft:spruce_sapling":102,"minecraft:mangrove_log":234,"minecraft:flowering_azalea":16,"minecraft:white_bed":3,"minecraft:bucket":1,"minecraft:chiseled_stone_bricks":4,"minecraft:leather":432,"minecraft:cracked_deepslate_tiles":20,"minecraft:honey_bottle":5,"minecraft:lead":6,"minecraft:brown_mushroom":747,"minecraft:armadillo_scute":30,"minecraft:moss_carpet":61,"minecraft:music_disc_blocks":1,"minecraft:target":2,"minecraft:peony":8,"minecraft:scaffolding":16,"minecraft:mangrove_slab":58,"minecraft:porkchop":119,"minecraft:spruce_sign":14,"minecraft:stick":403,"minecraft:white_concrete":1,"minecraft:polished_tuff":4,"minecraft:bamboo":2148,"minecraft:moss_block":2,"minecraft:cooked_porkchop":2,"minecraft:iron_axe":1,"minecraft:deepslate":280,"minecraft:cauldron":2,"minecraft:item_frame":2,"minecraft:raw_iron":490,"minecraft:diamond_chestplate":2,"minecraft:honeycomb":12,"minecraft:waxed_oxidized_copper_grate":1,"minecraft:mossy_cobblestone":82,"minecraft:detector_rail":2,"minecraft:white_dye":2,"minecraft:spruce_door":1,"minecraft:chest":29,"minecraft:cobbled_deepslate_slab":88,"minecraft:netherrack":91,"minecraft:skeleton_skull":2,"minecraft:trident":2,"minecraft:gravel":355,"minecraft:tuff":314,"minecraft:phantom_membrane":7,"minecraft:stripped_mangrove_log":5,"minecraft:potato":3,"minecraft:shield":4,"minecraft:bamboo_fence":9,"minecraft:lapis_lazuli":425,"minecraft:jungle_log":6,"minecraft:yellow_dye":68,"minecraft:ominous_bottle":1,"minecraft:trial_key":20,"minecraft:black_banner":3,"minecraft:oak_boat":3,"minecraft:pufferfish":7,"minecraft:cherry_sapling":5,"minecraft:oak_planks":221,"minecraft:brown_egg":3,"minecraft:raw_copper":1244,"minecraft:stone_brick_stairs":28,"minecraft:rotten_flesh":338,"minecraft:written_book":4,"minecraft:apple":19,"minecraft:calcite":184,"minecraft:mangrove_stairs":37,"minecraft:cracked_stone_bricks":13,"minecraft:tropical_fish":6,"minecraft:name_tag":1,"minecraft:stone_button":1,"minecraft:flint":26,"minecraft:polished_deepslate_wall":4,"minecraft:candle":9,"minecraft:redstone":216,"minecraft:deepslate_tiles":65,"minecraft:dark_oak_sign":4,"minecraft:music_disc_creator_music_box":2,"minecraft:redstone_lamp":38,"minecraft:birch_slab":4,"minecraft:flow_banner_pattern":2,"minecraft:firefly_bush":2,"minecraft:lantern":4,"minecraft:diamond":119,"minecraft:slime_ball":152,"minecraft:granite":1,"minecraft:dark_oak_sapling":127,"minecraft:stone_brick_slab":108,"minecraft:lily_pad":2,"minecraft:flow_armor_trim_smithing_template":2,"minecraft:nether_wart":97,"minecraft:salmon":25,"minecraft:powered_rail":2,"minecraft:spruce_boat":4,"minecraft:red_mushroom_block":1,"minecraft:magma_cream":1,"minecraft:bowl":1,"minecraft:dark_oak_planks":1,"minecraft:enchanted_golden_apple":2,"minecraft:raw_gold":52,"minecraft:stone_sword":3,"minecraft:acacia_log":89,"minecraft:emerald_block":2,"minecraft:deepslate_bricks":2,"minecraft:pale_oak_leaves":255,"minecraft:acacia_planks":80,"minecraft:beetroot":22,"minecraft:spruce_planks":61,"minecraft:dirt":5715,"minecraft:basalt":3,"minecraft:blue_egg":1,"minecraft:rail":191,"minecraft:iron_shovel":1,"minecraft:azure_bluet":4,"minecraft:torch":127,"minecraft:diamond_pickaxe":1,"minecraft:cherry_log":10,"minecraft:bread":16,"minecraft:stripped_birch_log":18,"minecraft:spruce_log":337,"minecraft:music_disc_strad":1,"minecraft:coal":822,"minecraft:oak_fence":75,"minecraft:birch_planks":4,"minecraft:sculk_sensor":3,"minecraft:andesite_stairs":13,"minecraft:music_disc_mall":1,"minecraft:anvil":2,"minecraft:nether_bricks":1,"minecraft:milk_bucket":1,"minecraft:waxed_copper_block":64,"minecraft:birch_sapling":98,"minecraft:poppy":8,"minecraft:sunflower":6,"minecraft:cooked_beef":385,"minecraft:white_wool":50,"minecraft:feather":12,"minecraft:soul_lantern":8,"minecraft:mangrove_propagule":65,"minecraft:potion":9,"minecraft:chiseled_deepslate":37,"minecraft:andesite":1210,"minecraft:lily_of_the_valley":15,"minecraft:deepslate_tile_slab":2,"minecraft:mangrove_planks":87,"minecraft:sandstone":257,"minecraft:filled_map":2,"minecraft:vine":31,"minecraft:diamond_axe":1,"minecraft:carrot":4,"minecraft:rabbit":11,"minecraft:mangrove_roots":334,"minecraft:polished_deepslate_slab":1,"minecraft:breeze_rod":21,"minecraft:stone_slab":2,"minecraft:cod":32,"minecraft:baked_potato":14,"minecraft:bolt_armor_trim_smithing_template":1,"minecraft:glow_ink_sac":49,"minecraft:golden_apple":2,"minecraft:waxed_oxidized_cut_copper":22,"minecraft:polished_andesite_slab":63,"minecraft:acacia_slab":91,"minecraft:black_wool":13,"minecraft:chicken":10,"minecraft:cooked_chicken":6,"minecraft:cobbled_deepslate":5181,"minecraft:acacia_stairs":39,"minecraft:andesite_slab":111,"minecraft:glowstone_dust":27,"minecraft:music_disc_lava_chicken":1,"minecraft:jungle_sapling":1,"minecraft:amethyst_block":2,"minecraft:tuff_bricks":60,"minecraft:gunpowder":91,"minecraft:pumpkin_pie":1,"minecraft:spruce_trapdoor":4,"minecraft:blackstone":195,"minecraft:deepslate_tile_wall":1,"minecraft:pale_moss_carpet":36,"minecraft:magma_block":5,"minecraft:smooth_stone":1,"minecraft:leaf_litter":33,"minecraft:birch_log":302,"minecraft:disc_fragment_5":2,"minecraft:mud":2,"minecraft:sticky_piston":2,"minecraft:pumpkin":2,"minecraft:bamboo_planks":6,"minecraft:spider_eye":77,"minecraft:dark_oak_log":913,"minecraft:tipped_arrow":162,"minecraft:diorite":189,"minecraft:pale_moss_block":128,"minecraft:brown_mushroom_block":1,"minecraft:crafting_table":9,"minecraft:ominous_trial_key":11,"minecraft:oak_sapling":63,"minecraft:beef":472,"minecraft:wind_charge":69,"minecraft:cobblestone_slab":4,"minecraft:cracked_deepslate_bricks":32,"minecraft:music_disc_cat":2,"minecraft:oak_slab":6,"minecraft:waxed_oxidized_copper":1,"minecraft:barrel":3,"minecraft:gray_wool":2},"minecraft:mined":{"minecraft:torch":75,"minecraft:mangrove_roots":334,"minecraft:dark_oak_wall_sign":1,"minecraft:spruce_log":254,"minecraft:nether_quartz_ore":35,"minecraft:chest":29,"minecraft:pumpkin":2,"minecraft:netherrack":120,"minecraft:mycelium":5123,"minecraft:spruce_sapling":11,"minecraft:waxed_oxidized_cut_copper":11,"minecraft:cracked_deepslate_bricks":32,"minecraft:brown_mushroom":6,"minecraft:spruce_planks":21,"minecraft:birch_log":246,"minecraft:pale_hanging_moss":3,"minecraft:sweet_berry_bush":1,"minecraft:large_fern":2,"minecraft:magma_block":5,"minecraft:dark_oak_planks":1,"minecraft:redstone_lamp":19,"minecraft:blackstone":195,"minecraft:anvil":2,"minecraft:sticky_piston":1,"minecraft:deepslate_bricks":2,"minecraft:sculk_shrieker":7,"minecraft:dark_oak_sapling":1,"minecraft:wall_torch":22,"minecraft:fire":50,"minecraft:mangrove_planks":75,"minecraft:dripstone_block":2,"minecraft:deepslate_tiles":65,"minecraft:azalea":7,"minecraft:azure_bluet":4,"minecraft:acacia_log":89,"minecraft:black_wall_banner":1,"minecraft:glass_pane":2,"minecraft:dark_oak_log":913,"minecraft:gray_wool":1,"minecraft:chain":54,"minecraft:spruce_wall_sign":3,"minecraft:stone_slab":2,"minecraft:dandelion":4,"minecraft:lantern":1,"minecraft:kelp":2,"minecraft:birch_sapling":7,"minecraft:cherry_leaves":7,"minecraft:scaffolding":10,"minecraft:oak_leaves":55,"minecraft:brown_mushroom_block":3004,"minecraft:mangrove_slab":33,"minecraft:clay":65,"minecraft:rose_bush":1,"minecraft:deepslate_copper_ore":18,"minecraft:iron_bars":1,"minecraft:tall_grass":3,"minecraft:waxed_copper_block":64,"minecraft:deepslate_tile_slab":1,"minecraft:emerald_ore":1,"minecraft:cobbled_deepslate_slab":88,"minecraft:acacia_slab":32,"minecraft:moss_carpet":2,"minecraft:spruce_door":1,"minecraft:sand":800,"minecraft:stripped_birch_log":18,"minecraft:bamboo_sapling":2,"minecraft:spruce_sign":5,"minecraft:stonecutter":3,"minecraft:gray_carpet":1,"minecraft:lapis_ore":9,"minecraft:mud":2,"minecraft:andesite_slab":3,"minecraft:vine":12,"minecraft:diorite_wall":5,"minecraft:sunflower":6,"minecraft:short_grass":10,"minecraft:red_mushroom":2,"minecraft:sculk_catalyst":7,"minecraft:acacia_leaves":7,"minecraft:infested_stone":1,"minecraft:crafting_table":9,"minecraft:flowering_azalea":8,"minecraft:deepslate_redstone_ore":39,"minecraft:leaf_litter":12,"minecraft:copper_ore":263,"minecraft:andesite_stairs":13,"minecraft:budding_amethyst":1,"minecraft:birch_door":1,"minecraft:cauldron":2,"minecraft:crimson_stem":6,"minecraft:sculk_sensor":121,"minecraft:mangrove_stairs":16,"minecraft:barrel":3,"minecraft:mossy_cobblestone":52,"minecraft:nether_wart":35,"minecraft:grass_block":23,"minecraft:tuff_bricks":54,"minecraft:white_wool":1,"minecraft:cracked_deepslate_tiles":20,"minecraft:pale_oak_leaves":266,"minecraft:deepslate_tile_wall":1,"minecraft:calcite":143,"minecraft:spruce_slab":6,"minecraft:comparator":9,"minecraft:pale_oak_sapling":6,"minecraft:smooth_basalt":144,"minecraft:oak_sign":1,"minecraft:amethyst_block":2,"minecraft:oxeye_daisy":2,"minecraft:waxed_oxidized_copper":1,"minecraft:sandstone":257,"minecraft:pale_moss_carpet":16,"minecraft:white_concrete":1,"minecraft:nether_wart_block":1,"minecraft:birch_leaves":8,"minecraft:oak_fence":77,"minecraft:powder_snow_cauldron":1,"minecraft:moss_block":2,"minecraft:mushroom_stem":2440,"minecraft:bamboo":489,"minecraft:waxed_cut_copper_stairs":1,"minecraft:fern":1,"minecraft:deepslate_diamond_ore":69,"minecraft:pale_oak_trapdoor":2,"minecraft:mangrove_propagule":12,"minecraft:iron_ore":239,"minecraft:beetroots":23,"minecraft:pale_moss_block":134,"minecraft:bamboo_fence_gate":4,"minecraft:lily_of_the_valley":15,"minecraft:oak_planks":221,"minecraft:cobblestone":89,"minecraft:sugar_cane":241,"minecraft:mangrove_leaves":258,"minecraft:red_mushroom_block":16867,"minecraft:target":1,"minecraft:polished_diorite":1,"minecraft:furnace":6,"minecraft:mangrove_trapdoor":3,"minecraft:wildflowers":17,"minecraft:rail":113,"minecraft:dirt":2414,"minecraft:cobblestone_wall":2,"minecraft:basalt":3,"minecraft:deepslate":4502,"minecraft:snow":27,"minecraft:oak_log":104,"minecraft:bamboo_fence":9,"minecraft:white_candle":16,"minecraft:cherry_log":10,"minecraft:sculk":6171,"minecraft:spawner":1,"minecraft:acacia_stairs":16,"minecraft:gravel":249,"minecraft:waxed_copper_grate":2,"minecraft:loom":1,"minecraft:polished_deepslate_slab":1,"minecraft:jungle_log":6,"minecraft:firefly_bush":2,"minecraft:gold_ore":1,"minecraft:andesite":1542,"minecraft:glowstone":9,"minecraft:deepslate_gold_ore":37,"minecraft:acacia_sapling":1,"minecraft:nether_bricks":1,"minecraft:polished_basalt":179,"minecraft:dark_oak_leaves":8,"minecraft:chiseled_deepslate":37,"minecraft:polished_andesite_slab":19,"minecraft:poppy":7,"minecraft:deepslate_lapis_ore":33,"minecraft:deepslate_iron_ore":109,"minecraft:stone":1761,"minecraft:tuff_slab":1,"minecraft:skeleton_skull":1,"minecraft:stripped_mangrove_log":5,"minecraft:granite":1,"minecraft:coal_ore":601,"minecraft:diorite":212,"minecraft:spruce_trapdoor":3,"minecraft:white_bed":3,"minecraft:dark_oak_sign":1,"minecraft:sculk_vein":302,"minecraft:candle":4,"minecraft:crimson_nylium":5,"minecraft:glow_lichen":1,"minecraft:powder_snow":20,"minecraft:mangrove_log":177,"minecraft:polished_deepslate_wall":4,"minecraft:cobweb":3,"minecraft:peony":8,"minecraft:spruce_leaves":39,"minecraft:chiseled_tuff_bricks":2,"minecraft:cobbled_deepslate":834,"minecraft:tuff":338,"minecraft:polished_tuff":4,"minecraft:cut_sandstone":3,"minecraft:pale_oak_log":710,"minecraft:soul_lantern":8,"minecraft:cobblestone_slab":5,"minecraft:cornflower":1,"minecraft:redstone_wire":3,"minecraft:acacia_planks":52},"minecraft:dropped":{"minecraft:oak_planks":3,"minecraft:flow_banner_pattern":1,"minecraft:oak_boat":1,"minecraft:tropical_fish":5,"minecraft:cobbled_deepslate":127,"minecraft:bone":69,"minecraft:wooden_shovel":1,"minecraft:wheat_seeds":7,"minecraft:tuff_bricks":2,"minecraft:moss_block":1,"minecraft:redstone_lamp":38,"minecraft:crossbow":2,"minecraft:oak_sapling":5,"minecraft:filled_map":1,"minecraft:name_tag":1,"minecraft:dark_oak_sapling":6,"minecraft:diamond_pickaxe":1,"minecraft:string":54,"minecraft:disc_fragment_5":1,"minecraft:stick":2,"minecraft:bamboo_planks":3,"minecraft:phantom_membrane":1,"minecraft:arrow":73,"minecraft:gunpowder":6,"minecraft:spider_eye":33,"minecraft:enchanted_golden_apple":2,"minecraft:baked_potato":5,"minecraft:golden_apple":1,"minecraft:tipped_arrow":60,"minecraft:rotten_flesh":53,"minecraft:target":1,"minecraft:cobblestone":1,"minecraft:stone_sword":3,"minecraft:ominous_trial_key":3,"minecraft:bow":3,"minecraft:red_mushroom":1140,"minecraft:lily_of_the_valley":1,"minecraft:leather":10,"minecraft:black_wool":1,"minecraft:obsidian":1,"minecraft:comparator":1,"minecraft:skeleton_skull":1,"minecraft:moss_carpet":1,"minecraft:feather":2,"minecraft:spruce_boat":2,"minecraft:honey_bottle":1,"minecraft:brown_mushroom":188,"minecraft:sculk_sensor":3,"minecraft:cooked_beef":89,"minecraft:deepslate_tiles":1,"minecraft:chicken":1,"minecraft:sticky_piston":1,"minecraft:music_disc_creator_music_box":1},"minecraft:used":{"minecraft:birch_door":2,"minecraft:mud":2,"minecraft:diamond_sword":2076,"minecraft:cobbled_deepslate_slab":84,"minecraft:mangrove_boat":2,"minecraft:acacia_slab":63,"minecraft:campfire":1,"minecraft:wheat_seeds":64,"minecraft:mushroom_stew":84,"minecraft:glass":86,"minecraft:deepslate_tile_slab":2,"minecraft:oak_log":2,"minecraft:stonecutter":5,"minecraft:gray_carpet":3,"minecraft:polished_deepslate_slab":10,"minecraft:diorite_wall":7,"minecraft:powder_snow_bucket":2,"minecraft:diamond_axe":16592,"minecraft:poppy":2,"minecraft:snowball":44,"minecraft:moss_block":1,"minecraft:brown_mushroom_block":1,"minecraft:calcite":96,"minecraft:bow":7,"minecraft:cobbled_deepslate_stairs":44,"minecraft:cut_copper_stairs":2,"minecraft:iron_leggings":1,"minecraft:loom":2,"minecraft:cobbled_deepslate":610,"minecraft:polished_diorite":17,"minecraft:mossy_cobblestone":29,"minecraft:pale_oak_trapdoor":4,"minecraft:stone_shovel":645,"minecraft:anvil":3,"minecraft:mutton":2,"minecraft:mossy_cobblestone_wall":6,"minecraft:written_book":12,"minecraft:sand":2,"minecraft:wind_charge":7,"minecraft:bamboo_stairs":4,"minecraft:bamboo_fence_gate":8,"minecraft:bamboo_fence":75,"minecraft:gray_wool":2,"minecraft:shears":991,"minecraft:mangrove_planks":105,"minecraft:waxed_oxidized_copper_grate":1,"minecraft:nether_wart_block":1,"minecraft:bucket":79,"minecraft:oak_fence":3,"minecraft:nether_bricks":1,"minecraft:shield":59,"minecraft:deepslate":216,"minecraft:iron_pickaxe":8113,"minecraft:andesite":739,"minecraft:polished_deepslate":21,"minecraft:chiseled_deepslate":94,"minecraft:pale_oak_sapling":70,"minecraft:dark_oak_log":2,"minecraft:bamboo":52,"minecraft:waxed_copper_block":11,"minecraft:iron_sword":553,"minecraft:acacia_sign":1,"minecraft:oak_boat":1,"minecraft:golden_carrot":1,"minecraft:acacia_log":12,"minecraft:peony":1,"minecraft:stone_brick_slab":10,"minecraft:deepslate_bricks":2,"minecraft:diorite":81,"minecraft:redstone":3,"minecraft:spruce_door":4,"minecraft:waxed_cut_copper_stairs":4,"minecraft:wooden_shovel":94,"minecraft:cobblestone":198,"minecraft:stone":114,"minecraft:waxed_copper_grate":1,"minecraft:stripped_mangrove_log":5,"minecraft:acacia_stairs":45,"minecraft:chain":32,"minecraft:crafting_table":18,"minecraft:stripped_birch_log":18,"minecraft:spruce_sign":24,"minecraft:spruce_trapdoor":13,"minecraft:red_mushroom":1,"minecraft:target":1,"minecraft:tuff_bricks":18,"minecraft:baked_potato":9,"minecraft:apple":1,"minecraft:scaffolding":28,"minecraft:smoker":2,"minecraft:moss_carpet":2,"minecraft:stone_hoe":131,"minecraft:spruce_log":3,"minecraft:water_bucket":72,"minecraft:deepslate_tile_wall":1,"minecraft:black_stained_glass_pane":8,"minecraft:andesite_slab":29,"minecraft:bread":12,"minecraft:torch":346,"minecraft:pale_moss_block":20,"minecraft:cobblestone_stairs":4,"minecraft:gravel":28,"minecraft:cooked_chicken":5,"minecraft:white_wool":1,"minecraft:lily_of_the_valley":3,"minecraft:bamboo_planks":43,"minecraft:comparator":1,"minecraft:deepslate_tile_stairs":48,"minecraft:amethyst_block":2,"minecraft:chest":70,"minecraft:cauldron":4,"minecraft:beef":53,"minecraft:sandstone":3,"minecraft:birch_sapling":40,"minecraft:iron_axe":8289,"minecraft:leaf_litter":33,"minecraft:cracked_deepslate_tiles":19,"minecraft:repeater":2,"minecraft:stone_slab":2,"minecraft:andesite_stairs":41,"minecraft:ominous_trial_key":8,"minecraft:black_banner":3,"minecraft:potato":17,"minecraft:mangrove_slab":63,"minecraft:glass_bottle":1,"minecraft:wooden_axe":4,"minecraft:oak_sign":1,"minecraft:salmon":2,"minecraft:lantern":9,"minecraft:glass_pane":8,"minecraft:cooked_porkchop":87,"minecraft:granite":1,"minecraft:soul_lantern":3,"minecraft:iron_shovel":887,"minecraft:chiseled_tuff_bricks":2,"minecraft:pale_oak_sign":3,"minecraft:tuff_slab":7,"minecraft:pale_oak_leaves":64,"minecraft:nether_wart":35,"minecraft:blackstone":3,"minecraft:beetroot_seeds":23,"minecraft:stone_pickaxe":538,"minecraft:mangrove_roots":33,"minecraft:acacia_planks":81,"minecraft:spruce_boat":2,"minecraft:diamond_shovel":6741,"minecraft:rotten_flesh":31,"minecraft:writable_book":7,"minecraft:bone_meal":126,"minecraft:item_frame":12,"minecraft:dark_oak_planks":1,"minecraft:acacia_sapling":9,"minecraft:dirt":2391,"minecraft:honey_bottle":1,"minecraft:fishing_rod":106,"minecraft:dark_oak_sign":4,"minecraft:dark_oak_sapling":93,"minecraft:spruce_planks":155,"minecraft:dispenser":1,"minecraft:bamboo_block":7,"minecraft:rose_bush":1,"minecraft:birch_log":140,"minecraft:iron_bars":32,"minecraft:polished_basalt":108,"minecraft:red_mushroom_block":1,"minecraft:lectern":1,"minecraft:spyglass":2,"minecraft:splash_potion":2,"minecraft:deepslate_tiles":3189,"minecraft:oak_planks":16,"minecraft:sugar_cane":1,"minecraft:trial_key":17,"minecraft:stone_axe":912,"minecraft:polished_deepslate_wall":20,"minecraft:mangrove_trapdoor":20,"minecraft:yellow_stained_glass":16,"minecraft:diamond_pickaxe":3909,"minecraft:ladder":2,"minecraft:tuff":47,"minecraft:cut_sandstone":173,"minecraft:stone_sword":329,"minecraft:sweet_berries":14,"minecraft:lava_bucket":2,"minecraft:mangrove_log":10,"minecraft:cobblestone_wall":33,"minecraft:brown_mushroom":1,"minecraft:hopper":5,"minecraft:polished_andesite":2,"minecraft:mangrove_door":2,"minecraft:carrot":22,"minecraft:copper_trapdoor":2,"minecraft:white_bed":4,"minecraft:waxed_oxidized_copper":1,"minecraft:iron_hoe":501,"minecraft:rabbit":1,"minecraft:smooth_basalt":2,"minecraft:pale_oak_log":65,"minecraft:furnace":7,"minecraft:barrel":8,"minecraft:wooden_hoe":55,"minecraft:cracked_deepslate_bricks":9,"minecraft:lever":1,"minecraft:white_concrete":1,"minecraft:mangrove_stairs":47,"minecraft:bundle":22,"minecraft:stone_button":11,"minecraft:cooked_beef":357,"minecraft:iron_helmet":1,"minecraft:mangrove_propagule":17,"minecraft:pale_moss_carpet":6,"minecraft:spruce_sapling":51,"minecraft:polished_andesite_slab":117,"minecraft:egg":31,"minecraft:leather_helmet":2}},"DataVersion":4440}