{"stats":{"minecraft:killed_by":{"minecraft:skeleton":1,"minecraft:player":10,"minecraft:zombified_piglin":3,"minecraft:hoglin":2,"minecraft:piglin":1,"minecraft:zombie":1},"minecraft:custom":{"minecraft:eat_cake_slice":6,"minecraft:time_since_rest":15230,"minecraft:leave_game":33,"minecraft:boat_one_cm":199291,"minecraft:damage_absorbed":200,"minecraft:time_since_death":15216,"minecraft:interact_with_furnace":118,"minecraft:total_world_time":720325,"minecraft:crouch_one_cm":27552,"minecraft:climb_one_cm":35380,"minecraft:deaths":84,"minecraft:interact_with_stonecutter":1,"minecraft:animals_bred":11,"minecraft:traded_with_villager":29,"minecraft:damage_blocked_by_shield":3326,"minecraft:damage_resisted":99,"minecraft:interact_with_crafting_table":130,"minecraft:walk_one_cm":4498059,"minecraft:walk_under_water_one_cm":229484,"minecraft:horse_one_cm":2520,"minecraft:damage_dealt":108345,"minecraft:play_time":720325,"minecraft:jump":25852,"minecraft:sprint_one_cm":4549891,"minecraft:fill_cauldron":3,"minecraft:fly_one_cm":7680956,"minecraft:walk_on_water_one_cm":280373,"minecraft:interact_with_blast_furnace":3,"minecraft:interact_with_grindstone":5,"minecraft:talked_to_villager":54,"minecraft:damage_taken":35823,"minecraft:mob_kills":765,"minecraft:open_enderchest":16,"minecraft:interact_with_brewingstand":1,"minecraft:interact_with_smithing_table":5,"minecraft:sleep_in_bed":1,"minecraft:swim_one_cm":429846,"minecraft:player_kills":13,"minecraft:enchant_item":34,"minecraft:interact_with_loom":2,"minecraft:interact_with_lectern":10,"minecraft:drop":525,"minecraft:bell_ring":106,"minecraft:open_barrel":37,"minecraft:open_chest":703,"minecraft:interact_with_smoker":5,"minecraft:fall_one_cm":926925,"minecraft:interact_with_anvil":29,"minecraft:sneak_time":4127},"minecraft:broken":{"minecraft:iron_shovel":1,"minecraft:iron_pickaxe":2,"minecraft:chainmail_helmet":1,"minecraft:stone_pickaxe":4,"minecraft:diamond_helmet":1},"minecraft:crafted":{"minecraft:firework_rocket":288,"minecraft:diamond_boots":1,"minecraft:spruce_hanging_sign":33,"minecraft:writable_book":1,"minecraft:gold_ingot":2,"minecraft:book":33,"minecraft:stick":144,"minecraft:netherite_sword":1,"minecraft:diamond_axe":1,"minecraft:diamond_pickaxe":1,"minecraft:chest":6,"minecraft:bookshelf":1,"minecraft:air":0,"minecraft:quartz_pillar":64,"minecraft:bucket":1,"minecraft:flint_and_steel":1,"minecraft:bone_meal":96,"minecraft:snow_block":65,"minecraft:dark_oak_planks":212,"minecraft:item_frame":1,"minecraft:cauldron":3,"minecraft:dark_oak_hanging_sign":60,"minecraft:diamond_shovel":1,"minecraft:glass":163,"minecraft:loom":10,"minecraft:spruce_fence":21,"minecraft:oak_planks":104,"minecraft:brewing_stand":1,"minecraft:gold_nugget":468,"minecraft:campfire":8,"minecraft:iron_shovel":1,"minecraft:iron_sword":2,"minecraft:shears":1,"minecraft:white_banner":10,"minecraft:firework_star":14,"minecraft:smoker":69,"minecraft:netherite_upgrade_smithing_template":12,"minecraft:white_dye":128,"minecraft:lantern":1,"minecraft:stone_pickaxe":3,"minecraft:spruce_door":3,"minecraft:netherite_ingot":5,"minecraft:white_wool":63,"minecraft:spruce_slab":90,"minecraft:dark_oak_trapdoor":40,"minecraft:golden_carrot":19,"minecraft:spruce_sign":54,"minecraft:chain":50,"minecraft:diamond_chestplate":1,"minecraft:diamond_sword":1,"minecraft:iron_bars":32,"minecraft:iron_nugget":180,"minecraft:dark_oak_door":3,"minecraft:emerald":27,"minecraft:netherite_scrap":7,"minecraft:paper":177,"minecraft:furnace":78,"minecraft:tinted_glass":8,"minecraft:spruce_trapdoor":104,"minecraft:spruce_boat":4,"minecraft:iron_ingot":23,"minecraft:lead":2,"minecraft:diamond_helmet":2,"minecraft:bread":40,"minecraft:crafting_table":7,"minecraft:beehive":10,"minecraft:diamond_leggings":1,"minecraft:torch":56,"minecraft:enchanted_book":2,"minecraft:spruce_stairs":68,"minecraft:shield":1,"minecraft:saddle":1,"minecraft:lectern":1,"minecraft:spruce_planks":1188,"minecraft:iron_pickaxe":3,"minecraft:stripped_dark_oak_wood":12,"minecraft:iron_axe":1},"minecraft:killed":{"minecraft:zombified_piglin":20,"minecraft:skeleton":85,"minecraft:pig":5,"minecraft:witch":1,"minecraft:piglin":15,"minecraft:bat":2,"minecraft:spider":40,"minecraft:horse":2,"minecraft:zombie":358,"minecraft:wither":1,"minecraft:wither_skeleton":76,"minecraft:bee":2,"minecraft:snow_golem":5,"minecraft:creeper":32,"minecraft:zombie_villager":3,"minecraft:chicken":21,"minecraft:hoglin":5,"minecraft:sheep":6,"minecraft:squid":2,"minecraft:drowned":6,"minecraft:cow":27,"minecraft:magma_cube":9,"minecraft:ghast":1,"minecraft:blaze":29},"minecraft:picked_up":{"minecraft:sweet_berries":2,"minecraft:cobblestone":1186,"minecraft:flint":6,"minecraft:stripped_dark_oak_log":86,"minecraft:sugar_cane":94,"minecraft:redstone":6,"minecraft:bone":105,"minecraft:glow_berries":8,"minecraft:clay_ball":9,"minecraft:stripped_spruce_log":40,"minecraft:iron_sword":3,"minecraft:diamond":43,"minecraft:granite":4,"minecraft:smoker":16,"minecraft:dark_oak_sapling":61,"minecraft:blaze_rod":5,"minecraft:sugar":1,"minecraft:ink_sac":3,"minecraft:charcoal":4,"minecraft:spruce_boat":14,"minecraft:spyglass":1,"minecraft:bow":2,"minecraft:arrow":75,"minecraft:iron_ingot":2,"minecraft:dark_oak_planks":3,"minecraft:spruce_slab":2,"minecraft:enchanted_golden_apple":1,"minecraft:crossbow":2,"minecraft:raw_gold":4,"minecraft:stone_sword":8,"minecraft:azalea":1,"minecraft:golden_leggings":3,"minecraft:mutton":7,"minecraft:golden_carrot":8,"minecraft:spruce_planks":38,"minecraft:dirt":22,"minecraft:basalt":6,"minecraft:blue_egg":3,"minecraft:torch":56,"minecraft:cherry_log":8,"minecraft:bread":8,"minecraft:cobbled_deepslate_wall":2,"minecraft:spruce_log":257,"minecraft:coal":61,"minecraft:oak_log":122,"minecraft:sand":79,"minecraft:wheat_seeds":351,"minecraft:quartz":9,"minecraft:egg":1,"minecraft:nether_bricks":1,"minecraft:iron_leggings":1,"minecraft:totem_of_undying":1,"minecraft:cooked_beef":13,"minecraft:white_wool":3,"minecraft:nether_star":1,"minecraft:feather":18,"minecraft:potion":2,"minecraft:spruce_fence":8,"minecraft:snowball":211,"minecraft:dark_oak_hanging_sign":10,"minecraft:andesite":9,"minecraft:string":15,"minecraft:golden_sword":2,"minecraft:obsidian":59,"minecraft:writable_book":3,"minecraft:amethyst_shard":16,"minecraft:dark_oak_door":2,"minecraft:soul_sand":5,"minecraft:carrot":11,"minecraft:spruce_sapling":6,"minecraft:black_concrete":4,"minecraft:white_bed":1,"minecraft:stripped_oak_log":1,"minecraft:chiseled_stone_bricks":2,"minecraft:leather":40,"minecraft:gold_nugget":14,"minecraft:armadillo_scute":1,"minecraft:moss_carpet":2,"minecraft:ghast_tear":1,"minecraft:carved_pumpkin":29,"minecraft:porkchop":29,"minecraft:spruce_sign":10,"minecraft:stick":54,"minecraft:black_wool":7,"minecraft:chicken":20,"minecraft:leather_chestplate":1,"minecraft:player_head":3,"minecraft:moss_block":4,"minecraft:item_frame":2,"minecraft:raw_iron":35,"minecraft:cobbled_deepslate":264,"minecraft:spruce_hanging_sign":6,"minecraft:honeycomb":32,"minecraft:pumpkin_seeds":104,"minecraft:wheat":129,"minecraft:gunpowder":11,"minecraft:spruce_trapdoor":1,"minecraft:netherite_sword":1,"minecraft:blackstone":16,"minecraft:dark_oak_trapdoor":2,"minecraft:netherrack":273,"minecraft:magma_block":15,"minecraft:gravel":24,"minecraft:deepslate_tile_stairs":1,"minecraft:tuff":31,"minecraft:leaf_litter":11,"minecraft:potato":3,"minecraft:birch_log":1,"minecraft:shield":1,"minecraft:lapis_lazuli":92,"minecraft:pumpkin":3,"minecraft:spider_eye":3,"minecraft:spruce_stairs":27,"minecraft:dark_oak_log":856,"minecraft:diorite":36,"minecraft:oak_boat":21,"minecraft:oak_planks":2,"minecraft:crafting_table":4,"minecraft:raw_copper":17,"minecraft:oak_sapling":17,"minecraft:beef":42,"minecraft:rotten_flesh":182,"minecraft:wither_skeleton_skull":4,"minecraft:ancient_debris":7,"minecraft:apple":6,"minecraft:glass_bottle":1,"minecraft:iron_nugget":5,"minecraft:barrel":1,"minecraft:paper":1},"minecraft:mined":{"minecraft:torch":35,"minecraft:cherry_log":8,"minecraft:spawner":1,"minecraft:spruce_log":264,"minecraft:nether_quartz_ore":9,"minecraft:pumpkin":4,"minecraft:netherrack":402,"minecraft:black_concrete":4,"minecraft:gravel":37,"minecraft:short_grass":6,"minecraft:stripped_dark_oak_log":86,"minecraft:spruce_wall_hanging_sign":6,"minecraft:dirt_path":1,"minecraft:spruce_planks":33,"minecraft:crafting_table":4,"minecraft:birch_log":1,"minecraft:leaf_litter":15,"minecraft:stripped_oak_log":1,"minecraft:large_fern":7,"minecraft:magma_block":15,"minecraft:obsidian":42,"minecraft:dark_oak_planks":3,"minecraft:copper_ore":5,"minecraft:stripped_spruce_log":40,"minecraft:blackstone":18,"minecraft:dark_oak_wall_hanging_sign":10,"minecraft:andesite":11,"minecraft:dark_oak_trapdoor":2,"minecraft:campfire":2,"minecraft:moss_block":3,"minecraft:deepslate_gold_ore":5,"minecraft:ice":1,"minecraft:nether_bricks":2,"minecraft:dark_oak_leaves":17,"minecraft:wall_torch":19,"minecraft:fern":4,"minecraft:fire":33,"minecraft:deepslate_diamond_ore":43,"minecraft:deepslate_lapis_ore":14,"minecraft:deepslate_iron_ore":9,"minecraft:dark_oak_door":2,"minecraft:amethyst_cluster":4,"minecraft:iron_ore":11,"minecraft:stone":1725,"minecraft:dark_oak_log":891,"minecraft:granite":5,"minecraft:spruce_fence":8,"minecraft:glass":1,"minecraft:coal_ore":38,"minecraft:diorite":51,"minecraft:wheat":135,"minecraft:ancient_debris":7,"minecraft:oak_planks":2,"minecraft:cobblestone":3,"minecraft:spruce_trapdoor":1,"minecraft:sugar_cane":140,"minecraft:white_bed":1,"minecraft:bee_nest":1,"minecraft:smoker":16,"minecraft:cherry_leaves":4,"minecraft:cobbled_deepslate_wall":2,"minecraft:oak_leaves":22,"minecraft:clay":2,"minecraft:spruce_stairs":27,"minecraft:soul_sand":5,"minecraft:crimson_nylium":2,"minecraft:glow_lichen":1,"minecraft:tall_grass":2,"minecraft:barrel":1,"minecraft:dirt":21,"minecraft:player_head":1,"minecraft:wither_skeleton_wall_skull":1,"minecraft:grass_block":15,"minecraft:spruce_leaves":30,"minecraft:cobbled_deepslate":6,"minecraft:carved_pumpkin":30,"minecraft:tuff":15,"minecraft:moss_carpet":1,"minecraft:basalt":6,"minecraft:deepslate":229,"minecraft:sand":82,"minecraft:spruce_slab":2,"minecraft:snow":210,"minecraft:spruce_sign":11,"minecraft:deepslate_tile_stairs":1,"minecraft:oak_log":125},"minecraft:dropped":{"minecraft:iron_axe":2,"minecraft:sugar":1,"minecraft:oak_planks":4,"minecraft:andesite":9,"minecraft:porkchop":4,"minecraft:ghast_tear":1,"minecraft:wheat":1,"minecraft:lead":1,"minecraft:basalt":2,"minecraft:gravel":16,"minecraft:cobbled_deepslate":136,"minecraft:bone":38,"minecraft:ink_sac":1,"minecraft:sugar_cane":1,"minecraft:armadillo_scute":1,"minecraft:wheat_seeds":56,"minecraft:iron_ingot":2,"minecraft:blackstone":16,"minecraft:spruce_sign":1,"minecraft:moss_block":5,"minecraft:shield":1,"minecraft:spruce_slab":2,"minecraft:leather_chestplate":1,"minecraft:redstone":6,"minecraft:tuff":8,"minecraft:string":9,"minecraft:iron_leggings":2,"minecraft:clay_ball":1,"minecraft:stick":11,"minecraft:chiseled_stone_bricks":2,"minecraft:gunpowder":10,"minecraft:spider_eye":2,"minecraft:snowball":12,"minecraft:diorite":3,"minecraft:rotten_flesh":68,"minecraft:cobblestone":605,"minecraft:spruce_planks":6,"minecraft:wooden_hoe":1,"minecraft:stone_sword":3,"minecraft:torch":6,"minecraft:bow":2,"minecraft:pumpkin_seeds":4,"minecraft:diamond_helmet":1,"minecraft:white_wool":3,"minecraft:dirt":16,"minecraft:black_wool":3,"minecraft:leather":5,"minecraft:raw_copper":17,"minecraft:diamond_boots":1,"minecraft:quartz":9,"minecraft:chainmail_boots":1,"minecraft:sand":47,"minecraft:granite":2,"minecraft:moss_carpet":1,"minecraft:birch_log":1,"minecraft:diamond":3,"minecraft:feather":18,"minecraft:potato":1,"minecraft:glass_bottle":4,"minecraft:netherite_sword":1,"minecraft:leaf_litter":6,"minecraft:flint":5,"minecraft:iron_sword":5,"minecraft:golden_leggings":3,"minecraft:item_frame":2,"minecraft:gold_nugget":7,"minecraft:spruce_fence":7,"minecraft:writable_book":1,"minecraft:mutton":3},"minecraft:used":{"minecraft:iron_axe":322,"minecraft:player_head":3,"minecraft:white_banner":8,"minecraft:netherite_axe":1308,"minecraft:diamond_sword":594,"minecraft:potato":2,"minecraft:campfire":8,"minecraft:wheat_seeds":134,"minecraft:glow_berries":9,"minecraft:glass":140,"minecraft:beehive":7,"minecraft:lantern":1,"minecraft:netherite_pickaxe":12,"minecraft:iron_shovel":250,"minecraft:oak_log":64,"minecraft:spruce_slab":84,"minecraft:tinted_glass":4,"minecraft:diamond_axe":366,"minecraft:snowball":4,"minecraft:moss_block":2,"minecraft:stone_pickaxe":524,"minecraft:bow":7,"minecraft:dark_oak_hanging_sign":30,"minecraft:spruce_hanging_sign":14,"minecraft:cobbled_deepslate":64,"minecraft:netherrack":57,"minecraft:loom":4,"minecraft:spruce_boat":18,"minecraft:quartz_pillar":4,"minecraft:stone_shovel":130,"minecraft:rotten_flesh":15,"minecraft:writable_book":5,"minecraft:dark_oak_planks":4,"minecraft:mutton":3,"minecraft:blue_egg":3,"minecraft:dirt":5,"minecraft:written_book":1,"minecraft:obsidian":37,"minecraft:stripped_dark_oak_wood":2,"minecraft:sand":3,"minecraft:wind_charge":3,"minecraft:spruce_planks":504,"minecraft:dark_oak_door":4,"minecraft:basalt":4,"minecraft:iron_bars":13,"minecraft:shears":26,"minecraft:lectern":1,"minecraft:bucket":76,"minecraft:spyglass":130,"minecraft:enchanted_golden_apple":1,"minecraft:totem_of_undying":1,"minecraft:oak_planks":64,"minecraft:porkchop":22,"minecraft:stone_axe":38,"minecraft:spruce_fence":15,"minecraft:nether_bricks":1,"minecraft:netherite_sword":939,"minecraft:shield":41,"minecraft:iron_pickaxe":718,"minecraft:spruce_stairs":92,"minecraft:dark_oak_log":190,"minecraft:oak_boat":20,"minecraft:firework_rocket":123,"minecraft:iron_sword":117,"minecraft:golden_carrot":94,"minecraft:diamond_pickaxe":1498,"minecraft:stripped_dark_oak_log":6,"minecraft:crossbow":33,"minecraft:cobbled_deepslate_wall":2,"minecraft:azalea":1,"minecraft:brewing_stand":1,"minecraft:stone_sword":4,"minecraft:sweet_berries":3,"minecraft:diorite":30,"minecraft:spruce_door":1,"minecraft:cobblestone":13,"minecraft:golden_apple":1,"minecraft:axolotl_bucket":4,"minecraft:carrot":11,"minecraft:crafting_table":11,"minecraft:spruce_sign":58,"minecraft:spruce_trapdoor":26,"minecraft:potion":4,"minecraft:white_bed":2,"minecraft:smoker":37,"minecraft:spruce_log":58,"minecraft:black_concrete":35,"minecraft:pumpkin":22,"minecraft:water_bucket":71,"minecraft:soul_sand":5,"minecraft:wither_skeleton_skull":4,"minecraft:furnace":9,"minecraft:barrel":16,"minecraft:torch":97,"minecraft:bread":48,"minecraft:chicken":5,"minecraft:gravel":9,"minecraft:cooked_chicken":15,"minecraft:cherry_log":8,"minecraft:cooked_beef":33,"minecraft:snow_block":56,"minecraft:deepslate_tile_stairs":4,"minecraft:flint_and_steel":32,"minecraft:dark_oak_trapdoor":19,"minecraft:chest":6,"minecraft:carved_pumpkin":31,"minecraft:cauldron":3,"minecraft:beef":23,"minecraft:spruce_sapling":5,"minecraft:ender_pearl":3}},"DataVersion":4440}