{"stats":{"minecraft:killed_by":{"minecraft:player":1,"minecraft:silverfish":1,"minecraft:creaking":1,"minecraft:slime":1,"minecraft:zombie":1},"minecraft:custom":{"minecraft:time_since_rest":522,"minecraft:talked_to_villager":65,"minecraft:leave_game":3,"minecraft:damage_taken":7722,"minecraft:mob_kills":140,"minecraft:time_since_death":511,"minecraft:interact_with_furnace":103,"minecraft:swim_one_cm":25620,"minecraft:total_world_time":191062,"minecraft:crouch_one_cm":39665,"minecraft:deaths":7,"minecraft:climb_one_cm":4076,"minecraft:player_kills":1,"minecraft:enchant_item":7,"minecraft:traded_with_villager":45,"minecraft:damage_blocked_by_shield":80,"minecraft:interact_with_crafting_table":71,"minecraft:walk_one_cm":1042422,"minecraft:walk_under_water_one_cm":8780,"minecraft:damage_dealt":10289,"minecraft:interact_with_lectern":3,"minecraft:play_time":191062,"minecraft:jump":7164,"minecraft:drop":34,"minecraft:sprint_one_cm":793847,"minecraft:open_chest":182,"minecraft:inspect_hopper":4,"minecraft:fall_one_cm":199379,"minecraft:fly_one_cm":1474602,"minecraft:interact_with_anvil":1,"minecraft:walk_on_water_one_cm":26440,"minecraft:sneak_time":4633},"minecraft:broken":{"minecraft:stone_pickaxe":2},"minecraft:crafted":{"minecraft:diamond_boots":1,"minecraft:white_dye":3,"minecraft:wooden_sword":4,"minecraft:stone_pickaxe":2,"minecraft:cooked_mutton":11,"minecraft:book":1,"minecraft:iron_chestplate":1,"minecraft:iron_boots":1,"minecraft:bone_block":153,"minecraft:stick":1474,"minecraft:wooden_pickaxe":1,"minecraft:cooked_beef":58,"minecraft:iron_helmet":1,"minecraft:diamond_pickaxe":4,"minecraft:chest":6,"minecraft:dark_oak_wood":3,"minecraft:diamond_chestplate":1,"minecraft:diamond_sword":1,"minecraft:air":0,"minecraft:emerald":44,"minecraft:paper":3,"minecraft:bone_meal":1385,"minecraft:furnace":4,"minecraft:dark_oak_planks":996,"minecraft:iron_ingot":36,"minecraft:diamond_helmet":1,"minecraft:bread":26,"minecraft:dark_oak_sign":9,"minecraft:stone":28,"minecraft:crafting_table":6,"minecraft:diamond_leggings":1,"minecraft:torch":160,"minecraft:enchanted_book":1,"minecraft:shield":1,"minecraft:cobbled_deepslate_stairs":264,"minecraft:iron_pickaxe":2,"minecraft:iron_shovel":1,"minecraft:iron_axe":1,"minecraft:iron_leggings":1,"minecraft:cobblestone_stairs":80},"minecraft:killed":{"minecraft:zombie":23,"minecraft:skeleton":86,"minecraft:glow_squid":1,"minecraft:creeper":2,"minecraft:cow":19,"minecraft:bat":5,"minecraft:spider":4},"minecraft:picked_up":{"minecraft:carrot":1,"minecraft:cobblestone":690,"minecraft:flint":19,"minecraft:sugar_cane":3,"minecraft:leather":27,"minecraft:bone":124,"minecraft:redstone":39,"minecraft:cooked_mutton":11,"minecraft:melon_slice":154,"minecraft:gold_ingot":6,"minecraft:baked_potato":1,"minecraft:diamond":50,"minecraft:granite":24,"minecraft:dark_oak_sapling":1,"minecraft:glow_ink_sac":6,"minecraft:stick":8,"minecraft:cobbled_deepslate_stairs":55,"minecraft:bow":1,"minecraft:arrow":19,"minecraft:raw_iron":42,"minecraft:cobbled_deepslate":3032,"minecraft:raw_gold":48,"minecraft:stone_sword":1,"minecraft:dandelion":1,"minecraft:wheat":84,"minecraft:chest":4,"minecraft:dirt":102,"minecraft:rail":1,"minecraft:gravel":131,"minecraft:torch":27,"minecraft:bread":26,"minecraft:cobblestone_stairs":3,"minecraft:tuff":236,"minecraft:coal":162,"minecraft:phantom_membrane":3,"minecraft:furnace":12,"minecraft:wheat_seeds":350,"minecraft:lapis_lazuli":42,"minecraft:iron_pickaxe":1,"minecraft:bone_meal":4,"minecraft:dark_oak_log":245,"minecraft:diorite":51,"minecraft:wooden_pickaxe":1,"minecraft:cooked_beef":85,"minecraft:golden_helmet":1,"minecraft:crafting_table":8,"minecraft:raw_copper":83,"minecraft:andesite":51,"minecraft:rotten_flesh":19,"minecraft:beef":38,"minecraft:cobblestone_slab":1,"minecraft:stone_bricks":6},"minecraft:mined":{"minecraft:stone_bricks":7,"minecraft:torch":11,"minecraft:sculk":2,"minecraft:granite":59,"minecraft:dark_oak_log":255,"minecraft:cobblestone_stairs":3,"minecraft:chest":4,"minecraft:dandelion":1,"minecraft:coal_ore":138,"minecraft:wheat":80,"minecraft:diorite":77,"minecraft:cobblestone":5,"minecraft:sugar_cane":110,"minecraft:gravel":203,"minecraft:short_grass":23,"minecraft:furnace":8,"minecraft:crafting_table":8,"minecraft:deepslate_redstone_ore":7,"minecraft:cobbled_deepslate_stairs":55,"minecraft:copper_ore":22,"minecraft:tall_grass":12,"minecraft:melon":22,"minecraft:dirt":101,"minecraft:andesite":53,"minecraft:grass_block":18,"minecraft:deepslate_gold_ore":29,"minecraft:cobbled_deepslate":35,"minecraft:tuff":251,"minecraft:wall_torch":9,"minecraft:deepslate":2843,"minecraft:fire":3,"minecraft:cobblestone_slab":1,"minecraft:deepslate_lapis_ore":2,"minecraft:deepslate_diamond_ore":29,"minecraft:deepslate_iron_ore":21,"minecraft:copper_block":1,"minecraft:iron_ore":21,"minecraft:stone":825},"minecraft:dropped":{"minecraft:arrow":2,"minecraft:cobblestone":4,"minecraft:lapis_lazuli":14,"minecraft:wheat":2,"minecraft:wooden_sword":11,"minecraft:bread":26,"minecraft:cooked_beef":45,"minecraft:diamond_pickaxe":1,"minecraft:furnace":4,"minecraft:cobbled_deepslate":71,"minecraft:bone":425,"minecraft:stick":3},"minecraft:used":{"minecraft:stone_axe":44,"minecraft:cobbled_deepslate_stairs":281,"minecraft:iron_axe":232,"minecraft:baked_potato":1,"minecraft:cobbled_deepslate":250,"minecraft:shield":1,"minecraft:iron_pickaxe":246,"minecraft:diamond_sword":202,"minecraft:melon_slice":2,"minecraft:white_dye":2,"minecraft:wheat_seeds":79,"minecraft:diamond_pickaxe":3497,"minecraft:wooden_sword":52,"minecraft:stone_bricks":6,"minecraft:netherite_pickaxe":414,"minecraft:furnace":12,"minecraft:bread":15,"minecraft:torch":135,"minecraft:dirt":3,"minecraft:tuff":5,"minecraft:iron_shovel":232,"minecraft:dark_oak_sign":4,"minecraft:stone_sword":101,"minecraft:cobblestone_stairs":19,"minecraft:cobblestone_slab":1,"minecraft:wooden_pickaxe":11,"minecraft:gravel":4,"minecraft:glow_ink_sac":2,"minecraft:cobblestone":17,"minecraft:cooked_beef":42,"minecraft:carrot":1,"minecraft:crafting_table":12,"minecraft:chest":10,"minecraft:enchanting_table":1,"minecraft:stone_pickaxe":331}},"DataVersion":4440}