{"stats":{"minecraft:killed_by":{"minecraft:skeleton":2,"minecraft:player":17,"minecraft:silverfish":1,"minecraft:endermite":1,"minecraft:drowned":2,"minecraft:zombie":3},"minecraft:custom":{"minecraft:eat_cake_slice":3,"minecraft:time_since_rest":33103,"minecraft:talked_to_villager":373,"minecraft:leave_game":42,"minecraft:damage_taken":27117,"minecraft:mob_kills":331,"minecraft:boat_one_cm":73179,"minecraft:time_since_death":33076,"minecraft:open_enderchest":49,"minecraft:interact_with_brewingstand":12,"minecraft:interact_with_furnace":27,"minecraft:sleep_in_bed":30,"minecraft:happy_ghast_one_cm":57148,"minecraft:swim_one_cm":174008,"minecraft:total_world_time":1754739,"minecraft:crouch_one_cm":102934,"minecraft:climb_one_cm":177173,"minecraft:deaths":54,"minecraft:interact_with_stonecutter":1,"minecraft:player_kills":1,"minecraft:damage_dealt_resisted":95,"minecraft:animals_bred":27,"minecraft:traded_with_villager":381,"minecraft:damage_blocked_by_shield":180,"minecraft:interact_with_crafting_table":115,"minecraft:inspect_dropper":1,"minecraft:walk_one_cm":8018699,"minecraft:walk_under_water_one_cm":154214,"minecraft:interact_with_lectern":12,"minecraft:damage_dealt":9936,"minecraft:play_time":1754739,"minecraft:jump":22270,"minecraft:drop":206,"minecraft:open_barrel":18,"minecraft:sprint_one_cm":3794196,"minecraft:open_chest":1317,"minecraft:fall_one_cm":459348,"minecraft:fly_one_cm":5454293,"minecraft:interact_with_anvil":18,"minecraft:walk_on_water_one_cm":97734,"minecraft:sneak_time":41901,"minecraft:interact_with_blast_furnace":5,"minecraft:interact_with_grindstone":1},"minecraft:broken":{"minecraft:stone_shovel":1,"minecraft:stone_axe":2,"minecraft:iron_pickaxe":1,"minecraft:shears":1},"minecraft:crafted":{"minecraft:pale_oak_fence_gate":1,"minecraft:diamond_boots":1,"minecraft:writable_book":1,"minecraft:gold_ingot":1,"minecraft:stick":10619,"minecraft:diamond_axe":1,"minecraft:diamond_pickaxe":1,"minecraft:chest":14,"minecraft:bookshelf":4,"minecraft:jungle_slab":18,"minecraft:brown_stained_glass_pane":16,"minecraft:brown_stained_glass":8,"minecraft:air":0,"minecraft:jungle_trapdoor":28,"minecraft:bone_meal":168,"minecraft:jungle_planks":3468,"minecraft:item_frame":5,"minecraft:brown_dye":1,"minecraft:glass":48,"minecraft:jungle_fence":6,"minecraft:written_book":3,"minecraft:bamboo_raft":1,"minecraft:pale_oak_boat":1,"minecraft:oak_planks":236,"minecraft:gold_nugget":9,"minecraft:iron_sword":1,"minecraft:shears":2,"minecraft:stone_shovel":3,"minecraft:lantern":2,"minecraft:pale_oak_pressure_plate":3,"minecraft:blackstone_stairs":4,"minecraft:stone_pickaxe":1,"minecraft:jungle_stairs":28,"minecraft:bone_block":3,"minecraft:glowstone":5,"minecraft:oak_slab":6,"minecraft:chain":2,"minecraft:diamond_chestplate":1,"minecraft:diamond_sword":1,"minecraft:iron_nugget":9,"minecraft:bamboo_block":19,"minecraft:emerald":348,"minecraft:pale_oak_planks":20,"minecraft:spruce_trapdoor":30,"minecraft:iron_ingot":36,"minecraft:jungle_sign":9,"minecraft:diamond_helmet":1,"minecraft:bread":1,"minecraft:scaffolding":114,"minecraft:moss_carpet":3,"minecraft:jungle_fence_gate":1,"minecraft:glistering_melon_slice":1,"minecraft:diamond_leggings":1,"minecraft:torch":304,"minecraft:white_bed":1,"minecraft:enchanted_book":10,"minecraft:bowl":132,"minecraft:shield":2,"minecraft:stone_axe":1,"minecraft:blackstone_wall":12,"minecraft:pale_oak_stairs":4,"minecraft:spruce_planks":292,"minecraft:iron_pickaxe":1,"minecraft:bamboo_planks":38,"minecraft:iron_axe":2,"minecraft:spruce_fence_gate":2},"minecraft:killed":{"minecraft:zombie":292,"minecraft:skeleton":7,"minecraft:creeper":5,"minecraft:cow":14,"minecraft:mooshroom":4,"minecraft:spider":9},"minecraft:picked_up":{"minecraft:light_blue_dye":2,"minecraft:sweet_berries":38,"minecraft:cobblestone":195,"minecraft:glass":2,"minecraft:flint":13,"minecraft:sugar_cane":17,"minecraft:redstone":70,"minecraft:bone":17,"minecraft:deepslate_tiles":1,"minecraft:redstone_lamp":1,"minecraft:glow_berries":97,"minecraft:lantern":2,"minecraft:melon_slice":3,"minecraft:iron_sword":3,"minecraft:diamond":46,"minecraft:white_banner":1,"minecraft:spruce_button":7,"minecraft:book":12,"minecraft:jungle_sign":8,"minecraft:charcoal":22,"minecraft:spruce_boat":1,"minecraft:bow":5,"minecraft:birch_boat":1,"minecraft:arrow":15,"minecraft:bowl":3,"minecraft:pale_oak_stairs":3,"minecraft:spruce_slab":12,"minecraft:spore_blossom":5,"minecraft:azalea":28,"minecraft:dandelion":28,"minecraft:deepslate_bricks":5,"minecraft:iron_chestplate":1,"minecraft:spruce_planks":10,"minecraft:dirt":375,"minecraft:jungle_fence_gate":2,"minecraft:torch":109,"minecraft:diamond_pickaxe":1,"minecraft:big_dripleaf":10,"minecraft:cherry_log":1,"minecraft:bread":16,"minecraft:spruce_log":110,"minecraft:iron_boots":1,"minecraft:coal":144,"minecraft:oak_log":62,"minecraft:sand":2,"minecraft:oak_hanging_sign":6,"minecraft:wheat_seeds":192,"minecraft:deepslate_brick_stairs":2,"minecraft:egg":2,"minecraft:milk_bucket":2,"minecraft:iron_leggings":1,"minecraft:diamond_sword":3,"minecraft:jungle_stairs":43,"minecraft:poppy":709,"minecraft:cooked_beef":1,"minecraft:potion":5,"minecraft:spruce_fence":3,"minecraft:red_mushroom":5,"minecraft:jungle_fence":31,"minecraft:rooted_dirt":1,"minecraft:dried_kelp":1,"minecraft:andesite":12,"minecraft:ender_pearl":1,"minecraft:string":14,"minecraft:stone_bricks":2,"minecraft:jungle_trapdoor":48,"minecraft:writable_book":14,"minecraft:white_carpet":1,"minecraft:mushroom_stew":53,"minecraft:amethyst_shard":2,"minecraft:filled_map":4,"minecraft:iron_helmet":1,"minecraft:vine":57,"minecraft:dark_oak_slab":1,"minecraft:ender_chest":2,"minecraft:diamond_axe":3,"minecraft:soul_sand":1,"minecraft:enchanted_book":1,"minecraft:carrot":1,"minecraft:spruce_sapling":4,"minecraft:spruce_fence_gate":2,"minecraft:flowering_azalea":43,"minecraft:white_bed":12,"minecraft:leather":23,"minecraft:lead":18,"minecraft:stripped_jungle_log":8,"minecraft:moss_carpet":11,"minecraft:azalea_leaves":115,"minecraft:baked_potato":117,"minecraft:melon_seeds":2,"minecraft:scaffolding":187,"minecraft:glow_ink_sac":1,"minecraft:golden_apple":1,"minecraft:spruce_sign":6,"minecraft:blackstone_wall":4,"minecraft:stick":123,"minecraft:bamboo":6876,"minecraft:moss_block":52,"minecraft:cooked_salmon":12,"minecraft:iron_axe":1,"minecraft:bamboo_raft":2,"minecraft:cooked_chicken":1,"minecraft:item_frame":4,"minecraft:raw_iron":38,"minecraft:jungle_slab":26,"minecraft:cobbled_deepslate":346,"minecraft:pointed_dripstone":2,"minecraft:honeycomb":69,"minecraft:jungle_sapling":61,"minecraft:nether_brick":2,"minecraft:wheat":73,"minecraft:leather_helmet":1,"minecraft:gunpowder":6,"minecraft:chest":6,"minecraft:brown_banner":1,"minecraft:pink_petals":1,"minecraft:spruce_trapdoor":6,"minecraft:blackstone":10,"minecraft:pale_oak_slab":1,"minecraft:trident":1,"minecraft:stone":4,"minecraft:short_grass":42,"minecraft:jungle_planks":149,"minecraft:bell":12,"minecraft:jungle_boat":14,"minecraft:tuff":39,"minecraft:leaf_litter":1,"minecraft:pale_oak_planks":6,"minecraft:potato":513,"minecraft:dark_oak_stairs":1,"minecraft:shield":1,"minecraft:lapis_lazuli":4,"minecraft:spider_eye":10,"minecraft:jungle_log":1144,"minecraft:flowering_azalea_leaves":50,"minecraft:bone_meal":28,"minecraft:mangrove_sign":3,"minecraft:diorite":1,"minecraft:cobweb":1,"minecraft:pufferfish":1,"minecraft:cherry_sapling":19,"minecraft:oak_planks":2,"minecraft:crafting_table":11,"minecraft:raw_copper":109,"minecraft:oak_sapling":81,"minecraft:stone_brick_stairs":1,"minecraft:beef":37,"minecraft:rotten_flesh":120,"minecraft:written_book":1,"minecraft:apple":3,"minecraft:oak_slab":13,"minecraft:jungle_leaves":30,"minecraft:cocoa_beans":36},"minecraft:mined":{"minecraft:spore_blossom":6,"minecraft:torch":28,"minecraft:mangrove_roots":1,"minecraft:spruce_log":112,"minecraft:chest":5,"minecraft:spruce_planks":10,"minecraft:sweet_berry_bush":19,"minecraft:big_dripleaf_stem":2,"minecraft:jungle_sapling":5,"minecraft:large_fern":2,"minecraft:cave_vines":20,"minecraft:melon":1,"minecraft:blackstone":10,"minecraft:deepslate_bricks":6,"minecraft:jungle_planks":77,"minecraft:moss_block":53,"minecraft:bamboo":1945,"minecraft:wall_torch":15,"minecraft:fern":2,"minecraft:stone_brick_stairs":1,"minecraft:jungle_fence_gate":2,"minecraft:small_dripleaf":1,"minecraft:oak_sapling":40,"minecraft:azalea":27,"minecraft:iron_ore":28,"minecraft:oak_wall_hanging_sign":5,"minecraft:spruce_wall_sign":4,"minecraft:dandelion":34,"minecraft:oak_planks":2,"minecraft:cobblestone":41,"minecraft:sugar_cane":15,"minecraft:spruce_fence_gate":2,"minecraft:cherry_leaves":2,"minecraft:scaffolding":161,"minecraft:oak_leaves":58,"minecraft:rooted_dirt":1,"minecraft:jungle_trapdoor":47,"minecraft:spruce_button":6,"minecraft:tall_grass":23,"minecraft:pointed_dripstone":1,"minecraft:jungle_sign":6,"minecraft:dirt":311,"minecraft:moss_carpet":8,"minecraft:deepslate":293,"minecraft:white_banner":1,"minecraft:bamboo_sapling":18,"minecraft:spruce_sign":2,"minecraft:oak_log":62,"minecraft:pale_oak_stairs":3,"minecraft:cocoa":12,"minecraft:lapis_ore":2,"minecraft:yellow_stained_glass_pane":1,"minecraft:cherry_log":1,"minecraft:vine":190,"minecraft:oak_slab":11,"minecraft:short_grass":188,"minecraft:mangrove_wall_sign":2,"minecraft:dirt_path":4,"minecraft:crafting_table":10,"minecraft:flowering_azalea":44,"minecraft:deepslate_redstone_ore":13,"minecraft:jungle_log":1145,"minecraft:bamboo_planks":1,"minecraft:andesite":20,"minecraft:cave_vines_plant":18,"minecraft:dark_oak_slab":1,"minecraft:dark_oak_leaves":1,"minecraft:jungle_stairs":43,"minecraft:orange_stained_glass_pane":7,"minecraft:poppy":39,"minecraft:jungle_leaves":242,"minecraft:stone":296,"minecraft:stone_bricks":2,"minecraft:jungle_fence":31,"minecraft:blackstone_wall":4,"minecraft:deepslate_brick_stairs":2,"minecraft:granite":1,"minecraft:white_stained_glass_pane":2,"minecraft:spruce_fence":3,"minecraft:azalea_leaves":120,"minecraft:coal_ore":119,"minecraft:diorite":1,"minecraft:wheat":75,"minecraft:spruce_trapdoor":6,"minecraft:white_bed":12,"minecraft:bookshelf":4,"minecraft:stripped_jungle_log":8,"minecraft:jungle_slab":23,"minecraft:big_dripleaf":4,"minecraft:grass_block":222,"minecraft:spruce_leaves":20,"minecraft:cobbled_deepslate":2,"minecraft:tuff":39,"minecraft:flowering_azalea_leaves":50,"minecraft:spruce_slab":12,"minecraft:pale_oak_planks":5,"minecraft:dead_bush":1},"minecraft:dropped":{"minecraft:rotten_flesh":1,"minecraft:stone_shovel":1,"minecraft:cobblestone":26,"minecraft:torch":38,"minecraft:pale_oak_boat":1,"minecraft:lead":2,"minecraft:charcoal":36,"minecraft:red_mushroom":2,"minecraft:bucket":1,"minecraft:potion":1,"minecraft:glass":1,"minecraft:dirt":120,"minecraft:light_blue_dye":2,"minecraft:cobweb":1,"minecraft:bowl":3,"minecraft:cocoa_beans":64,"minecraft:spruce_trapdoor":1,"minecraft:cherry_log":1,"minecraft:ender_chest":2,"minecraft:ender_pearl":1,"minecraft:shield":1,"minecraft:emerald":4,"minecraft:jungle_boat":2,"minecraft:soul_sand":1,"minecraft:potato":64,"minecraft:filled_map":4,"minecraft:bone_meal":3,"minecraft:poisonous_potato":2,"minecraft:jungle_sign":1,"minecraft:bamboo":1,"minecraft:diamond_pickaxe":1,"minecraft:deepslate_tiles":1,"minecraft:written_book":1,"minecraft:item_frame":4,"minecraft:spruce_sapling":1,"minecraft:arrow":3,"minecraft:jungle_trapdoor":2,"minecraft:bell":12,"minecraft:mushroom_stew":8,"minecraft:bread":2,"minecraft:spider_eye":1,"minecraft:writable_book":14,"minecraft:baked_potato":67},"minecraft:used":{"minecraft:iron_axe":1125,"minecraft:leaf_litter":1,"minecraft:yellow_stained_glass_pane":5,"minecraft:white_banner":1,"minecraft:diamond_sword":2293,"minecraft:wheat_seeds":70,"minecraft:glow_berries":44,"minecraft:jungle_trapdoor":60,"minecraft:glass_bottle":2,"minecraft:jungle_fence_gate":2,"minecraft:mushroom_stew":151,"minecraft:jungle_planks":92,"minecraft:orange_stained_glass_pane":9,"minecraft:bamboo_raft":2,"minecraft:lantern":4,"minecraft:short_grass":25,"minecraft:jungle_fence":41,"minecraft:azalea_leaves":51,"minecraft:jungle_log":144,"minecraft:oak_log":3,"minecraft:spruce_slab":3,"minecraft:flowering_azalea":7,"minecraft:diamond_axe":705,"minecraft:white_carpet":1,"minecraft:blackstone":13,"minecraft:pale_oak_stairs":7,"minecraft:jungle_slab":38,"minecraft:moss_block":40,"minecraft:jungle_boat":11,"minecraft:stone_pickaxe":114,"minecraft:bow":178,"minecraft:brown_stained_glass_pane":2,"minecraft:cobbled_deepslate":15,"minecraft:spruce_boat":1,"minecraft:vine":45,"minecraft:stone_shovel":383,"minecraft:writable_book":29,"minecraft:bone_meal":142,"minecraft:item_frame":5,"minecraft:spider_eye":3,"minecraft:glowstone":5,"minecraft:spruce_fence_gate":2,"minecraft:white_stained_glass_pane":19,"minecraft:dirt":525,"minecraft:written_book":33,"minecraft:cooked_salmon":12,"minecraft:spruce_planks":12,"minecraft:flowering_azalea_leaves":17,"minecraft:shears":362,"minecraft:splash_potion":1,"minecraft:cocoa_beans":12,"minecraft:oak_planks":2,"minecraft:pale_oak_pressure_plate":3,"minecraft:oak_sapling":215,"minecraft:stone_axe":292,"minecraft:jungle_sign":12,"minecraft:shield":3,"minecraft:iron_pickaxe":250,"minecraft:bamboo":329,"minecraft:iron_sword":11,"minecraft:milk_bucket":1,"minecraft:deepslate_bricks":5,"minecraft:diamond_pickaxe":611,"minecraft:bookshelf":4,"minecraft:nether_brick":1,"minecraft:stone_bricks":2,"minecraft:jungle_stairs":63,"minecraft:blackstone_wall":10,"minecraft:stone_sword":104,"minecraft:sweet_berries":41,"minecraft:oak_slab":17,"minecraft:poisonous_potato":1,"minecraft:cobblestone":138,"minecraft:stone":55,"minecraft:chain":2,"minecraft:crafting_table":9,"minecraft:spruce_sign":4,"minecraft:birch_boat":1,"minecraft:spruce_trapdoor":35,"minecraft:potion":4,"minecraft:white_bed":12,"minecraft:pale_oak_fence_gate":1,"minecraft:baked_potato":44,"minecraft:trident":42,"minecraft:scaffolding":301,"minecraft:moss_carpet":2,"minecraft:spruce_log":7,"minecraft:stone_hoe":5,"minecraft:spore_blossom":3,"minecraft:torch":270,"minecraft:bread":15,"minecraft:blackstone_stairs":4,"minecraft:jungle_sapling":33,"minecraft:spruce_button":3,"minecraft:jungle_leaves":33,"minecraft:bamboo_planks":1,"minecraft:chest":21,"minecraft:spruce_sapling":4,"minecraft:egg":2,"minecraft:stripped_jungle_log":6}},"DataVersion":4440}