{"stats":{"minecraft:dropped":{"minecraft:oak_planks":1,"minecraft:rabbit_hide":1,"minecraft:stone_sword":1,"minecraft:cooked_beef":1,"minecraft:mangrove_roots":1,"minecraft:gravel":5,"minecraft:white_wool":1,"minecraft:dirt":21,"minecraft:stick":1,"minecraft:wheat_seeds":6,"minecraft:granite":4,"minecraft:spider_eye":2,"minecraft:rose_bush":1},"minecraft:custom":{"minecraft:talked_to_villager":2,"minecraft:time_since_rest":759,"minecraft:leave_game":4,"minecraft:damage_taken":3287,"minecraft:mob_kills":27,"minecraft:boat_one_cm":26663,"minecraft:interact_with_beacon":1,"minecraft:time_since_death":746,"minecraft:interact_with_furnace":9,"minecraft:happy_ghast_one_cm":2693,"minecraft:total_world_time":54492,"minecraft:swim_one_cm":9416,"minecraft:crouch_one_cm":15565,"minecraft:deaths":3,"minecraft:climb_one_cm":9449,"minecraft:player_kills":1,"minecraft:interact_with_crafting_table":7,"minecraft:walk_one_cm":397654,"minecraft:walk_under_water_one_cm":6160,"minecraft:play_time":54492,"minecraft:damage_dealt":5018,"minecraft:jump":3579,"minecraft:drop":17,"minecraft:open_barrel":3,"minecraft:sprint_one_cm":643216,"minecraft:open_chest":16,"minecraft:fall_one_cm":144463,"minecraft:fly_one_cm":1055232,"minecraft:walk_on_water_one_cm":4593,"minecraft:sneak_time":1324},"minecraft:picked_up":{"minecraft:sweet_berries":5,"minecraft:dirt":26,"minecraft:rabbit":5,"minecraft:cobblestone":30,"minecraft:mangrove_roots":1,"minecraft:rabbit_hide":3,"minecraft:mangrove_log":2,"minecraft:flint":1,"minecraft:gravel":5,"minecraft:light_gray_wool":3,"minecraft:leather":2,"minecraft:bone":3,"minecraft:rose_bush":1,"minecraft:cactus_flower":1,"minecraft:coal":1,"minecraft:oak_log":7,"minecraft:sand":2,"minecraft:furnace":1,"minecraft:wheat_seeds":6,"minecraft:mangrove_boat":6,"minecraft:granite":3,"minecraft:pumpkin":1,"minecraft:spider_eye":2,"minecraft:dark_oak_log":19,"minecraft:diorite":5,"minecraft:cooked_beef":25,"minecraft:white_wool":1,"minecraft:oak_planks":17,"minecraft:spruce_fence":1,"minecraft:crafting_table":1,"minecraft:snowball":82,"minecraft:arrow":4,"minecraft:item_frame":1,"minecraft:rotten_flesh":5,"minecraft:cactus":2,"minecraft:raw_iron":4,"minecraft:beef":3,"minecraft:cobbled_deepslate":20,"minecraft:andesite":3,"minecraft:pointed_dripstone":3,"minecraft:string":7,"minecraft:stone_sword":1,"minecraft:stone_bricks":3,"minecraft:dandelion":6,"minecraft:filled_map":3,"minecraft:mutton":7,"minecraft:gunpowder":1},"minecraft:killed_by":{"minecraft:player":1},"minecraft:crafted":{"minecraft:bone_meal":9,"minecraft:furnace":1,"minecraft:dark_oak_planks":40,"minecraft:item_frame":1,"minecraft:iron_ingot":4,"minecraft:cooked_rabbit":5,"minecraft:stone_hoe":1,"minecraft:crafting_table":2,"minecraft:mangrove_planks":8,"minecraft:stick":16,"minecraft:mangrove_boat":1,"minecraft:oak_planks":28,"minecraft:pumpkin_seeds":4,"minecraft:shears":1,"minecraft:bow":1,"minecraft:air":0},"minecraft:killed":{"minecraft:zombie":4,"minecraft:stray":2,"minecraft:skeleton":4,"minecraft:fox":1,"minecraft:creeper":2,"minecraft:rabbit":5,"minecraft:sheep":4,"minecraft:mooshroom":1,"minecraft:spider":3},"minecraft:used":{"minecraft:stone_axe":84,"minecraft:spruce_fence":1,"minecraft:cobbled_deepslate":12,"minecraft:andesite":3,"minecraft:mangrove_boat":6,"minecraft:stone_hoe":6,"minecraft:stone_shovel":131,"minecraft:rotten_flesh":5,"minecraft:bone_meal":9,"minecraft:item_frame":1,"minecraft:dark_oak_planks":11,"minecraft:stone_bricks":3,"minecraft:furnace":2,"minecraft:light_gray_wool":3,"minecraft:mutton":7,"minecraft:dirt":5,"minecraft:stone_sword":73,"minecraft:sweet_berries":6,"minecraft:diorite":5,"minecraft:cooked_rabbit":5,"minecraft:pumpkin_seeds":4,"minecraft:cobblestone":22,"minecraft:cooked_beef":23,"minecraft:mangrove_planks":3,"minecraft:crafting_table":3,"minecraft:snowball":9,"minecraft:oak_planks":12,"minecraft:stone_pickaxe":91,"minecraft:bow":4},"minecraft:broken":{"minecraft:stone_shovel":1},"minecraft:mined":{"minecraft:stone_bricks":4,"minecraft:mangrove_roots":1,"minecraft:granite":3,"minecraft:dark_oak_log":19,"minecraft:spruce_fence":1,"minecraft:bush":3,"minecraft:pumpkin":1,"minecraft:dandelion":10,"minecraft:coal_ore":1,"minecraft:diorite":6,"minecraft:gravel":8,"minecraft:short_grass":56,"minecraft:red_mushroom_block":3,"minecraft:furnace":2,"minecraft:brown_mushroom_block":2,"minecraft:crafting_table":1,"minecraft:light_gray_wool":1,"minecraft:large_fern":18,"minecraft:tall_grass":12,"minecraft:pointed_dripstone":1,"minecraft:dirt":8,"minecraft:mangrove_log":2,"minecraft:andesite":3,"minecraft:grass_block":27,"minecraft:cobweb":3,"minecraft:ice":1,"minecraft:fern":3,"minecraft:deepslate":21,"minecraft:sand":6,"minecraft:snow":130,"minecraft:deepslate_iron_ore":3,"minecraft:cactus":1,"minecraft:oak_log":10,"minecraft:iron_ore":1,"minecraft:stone":38}},"DataVersion":4440}