{"stats":{"minecraft:picked_up":{"minecraft:brown_mushroom":4,"minecraft:mangrove_roots":1},"minecraft:custom":{"minecraft:time_since_rest":4921,"minecraft:walk_one_cm":269121,"minecraft:leave_game":1,"minecraft:walk_under_water_one_cm":2252,"minecraft:damage_taken":440,"minecraft:interact_with_lectern":5,"minecraft:play_time":32681,"minecraft:jump":721,"minecraft:time_since_death":31458,"minecraft:open_enderchest":1,"minecraft:sprint_one_cm":147090,"minecraft:open_chest":29,"minecraft:sleep_in_bed":1,"minecraft:fall_one_cm":20669,"minecraft:total_world_time":32681,"minecraft:fly_one_cm":62185,"minecraft:walk_on_water_one_cm":761,"minecraft:crouch_one_cm":7098,"minecraft:sneak_time":1045,"minecraft:climb_one_cm":29934,"minecraft:deaths":1},"minecraft:killed_by":{"minecraft:silverfish":1},"minecraft:used":{"minecraft:stone_sword":1,"minecraft:sweet_berries":26,"minecraft:mangrove_roots":1,"minecraft:melon_slice":10},"minecraft:mined":{"minecraft:mangrove_roots":1,"minecraft:brown_mushroom":3,"minecraft:oak_leaves":17,"minecraft:sweet_berry_bush":2,"minecraft:grass_block":1}},"DataVersion":4440}