{"stats":{"minecraft:used":{"minecraft:stone_axe":7,"minecraft:spruce_sapling":1},"minecraft:mined":{"minecraft:powder_snow":5,"minecraft:dirt":1,"minecraft:spruce_log":7,"minecraft:grass_block":3},"minecraft:crafted":{"minecraft:spruce_planks":28},"minecraft:picked_up":{"minecraft:spruce_log":7,"minecraft:dirt":4,"minecraft:spruce_sapling":1},"minecraft:custom":{"minecraft:time_since_rest":1970,"minecraft:walk_one_cm":27520,"minecraft:leave_game":1,"minecraft:damage_taken":270,"minecraft:play_time":2238,"minecraft:jump":55,"minecraft:time_since_death":1958,"minecraft:sprint_one_cm":25872,"minecraft:fall_one_cm":1125,"minecraft:total_world_time":2238,"minecraft:fly_one_cm":4677,"minecraft:crouch_one_cm":295,"minecraft:sneak_time":11,"minecraft:deaths":1}},"DataVersion":4440}