{"stats":{"minecraft:killed":{"minecraft:zombie":2,"minecraft:pillager":1,"minecraft:tropical_fish":7},"minecraft:used":{"minecraft:stone_axe":59,"minecraft:iron_axe":17,"minecraft:cobbled_deepslate":76,"minecraft:shield":1,"minecraft:iron_pickaxe":129,"minecraft:smoker":1,"minecraft:wheat_seeds":224,"minecraft:stone_hoe":131,"minecraft:water_bucket":23,"minecraft:oak_sign":1,"minecraft:bread":38,"minecraft:torch":1,"minecraft:dirt":1,"minecraft:sweet_berries":37,"minecraft:diorite":14,"minecraft:wooden_pickaxe":12,"minecraft:tropical_fish":1,"minecraft:cobblestone":108,"minecraft:cooked_beef":4,"minecraft:bucket":24,"minecraft:crafting_table":2,"minecraft:spruce_sign":1,"minecraft:poppy":1,"minecraft:oak_sapling":2,"minecraft:tuff_bricks":3,"minecraft:sugar_cane":2,"minecraft:stone_pickaxe":178},"minecraft:mined":{"minecraft:torch":1,"minecraft:cherry_log":34,"minecraft:sculk":123,"minecraft:coal_ore":10,"minecraft:wheat":112,"minecraft:diorite":23,"minecraft:sculk_sensor":10,"minecraft:cobblestone":1,"minecraft:sugar_cane":7,"minecraft:short_grass":3,"minecraft:cherry_leaves":4,"minecraft:cherry_sapling":3,"minecraft:oak_leaves":1,"minecraft:crafting_table":1,"minecraft:sculk_vein":11,"minecraft:sweet_berry_bush":6,"minecraft:cactus_flower":1,"minecraft:deepslate_coal_ore":1,"minecraft:tall_grass":3,"minecraft:dirt":6,"minecraft:gold_ore":8,"minecraft:andesite":8,"minecraft:grass_block":1,"minecraft:pink_petals":11,"minecraft:spruce_leaves":1,"minecraft:cobbled_deepslate":12,"minecraft:deepslate_gold_ore":1,"minecraft:tuff_bricks":3,"minecraft:deepslate":68,"minecraft:deepslate_lapis_ore":2,"minecraft:deepslate_diamond_ore":1,"minecraft:deepslate_iron_ore":9,"minecraft:cornflower":4,"minecraft:oak_log":4,"minecraft:iron_ore":35,"minecraft:stone":119,"minecraft:lapis_ore":6},"minecraft:crafted":{"minecraft:bucket":1,"minecraft:iron_ingot":16,"minecraft:stone_hoe":1,"minecraft:stone_pickaxe":1,"minecraft:bread":49,"minecraft:oak_sign":3,"minecraft:iron_chestplate":1,"minecraft:iron_boots":1,"minecraft:crafting_table":1,"minecraft:stick":12,"minecraft:wooden_pickaxe":1,"minecraft:cooked_beef":11,"minecraft:shield":1,"minecraft:stone_axe":1,"minecraft:oak_planks":16,"minecraft:iron_helmet":1,"minecraft:diamond_pickaxe":1,"minecraft:iron_pickaxe":1,"minecraft:air":0,"minecraft:iron_axe":1,"minecraft:iron_leggings":1},"minecraft:broken":{"minecraft:stone_hoe":1,"minecraft:stone_pickaxe":1},"minecraft:picked_up":{"minecraft:tropical_fish":17,"minecraft:sweet_berries":63,"minecraft:dirt":9,"minecraft:cobblestone":121,"minecraft:sugar_cane":11,"minecraft:torch":1,"minecraft:cherry_log":34,"minecraft:cactus_flower":1,"minecraft:coal":10,"minecraft:stone_pickaxe":1,"minecraft:oak_log":4,"minecraft:diamond":1,"minecraft:wheat_seeds":274,"minecraft:white_banner":1,"minecraft:lapis_lazuli":52,"minecraft:ominous_bottle":1,"minecraft:diorite":22,"minecraft:stick":4,"minecraft:poppy":3,"minecraft:cherry_sapling":11,"minecraft:spruce_boat":1,"minecraft:crafting_table":1,"minecraft:oak_sapling":3,"minecraft:raw_iron":43,"minecraft:beef":1,"minecraft:cobbled_deepslate":76,"minecraft:andesite":8,"minecraft:raw_gold":8,"minecraft:stone_axe":1,"minecraft:wheat":104,"minecraft:tuff_bricks":3,"minecraft:cornflower":4,"minecraft:pink_petals":20},"minecraft:dropped":{"minecraft:wheat_seeds":1,"minecraft:sweet_berries":24,"minecraft:bread":25,"minecraft:stone_axe":1,"minecraft:stone_pickaxe":1,"minecraft:wooden_pickaxe":1},"minecraft:custom":{"minecraft:talked_to_villager":1,"minecraft:time_since_rest":8054,"minecraft:leave_game":6,"minecraft:damage_taken":2157,"minecraft:mob_kills":10,"minecraft:time_since_death":7995,"minecraft:interact_with_furnace":48,"minecraft:total_world_time":91106,"minecraft:swim_one_cm":18754,"minecraft:crouch_one_cm":3799,"minecraft:deaths":6,"minecraft:climb_one_cm":3718,"minecraft:damage_blocked_by_shield":336,"minecraft:interact_with_crafting_table":17,"minecraft:walk_one_cm":249580,"minecraft:walk_under_water_one_cm":13460,"minecraft:play_time":91106,"minecraft:damage_dealt":969,"minecraft:jump":4110,"minecraft:drop":31,"minecraft:sprint_one_cm":478589,"minecraft:open_chest":132,"minecraft:interact_with_smoker":9,"minecraft:fall_one_cm":134013,"minecraft:fly_one_cm":1227578,"minecraft:walk_on_water_one_cm":10931,"minecraft:sneak_time":1314}},"DataVersion":4440}