{"stats":{"minecraft:killed_by":{"minecraft:player":12,"minecraft:creaking":1,"minecraft:spider":2,"minecraft:zombie":4},"minecraft:custom":{"minecraft:eat_cake_slice":7,"minecraft:time_since_rest":56969,"minecraft:leave_game":21,"minecraft:boat_one_cm":763784,"minecraft:time_since_death":56948,"minecraft:interact_with_furnace":132,"minecraft:happy_ghast_one_cm":178349,"minecraft:total_world_time":1481609,"minecraft:crouch_one_cm":83986,"minecraft:climb_one_cm":141914,"minecraft:deaths":47,"minecraft:interact_with_stonecutter":18,"minecraft:animals_bred":3,"minecraft:traded_with_villager":22,"minecraft:interact_with_crafting_table":121,"minecraft:inspect_dropper":37,"minecraft:walk_one_cm":4270169,"minecraft:walk_under_water_one_cm":60047,"minecraft:horse_one_cm":27911,"minecraft:damage_dealt":13225,"minecraft:play_time":1481609,"minecraft:jump":25514,"minecraft:play_record":9,"minecraft:sprint_one_cm":3570392,"minecraft:fill_cauldron":44,"minecraft:inspect_hopper":11,"minecraft:fly_one_cm":6570358,"minecraft:walk_on_water_one_cm":65688,"minecraft:interact_with_blast_furnace":12,"minecraft:interact_with_grindstone":1,"minecraft:talked_to_villager":24,"minecraft:damage_taken":37169,"minecraft:mob_kills":72,"minecraft:interact_with_beacon":2,"minecraft:open_enderchest":6,"minecraft:interact_with_brewingstand":40,"minecraft:interact_with_smithing_table":1,"minecraft:sleep_in_bed":2,"minecraft:inspect_dispenser":2,"minecraft:swim_one_cm":39298,"minecraft:player_kills":3,"minecraft:play_noteblock":15,"minecraft:interact_with_lectern":19,"minecraft:drop":142,"minecraft:use_cauldron":6,"minecraft:interact_with_cartography_table":1,"minecraft:open_barrel":49,"minecraft:open_chest":1289,"minecraft:interact_with_smoker":17,"minecraft:fall_one_cm":1014234,"minecraft:interact_with_anvil":8,"minecraft:sneak_time":22758},"minecraft:broken":{"minecraft:wooden_axe":2,"minecraft:stone_axe":1,"minecraft:iron_pickaxe":1,"minecraft:stone_pickaxe":3},"minecraft:crafted":{"minecraft:wooden_axe":11,"minecraft:cooked_salmon":11,"minecraft:diamond_boots":1,"minecraft:birch_fence":6,"minecraft:acacia_stairs":92,"minecraft:gold_ingot":55,"minecraft:map":25,"minecraft:clock":1,"minecraft:stick":1049,"minecraft:compass":25,"minecraft:cherry_sign":6,"minecraft:stone_brick_slab":108,"minecraft:cooked_porkchop":11,"minecraft:iron_block":7,"minecraft:diamond_pickaxe":1,"minecraft:chest":13,"minecraft:air":0,"minecraft:acacia_planks":292,"minecraft:bucket":5,"minecraft:jungle_planks":384,"minecraft:snow_block":24,"minecraft:item_frame":12,"minecraft:deepslate_tile_slab":126,"minecraft:cauldron":6,"minecraft:glass_bottle":51,"minecraft:glass":37,"minecraft:oak_sign":3,"minecraft:mangrove_planks":256,"minecraft:acacia_fence":63,"minecraft:spruce_fence":9,"minecraft:mangrove_boat":1,"minecraft:oak_planks":20,"minecraft:brewing_stand":1,"minecraft:cooked_cod":24,"minecraft:shears":1,"minecraft:smoker":4,"minecraft:lantern":10,"minecraft:birch_planks":128,"minecraft:stone_pickaxe":2,"minecraft:spruce_door":3,"minecraft:anvil":1,"minecraft:mangrove_door":3,"minecraft:mangrove_stairs":32,"minecraft:spruce_slab":222,"minecraft:cooked_beef":21,"minecraft:spruce_sign":3,"minecraft:diamond_chestplate":1,"minecraft:iron_nugget":81,"minecraft:emerald":22,"minecraft:paper":237,"minecraft:furnace":9,"minecraft:pale_oak_planks":4,"minecraft:pale_oak_button":1,"minecraft:spruce_trapdoor":2,"minecraft:spruce_boat":1,"minecraft:iron_ingot":138,"minecraft:deepslate_brick_stairs":4,"minecraft:copper_ingot":56,"minecraft:cartography_table":1,"minecraft:diamond_helmet":1,"minecraft:bread":61,"minecraft:stone":128,"minecraft:crafting_table":5,"minecraft:acacia_sign":3,"minecraft:diamond_leggings":1,"minecraft:torch":16,"minecraft:red_carpet":18,"minecraft:spruce_stairs":140,"minecraft:baked_potato":7,"minecraft:spruce_planks":496,"minecraft:iron_pickaxe":2,"minecraft:birch_stairs":16,"minecraft:iron_axe":1},"minecraft:killed":{"minecraft:salmon":4,"minecraft:zombie":21,"minecraft:pillager":1,"minecraft:stray":2,"minecraft:skeleton":4,"minecraft:creeper":1,"minecraft:hoglin":2,"minecraft:sheep":3,"minecraft:cow":6,"minecraft:magma_cube":4,"minecraft:spider":24},"minecraft:picked_up":{"minecraft:iron_door":2,"minecraft:sweet_berries":139,"minecraft:pale_oak_log":1,"minecraft:cherry_sign":8,"minecraft:brewing_stand":2,"minecraft:shears":1,"minecraft:cobblestone":714,"minecraft:glass":128,"minecraft:flint":11,"minecraft:sugar_cane":130,"minecraft:redstone":74,"minecraft:bone":4,"minecraft:deepslate_tiles":4,"minecraft:snow_block":12,"minecraft:clay_ball":48,"minecraft:lantern":23,"minecraft:firefly_bush":2,"minecraft:diamond":78,"minecraft:white_banner":9,"minecraft:granite":52,"minecraft:blaze_rod":1,"minecraft:stone_brick_slab":44,"minecraft:sugar":2,"minecraft:salmon":3,"minecraft:acacia_sign":7,"minecraft:spruce_boat":15,"minecraft:bow":3,"minecraft:birch_boat":1,"minecraft:arrow":12,"minecraft:iron_ingot":79,"minecraft:mangrove_door":7,"minecraft:spruce_slab":6,"minecraft:crossbow":3,"minecraft:acacia_log":66,"minecraft:deepslate_bricks":72,"minecraft:mutton":3,"minecraft:golden_carrot":34,"minecraft:acacia_planks":164,"minecraft:spruce_planks":50,"minecraft:polished_blackstone_slab":1,"minecraft:dirt":255,"minecraft:stonecutter":1,"minecraft:torch":61,"minecraft:cherry_log":30,"minecraft:bread":1,"minecraft:spruce_log":230,"minecraft:cartography_table":2,"minecraft:iron_boots":1,"minecraft:coal":75,"minecraft:oak_log":6,"minecraft:birch_planks":195,"minecraft:sand":45,"minecraft:furnace":4,"minecraft:mangrove_boat":8,"minecraft:wheat_seeds":1745,"minecraft:cherry_leaves":14,"minecraft:deepslate_brick_stairs":2,"minecraft:iron_pickaxe":2,"minecraft:poppy":1,"minecraft:cooked_beef":6,"minecraft:potion":56,"minecraft:spruce_fence":14,"minecraft:snowball":881,"minecraft:andesite":3,"minecraft:oak_sign":4,"minecraft:mangrove_planks":117,"minecraft:deepslate_tile_slab":32,"minecraft:string":30,"minecraft:stone_bricks":178,"minecraft:filled_map":4,"minecraft:carrot":23,"minecraft:spruce_sapling":3,"minecraft:orange_wool":2,"minecraft:polished_deepslate_slab":412,"minecraft:mangrove_log":32,"minecraft:fishing_rod":3,"minecraft:bucket":9,"minecraft:birch_sign":4,"minecraft:leather":5,"minecraft:honey_bottle":1,"minecraft:gold_nugget":2,"minecraft:lead":1,"minecraft:water_bucket":1,"minecraft:gold_ingot":6,"minecraft:baked_potato":2,"minecraft:birch_stairs":48,"minecraft:porkchop":8,"minecraft:spruce_sign":13,"minecraft:music_disc_precipice":9,"minecraft:stick":14,"minecraft:redstone_torch":1,"minecraft:bamboo":57,"minecraft:black_wool":2,"minecraft:moss_block":2,"minecraft:iron_axe":1,"minecraft:cauldron":5,"minecraft:cooked_chicken":7,"minecraft:item_frame":74,"minecraft:raw_iron":64,"minecraft:cobbled_deepslate":36,"minecraft:acacia_stairs":21,"minecraft:birch_fence":17,"minecraft:glowstone_dust":6,"minecraft:pumpkin_seeds":1,"minecraft:jungle_sapling":4,"minecraft:wheat":425,"minecraft:map":6,"minecraft:spruce_door":3,"minecraft:cherry_planks":32,"minecraft:chest":20,"minecraft:spruce_trapdoor":1,"minecraft:deepslate_tile_wall":12,"minecraft:blaze_powder":2,"minecraft:red_wool":12,"minecraft:coarse_dirt":1,"minecraft:lever":1,"minecraft:clock":1,"minecraft:stone":96,"minecraft:gravel":38,"minecraft:leaf_litter":2,"minecraft:nether_brick_fence":2,"minecraft:birch_log":72,"minecraft:pale_oak_boat":1,"minecraft:lapis_lazuli":66,"minecraft:spider_eye":7,"minecraft:jungle_log":96,"minecraft:spruce_stairs":22,"minecraft:tipped_arrow":2,"minecraft:diorite":92,"minecraft:oak_boat":1,"minecraft:cherry_sapling":3,"minecraft:golden_helmet":3,"minecraft:crafting_table":10,"minecraft:beef":12,"minecraft:rotten_flesh":27,"minecraft:acacia_fence":7,"minecraft:written_book":1,"minecraft:yellow_wool":1,"minecraft:glass_bottle":69,"minecraft:iron_nugget":1,"minecraft:paper":28,"minecraft:mangrove_stairs":32},"minecraft:mined":{"minecraft:torch":28,"minecraft:cherry_log":13,"minecraft:birch_stairs":16,"minecraft:acacia_fence":5,"minecraft:spruce_log":37,"minecraft:acacia_stairs":21,"minecraft:vine":2,"minecraft:chest":20,"minecraft:gravel":44,"minecraft:short_grass":5,"minecraft:dirt_path":12,"minecraft:spruce_planks":37,"minecraft:crafting_table":8,"minecraft:birch_log":8,"minecraft:leaf_litter":1,"minecraft:sweet_berry_bush":9,"minecraft:polished_deepslate_slab":183,"minecraft:jungle_log":133,"minecraft:redstone_wall_torch":1,"minecraft:coarse_dirt":1,"minecraft:firefly_bush":2,"minecraft:deepslate_bricks":4,"minecraft:iron_door":2,"minecraft:andesite":3,"minecraft:powder_snow_cauldron":1,"minecraft:packed_ice":181,"minecraft:moss_block":2,"minecraft:bamboo":8,"minecraft:ice":1,"minecraft:nether_brick_fence":2,"minecraft:wall_torch":13,"minecraft:mangrove_planks":29,"minecraft:cauldron":3,"minecraft:poppy":1,"minecraft:birch_planks":23,"minecraft:deepslate_tiles":3,"minecraft:azure_bluet":1,"minecraft:jungle_leaves":16,"minecraft:acacia_log":4,"minecraft:stone":517,"minecraft:polished_blackstone_slab":1,"minecraft:stone_bricks":6,"minecraft:granite":80,"minecraft:orange_wool":2,"minecraft:spruce_fence":8,"minecraft:spruce_wall_sign":1,"minecraft:coal_ore":43,"minecraft:diorite":70,"minecraft:wheat":549,"minecraft:cobblestone":45,"minecraft:spruce_trapdoor":1,"minecraft:sugar_cane":116,"minecraft:mangrove_stairs":12,"minecraft:mangrove_door":4,"minecraft:white_bed":2,"minecraft:lantern":23,"minecraft:cherry_leaves":95,"minecraft:cherry_sapling":3,"minecraft:oak_leaves":1,"minecraft:furnace":4,"minecraft:brewing_stand":2,"minecraft:birch_fence":5,"minecraft:clay":4,"minecraft:spruce_stairs":20,"minecraft:cherry_wall_sign":1,"minecraft:tall_grass":3,"minecraft:snow_block":164,"minecraft:cartography_table":1,"minecraft:wildflowers":1,"minecraft:deepslate_tile_slab":12,"minecraft:tall_seagrass":4,"minecraft:dirt":336,"minecraft:grass_block":28,"minecraft:cobweb":1,"minecraft:water_cauldron":1,"minecraft:spruce_leaves":19,"minecraft:acacia_sign":4,"minecraft:cobbled_deepslate":1,"minecraft:spruce_door":2,"minecraft:pale_oak_log":1,"minecraft:deepslate_tile_wall":2,"minecraft:deepslate":35,"minecraft:sand":59,"minecraft:spruce_slab":4,"minecraft:snow":187,"minecraft:seagrass":2,"minecraft:spruce_sign":7,"minecraft:stonecutter":1,"minecraft:cherry_sign":1,"minecraft:oak_log":6,"minecraft:redstone_wire":1,"minecraft:acacia_planks":30,"minecraft:lapis_ore":4},"minecraft:dropped":{"minecraft:rotten_flesh":23,"minecraft:stone_shovel":1,"minecraft:iron_axe":1,"minecraft:cobblestone":1,"minecraft:cartography_table":2,"minecraft:stone_sword":1,"minecraft:pale_oak_boat":1,"minecraft:pumpkin_seeds":1,"minecraft:lead":1,"minecraft:bone":4,"minecraft:potion":22,"minecraft:black_wool":1,"minecraft:leather":1,"minecraft:wheat_seeds":1,"minecraft:iron_ingot":15,"minecraft:sand":1,"minecraft:diamond":6,"minecraft:spruce_slab":76,"minecraft:crossbow":3,"minecraft:filled_map":2,"minecraft:glass_bottle":12,"minecraft:stone_bricks":384,"minecraft:cooked_beef":6,"minecraft:leaf_litter":2,"minecraft:stone_brick_slab":64,"minecraft:string":15,"minecraft:polished_deepslate_slab":64,"minecraft:spruce_stairs":80,"minecraft:flint":11,"minecraft:stick":1,"minecraft:item_frame":1,"minecraft:arrow":12,"minecraft:jungle_planks":1,"minecraft:golden_helmet":3,"minecraft:wooden_axe":9,"minecraft:bread":6,"minecraft:spider_eye":4,"minecraft:iron_boots":1,"minecraft:snowball":40,"minecraft:tipped_arrow":2},"minecraft:used":{"minecraft:iron_axe":45,"minecraft:birch_sign":1,"minecraft:cartography_table":1,"minecraft:mangrove_boat":9,"minecraft:wheat_seeds":552,"minecraft:wooden_axe":110,"minecraft:oak_sign":2,"minecraft:lantern":31,"minecraft:cooked_porkchop":8,"minecraft:granite":31,"minecraft:coarse_dirt":1,"minecraft:deepslate_tile_slab":182,"minecraft:birch_fence":5,"minecraft:red_carpet":7,"minecraft:firefly_bush":2,"minecraft:black_wool":1,"minecraft:polished_blackstone_slab":1,"minecraft:oak_log":1,"minecraft:spruce_slab":137,"minecraft:polished_deepslate_slab":67,"minecraft:stonecutter":1,"minecraft:diamond_axe":429,"minecraft:poppy":1,"minecraft:snowball":695,"minecraft:moss_block":2,"minecraft:orange_wool":2,"minecraft:stone_pickaxe":393,"minecraft:cobbled_deepslate":4,"minecraft:acacia_planks":50,"minecraft:spruce_boat":13,"minecraft:diamond_shovel":721,"minecraft:stone_shovel":114,"minecraft:birch_planks":23,"minecraft:item_frame":84,"minecraft:anvil":1,"minecraft:mutton":3,"minecraft:dirt":58,"minecraft:acacia_fence":17,"minecraft:written_book":6,"minecraft:honey_bottle":1,"minecraft:fishing_rod":12,"minecraft:cooked_salmon":3,"minecraft:sand":7,"minecraft:spruce_planks":59,"minecraft:birch_log":8,"minecraft:cooked_cod":41,"minecraft:shears":81,"minecraft:nether_brick_fence":2,"minecraft:mangrove_planks":196,"minecraft:bucket":85,"minecraft:deepslate_tiles":49,"minecraft:sugar_cane":8,"minecraft:yellow_wool":1,"minecraft:iron_door":2,"minecraft:stone_axe":116,"minecraft:spruce_fence":13,"minecraft:iron_pickaxe":969,"minecraft:spruce_stairs":68,"minecraft:deepslate":32,"minecraft:andesite":3,"minecraft:bamboo":7,"minecraft:acacia_sign":6,"minecraft:oak_boat":1,"minecraft:golden_carrot":34,"minecraft:acacia_log":4,"minecraft:cherry_sapling":3,"minecraft:deepslate_bricks":64,"minecraft:diamond_pickaxe":2,"minecraft:stone_bricks":70,"minecraft:brewing_stand":3,"minecraft:stone_sword":218,"minecraft:sweet_berries":125,"minecraft:lava_bucket":13,"minecraft:redstone":1,"minecraft:spruce_door":4,"minecraft:cobblestone":335,"minecraft:cherry_sign":2,"minecraft:mangrove_door":4,"minecraft:acacia_stairs":54,"minecraft:carrot":32,"minecraft:crafting_table":12,"minecraft:pale_oak_button":1,"minecraft:spruce_sign":9,"minecraft:birch_boat":1,"minecraft:spruce_trapdoor":2,"minecraft:potion":53,"minecraft:baked_potato":11,"minecraft:smoker":4,"minecraft:birch_stairs":16,"minecraft:spruce_log":142,"minecraft:water_bucket":70,"minecraft:deepslate_tile_wall":12,"minecraft:furnace":9,"minecraft:torch":50,"minecraft:bread":88,"minecraft:jungle_sapling":4,"minecraft:lever":1,"minecraft:mangrove_stairs":24,"minecraft:gravel":1,"minecraft:cake":1,"minecraft:deepslate_brick_stairs":2,"minecraft:cooked_chicken":26,"minecraft:cooked_beef":25,"minecraft:snow_block":12,"minecraft:redstone_torch":1,"minecraft:chest":32,"minecraft:cauldron":11,"minecraft:spruce_sapling":3}},"DataVersion":4440}