{"stats":{"minecraft:crafted":{"minecraft:stone_shovel":1,"minecraft:spruce_door":6,"minecraft:iron_chestplate":1,"minecraft:iron_boots":1,"minecraft:stick":116,"minecraft:spruce_slab":258,"minecraft:minecart":1,"minecraft:iron_helmet":1,"minecraft:diamond_axe":1,"minecraft:diamond_pickaxe":1,"minecraft:chest":2,"minecraft:diamond_chestplate":1,"minecraft:diamond_sword":1,"minecraft:air":0,"minecraft:paper":18,"minecraft:bucket":3,"minecraft:bone_meal":66,"minecraft:iron_ingot":9,"minecraft:stone_hoe":1,"minecraft:diamond_shovel":1,"minecraft:white_carpet":3,"minecraft:diamond_hoe":1,"minecraft:diamond_helmet":1,"minecraft:bread":84,"minecraft:glass":114,"minecraft:crafting_table":1,"minecraft:iron_hoe":1,"minecraft:diamond_leggings":1,"minecraft:torch":48,"minecraft:spruce_fence":93,"minecraft:spruce_stairs":28,"minecraft:lapis_lazuli":18,"minecraft:shield":1,"minecraft:oak_planks":12,"minecraft:spruce_planks":432,"minecraft:iron_pickaxe":1,"minecraft:rail":32,"minecraft:iron_shovel":1,"minecraft:iron_sword":1,"minecraft:iron_axe":1,"minecraft:iron_leggings":1},"minecraft:killed_by":{"minecraft:elder_guardian":1,"minecraft:creeper":1,"minecraft:endermite":1,"minecraft:creaking":2},"minecraft:killed":{"minecraft:zombie":19,"minecraft:skeleton":12,"minecraft:creeper":8,"minecraft:guardian":1,"minecraft:drowned":1},"minecraft:mined":{"minecraft:torch":1,"minecraft:spruce_fence":5,"minecraft:spruce_log":13,"minecraft:sea_lantern":4,"minecraft:pumpkin":7,"minecraft:coal_ore":18,"minecraft:wheat":229,"minecraft:oak_planks":1,"minecraft:sugar_cane":12,"minecraft:short_grass":1,"minecraft:kelp":3,"minecraft:prismarine":42,"minecraft:spruce_planks":221,"minecraft:prismarine_bricks":24,"minecraft:crafting_table":1,"minecraft:spruce_stairs":1,"minecraft:white_carpet":1,"minecraft:firefly_bush":1,"minecraft:rail":2,"minecraft:dirt":4,"minecraft:dark_prismarine":1,"minecraft:andesite":4,"minecraft:grass_block":1,"minecraft:spruce_leaves":1,"minecraft:tuff_bricks":2,"minecraft:spruce_door":8,"minecraft:sand":234,"minecraft:spruce_slab":5,"minecraft:seagrass":2,"minecraft:stone":5},"minecraft:picked_up":{"minecraft:spruce_planks":219,"minecraft:spruce_sapling":1,"minecraft:dirt":5,"minecraft:prismarine_shard":1,"minecraft:cobblestone":5,"minecraft:rail":2,"minecraft:sugar_cane":21,"minecraft:bone":12,"minecraft:torch":2,"minecraft:spruce_log":13,"minecraft:leaf_litter":3,"minecraft:coal":18,"minecraft:firefly_bush":2,"minecraft:sand":232,"minecraft:diamond":80,"minecraft:iron_sword":1,"minecraft:wheat_seeds":598,"minecraft:pumpkin":7,"minecraft:prismarine":36,"minecraft:spruce_stairs":1,"minecraft:prismarine_crystals":8,"minecraft:egg":3,"minecraft:iron_leggings":2,"minecraft:stick":20,"minecraft:prismarine_bricks":25,"minecraft:oak_boat":4,"minecraft:stone_hoe":1,"minecraft:pufferfish":1,"minecraft:oak_planks":1,"minecraft:golden_helmet":1,"minecraft:spruce_fence":5,"minecraft:crafting_table":1,"minecraft:arrow":12,"minecraft:kelp":1,"minecraft:andesite":2,"minecraft:rotten_flesh":18,"minecraft:spruce_slab":7,"minecraft:white_carpet":3,"minecraft:wheat":229,"minecraft:tuff_bricks":3,"minecraft:spruce_door":9,"minecraft:gunpowder":8,"minecraft:iron_chestplate":2},"minecraft:custom":{"minecraft:time_since_rest":9146,"minecraft:talked_to_villager":6,"minecraft:leave_game":5,"minecraft:damage_taken":12092,"minecraft:mob_kills":42,"minecraft:boat_one_cm":141980,"minecraft:time_since_death":61887,"minecraft:interact_with_furnace":12,"minecraft:sleep_in_bed":3,"minecraft:swim_one_cm":172864,"minecraft:total_world_time":125230,"minecraft:crouch_one_cm":16711,"minecraft:deaths":6,"minecraft:interact_with_stonecutter":1,"minecraft:damage_dealt_resisted":3822,"minecraft:damage_blocked_by_shield":1200,"minecraft:interact_with_crafting_table":53,"minecraft:walk_one_cm":775349,"minecraft:horse_one_cm":6995,"minecraft:walk_under_water_one_cm":41318,"minecraft:damage_dealt":9006,"minecraft:interact_with_lectern":2,"minecraft:play_time":125230,"minecraft:jump":1501,"minecraft:drop":28,"minecraft:sprint_one_cm":485513,"minecraft:open_chest":162,"minecraft:fall_one_cm":20092,"minecraft:fly_one_cm":330917,"minecraft:interact_with_anvil":6,"minecraft:walk_on_water_one_cm":81998,"minecraft:sneak_time":2972,"minecraft:interact_with_grindstone":1},"minecraft:dropped":{"minecraft:stone_shovel":1,"minecraft:white_carpet":2,"minecraft:iron_chestplate":2,"minecraft:stone_sword":1,"minecraft:leaf_litter":3,"minecraft:stone_hoe":2,"minecraft:bone":1,"minecraft:iron_leggings":2,"minecraft:iron_sword":1,"minecraft:wheat_seeds":117,"minecraft:tuff_bricks":1,"minecraft:firefly_bush":2,"minecraft:stone_axe":1,"minecraft:stone_pickaxe":1,"minecraft:spruce_slab":3},"minecraft:used":{"minecraft:stone_axe":62,"minecraft:prismarine":32,"minecraft:iron_axe":225,"minecraft:spruce_fence":93,"minecraft:diamond_hoe":1,"minecraft:shield":14,"minecraft:iron_pickaxe":73,"minecraft:spruce_stairs":25,"minecraft:andesite":2,"minecraft:oak_boat":3,"minecraft:iron_sword":282,"minecraft:wheat_seeds":320,"minecraft:milk_bucket":13,"minecraft:spruce_log":55,"minecraft:stone_hoe":66,"minecraft:stone_shovel":211,"minecraft:iron_hoe":25,"minecraft:rotten_flesh":4,"minecraft:water_bucket":68,"minecraft:prismarine_bricks":1,"minecraft:bone_meal":66,"minecraft:diamond_pickaxe":11,"minecraft:bread":52,"minecraft:torch":49,"minecraft:dirt":5,"minecraft:iron_shovel":4,"minecraft:minecart":1,"minecraft:stone_sword":39,"minecraft:lava_bucket":9,"minecraft:spruce_planks":272,"minecraft:spruce_door":13,"minecraft:cobblestone":2,"minecraft:rail":26,"minecraft:spruce_slab":262,"minecraft:diamond_axe":1,"minecraft:bucket":78,"minecraft:crafting_table":2,"minecraft:white_carpet":2,"minecraft:chest":2,"minecraft:oak_planks":1,"minecraft:spruce_sapling":1,"minecraft:egg":3,"minecraft:tuff_bricks":1,"minecraft:sugar_cane":1,"minecraft:stone_pickaxe":26},"minecraft:broken":{"minecraft:stone_shovel":1,"minecraft:iron_helmet":1,"minecraft:iron_axe":1,"minecraft:iron_sword":1}},"DataVersion":4440}