{"stats":{"minecraft:dropped":{"minecraft:sweet_berries":29,"minecraft:music_disc_tears":1,"minecraft:nether_brick":28,"minecraft:crimson_roots":11,"minecraft:gravel":31,"minecraft:bone":23,"minecraft:ink_sac":7,"minecraft:wooden_shovel":1,"minecraft:breeze_rod":2,"minecraft:blackstone":52,"minecraft:spruce_sign":1,"minecraft:oak_sapling":2,"minecraft:filled_map":1,"minecraft:cooked_chicken":41,"minecraft:golden_carrot":136,"minecraft:tuff":108,"minecraft:book":8,"minecraft:milk_bucket":1,"minecraft:acacia_sign":1,"minecraft:spruce_sapling":2,"minecraft:arrow":6,"minecraft:twisting_vines":1,"minecraft:spruce_log":1,"minecraft:deepslate":48,"minecraft:dried_kelp":5,"minecraft:gunpowder":4,"minecraft:magenta_dye":4,"minecraft:polished_andesite":1,"minecraft:gold_ingot":175,"minecraft:cooked_mutton":2,"minecraft:iron_pickaxe":1,"minecraft:baked_potato":12,"minecraft:diorite":1,"minecraft:tipped_arrow":1,"minecraft:rotten_flesh":48,"minecraft:iron_helmet":1,"minecraft:lava_bucket":1,"minecraft:iron_chestplate":1,"minecraft:torch":1,"minecraft:bow":3,"minecraft:dirt":14,"minecraft:activator_rail":1,"minecraft:raw_copper":75,"minecraft:stone":1,"minecraft:obsidian":3,"minecraft:ominous_bottle":2,"minecraft:sand":2,"minecraft:ender_pearl":4,"minecraft:emerald":62,"minecraft:spruce_boat":1,"minecraft:potato":1,"minecraft:glass_bottle":2,"minecraft:apple":2,"minecraft:written_book":2,"minecraft:quartz_block":24,"minecraft:raw_iron":5,"minecraft:polished_deepslate":358,"minecraft:netherrack":278,"minecraft:spyglass":1,"minecraft:mutton":1,"minecraft:cooked_porkchop":48,"minecraft:iron_axe":1,"minecraft:oak_planks":9,"minecraft:wheat":1,"minecraft:spectral_arrow":9,"minecraft:lead":1,"minecraft:cobbled_deepslate":358,"minecraft:egg":3,"minecraft:wheat_seeds":40,"minecraft:iron_ingot":196,"minecraft:flint_and_steel":1,"minecraft:iron_nugget":3,"minecraft:spruce_trapdoor":1,"minecraft:paper":3,"minecraft:dark_oak_boat":1,"minecraft:stone_pickaxe":1,"minecraft:shield":1,"minecraft:light_gray_wool":6,"minecraft:copper_ingot":192,"minecraft:dark_oak_sapling":1,"minecraft:diamond_pickaxe":9,"minecraft:string":17,"minecraft:golden_boots":1,"minecraft:oak_sign":4,"minecraft:stick":3,"minecraft:crimson_fungus":1,"minecraft:bread":268,"minecraft:spider_eye":2,"minecraft:snowball":2,"minecraft:cobblestone":136,"minecraft:pointed_dripstone":1,"minecraft:spruce_planks":2,"minecraft:wooden_hoe":1,"minecraft:diamond_axe":1,"minecraft:dried_ghast":1,"minecraft:potion":3,"minecraft:white_wool":2,"minecraft:leather":4,"minecraft:diamond_chestplate":1,"minecraft:birch_boat":2,"minecraft:diamond":126,"minecraft:feather":7,"minecraft:brown_wool":1,"minecraft:crying_obsidian":7,"minecraft:leaf_litter":7,"minecraft:chicken":68,"minecraft:oak_stairs":7,"minecraft:diamond_sword":5,"minecraft:flint":3,"minecraft:gold_nugget":11,"minecraft:netherite_upgrade_smithing_template":2,"minecraft:mushroom_stew":6,"minecraft:writable_book":47,"minecraft:gray_wool":1},"minecraft:used":{"minecraft:iron_axe":199,"minecraft:crying_obsidian":3,"minecraft:leaf_litter":1,"minecraft:diamond_hoe":468,"minecraft:ominous_trial_key":5,"minecraft:diamond_sword":1418,"minecraft:potato":13,"minecraft:wheat_seeds":791,"minecraft:mushroom_stew":2,"minecraft:oak_sign":47,"minecraft:golden_boots":3,"minecraft:cooked_porkchop":56,"minecraft:granite":15,"minecraft:decorated_pot":52,"minecraft:chiseled_tuff_bricks":1,"minecraft:firefly_bush":1,"minecraft:coal_ore":40,"minecraft:oak_log":4,"minecraft:warped_roots":1,"minecraft:grindstone":1,"minecraft:diamond_axe":183,"minecraft:nether_wart":10,"minecraft:snowball":8,"minecraft:candle":4,"minecraft:dandelion":2,"minecraft:stone_pickaxe":134,"minecraft:bow":135,"minecraft:cobbled_deepslate":469,"minecraft:netherrack":1402,"minecraft:lilac":1,"minecraft:diamond_shovel":804,"minecraft:fire_charge":1,"minecraft:lightning_rod":1,"minecraft:soul_torch":53,"minecraft:stone_shovel":46,"minecraft:rotten_flesh":5,"minecraft:light_gray_banner":1,"minecraft:writable_book":143,"minecraft:bone_meal":62,"minecraft:anvil":1,"minecraft:melon_seeds":1,"minecraft:dirt":123,"minecraft:written_book":65,"minecraft:honey_bottle":1,"minecraft:obsidian":2,"minecraft:dark_oak_sign":27,"minecraft:sand":4,"minecraft:dark_oak_sapling":4,"minecraft:wind_charge":3,"minecraft:spruce_planks":1,"minecraft:bamboo_fence":1,"minecraft:glow_ink_sac":3,"minecraft:basalt":61,"minecraft:nether_wart_block":1,"minecraft:lectern":1,"minecraft:bucket":160,"minecraft:spyglass":1640,"minecraft:splash_potion":1,"minecraft:chiseled_bookshelf":3,"minecraft:oak_planks":49,"minecraft:porkchop":1,"minecraft:oak_sapling":46,"minecraft:sugar_cane":13,"minecraft:iron_ore":1,"minecraft:warped_wart_block":1,"minecraft:trial_key":2,"minecraft:stone_axe":98,"minecraft:oak_trapdoor":17,"minecraft:oak_fence":3,"minecraft:grass_block":4,"minecraft:wildflowers":1,"minecraft:shield":31,"minecraft:iron_pickaxe":2244,"minecraft:deepslate":273,"minecraft:andesite":15,"minecraft:polished_deepslate":578,"minecraft:pale_oak_sapling":4,"minecraft:waxed_copper_block":4,"minecraft:oak_boat":250,"minecraft:iron_sword":199,"minecraft:golden_carrot":98,"minecraft:cherry_sapling":3,"minecraft:diamond_pickaxe":12114,"minecraft:cooked_mutton":19,"minecraft:shroomlight":1,"minecraft:stone_bricks":5,"minecraft:tuff":69,"minecraft:stone_sword":39,"minecraft:sweet_berries":199,"minecraft:diorite":17,"minecraft:ominous_bottle":1,"minecraft:redstone":17,"minecraft:pale_oak_boat":2,"minecraft:cobblestone":221,"minecraft:diamond_chestplate":1,"minecraft:stone":48,"minecraft:waxed_copper_grate":1,"minecraft:carrot":108,"minecraft:crafting_table":24,"minecraft:birch_boat":20,"minecraft:spruce_trapdoor":4,"minecraft:potion":4,"minecraft:tuff_bricks":2,"minecraft:baked_potato":77,"minecraft:stone_hoe":317,"minecraft:water_bucket":157,"minecraft:cherry_fence":5,"minecraft:furnace":10,"minecraft:barrel":18,"minecraft:torch":91,"minecraft:bread":304,"minecraft:wheat":1,"minecraft:chicken":1,"minecraft:wooden_hoe":55,"minecraft:dried_kelp":20,"minecraft:gravel":43,"minecraft:composter":1,"minecraft:cooked_chicken":44,"minecraft:crimson_nylium":4,"minecraft:cooked_beef":19,"minecraft:sculk_sensor":1,"minecraft:chest":17,"minecraft:spruce_sapling":15,"minecraft:egg":150,"minecraft:ender_pearl":19},"minecraft:crafted":{"minecraft:diamond_boots":2,"minecraft:writable_book":30,"minecraft:gold_ingot":175,"minecraft:book":39,"minecraft:iron_chestplate":1,"minecraft:stick":48,"minecraft:oak_fence":3,"minecraft:iron_helmet":1,"minecraft:diamond_axe":1,"minecraft:iron_block":3,"minecraft:diamond_pickaxe":5,"minecraft:chest":15,"minecraft:bookshelf":1,"minecraft:lightning_rod":1,"minecraft:stone_slab":6,"minecraft:air":0,"minecraft:bow":6,"minecraft:bucket":7,"minecraft:flint_and_steel":1,"minecraft:spyglass":1,"minecraft:raw_copper":18,"minecraft:oak_boat":3,"minecraft:dark_oak_planks":100,"minecraft:stone_hoe":3,"minecraft:diamond_shovel":1,"minecraft:glass":2,"minecraft:oak_sign":33,"minecraft:wooden_hoe":1,"minecraft:oak_trapdoor":8,"minecraft:bundle":1,"minecraft:oak_planks":408,"minecraft:gold_nugget":1186,"minecraft:soul_torch":44,"minecraft:melon_seeds":1,"minecraft:iron_sword":1,"minecraft:shears":1,"minecraft:polished_deepslate":576,"minecraft:magenta_bundle":1,"minecraft:birch_planks":28,"minecraft:stone_pickaxe":1,"minecraft:cooked_mutton":21,"minecraft:iron_boots":1,"minecraft:anvil":1,"minecraft:charcoal":5,"minecraft:cooked_beef":24,"minecraft:diamond":9,"minecraft:golden_carrot":232,"minecraft:oak_slab":48,"minecraft:barrel":13,"minecraft:black_harness":1,"minecraft:composter":1,"minecraft:diamond_chestplate":3,"minecraft:diamond_sword":4,"minecraft:polished_tuff":124,"minecraft:emerald":22,"minecraft:wheat":270,"minecraft:raw_iron":9,"minecraft:paper":141,"minecraft:furnace":7,"minecraft:birch_boat":1,"minecraft:spruce_trapdoor":2,"minecraft:grindstone":1,"minecraft:chiseled_bookshelf":3,"minecraft:iron_ingot":361,"minecraft:golden_boots":3,"minecraft:copper_ingot":408,"minecraft:diamond_hoe":1,"minecraft:lead":2,"minecraft:dark_oak_slab":12,"minecraft:diamond_helmet":2,"minecraft:bread":298,"minecraft:dark_oak_sign":27,"minecraft:stone":3,"minecraft:crafting_table":8,"minecraft:diamond_leggings":2,"minecraft:torch":12,"minecraft:baked_potato":55,"minecraft:shield":1,"minecraft:lectern":1,"minecraft:spruce_planks":32,"minecraft:iron_pickaxe":8,"minecraft:iron_axe":1,"minecraft:iron_leggings":1},"minecraft:broken":{"minecraft:stone_hoe":2,"minecraft:stone_axe":1,"minecraft:iron_pickaxe":9,"minecraft:iron_sword":1},"minecraft:killed":{"minecraft:pig":1,"minecraft:piglin":1,"minecraft:bat":1,"minecraft:silverfish":9,"minecraft:zombie":162,"minecraft:glow_squid":1,"minecraft:zombie_villager":2,"minecraft:chicken":24,"minecraft:squid":8,"minecraft:drowned":1,"minecraft:cow":22,"minecraft:endermite":1,"minecraft:slime":229,"minecraft:pillager":2,"minecraft:skeleton":139,"minecraft:witch":3,"minecraft:spider":23,"minecraft:husk":22,"minecraft:bogged":22,"minecraft:creeper":105,"minecraft:enderman":12,"minecraft:hoglin":35,"minecraft:sheep":10,"minecraft:magma_cube":7,"minecraft:ghast":6,"minecraft:breeze":9},"minecraft:picked_up":{"minecraft:sweet_berries":214,"minecraft:polished_andesite":1,"minecraft:cobblestone":822,"minecraft:flint":11,"minecraft:sugar_cane":207,"minecraft:candle":4,"minecraft:warped_roots":5,"minecraft:redstone":245,"minecraft:bone":115,"minecraft:flow_banner_pattern":3,"minecraft:waxed_copper_grate":1,"minecraft:firefly_bush":1,"minecraft:sculk_catalyst":1,"minecraft:melon_slice":41,"minecraft:slime_ball":192,"minecraft:diamond":259,"minecraft:white_banner":1,"minecraft:granite":61,"minecraft:dark_oak_sapling":5,"minecraft:emerald":62,"minecraft:crimson_roots":11,"minecraft:pale_oak_sapling":4,"minecraft:flow_armor_trim_smithing_template":2,"minecraft:nether_wart":30,"minecraft:ink_sac":44,"minecraft:acacia_sign":1,"minecraft:crimson_fungus":1,"minecraft:wildflowers":1,"minecraft:shroomlight":6,"minecraft:spruce_boat":1,"minecraft:spyglass":1,"minecraft:nether_quartz_ore":24,"minecraft:spectral_arrow":9,"minecraft:bow":9,"minecraft:birch_boat":21,"minecraft:arrow":117,"minecraft:iron_ingot":8,"minecraft:lilac":1,"minecraft:chest_minecart":2,"minecraft:hay_block":30,"minecraft:raw_gold":207,"minecraft:dandelion":2,"minecraft:emerald_block":2,"minecraft:mutton":20,"minecraft:golden_carrot":7,"minecraft:iron_chestplate":1,"minecraft:crying_obsidian":10,"minecraft:spruce_planks":3,"minecraft:dirt":183,"minecraft:basalt":63,"minecraft:rail":8,"minecraft:brown_wool":1,"minecraft:crimson_nylium":4,"minecraft:torch":73,"minecraft:diamond_pickaxe":6,"minecraft:bread":119,"minecraft:spruce_log":17,"minecraft:oak_stairs":7,"minecraft:music_disc_strad":1,"minecraft:coal":494,"minecraft:oak_log":145,"minecraft:music_disc_otherside":1,"minecraft:raw_copper_block":2,"minecraft:sand":435,"minecraft:furnace":4,"minecraft:sculk_sensor":4,"minecraft:iron_ore":1,"minecraft:wheat_seeds":1979,"minecraft:splash_potion":1,"minecraft:iron_pickaxe":2,"minecraft:quartz":1495,"minecraft:egg":93,"minecraft:diamond_sword":5,"minecraft:waxed_copper_block":4,"minecraft:birch_sapling":4,"minecraft:cooked_beef":2,"minecraft:white_wool":2,"minecraft:feather":31,"minecraft:warped_wart_block":1,"minecraft:potion":8,"minecraft:snowball":13,"minecraft:dried_kelp":25,"minecraft:chiseled_tuff_bricks":1,"minecraft:andesite":80,"minecraft:oak_sign":18,"minecraft:ender_pearl":24,"minecraft:string":59,"minecraft:raw_iron_block":1,"minecraft:stone_bricks":5,"minecraft:obsidian":5,"minecraft:writable_book":25,"minecraft:nether_wart_block":1,"minecraft:mushroom_stew":12,"minecraft:amethyst_shard":67,"minecraft:filled_map":1,"minecraft:iron_helmet":1,"minecraft:coal_ore":40,"minecraft:warped_fungus":1,"minecraft:diamond_axe":2,"minecraft:soul_sand":35,"minecraft:enchanted_book":3,"minecraft:carrot":417,"minecraft:spruce_sapling":18,"minecraft:breeze_rod":11,"minecraft:leather":88,"minecraft:cherry_fence":5,"minecraft:honey_bottle":2,"minecraft:gold_nugget":859,"minecraft:lead":2,"minecraft:orange_tulip":1,"minecraft:sculk_vein":1,"minecraft:gold_ingot":136,"minecraft:music_disc_blocks":1,"minecraft:baked_potato":34,"minecraft:music_disc_tears":3,"minecraft:ghast_tear":6,"minecraft:netherite_upgrade_smithing_template":2,"minecraft:glow_ink_sac":14,"minecraft:porkchop":1,"minecraft:spruce_sign":1,"minecraft:oak_trapdoor":14,"minecraft:stick":47,"minecraft:polished_tuff":1,"minecraft:fire_charge":5,"minecraft:black_wool":3,"minecraft:chicken":85,"minecraft:cooked_porkchop":108,"minecraft:twisting_vines":1,"minecraft:deepslate":910,"minecraft:cooked_chicken":85,"minecraft:raw_iron":395,"minecraft:cobbled_deepslate":3337,"minecraft:diamond_chestplate":1,"minecraft:pointed_dripstone":1,"minecraft:glowstone_dust":3,"minecraft:nether_brick":28,"minecraft:wheat":713,"minecraft:tuff_bricks":5,"minecraft:gunpowder":34,"minecraft:chest":2,"minecraft:spruce_trapdoor":4,"minecraft:blackstone":55,"minecraft:sculk":1,"minecraft:pale_moss_carpet":1,"minecraft:netherrack":1828,"minecraft:magenta_dye":5,"minecraft:stone":56,"minecraft:gravel":93,"minecraft:light_gray_wool":6,"minecraft:quartz_block":24,"minecraft:tuff":420,"minecraft:polished_deepslate":372,"minecraft:leaf_litter":12,"minecraft:soul_torch":27,"minecraft:potato":46,"minecraft:grass_block":4,"minecraft:birch_log":8,"minecraft:pale_oak_boat":2,"minecraft:shield":1,"minecraft:music_disc_stal":1,"minecraft:bamboo_fence":1,"minecraft:lapis_lazuli":441,"minecraft:diamond_block":1,"minecraft:spider_eye":10,"minecraft:dark_oak_log":78,"minecraft:tipped_arrow":15,"minecraft:ominous_bottle":4,"minecraft:trial_key":2,"minecraft:diorite":54,"minecraft:oak_boat":247,"minecraft:pale_moss_block":1,"minecraft:cherry_sapling":3,"minecraft:oak_planks":17,"minecraft:crafting_table":18,"minecraft:ominous_trial_key":5,"minecraft:decorated_pot":52,"minecraft:raw_copper":433,"minecraft:oak_sapling":52,"minecraft:beef":45,"minecraft:rotten_flesh":140,"minecraft:written_book":11,"minecraft:wind_charge":10,"minecraft:apple":8,"minecraft:dark_oak_boat":1,"minecraft:iron_nugget":30,"minecraft:barrel":5,"minecraft:dried_ghast":2,"minecraft:paper":4,"minecraft:gray_wool":1},"minecraft:mined":{"minecraft:torch":37,"minecraft:pale_oak_sapling":3,"minecraft:spruce_log":16,"minecraft:nether_quartz_ore":747,"minecraft:chest":2,"minecraft:cherry_fence":5,"minecraft:oak_sign":9,"minecraft:netherrack":4119,"minecraft:amethyst_block":1,"minecraft:weeping_vines_plant":2,"minecraft:spruce_planks":1,"minecraft:soul_torch":21,"minecraft:birch_log":7,"minecraft:sweet_berry_bush":9,"minecraft:large_fern":4,"minecraft:magma_block":4,"minecraft:orange_tulip":1,"minecraft:melon":9,"minecraft:blackstone":18,"minecraft:nether_wart_block":1,"minecraft:birch_leaves":14,"minecraft:sculk_shrieker":1,"minecraft:wall_torch":22,"minecraft:fern":1,"minecraft:decorated_pot":50,"minecraft:fire":44,"minecraft:deepslate_diamond_ore":178,"minecraft:potatoes":12,"minecraft:iron_ore":165,"minecraft:dark_oak_log":80,"minecraft:gray_wool":1,"minecraft:dandelion":2,"minecraft:oak_planks":17,"minecraft:cobblestone":44,"minecraft:sugar_cane":135,"minecraft:mangrove_leaves":5,"minecraft:shroomlight":6,"minecraft:oak_wall_sign":7,"minecraft:oak_leaves":339,"minecraft:furnace":4,"minecraft:crimson_roots":11,"minecraft:deepslate_coal_ore":6,"minecraft:tall_grass":117,"minecraft:waxed_copper_block":4,"minecraft:wildflowers":4,"minecraft:pointed_dripstone":1,"minecraft:rail":5,"minecraft:dirt":69,"minecraft:twisting_vines":1,"minecraft:crimson_fungus":1,"minecraft:basalt":82,"minecraft:deepslate":5745,"minecraft:sand":666,"minecraft:oak_log":145,"minecraft:lapis_ore":34,"minecraft:redstone_ore":7,"minecraft:sculk":850,"minecraft:warped_wart_block":1,"minecraft:warped_roots":4,"minecraft:raw_copper_block":2,"minecraft:warped_nylium":14,"minecraft:carrots":108,"minecraft:gravel":133,"minecraft:short_grass":546,"minecraft:waxed_copper_grate":1,"minecraft:weeping_vines":1,"minecraft:sculk_catalyst":5,"minecraft:crafting_table":18,"minecraft:melon_stem":1,"minecraft:deepslate_redstone_ore":42,"minecraft:leaf_litter":4,"minecraft:lilac":1,"minecraft:copper_ore":115,"minecraft:raw_iron_block":1,"minecraft:firefly_bush":1,"minecraft:gold_ore":30,"minecraft:andesite":88,"minecraft:deepslate_gold_ore":99,"minecraft:budding_amethyst":1,"minecraft:dark_oak_leaves":15,"minecraft:warped_fungus":1,"minecraft:deepslate_lapis_ore":16,"minecraft:deepslate_iron_ore":177,"minecraft:amethyst_cluster":16,"minecraft:stone":933,"minecraft:stone_bricks":5,"minecraft:granite":79,"minecraft:bush":12,"minecraft:coal_ore":319,"minecraft:diorite":66,"minecraft:sculk_sensor":16,"minecraft:wheat":736,"minecraft:spruce_trapdoor":4,"minecraft:oak_trapdoor":14,"minecraft:polished_deepslate":343,"minecraft:soul_wall_torch":6,"minecraft:sculk_vein":32,"minecraft:candle":2,"minecraft:crimson_nylium":13,"minecraft:powder_snow":54,"minecraft:snow_block":4,"minecraft:barrel":5,"minecraft:nether_wart":10,"minecraft:grass_block":79,"minecraft:cobweb":16,"minecraft:spruce_leaves":38,"minecraft:chiseled_tuff_bricks":1,"minecraft:acacia_sign":1,"minecraft:cobbled_deepslate":94,"minecraft:tuff":600,"minecraft:tuff_bricks":5,"minecraft:nether_gold_ore":96,"minecraft:redstone_wire":4,"minecraft:dead_bush":1},"minecraft:killed_by":{"minecraft:skeleton":1,"minecraft:player":4,"minecraft:magma_cube":1,"minecraft:creaking":1,"minecraft:enderman":1,"minecraft:hoglin":2,"minecraft:warden":5,"minecraft:zombie":3},"minecraft:custom":{"minecraft:time_since_rest":28119,"minecraft:talked_to_villager":17,"minecraft:leave_game":60,"minecraft:damage_taken":40119,"minecraft:mob_kills":877,"minecraft:boat_one_cm":1166645,"minecraft:time_since_death":28103,"minecraft:open_enderchest":72,"minecraft:strider_one_cm":168,"minecraft:interact_with_furnace":259,"minecraft:inspect_dispenser":4,"minecraft:happy_ghast_one_cm":645885,"minecraft:swim_one_cm":141321,"minecraft:total_world_time":1654283,"minecraft:crouch_one_cm":448983,"minecraft:climb_one_cm":52610,"minecraft:deaths":67,"minecraft:interact_with_stonecutter":1,"minecraft:player_kills":1,"minecraft:enchant_item":15,"minecraft:animals_bred":36,"minecraft:traded_with_villager":2,"minecraft:damage_blocked_by_shield":2580,"minecraft:interact_with_crafting_table":176,"minecraft:inspect_dropper":17,"minecraft:walk_one_cm":8468077,"minecraft:play_noteblock":13,"minecraft:walk_under_water_one_cm":86331,"minecraft:interact_with_lectern":23,"minecraft:damage_dealt":84527,"minecraft:play_time":1654283,"minecraft:jump":54095,"minecraft:play_record":6,"minecraft:drop":549,"minecraft:use_cauldron":1,"minecraft:open_barrel":116,"minecraft:sprint_one_cm":6556853,"minecraft:open_chest":992,"minecraft:inspect_hopper":10,"minecraft:interact_with_smoker":7,"minecraft:fall_one_cm":1502236,"minecraft:tune_noteblock":1,"minecraft:fly_one_cm":12652857,"minecraft:interact_with_anvil":14,"minecraft:walk_on_water_one_cm":114637,"minecraft:sneak_time":83507,"minecraft:interact_with_grindstone":7}},"DataVersion":4440}