{"stats":{"minecraft:picked_up":{"minecraft:pale_oak_log":61,"minecraft:cobblestone":109,"minecraft:polished_deepslate_slab":7,"minecraft:flint":6,"minecraft:polished_deepslate_wall":1,"minecraft:sugar_cane":10,"minecraft:leather":10,"minecraft:bone":4,"minecraft:redstone":539,"minecraft:deepslate_tiles":9,"minecraft:quartz_slab":2,"minecraft:stone_slab":3,"minecraft:lantern":4,"minecraft:diamond":87,"minecraft:granite":5,"minecraft:dark_oak_sapling":2,"minecraft:deepslate_brick_slab":11,"minecraft:porkchop":16,"minecraft:spruce_sign":1,"minecraft:waxed_cut_copper_stairs":3,"minecraft:stick":11,"minecraft:black_wool":7,"minecraft:deepslate":27,"minecraft:arrow":3,"minecraft:dark_oak_planks":63,"minecraft:raw_iron":38,"minecraft:spruce_slab":43,"minecraft:cobbled_deepslate":414,"minecraft:andesite_slab":8,"minecraft:raw_gold":50,"minecraft:stone_sword":1,"minecraft:music_disc_lava_chicken":5,"minecraft:deepslate_bricks":167,"minecraft:wheat":6,"minecraft:cherry_planks":16,"minecraft:mutton":42,"minecraft:gunpowder":2,"minecraft:chest":2,"minecraft:quartz_pillar":35,"minecraft:blackstone":16,"minecraft:pale_oak_sign":1,"minecraft:cobbled_deepslate_slab":3,"minecraft:dirt":83,"minecraft:rail":1,"minecraft:pale_oak_door":1,"minecraft:quartz_stairs":10,"minecraft:tinted_glass":22,"minecraft:gravel":5,"minecraft:light_gray_wool":2,"minecraft:torch":30,"minecraft:dripstone_block":9,"minecraft:spruce_log":54,"minecraft:tuff":7,"minecraft:polished_deepslate":49,"minecraft:leaf_litter":15,"minecraft:coal":222,"minecraft:oak_log":67,"minecraft:pale_oak_planks":119,"minecraft:cooked_cod":4,"minecraft:potato":11,"minecraft:sand":12,"minecraft:dark_oak_stairs":3,"minecraft:pale_oak_boat":3,"minecraft:wheat_seeds":14,"minecraft:cherry_leaves":12,"minecraft:deepslate_brick_stairs":4,"minecraft:lapis_lazuli":207,"minecraft:spider_eye":2,"minecraft:stripped_pale_oak_log":1,"minecraft:dark_oak_log":35,"minecraft:yellow_dye":26,"minecraft:egg":1,"minecraft:diorite":3,"minecraft:cooked_beef":2,"minecraft:white_wool":14,"minecraft:oak_planks":113,"minecraft:potion":2,"minecraft:crafting_table":10,"minecraft:oak_sapling":6,"minecraft:andesite":1,"minecraft:rotten_flesh":74,"minecraft:beef":19,"minecraft:oak_sign":7,"minecraft:deepslate_tile_slab":4,"minecraft:stone_bricks":10,"minecraft:writable_book":2,"minecraft:cut_copper_stairs":53,"minecraft:sandstone":1,"minecraft:dark_oak_door":8,"minecraft:gray_wool":6,"minecraft:cracked_stone_bricks":1},"minecraft:killed_by":{"minecraft:skeleton":1,"minecraft:player":3,"minecraft:silverfish":1,"minecraft:creaking":6,"minecraft:drowned":1,"minecraft:zombie":1},"minecraft:killed":{"minecraft:zombie":3,"minecraft:skeleton":5,"minecraft:creeper":4,"minecraft:sheep":25,"minecraft:pig":6,"minecraft:cow":2,"minecraft:mooshroom":7,"minecraft:spider":1},"minecraft:custom":{"minecraft:time_since_rest":5940,"minecraft:leave_game":15,"minecraft:damage_taken":25742,"minecraft:mob_kills":55,"minecraft:boat_one_cm":258381,"minecraft:interact_with_beacon":2,"minecraft:time_since_death":5926,"minecraft:interact_with_furnace":93,"minecraft:swim_one_cm":117357,"minecraft:total_world_time":256736,"minecraft:crouch_one_cm":78273,"minecraft:deaths":24,"minecraft:climb_one_cm":8056,"minecraft:interact_with_stonecutter":22,"minecraft:damage_dealt_resisted":44,"minecraft:interact_with_crafting_table":45,"minecraft:walk_one_cm":2539543,"minecraft:walk_under_water_one_cm":32485,"minecraft:damage_dealt":6661,"minecraft:interact_with_lectern":3,"minecraft:play_time":256736,"minecraft:jump":7281,"minecraft:play_record":5,"minecraft:drop":86,"minecraft:open_barrel":4,"minecraft:sprint_one_cm":843885,"minecraft:open_chest":118,"minecraft:fall_one_cm":216633,"minecraft:fly_one_cm":1055844,"minecraft:walk_on_water_one_cm":93504,"minecraft:sneak_time":6536},"minecraft:mined":{"minecraft:torch":11,"minecraft:andesite_slab":4,"minecraft:chest":2,"minecraft:oak_sign":3,"minecraft:gravel":11,"minecraft:short_grass":4,"minecraft:crafting_table":8,"minecraft:deepslate_redstone_ore":102,"minecraft:dark_oak_stairs":3,"minecraft:leaf_litter":6,"minecraft:polished_deepslate_slab":1,"minecraft:dark_oak_planks":63,"minecraft:sandstone":1,"minecraft:deepslate_bricks":168,"minecraft:deepslate_gold_ore":19,"minecraft:wall_torch":10,"minecraft:dark_oak_leaves":18,"minecraft:deepslate_lapis_ore":12,"minecraft:deepslate_diamond_ore":33,"minecraft:deepslate_iron_ore":12,"minecraft:dark_oak_door":6,"minecraft:deepslate_tiles":9,"minecraft:iron_ore":7,"minecraft:stone":145,"minecraft:deepslate_brick_slab":7,"minecraft:stone_bricks":10,"minecraft:deepslate_brick_stairs":4,"minecraft:granite":6,"minecraft:dark_oak_log":35,"minecraft:stripped_pale_oak_log":1,"minecraft:stone_slab":3,"minecraft:coal_ore":144,"minecraft:wheat":6,"minecraft:diorite":1,"minecraft:oak_planks":68,"minecraft:cobblestone":18,"minecraft:tinted_glass":9,"minecraft:oak_wall_sign":1,"minecraft:oak_leaves":8,"minecraft:polished_deepslate":45,"minecraft:cracked_stone_bricks":1,"minecraft:deepslate_tile_slab":4,"minecraft:cobbled_deepslate_slab":3,"minecraft:dirt":2,"minecraft:pale_oak_door":1,"minecraft:polished_deepslate_wall":1,"minecraft:grass_block":4,"minecraft:cobbled_deepslate":3,"minecraft:tuff":112,"minecraft:pale_oak_log":61,"minecraft:deepslate":1708,"minecraft:pale_oak_planks":117,"minecraft:oak_log":68,"minecraft:lapis_ore":3},"minecraft:broken":{"minecraft:stone_axe":1,"minecraft:stone_sword":1,"minecraft:stone_pickaxe":3},"minecraft:dropped":{"minecraft:rotten_flesh":8,"minecraft:cobblestone":20,"minecraft:sandstone":1,"minecraft:stone_sword":1,"minecraft:clock":1,"minecraft:cobbled_deepslate":20,"minecraft:bone":4,"minecraft:potion":1,"minecraft:white_wool":14,"minecraft:dirt":5,"minecraft:black_wool":1,"minecraft:leather":2,"minecraft:wheat_seeds":3,"minecraft:sand":45,"minecraft:granite":5,"minecraft:dripstone_block":8,"minecraft:diamond":9,"minecraft:coal":5,"minecraft:light_gray_wool":2,"minecraft:cooked_beef":4,"minecraft:leaf_litter":15,"minecraft:tuff":7,"minecraft:written_book":1,"minecraft:oak_sign":4,"minecraft:polished_deepslate_slab":6,"minecraft:flint":4,"minecraft:arrow":3,"minecraft:gunpowder":2,"minecraft:andesite_slab":4,"minecraft:spider_eye":1,"minecraft:dark_oak_planks":1,"minecraft:writable_book":1,"minecraft:gray_wool":6,"minecraft:pale_oak_sign":1,"minecraft:dark_oak_stairs":4},"minecraft:crafted":{"minecraft:stone_sword":1,"minecraft:cracked_stone_bricks":4,"minecraft:diamond_boots":1,"minecraft:polished_deepslate_wall":1,"minecraft:gold_ingot":36,"minecraft:stone_pickaxe":3,"minecraft:dark_oak_stairs":4,"minecraft:clock":1,"minecraft:stick":112,"minecraft:smooth_stone":2,"minecraft:deepslate_bricks":132,"minecraft:cooked_beef":6,"minecraft:stonecutter":1,"minecraft:stone_bricks":8,"minecraft:diamond_axe":1,"minecraft:chest":2,"minecraft:diamond_chestplate":1,"minecraft:diamond_sword":1,"minecraft:air":0,"minecraft:dark_oak_door":3,"minecraft:furnace":3,"minecraft:pale_oak_door":3,"minecraft:pale_oak_planks":164,"minecraft:dark_oak_planks":140,"minecraft:iron_ingot":38,"minecraft:deepslate_brick_stairs":4,"minecraft:diamond_helmet":1,"minecraft:cracked_deepslate_bricks":3,"minecraft:oak_sign":3,"minecraft:stone":26,"minecraft:crafting_table":3,"minecraft:diamond_leggings":1,"minecraft:torch":356,"minecraft:deepslate_brick_slab":4,"minecraft:polished_deepslate_slab":6,"minecraft:stone_axe":1,"minecraft:oak_planks":268,"minecraft:deepslate":18,"minecraft:deepslate_tiles":37,"minecraft:polished_deepslate":340},"minecraft:used":{"minecraft:stone_axe":173,"minecraft:polished_deepslate_wall":13,"minecraft:deepslate":28,"minecraft:polished_deepslate":105,"minecraft:diamond_sword":17,"minecraft:wheat_seeds":6,"minecraft:deepslate_bricks":288,"minecraft:diamond_pickaxe":2155,"minecraft:oak_sign":5,"minecraft:dark_oak_stairs":3,"minecraft:stone_bricks":13,"minecraft:deepslate_tile_slab":20,"minecraft:stone_sword":145,"minecraft:black_wool":6,"minecraft:pale_oak_boat":3,"minecraft:cracked_stone_bricks":5,"minecraft:pale_oak_planks":181,"minecraft:cobblestone":26,"minecraft:polished_deepslate_slab":1,"minecraft:stonecutter":1,"minecraft:tinted_glass":11,"minecraft:diamond_axe":327,"minecraft:pale_oak_door":3,"minecraft:crafting_table":10,"minecraft:potion":1,"minecraft:stone_pickaxe":460,"minecraft:cobbled_deepslate":20,"minecraft:deepslate_brick_slab":71,"minecraft:stone_shovel":2,"minecraft:rotten_flesh":37,"minecraft:writable_book":5,"minecraft:spider_eye":1,"minecraft:dark_oak_planks":65,"minecraft:pale_oak_log":133,"minecraft:furnace":3,"minecraft:mutton":42,"minecraft:torch":290,"minecraft:sand":31,"minecraft:dark_oak_sapling":2,"minecraft:cracked_deepslate_bricks":3,"minecraft:dark_oak_door":8,"minecraft:deepslate_brick_stairs":8,"minecraft:cooked_cod":4,"minecraft:rail":1,"minecraft:cooked_beef":4,"minecraft:chest":4,"minecraft:deepslate_tiles":69,"minecraft:dripstone_block":1,"minecraft:oak_planks":77,"minecraft:beef":7,"minecraft:porkchop":16,"minecraft:oak_sapling":6,"minecraft:egg":1}},"DataVersion":4440}