{"stats":{"minecraft:dropped":{"minecraft:stone_axe":2,"minecraft:oak_slab":1,"minecraft:birch_stairs":1},"minecraft:custom":{"minecraft:time_since_rest":5617,"minecraft:leave_game":6,"minecraft:damage_taken":4770,"minecraft:mob_kills":36,"minecraft:time_since_death":5604,"minecraft:open_enderchest":2,"minecraft:interact_with_furnace":37,"minecraft:swim_one_cm":35181,"minecraft:total_world_time":182659,"minecraft:crouch_one_cm":23158,"minecraft:deaths":17,"minecraft:climb_one_cm":15317,"minecraft:fish_caught":12,"minecraft:interact_with_crafting_table":63,"minecraft:walk_one_cm":2259159,"minecraft:walk_under_water_one_cm":7458,"minecraft:damage_dealt":7287,"minecraft:play_time":182659,"minecraft:jump":4649,"minecraft:drop":4,"minecraft:open_barrel":16,"minecraft:sprint_one_cm":933571,"minecraft:open_chest":58,"minecraft:fall_one_cm":127197,"minecraft:fly_one_cm":804510,"minecraft:walk_on_water_one_cm":38918,"minecraft:sneak_time":3578},"minecraft:crafted":{"minecraft:stone_sword":1,"minecraft:cooked_salmon":1,"minecraft:stone_shovel":1,"minecraft:birch_planks":144,"minecraft:stone_pickaxe":2,"minecraft:glass_pane":16,"minecraft:stick":20,"minecraft:spruce_slab":36,"minecraft:cooked_beef":1,"minecraft:oak_door":3,"minecraft:oak_slab":84,"minecraft:oak_fence":9,"minecraft:cherry_planks":80,"minecraft:chest":1,"minecraft:bamboo_block":5,"minecraft:air":0,"minecraft:bow":1,"minecraft:bone_meal":12,"minecraft:furnace":1,"minecraft:ladder":3,"minecraft:iron_ingot":2,"minecraft:stone_hoe":1,"minecraft:copper_ingot":9,"minecraft:bread":2,"minecraft:glass":6,"minecraft:oak_sign":3,"minecraft:crafting_table":2,"minecraft:torch":16,"minecraft:baked_potato":6,"minecraft:spruce_stairs":32,"minecraft:oak_trapdoor":2,"minecraft:birch_slab":66,"minecraft:bundle":2,"minecraft:stone_axe":4,"minecraft:oak_planks":168,"minecraft:spruce_planks":80,"minecraft:cooked_cod":2,"minecraft:birch_stairs":60,"minecraft:bamboo_planks":10,"minecraft:fishing_rod":1},"minecraft:killed_by":{"minecraft:skeleton":4,"minecraft:zombie":1},"minecraft:picked_up":{"minecraft:sweet_berries":153,"minecraft:spruce_sapling":3,"minecraft:cobblestone":187,"minecraft:leather":2,"minecraft:bone":4,"minecraft:birch_slab":21,"minecraft:cod":7,"minecraft:granite":39,"minecraft:birch_stairs":39,"minecraft:glow_ink_sac":4,"minecraft:salmon":3,"minecraft:stick":38,"minecraft:bamboo":45,"minecraft:bow":2,"minecraft:smooth_basalt":1,"minecraft:arrow":9,"minecraft:raw_iron":2,"minecraft:spruce_slab":17,"minecraft:stone_axe":2,"minecraft:dandelion":1,"minecraft:wheat":6,"minecraft:cherry_planks":20,"minecraft:gunpowder":1,"minecraft:spruce_planks":2,"minecraft:dirt":155,"minecraft:trident":1,"minecraft:gravel":4,"minecraft:torch":8,"minecraft:cherry_log":20,"minecraft:spruce_log":20,"minecraft:cactus_flower":3,"minecraft:leaf_litter":3,"minecraft:coal":54,"minecraft:oak_log":110,"minecraft:potato":11,"minecraft:sand":6,"minecraft:birch_planks":10,"minecraft:birch_log":36,"minecraft:wheat_seeds":25,"minecraft:oak_door":2,"minecraft:spider_eye":3,"minecraft:spruce_stairs":4,"minecraft:egg":14,"minecraft:diorite":1,"minecraft:birch_sapling":12,"minecraft:pufferfish":2,"minecraft:cherry_sapling":4,"minecraft:oak_planks":129,"minecraft:raw_copper":9,"minecraft:oak_sapling":63,"minecraft:andesite":7,"minecraft:rotten_flesh":11,"minecraft:beef":1,"minecraft:oak_sign":1,"minecraft:apple":3,"minecraft:string":8,"minecraft:leather_boots":1,"minecraft:oak_slab":3,"minecraft:ladder":3,"minecraft:amethyst_shard":32,"minecraft:filled_map":1},"minecraft:broken":{"minecraft:stone_shovel":1,"minecraft:stone_axe":5,"minecraft:stone_sword":1,"minecraft:stone_pickaxe":3},"minecraft:mined":{"minecraft:torch":3,"minecraft:cherry_log":20,"minecraft:granite":46,"minecraft:birch_stairs":38,"minecraft:spruce_log":20,"minecraft:smooth_basalt":1,"minecraft:dandelion":1,"minecraft:oak_sign":1,"minecraft:coal_ore":54,"minecraft:wheat":6,"minecraft:diorite":1,"minecraft:oak_planks":129,"minecraft:oak_slab":2,"minecraft:gravel":5,"minecraft:short_grass":43,"minecraft:cherry_leaves":116,"minecraft:oak_leaves":140,"minecraft:spruce_planks":1,"minecraft:birch_slab":21,"minecraft:birch_log":36,"minecraft:spruce_stairs":4,"minecraft:leaf_litter":1,"minecraft:sweet_berry_bush":30,"minecraft:copper_ore":2,"minecraft:tall_grass":3,"minecraft:cactus_flower":2,"minecraft:dirt":105,"minecraft:birch_leaves":41,"minecraft:andesite":11,"minecraft:grass_block":97,"minecraft:spruce_leaves":1,"minecraft:bamboo":11,"minecraft:ladder":3,"minecraft:wall_torch":3,"minecraft:sand":7,"minecraft:spruce_slab":17,"minecraft:cherry_planks":20,"minecraft:cactus":1,"minecraft:potatoes":2,"minecraft:oak_log":110,"minecraft:birch_planks":10,"minecraft:amethyst_cluster":8,"minecraft:oak_sapling":6,"minecraft:iron_ore":2,"minecraft:stone":267},"minecraft:killed":{"minecraft:zombie":12,"minecraft:skeleton":9,"minecraft:glow_squid":3,"minecraft:creeper":2,"minecraft:cow":1,"minecraft:drowned":1,"minecraft:spider":8},"minecraft:used":{"minecraft:stone_axe":549,"minecraft:birch_sapling":11,"minecraft:oak_trapdoor":2,"minecraft:oak_fence":8,"minecraft:baked_potato":5,"minecraft:apple":3,"minecraft:birch_slab":86,"minecraft:spruce_stairs":34,"minecraft:birch_stairs":97,"minecraft:cherry_planks":84,"minecraft:potato":3,"minecraft:wheat_seeds":7,"minecraft:cherry_sapling":4,"minecraft:stone_hoe":2,"minecraft:stone_shovel":193,"minecraft:birch_planks":31,"minecraft:cactus_flower":3,"minecraft:writable_book":3,"minecraft:bone_meal":12,"minecraft:oak_sign":3,"minecraft:ladder":6,"minecraft:smooth_basalt":1,"minecraft:glass_pane":10,"minecraft:furnace":1,"minecraft:torch":23,"minecraft:dirt":6,"minecraft:fishing_rod":18,"minecraft:cooked_salmon":1,"minecraft:stone_sword":184,"minecraft:sweet_berries":94,"minecraft:oak_slab":82,"minecraft:oak_log":68,"minecraft:cooked_cod":2,"minecraft:cobblestone":39,"minecraft:bamboo_planks":10,"minecraft:spruce_slab":37,"minecraft:cooked_beef":1,"minecraft:crafting_table":2,"minecraft:chest":1,"minecraft:oak_planks":197,"minecraft:spruce_sapling":3,"minecraft:oak_sapling":36,"minecraft:egg":2,"minecraft:dandelion":1,"minecraft:stone_pickaxe":393,"minecraft:oak_door":4}},"DataVersion":4440}