{"stats":{"minecraft:crafted":{"minecraft:sandstone":78,"minecraft:netherite_shovel":1,"minecraft:gold_ingot":623,"minecraft:book":54,"minecraft:crimson_planks":84,"minecraft:glass_pane":64,"minecraft:stone_bricks":2176,"minecraft:diamond_pickaxe":2,"minecraft:chest":43,"minecraft:iron_block":3,"minecraft:bookshelf":48,"minecraft:stone_slab":24,"minecraft:bow":1,"minecraft:acacia_planks":1132,"minecraft:bucket":1,"minecraft:flint_and_steel":2,"minecraft:ladder":129,"minecraft:dark_oak_planks":4752,"minecraft:diamond_shovel":1,"minecraft:glass":74,"minecraft:iron_hoe":3,"minecraft:pink_bed":2,"minecraft:pink_dye":3,"minecraft:netherite_upgrade_smithing_template":10,"minecraft:cooked_mutton":4,"minecraft:dark_oak_fence_gate":171,"minecraft:iron_boots":2,"minecraft:acacia_trapdoor":22,"minecraft:smooth_stone":9,"minecraft:white_wool":1,"minecraft:charcoal":19,"minecraft:cooked_beef":39,"minecraft:stonecutter":1,"minecraft:golden_carrot":8,"minecraft:spruce_sign":6,"minecraft:barrel":8,"minecraft:netherite_axe":1,"minecraft:dried_kelp":49,"minecraft:raw_iron":9,"minecraft:paper":174,"minecraft:furnace":12,"minecraft:grindstone":3,"minecraft:iron_ingot":145,"minecraft:dark_oak_slab":324,"minecraft:lead":4,"minecraft:diamond_helmet":1,"minecraft:stone":54,"minecraft:blaze_powder":2,"minecraft:acacia_slab":12,"minecraft:wolf_armor":1,"minecraft:sandstone_slab":48,"minecraft:diamond_leggings":1,"minecraft:clay":115,"minecraft:shield":1,"minecraft:stone_axe":1,"minecraft:deepslate":99,"minecraft:netherite_pickaxe":1,"minecraft:iron_axe":2,"minecraft:cooked_salmon":2,"minecraft:diamond_boots":1,"minecraft:smithing_table":1,"minecraft:ender_eye":1,"minecraft:acacia_stairs":4,"minecraft:dark_oak_stairs":204,"minecraft:white_harness":1,"minecraft:stick":2076,"minecraft:stone_brick_slab":12,"minecraft:cooked_porkchop":14,"minecraft:iron_helmet":1,"minecraft:diamond_axe":1,"minecraft:air":0,"minecraft:red_harness":1,"minecraft:bone_meal":102,"minecraft:snow_block":20,"minecraft:red_dye":2,"minecraft:quartz_block":454,"minecraft:acacia_fence":72,"minecraft:oak_planks":1364,"minecraft:cooked_cod":35,"minecraft:enchanting_table":1,"minecraft:iron_sword":2,"minecraft:shears":2,"minecraft:iron_shovel":14,"minecraft:smoker":1,"minecraft:stone_shovel":8,"minecraft:white_dye":1,"minecraft:cooked_chicken":4,"minecraft:birch_planks":28,"minecraft:stone_pickaxe":3,"minecraft:anvil":1,"minecraft:netherite_ingot":9,"minecraft:spruce_slab":24,"minecraft:acacia_fence_gate":2,"minecraft:dark_oak_trapdoor":24,"minecraft:diamond_chestplate":1,"minecraft:diamond_sword":1,"minecraft:dark_oak_door":6,"minecraft:netherite_scrap":40,"minecraft:wheat":135,"minecraft:stone_brick_stairs":20,"minecraft:pale_oak_planks":156,"minecraft:spruce_trapdoor":56,"minecraft:gold_block":62,"minecraft:spruce_boat":2,"minecraft:golden_boots":1,"minecraft:bread":84,"minecraft:dark_oak_sign":69,"minecraft:crafting_table":12,"minecraft:acacia_sign":9,"minecraft:torch":492,"minecraft:dark_oak_fence":216,"minecraft:saddle":1,"minecraft:spruce_planks":1360,"minecraft:iron_pickaxe":21},"minecraft:broken":{"minecraft:stone_shovel":8,"minecraft:iron_axe":3,"minecraft:iron_hoe":3,"minecraft:golden_axe":1,"minecraft:iron_shovel":14,"minecraft:iron_pickaxe":19,"minecraft:stone_pickaxe":3,"minecraft:iron_sword":1},"minecraft:mined":{"minecraft:torch":19,"minecraft:dark_oak_wall_sign":1,"minecraft:spruce_log":1001,"minecraft:nether_quartz_ore":3675,"minecraft:chest":23,"minecraft:pumpkin":21,"minecraft:netherrack":28456,"minecraft:white_terracotta":1,"minecraft:dark_oak_fence_gate":2,"minecraft:stripped_dark_oak_log":42,"minecraft:spruce_planks":3,"minecraft:birch_log":47,"minecraft:sweet_berry_bush":105,"minecraft:large_fern":11,"minecraft:magma_block":17,"minecraft:obsidian":56,"minecraft:dark_oak_planks":13,"minecraft:blue_bed":1,"minecraft:sandstone":48,"minecraft:melon":1,"minecraft:stripped_spruce_log":44,"minecraft:blackstone":65,"minecraft:anvil":1,"minecraft:warped_sign":1,"minecraft:grindstone":2,"minecraft:nether_wart_block":9,"minecraft:birch_leaves":4,"minecraft:dark_oak_sapling":12,"minecraft:dark_oak_trapdoor":3,"minecraft:moss_block":26,"minecraft:gold_block":1,"minecraft:mushroom_stem":32,"minecraft:nether_brick_fence":4,"minecraft:wall_torch":9,"minecraft:fern":38,"minecraft:yellow_bed":4,"minecraft:fire":48,"minecraft:kelp_plant":27,"minecraft:smithing_table":3,"minecraft:deepslate_diamond_ore":95,"minecraft:purple_carpet":1,"minecraft:brown_terracotta":1,"minecraft:dripstone_block":3,"minecraft:deepslate_tiles":7,"minecraft:oak_sapling":1,"minecraft:iron_ore":40,"minecraft:acacia_log":743,"minecraft:dark_oak_log":2571,"minecraft:podzol":216,"minecraft:dandelion":2,"minecraft:lily_of_the_valley":5,"minecraft:oak_planks":4,"minecraft:cobblestone":317,"minecraft:sugar_cane":202,"minecraft:kelp":3,"minecraft:mangrove_leaves":7,"minecraft:red_mushroom_block":314,"minecraft:oak_leaves":142,"minecraft:furnace":27,"minecraft:yellow_terracotta":2,"minecraft:clay":209,"minecraft:chiseled_sandstone":17,"minecraft:crimson_roots":3,"minecraft:cracked_stone_bricks":1,"minecraft:wildflowers":13,"minecraft:tall_grass":10,"minecraft:waxed_copper_block":1,"minecraft:pointed_dripstone":4,"minecraft:deepslate_tile_slab":4,"minecraft:chipped_anvil":3,"minecraft:tall_seagrass":13,"minecraft:rail":1,"minecraft:dirt":9735,"minecraft:cobblestone_wall":8,"minecraft:acacia_trapdoor":17,"minecraft:crimson_fungus":1,"minecraft:hopper":1,"minecraft:pink_petals":201,"minecraft:soul_fire":4,"minecraft:ladder":19,"minecraft:basalt":77,"minecraft:sand":5052,"minecraft:deepslate":2974,"minecraft:cherry_planks":1,"minecraft:snow":22,"minecraft:seagrass":2,"minecraft:spruce_sign":4,"minecraft:stonecutter":2,"minecraft:sandstone_slab":3,"minecraft:deepslate_tile_stairs":8,"minecraft:oak_log":351,"minecraft:cocoa":2,"minecraft:lapis_ore":9,"minecraft:spawner":2,"minecraft:acacia_fence":8,"minecraft:vine":3,"minecraft:warped_nylium":4,"minecraft:terracotta":19,"minecraft:carrots":4,"minecraft:gravel":685,"minecraft:short_grass":196,"minecraft:acacia_leaves":1116,"minecraft:dirt_path":11,"minecraft:crafting_table":17,"minecraft:deepslate_redstone_ore":44,"minecraft:dark_oak_stairs":5,"minecraft:leaf_litter":682,"minecraft:lilac":6,"minecraft:jungle_log":4,"minecraft:coarse_dirt":235,"minecraft:copper_ore":20,"minecraft:raw_iron_block":1,"minecraft:firefly_bush":2,"minecraft:gold_ore":6,"minecraft:nether_brick_stairs":1,"minecraft:andesite":41,"minecraft:cave_vines_plant":1,"minecraft:dark_oak_slab":31,"minecraft:deepslate_gold_ore":33,"minecraft:acacia_sapling":12,"minecraft:nether_bricks":11,"minecraft:dark_oak_leaves":30,"minecraft:poppy":7,"minecraft:deepslate_lapis_ore":5,"minecraft:deepslate_iron_ore":65,"minecraft:black_terracotta":2,"minecraft:stone":7702,"minecraft:stone_bricks":41,"minecraft:orange_terracotta":2,"minecraft:granite":19,"minecraft:bush":9,"minecraft:crimson_stem":18,"minecraft:coal_ore":152,"minecraft:diorite":18,"minecraft:wheat":146,"minecraft:ancient_debris":29,"minecraft:hay_block":15,"minecraft:spruce_trapdoor":1,"minecraft:dried_ghast":1,"minecraft:dark_oak_sign":2,"minecraft:smoker":2,"minecraft:red_terracotta":2,"minecraft:composter":1,"minecraft:bookshelf":32,"minecraft:soul_sand":13,"minecraft:light_gray_terracotta":1,"minecraft:crimson_nylium":80,"minecraft:soul_soil":3,"minecraft:dark_oak_fence":4,"minecraft:powder_snow":17,"minecraft:snow_block":16,"minecraft:enchanting_table":5,"minecraft:mossy_cobblestone":78,"minecraft:nether_wart":9,"minecraft:grass_block":12127,"minecraft:cobweb":17,"minecraft:spruce_leaves":57,"minecraft:chiseled_tuff_bricks":3,"minecraft:acacia_sign":1,"minecraft:cobbled_deepslate":20,"minecraft:tuff":179,"minecraft:polished_tuff":1,"minecraft:tuff_bricks":7,"minecraft:white_wool":1,"minecraft:cut_sandstone":53,"minecraft:pale_oak_log":41,"minecraft:nether_gold_ore":1007,"minecraft:pale_oak_leaves":80,"minecraft:deepslate_tile_wall":3,"minecraft:bell":1,"minecraft:acacia_planks":74},"minecraft:used":{"minecraft:iron_axe":698,"minecraft:leaf_litter":44,"minecraft:ancient_debris":1,"minecraft:clay":3,"minecraft:netherite_shovel":23680,"minecraft:netherite_axe":4431,"minecraft:diamond_sword":625,"minecraft:acacia_slab":6,"minecraft:cherry_planks":1,"minecraft:wheat_seeds":234,"minecraft:glow_berries":1,"minecraft:wooden_axe":7,"minecraft:salmon":28,"minecraft:dark_oak_stairs":110,"minecraft:glass_pane":38,"minecraft:netherite_pickaxe":26943,"minecraft:short_grass":3,"minecraft:cooked_porkchop":11,"minecraft:granite":14,"minecraft:quartz_block":3,"minecraft:coarse_dirt":6,"minecraft:iron_shovel":3750,"minecraft:deepslate_tile_slab":74,"minecraft:firefly_bush":1,"minecraft:smithing_table":4,"minecraft:oak_log":7,"minecraft:spruce_slab":24,"minecraft:stonecutter":2,"minecraft:grindstone":5,"minecraft:diamond_axe":1537,"minecraft:poppy":2,"minecraft:snowball":3,"minecraft:moss_block":12,"minecraft:stone_pickaxe":394,"minecraft:dandelion":1,"minecraft:bow":4,"minecraft:iron_leggings":1,"minecraft:cobbled_deepslate":315,"minecraft:acacia_planks":442,"minecraft:netherrack":1747,"minecraft:spruce_boat":4,"minecraft:suspicious_stew":1,"minecraft:yellow_bed":2,"minecraft:sandstone_slab":49,"minecraft:lingering_potion":1,"minecraft:pink_petals":135,"minecraft:mossy_cobblestone":66,"minecraft:diamond_shovel":11,"minecraft:dried_ghast":2,"minecraft:stone_shovel":1124,"minecraft:rotten_flesh":4,"minecraft:writable_book":1,"minecraft:bone_meal":85,"minecraft:dark_oak_planks":3056,"minecraft:anvil":2,"minecraft:mutton":4,"minecraft:acacia_sapling":1,"minecraft:blue_egg":6,"minecraft:dirt":8551,"minecraft:written_book":1,"minecraft:acacia_fence":62,"minecraft:terracotta":16,"minecraft:fishing_rod":63,"minecraft:obsidian":44,"minecraft:cooked_salmon":2,"minecraft:dark_oak_sign":62,"minecraft:stripped_spruce_log":42,"minecraft:sand":185,"minecraft:dark_oak_sapling":82,"minecraft:spruce_planks":509,"minecraft:dark_oak_door":2,"minecraft:basalt":13,"minecraft:cooked_cod":35,"minecraft:shears":155,"minecraft:nether_wart_block":4,"minecraft:dark_oak_fence_gate":73,"minecraft:stone_brick_stairs":8,"minecraft:bucket":180,"minecraft:deepslate_tiles":175,"minecraft:dripstone_block":2,"minecraft:cocoa_beans":6,"minecraft:porkchop":6,"minecraft:oak_sapling":20,"minecraft:warped_sign":1,"minecraft:brown_egg":5,"minecraft:sugar_cane":16,"minecraft:trial_key":1,"minecraft:stone_axe":74,"minecraft:nether_bricks":6,"minecraft:wildflowers":41,"minecraft:shield":34,"minecraft:deepslate":58,"minecraft:iron_pickaxe":5286,"minecraft:andesite":10,"minecraft:dark_oak_log":512,"minecraft:iron_sword":240,"minecraft:acacia_sign":6,"minecraft:oak_boat":4,"minecraft:golden_carrot":47,"minecraft:acacia_log":20,"minecraft:stone_brick_slab":6,"minecraft:bookshelf":48,"minecraft:diamond_pickaxe":13064,"minecraft:crimson_planks":84,"minecraft:ladder":133,"minecraft:stone_bricks":1222,"minecraft:stripped_dark_oak_log":40,"minecraft:dark_oak_fence":90,"minecraft:tuff":40,"minecraft:chiseled_sandstone":11,"minecraft:cut_sandstone":44,"minecraft:smooth_stone":9,"minecraft:sweet_berries":260,"minecraft:lava_bucket":12,"minecraft:diorite":16,"minecraft:map":1,"minecraft:diamond_leggings":1,"minecraft:cobblestone":695,"minecraft:golden_apple":2,"minecraft:acacia_stairs":1,"minecraft:carrot":4,"minecraft:crafting_table":30,"minecraft:spruce_sign":10,"minecraft:acacia_fence_gate":2,"minecraft:iron_chestplate":1,"minecraft:spruce_trapdoor":33,"minecraft:white_bed":3,"minecraft:acacia_trapdoor":22,"minecraft:baked_potato":64,"minecraft:brown_terracotta":1,"minecraft:apple":7,"minecraft:smoker":3,"minecraft:purple_carpet":1,"minecraft:melon_slice":7,"minecraft:soul_soil":3,"minecraft:spruce_log":941,"minecraft:pumpkin":3,"minecraft:iron_hoe":750,"minecraft:water_bucket":166,"minecraft:soul_sand":20,"minecraft:deepslate_tile_wall":8,"minecraft:bell":2,"minecraft:furnace":31,"minecraft:bread":127,"minecraft:blue_bed":1,"minecraft:barrel":4,"minecraft:torch":622,"minecraft:iron_boots":2,"minecraft:chicken":3,"minecraft:golden_axe":32,"minecraft:dark_oak_slab":290,"minecraft:dried_kelp":19,"minecraft:gravel":43,"minecraft:chipped_anvil":3,"minecraft:nether_brick_stairs":1,"minecraft:composter":1,"minecraft:cooked_chicken":10,"minecraft:lily_of_the_valley":4,"minecraft:cooked_beef":31,"minecraft:snow_block":14,"minecraft:deepslate_tile_stairs":185,"minecraft:pink_bed":2,"minecraft:flint_and_steel":10,"minecraft:dark_oak_trapdoor":17,"minecraft:dark_oak_boat":1,"minecraft:chest":56,"minecraft:iron_helmet":1,"minecraft:enchanting_table":6,"minecraft:beef":30,"minecraft:spruce_sapling":37,"minecraft:egg":8,"minecraft:sandstone":74},"minecraft:picked_up":{"minecraft:cobblestone_wall":6,"minecraft:enchanting_table":5,"minecraft:sweet_berries":445,"minecraft:pale_oak_log":39,"minecraft:cobblestone":6754,"minecraft:shears":2,"minecraft:saddle":1,"minecraft:sugar_cane":231,"minecraft:stripped_dark_oak_log":42,"minecraft:bone":54,"minecraft:acacia_sapling":188,"minecraft:clay_ball":592,"minecraft:stripped_spruce_log":43,"minecraft:blaze_rod":1,"minecraft:emerald":2,"minecraft:pale_oak_sapling":5,"minecraft:book":97,"minecraft:ink_sac":56,"minecraft:wildflowers":41,"minecraft:bow":4,"minecraft:arrow":46,"minecraft:smooth_basalt":4,"minecraft:stone_shovel":1,"minecraft:iron_ingot":39,"minecraft:lilac":6,"minecraft:crossbow":3,"minecraft:azalea":1,"minecraft:dandelion":7,"minecraft:mutton":14,"minecraft:cut_sandstone":60,"minecraft:golden_carrot":41,"minecraft:diamond_leggings":1,"minecraft:brown_wool":6,"minecraft:stonecutter":2,"minecraft:crimson_stem":22,"minecraft:oak_log":346,"minecraft:sand":2712,"minecraft:furnace":28,"minecraft:wheat_seeds":506,"minecraft:quartz":6359,"minecraft:egg":2,"minecraft:iron_leggings":1,"minecraft:red_mushroom":107,"minecraft:snowball":99,"minecraft:chiseled_tuff_bricks":3,"minecraft:ender_pearl":3,"minecraft:string":34,"minecraft:smithing_table":3,"minecraft:stone_bricks":41,"minecraft:obsidian":56,"minecraft:leather_boots":1,"minecraft:writable_book":1,"minecraft:nether_wart_block":8,"minecraft:dark_oak_slab":31,"minecraft:acacia_trapdoor":17,"minecraft:enchanted_book":1,"minecraft:spruce_sapling":99,"minecraft:tripwire_hook":2,"minecraft:white_bed":6,"minecraft:fishing_rod":1,"minecraft:bucket":1,"minecraft:leather":60,"minecraft:birch_sign":1,"minecraft:lead":9,"minecraft:wooden_axe":1,"minecraft:armadillo_scute":6,"minecraft:moss_carpet":10,"minecraft:netherite_upgrade_smithing_template":1,"minecraft:porkchop":52,"minecraft:spruce_sign":7,"minecraft:stick":424,"minecraft:polished_tuff":1,"minecraft:dark_oak_fence":4,"minecraft:brown_terracotta":1,"minecraft:diamond_boots":1,"minecraft:moss_block":24,"minecraft:deepslate":54,"minecraft:raw_iron":166,"minecraft:diamond_chestplate":1,"minecraft:mossy_cobblestone":77,"minecraft:leather_helmet":2,"minecraft:cherry_planks":1,"minecraft:chest":23,"minecraft:pink_petals":764,"minecraft:yellow_bed":4,"minecraft:dark_oak_trapdoor":3,"minecraft:netherrack":5782,"minecraft:gravel":306,"minecraft:bell":3,"minecraft:deepslate_tile_stairs":8,"minecraft:tuff":159,"minecraft:potato":15,"minecraft:dark_oak_stairs":4,"minecraft:terracotta":16,"minecraft:lapis_lazuli":89,"minecraft:jungle_log":4,"minecraft:trial_key":1,"minecraft:warped_sign":1,"minecraft:netherite_shovel":2,"minecraft:oak_boat":6,"minecraft:pufferfish":7,"minecraft:oak_planks":61,"minecraft:brown_egg":5,"minecraft:flint_and_steel":1,"minecraft:raw_copper":164,"minecraft:rotten_flesh":62,"minecraft:acacia_fence":8,"minecraft:written_book":1,"minecraft:ancient_debris":45,"minecraft:apple":64,"minecraft:calcite":135,"minecraft:cracked_stone_bricks":1,"minecraft:tropical_fish":1,"minecraft:brewing_stand":1,"minecraft:composter":2,"minecraft:flint":366,"minecraft:suspicious_stew":1,"minecraft:redstone":189,"minecraft:deepslate_tiles":7,"minecraft:dark_oak_sign":3,"minecraft:glow_berries":1,"minecraft:firefly_bush":7,"minecraft:sandstone_slab":4,"minecraft:melon_slice":7,"minecraft:diamond":118,"minecraft:slime_ball":35,"minecraft:chipped_anvil":3,"minecraft:granite":14,"minecraft:smoker":2,"minecraft:dark_oak_sapling":303,"minecraft:lily_pad":21,"minecraft:crimson_roots":2,"minecraft:nether_wart":11,"minecraft:dark_oak_fence_gate":2,"minecraft:salmon":34,"minecraft:acacia_sign":4,"minecraft:charcoal":2,"minecraft:spruce_boat":3,"minecraft:gold_block":1,"minecraft:dark_oak_planks":71,"minecraft:chiseled_sandstone":18,"minecraft:hay_block":41,"minecraft:raw_gold":44,"minecraft:stone_sword":1,"minecraft:acacia_log":730,"minecraft:acacia_planks":179,"minecraft:spruce_planks":64,"minecraft:dirt":14477,"minecraft:basalt":270,"minecraft:blue_egg":6,"minecraft:iron_shovel":1,"minecraft:golden_boots":1,"minecraft:torch":116,"minecraft:diamond_pickaxe":3,"minecraft:dripstone_block":3,"minecraft:cherry_log":7,"minecraft:bread":41,"minecraft:spruce_log":997,"minecraft:coal":398,"minecraft:netherite_pickaxe":1,"minecraft:tnt":1,"minecraft:anvil":1,"minecraft:nether_bricks":8,"minecraft:hopper":1,"minecraft:waxed_copper_block":1,"minecraft:birch_sapling":6,"minecraft:poppy":12,"minecraft:white_wool":8,"minecraft:feather":26,"minecraft:andesite":31,"minecraft:lily_of_the_valley":8,"minecraft:deepslate_tile_slab":4,"minecraft:raw_iron_block":1,"minecraft:copper_ingot":1,"minecraft:ladder":19,"minecraft:amethyst_shard":20,"minecraft:sandstone":43,"minecraft:filled_map":1,"minecraft:soul_sand":20,"minecraft:diamond_axe":2,"minecraft:carrot":18,"minecraft:soul_soil":5,"minecraft:gold_nugget":5645,"minecraft:water_bucket":2,"minecraft:stone_pickaxe":1,"minecraft:cod":35,"minecraft:golden_apple":1,"minecraft:black_wool":3,"minecraft:chicken":14,"minecraft:clay":2,"minecraft:nether_brick_stairs":1,"minecraft:cooked_chicken":2,"minecraft:grindstone":2,"minecraft:kelp":62,"minecraft:cobbled_deepslate":2286,"minecraft:pointed_dripstone":7,"minecraft:stone_axe":1,"minecraft:amethyst_block":23,"minecraft:wheat":226,"minecraft:tuff_bricks":7,"minecraft:gunpowder":14,"minecraft:spruce_trapdoor":1,"minecraft:blackstone":6,"minecraft:deepslate_tile_wall":3,"minecraft:coarse_dirt":229,"minecraft:magma_block":8,"minecraft:short_grass":3,"minecraft:leaf_litter":8584,"minecraft:nether_brick_fence":4,"minecraft:birch_log":47,"minecraft:pumpkin":20,"minecraft:spider_eye":2,"minecraft:bone_meal":16,"minecraft:dark_oak_log":2559,"minecraft:netherite_axe":1,"minecraft:tipped_arrow":2,"minecraft:diorite":36,"minecraft:wooden_pickaxe":1,"minecraft:crafting_table":21,"minecraft:oak_sapling":107,"minecraft:bundle":1,"minecraft:beef":90,"minecraft:dark_oak_boat":3,"minecraft:oak_slab":2,"minecraft:blue_bed":1,"minecraft:dried_ghast":3,"minecraft:cocoa_beans":16,"minecraft:paper":16,"minecraft:purple_carpet":1},"minecraft:killed":{"minecraft:stray":6,"minecraft:pig":9,"minecraft:piglin_brute":1,"minecraft:piglin":16,"minecraft:salmon":21,"minecraft:zombie":38,"minecraft:zombie_villager":2,"minecraft:chicken":14,"minecraft:squid":25,"minecraft:cow":41,"minecraft:armadillo":1,"minecraft:slime":45,"minecraft:pillager":6,"minecraft:skeleton":34,"minecraft:villager":1,"minecraft:cod":6,"minecraft:spider":9,"minecraft:horse":12,"minecraft:husk":7,"minecraft:wither_skeleton":1,"minecraft:cave_spider":1,"minecraft:creeper":31,"minecraft:sheep":9,"minecraft:magma_cube":4,"minecraft:ghast":2,"minecraft:blaze":2},"minecraft:dropped":{"minecraft:lily_pad":18,"minecraft:cut_sandstone":16,"minecraft:soul_soil":2,"minecraft:sweet_berries":45,"minecraft:magma_block":7,"minecraft:crimson_roots":2,"minecraft:tropical_fish":1,"minecraft:gravel":34,"minecraft:bone":15,"minecraft:ink_sac":1,"minecraft:bowl":1,"minecraft:blackstone":6,"minecraft:spruce_sign":3,"minecraft:moss_block":11,"minecraft:nether_bricks":7,"minecraft:oak_sapling":4,"minecraft:redstone":5,"minecraft:golden_carrot":2,"minecraft:tuff":118,"minecraft:book":1,"minecraft:birch_sign":1,"minecraft:iron_leggings":2,"minecraft:acacia_sign":5,"minecraft:acacia_planks":11,"minecraft:arrow":11,"minecraft:spruce_sapling":1,"minecraft:white_bed":1,"minecraft:spruce_log":1,"minecraft:gunpowder":6,"minecraft:stone_axe":1,"minecraft:iron_pickaxe":5,"minecraft:golden_apple":1,"minecraft:rotten_flesh":28,"minecraft:stone_shovel":1,"minecraft:ancient_debris":10,"minecraft:iron_helmet":1,"minecraft:torch":32,"minecraft:bow":2,"minecraft:ender_eye":1,"minecraft:bucket":1,"minecraft:dirt":590,"minecraft:obsidian":4,"minecraft:golden_chestplate":1,"minecraft:sand":24,"minecraft:ender_pearl":1,"minecraft:nether_brick_fence":3,"minecraft:coal":1,"minecraft:cooked_beef":8,"minecraft:wooden_pickaxe":1,"minecraft:written_book":1,"minecraft:crafting_table":3,"minecraft:lapis_lazuli":2,"minecraft:netherrack":3940,"minecraft:mutton":1,"minecraft:dark_oak_stairs":1,"minecraft:azalea":1,"minecraft:iron_shovel":1,"minecraft:oak_planks":2,"minecraft:lead":2,"minecraft:basalt":257,"minecraft:cobbled_deepslate":410,"minecraft:clay":6,"minecraft:wheat_seeds":13,"minecraft:dark_oak_boat":1,"minecraft:stone_pickaxe":1,"minecraft:acacia_sapling":2,"minecraft:polished_tuff":1,"minecraft:oak_log":3,"minecraft:dark_oak_sapling":1,"minecraft:diamond_pickaxe":2,"minecraft:string":3,"minecraft:golden_boots":2,"minecraft:clay_ball":108,"minecraft:stick":78,"minecraft:bamboo_planks":6,"minecraft:bread":17,"minecraft:spider_eye":1,"minecraft:iron_boots":2,"minecraft:stripped_dark_oak_log":1,"minecraft:chiseled_sandstone":7,"minecraft:leather_helmet":1,"minecraft:netherite_shovel":1,"minecraft:cobblestone":36,"minecraft:pointed_dripstone":6,"minecraft:nether_wart_block":4,"minecraft:spruce_planks":40,"minecraft:leather_boots":1,"minecraft:pale_oak_sapling":4,"minecraft:red_mushroom":40,"minecraft:white_wool":4,"minecraft:gold_block":16,"minecraft:quartz":2133,"minecraft:dripstone_block":1,"minecraft:diamond":10,"minecraft:waxed_copper_block":1,"minecraft:pink_dye":1,"minecraft:bone_meal":4,"minecraft:crimson_stem":1,"minecraft:water_bucket":1,"minecraft:leaf_litter":4484,"minecraft:beef":17,"minecraft:flint":132,"minecraft:snow_block":2,"minecraft:iron_sword":1,"minecraft:gold_nugget":390,"minecraft:salmon":1,"minecraft:axolotl_bucket":1,"minecraft:dark_oak_planks":1},"minecraft:custom":{"minecraft:eat_cake_slice":6,"minecraft:talked_to_villager":6,"minecraft:time_since_rest":153376,"minecraft:leave_game":31,"minecraft:damage_taken":16678,"minecraft:mob_kills":355,"minecraft:boat_one_cm":1183332,"minecraft:damage_absorbed":83,"minecraft:time_since_death":153363,"minecraft:interact_with_furnace":459,"minecraft:interact_with_smithing_table":5,"minecraft:sleep_in_bed":8,"minecraft:inspect_dispenser":5,"minecraft:happy_ghast_one_cm":23968312,"minecraft:swim_one_cm":691029,"minecraft:total_world_time":1157583,"minecraft:crouch_one_cm":614439,"minecraft:climb_one_cm":72263,"minecraft:deaths":20,"minecraft:interact_with_stonecutter":6,"minecraft:fish_caught":46,"minecraft:enchant_item":26,"minecraft:animals_bred":13,"minecraft:damage_blocked_by_shield":2696,"minecraft:interact_with_crafting_table":234,"minecraft:walk_one_cm":6803293,"minecraft:walk_under_water_one_cm":332578,"minecraft:horse_one_cm":22773,"minecraft:interact_with_lectern":5,"minecraft:damage_dealt":43748,"minecraft:play_time":1157583,"minecraft:jump":47755,"minecraft:drop":512,"minecraft:bell_ring":6,"minecraft:open_barrel":77,"minecraft:sprint_one_cm":5990395,"minecraft:open_chest":1750,"minecraft:inspect_hopper":1,"minecraft:interact_with_smoker":25,"minecraft:fall_one_cm":1409746,"minecraft:fly_one_cm":13262221,"minecraft:interact_with_anvil":9,"minecraft:walk_on_water_one_cm":252999,"minecraft:sneak_time":58741,"minecraft:interact_with_blast_furnace":1,"minecraft:interact_with_grindstone":26},"minecraft:killed_by":{"minecraft:skeleton":1,"minecraft:piglin":1}},"DataVersion":4440}