{"stats":{"minecraft:killed_by":{"minecraft:skeleton":3,"minecraft:polar_bear":1,"minecraft:player":8,"minecraft:creeper":1,"minecraft:enderman":1,"minecraft:piglin":1,"minecraft:drowned":2,"minecraft:zombie":1},"minecraft:custom":{"minecraft:eat_cake_slice":44,"minecraft:time_since_rest":55540,"minecraft:leave_game":66,"minecraft:boat_one_cm":2165446,"minecraft:time_since_death":55524,"minecraft:interact_with_furnace":1251,"minecraft:happy_ghast_one_cm":1862223,"minecraft:total_world_time":4580332,"minecraft:crouch_one_cm":1022652,"minecraft:climb_one_cm":373841,"minecraft:deaths":51,"minecraft:interact_with_stonecutter":55,"minecraft:fish_caught":52,"minecraft:damage_dealt_resisted":16,"minecraft:animals_bred":182,"minecraft:minecart_one_cm":31759,"minecraft:traded_with_villager":45,"minecraft:damage_resisted":10,"minecraft:damage_blocked_by_shield":5080,"minecraft:interact_with_crafting_table":661,"minecraft:inspect_dropper":4,"minecraft:walk_one_cm":19279785,"minecraft:walk_under_water_one_cm":1264866,"minecraft:horse_one_cm":15326420,"minecraft:damage_dealt":145037,"minecraft:play_time":4580332,"minecraft:jump":65513,"minecraft:play_record":19,"minecraft:target_hit":5,"minecraft:sprint_one_cm":11233735,"minecraft:fill_cauldron":3,"minecraft:inspect_hopper":12,"minecraft:fly_one_cm":16567961,"minecraft:walk_on_water_one_cm":448021,"minecraft:interact_with_blast_furnace":228,"minecraft:interact_with_grindstone":6,"minecraft:talked_to_villager":51,"minecraft:damage_taken":44359,"minecraft:mob_kills":1604,"minecraft:open_shulker_box":31,"minecraft:interact_with_beacon":1,"minecraft:open_enderchest":105,"minecraft:interact_with_smithing_table":4,"minecraft:sleep_in_bed":30,"minecraft:inspect_dispenser":13,"minecraft:swim_one_cm":1103037,"minecraft:player_kills":3,"minecraft:enchant_item":10,"minecraft:interact_with_loom":12,"minecraft:interact_with_campfire":81,"minecraft:interact_with_lectern":212,"minecraft:drop":445,"minecraft:interact_with_cartography_table":3,"minecraft:bell_ring":5,"minecraft:open_barrel":587,"minecraft:open_chest":4239,"minecraft:fall_one_cm":1655801,"minecraft:interact_with_anvil":28,"minecraft:sneak_time":157360},"minecraft:broken":{"minecraft:stone_shovel":2,"minecraft:iron_helmet":1,"minecraft:wooden_hoe":1,"minecraft:iron_axe":4,"minecraft:iron_shovel":6,"minecraft:fishing_rod":2,"minecraft:stone_axe":1,"minecraft:iron_pickaxe":8,"minecraft:stone_pickaxe":1,"minecraft:shears":1,"minecraft:diamond_axe":1},"minecraft:crafted":{"minecraft:stone_brick_wall":12,"minecraft:mace":1,"minecraft:gold_ingot":23,"minecraft:book":7,"minecraft:iron_chestplate":1,"minecraft:copper_trapdoor":32,"minecraft:chiseled_copper":33,"minecraft:smooth_quartz_slab":132,"minecraft:birch_door":6,"minecraft:diamond_pickaxe":1,"minecraft:chest":58,"minecraft:iron_block":6,"minecraft:bookshelf":3,"minecraft:cyan_dye":350,"minecraft:purple_wool":2,"minecraft:waxed_cut_copper_slab":258,"minecraft:purple_carpet":3,"minecraft:bucket":3,"minecraft:jungle_planks":4,"minecraft:cut_copper_slab":114,"minecraft:ladder":162,"minecraft:item_frame":5,"minecraft:dark_oak_planks":880,"minecraft:cauldron":3,"minecraft:diamond_shovel":2,"minecraft:cut_copper":172,"minecraft:glass":3203,"minecraft:oak_sign":30,"minecraft:iron_hoe":5,"minecraft:spruce_fence":72,"minecraft:wooden_hoe":1,"minecraft:oak_trapdoor":34,"minecraft:glow_item_frame":2,"minecraft:purple_shulker_box":1,"minecraft:cobbled_deepslate_slab":6,"minecraft:sugar":62,"minecraft:campfire":11,"minecraft:pink_dye":51,"minecraft:smooth_quartz":647,"minecraft:yellow_dye":30,"minecraft:green_dye":207,"minecraft:chiseled_tuff_bricks":1,"minecraft:cooked_mutton":66,"minecraft:dark_oak_fence_gate":46,"minecraft:iron_boots":1,"minecraft:dark_oak_boat":2,"minecraft:white_wool":7,"minecraft:cooked_beef":60,"minecraft:stonecutter":2,"minecraft:blue_dye":212,"minecraft:oak_slab":252,"minecraft:golden_carrot":15,"minecraft:spruce_sign":24,"minecraft:cyan_concrete_powder":80,"minecraft:barrel":7,"minecraft:magenta_carpet":1,"minecraft:waxed_cut_copper":132,"minecraft:paper":285,"minecraft:furnace":10,"minecraft:pink_carpet":2,"minecraft:tinted_glass":54,"minecraft:iron_ingot":427,"minecraft:cyan_stained_glass":2664,"minecraft:dark_oak_slab":126,"minecraft:stone":206,"minecraft:beehive":4,"minecraft:enchanted_book":2,"minecraft:spruce_stairs":96,"minecraft:shield":2,"minecraft:observer":2,"minecraft:cyan_bundle":1,"minecraft:black_wool":4,"minecraft:birch_sign":6,"minecraft:iron_axe":6,"minecraft:spruce_button":6,"minecraft:cobblestone_stairs":188,"minecraft:golden_apple":6,"minecraft:spruce_fence_gate":4,"minecraft:cooked_salmon":21,"minecraft:diamond_boots":1,"minecraft:writable_book":1,"minecraft:gray_dye":100,"minecraft:map":38,"minecraft:stick":2820,"minecraft:gray_carpet":27,"minecraft:compass":45,"minecraft:black_dye":66,"minecraft:cooked_porkchop":9,"minecraft:iron_helmet":2,"minecraft:diamond_axe":2,"minecraft:air":0,"minecraft:bone_meal":1260,"minecraft:snow_block":17,"minecraft:glass_bottle":12,"minecraft:pumpkin_pie":61,"minecraft:red_dye":31,"minecraft:quartz_block":7,"minecraft:loom":1,"minecraft:bundle":4,"minecraft:oak_planks":740,"minecraft:gold_nugget":72,"minecraft:cooked_cod":115,"minecraft:white_concrete_powder":3624,"minecraft:fishing_rod":3,"minecraft:shears":5,"minecraft:iron_shovel":7,"minecraft:polished_deepslate":1,"minecraft:white_banner":7,"minecraft:stone_shovel":1,"minecraft:white_dye":1174,"minecraft:lantern":67,"minecraft:cooked_chicken":57,"minecraft:birch_planks":72,"minecraft:hopper":5,"minecraft:smooth_quartz_stairs":40,"minecraft:anvil":2,"minecraft:lime_dye":8,"minecraft:spruce_slab":282,"minecraft:oak_door":6,"minecraft:dark_oak_trapdoor":12,"minecraft:light_blue_dye":12,"minecraft:diamond_sword":2,"minecraft:iron_nugget":567,"minecraft:emerald":61,"minecraft:black_carpet":39,"minecraft:black_bed":1,"minecraft:spruce_trapdoor":78,"minecraft:orange_dye":2,"minecraft:chiseled_bookshelf":21,"minecraft:spruce_boat":1,"minecraft:cooked_rabbit":1,"minecraft:green_concrete_powder":16,"minecraft:copper_ingot":1324,"minecraft:white_carpet":47,"minecraft:bread":84,"minecraft:dark_oak_sign":192,"minecraft:hay_block":21,"minecraft:crafting_table":13,"minecraft:spruce_pressure_plate":1,"minecraft:torch":508,"minecraft:magenta_dye":3,"minecraft:dark_oak_fence":174,"minecraft:polished_deepslate_slab":18,"minecraft:dropper":2,"minecraft:purple_dye":4,"minecraft:spruce_planks":2272,"minecraft:lectern":3,"minecraft:gray_concrete_powder":1312,"minecraft:iron_pickaxe":10,"minecraft:copper_block":30,"minecraft:gray_bed":1,"minecraft:coarse_dirt":12,"minecraft:iron_leggings":1},"minecraft:killed":{"minecraft:zombified_piglin":109,"minecraft:stray":148,"minecraft:fox":1,"minecraft:pig":14,"minecraft:piglin":3,"minecraft:bat":1,"minecraft:zombie":399,"minecraft:glow_squid":9,"minecraft:zombie_villager":6,"minecraft:rabbit":5,"minecraft:chicken":80,"minecraft:goat":5,"minecraft:squid":27,"minecraft:drowned":20,"minecraft:cow":37,"minecraft:slime":46,"minecraft:skeleton":258,"minecraft:witch":5,"minecraft:cod":3,"minecraft:spider":85,"minecraft:husk":1,"minecraft:cave_spider":13,"minecraft:creeper":240,"minecraft:sheep":58,"minecraft:breeze":12},"minecraft:picked_up":{"minecraft:cobblestone_wall":1,"minecraft:sweet_berries":92,"minecraft:smooth_stone_slab":1,"minecraft:cobblestone":11958,"minecraft:sugar_cane":406,"minecraft:bone":236,"minecraft:quartz_slab":32,"minecraft:yellow_harness":2,"minecraft:cooked_mutton":21,"minecraft:snow_block":12,"minecraft:diamond_shovel":3,"minecraft:clay_ball":24,"minecraft:waxed_copper_grate":8,"minecraft:cut_copper_slab":2,"minecraft:emerald":64,"minecraft:sugar":1,"minecraft:polished_diorite_slab":2,"minecraft:book":2,"minecraft:ink_sac":65,"minecraft:crimson_fungus":2,"minecraft:cyan_concrete":122,"minecraft:wildflowers":12,"minecraft:shroomlight":6,"minecraft:bow":10,"minecraft:arrow":242,"minecraft:iron_ingot":16,"minecraft:cactus":239,"minecraft:spruce_slab":420,"minecraft:crossbow":3,"minecraft:heavy_core":1,"minecraft:dandelion":124,"minecraft:nautilus_shell":1,"minecraft:mutton":88,"minecraft:golden_carrot":15,"minecraft:spruce_leaves":52,"minecraft:chiseled_copper":10,"minecraft:rabbit_hide":2,"minecraft:stonecutter":3,"minecraft:crimson_nylium":63,"minecraft:crimson_stem":51,"minecraft:cobblestone_stairs":137,"minecraft:oxeye_daisy":9,"minecraft:oak_stairs":4,"minecraft:oak_log":339,"minecraft:sand":3978,"minecraft:furnace":16,"minecraft:wheat_seeds":2784,"minecraft:black_bed":3,"minecraft:oak_door":16,"minecraft:quartz":18,"minecraft:egg":113,"minecraft:red_mushroom":1,"minecraft:snowball":3073,"minecraft:chiseled_tuff_bricks":6,"minecraft:oak_sign":19,"minecraft:string":131,"minecraft:stone_bricks":1,"minecraft:leather_boots":1,"minecraft:writable_book":9,"minecraft:white_carpet":64,"minecraft:nether_wart_block":60,"minecraft:mushroom_stew":5,"minecraft:cornflower":8,"minecraft:dark_oak_slab":7,"minecraft:enchanted_book":3,"minecraft:birch_door":11,"minecraft:gray_carpet":42,"minecraft:spruce_sapling":138,"minecraft:iron_block":257,"minecraft:fishing_rod":2,"minecraft:stripped_oak_log":1,"minecraft:leather":41,"minecraft:honey_bottle":4,"minecraft:lead":67,"minecraft:gray_concrete_powder":12,"minecraft:moss_carpet":5,"minecraft:glass_pane":16,"minecraft:scaffolding":16,"minecraft:mangrove_slab":1,"minecraft:porkchop":26,"minecraft:dropper":4,"minecraft:spruce_sign":63,"minecraft:music_disc_precipice":1,"minecraft:stick":303,"minecraft:white_concrete":1725,"minecraft:polished_tuff":12,"minecraft:dark_oak_fence":15,"minecraft:bamboo":207,"minecraft:player_head":1,"minecraft:cooked_porkchop":21,"minecraft:green_wool":3,"minecraft:iron_axe":2,"minecraft:cookie":7,"minecraft:item_frame":41,"minecraft:raw_iron":290,"minecraft:diamond_chestplate":1,"minecraft:honeycomb":369,"minecraft:nether_brick":7,"minecraft:white_dye":1,"minecraft:leather_helmet":1,"minecraft:spruce_door":6,"minecraft:spruce_pressure_plate":1,"minecraft:chest":47,"minecraft:lectern":5,"minecraft:netherrack":74,"minecraft:copper_trapdoor":13,"minecraft:beacon":5,"minecraft:trident":2,"minecraft:stone":29,"minecraft:waxed_oxidized_copper_trapdoor":6,"minecraft:gravel":1325,"minecraft:tuff":324,"minecraft:phantom_membrane":1,"minecraft:cooked_cod":1,"minecraft:potato":76,"minecraft:shield":1,"minecraft:lapis_lazuli":165,"minecraft:cut_copper":4,"minecraft:spruce_stairs":54,"minecraft:ominous_bottle":2,"minecraft:trial_key":7,"minecraft:mangrove_sign":2,"minecraft:oak_boat":4,"minecraft:pufferfish":5,"minecraft:oak_planks":55,"minecraft:brown_egg":1,"minecraft:raw_copper":260,"minecraft:red_candle":7,"minecraft:rotten_flesh":235,"minecraft:written_book":8,"minecraft:apple":15,"minecraft:iron_nugget":6,"minecraft:jukebox":6,"minecraft:iron_door":4,"minecraft:tropical_fish":2,"minecraft:poisonous_potato":1,"minecraft:glow_item_frame":1,"minecraft:polished_andesite":3,"minecraft:flint":251,"minecraft:polished_deepslate_wall":49,"minecraft:redstone":151,"minecraft:dark_oak_sign":57,"minecraft:music_disc_creator_music_box":1,"minecraft:glow_berries":1,"minecraft:lantern":21,"minecraft:sandstone_slab":1,"minecraft:melon_slice":17,"minecraft:diamond":26,"minecraft:slime_ball":43,"minecraft:granite":23,"minecraft:dark_oak_sapling":22,"minecraft:lily_pad":3,"minecraft:crimson_roots":16,"minecraft:spruce_button":1,"minecraft:deepslate_brick_slab":4,"minecraft:flow_armor_trim_smithing_template":1,"minecraft:dark_oak_fence_gate":17,"minecraft:salmon":18,"minecraft:charcoal":4,"minecraft:spruce_boat":78,"minecraft:gold_block":10,"minecraft:spyglass":3,"minecraft:observer":8,"minecraft:enchanted_golden_apple":2,"minecraft:hay_block":4,"minecraft:raw_gold":22,"minecraft:emerald_block":33,"minecraft:cyan_stained_glass":228,"minecraft:deepslate_bricks":8,"minecraft:spruce_planks":352,"minecraft:dirt":2642,"minecraft:cooked_rabbit":3,"minecraft:blue_egg":2,"minecraft:black_carpet":30,"minecraft:quartz_stairs":16,"minecraft:golden_boots":1,"minecraft:azure_bluet":13,"minecraft:torch":370,"minecraft:diamond_pickaxe":5,"minecraft:bread":28,"minecraft:stripped_birch_log":2,"minecraft:spruce_log":660,"minecraft:cactus_flower":54,"minecraft:music_disc_strad":1,"minecraft:coal":1065,"minecraft:snow":5,"minecraft:oak_fence":8,"minecraft:birch_planks":22,"minecraft:iron_pickaxe":1,"minecraft:weeping_vines":5,"minecraft:golden_axe":1,"minecraft:hopper":1,"minecraft:waxed_copper_block":12,"minecraft:birch_sapling":5,"minecraft:poppy":71,"minecraft:cooked_beef":30,"minecraft:white_wool":66,"minecraft:feather":73,"minecraft:mangrove_propagule":1,"minecraft:potion":10,"minecraft:spruce_fence":39,"minecraft:andesite":251,"minecraft:rabbit_foot":1,"minecraft:music_disc_mellohi":2,"minecraft:ladder":42,"minecraft:amethyst_shard":110,"minecraft:cyan_shulker_box":7,"minecraft:sandstone":7,"minecraft:filled_map":35,"minecraft:coal_ore":34,"minecraft:cyan_dye":19,"minecraft:diamond_axe":6,"minecraft:carrot":185,"minecraft:rabbit":5,"minecraft:mangrove_roots":2,"minecraft:polished_deepslate_slab":77,"minecraft:breeze_rod":16,"minecraft:gold_nugget":40,"minecraft:cod":24,"minecraft:chiseled_tuff":1,"minecraft:baked_potato":38,"minecraft:copper_grate":28,"minecraft:copper_block":4,"minecraft:glow_ink_sac":30,"minecraft:oak_leaves":49,"minecraft:golden_apple":2,"minecraft:oak_trapdoor":9,"minecraft:black_wool":52,"minecraft:chicken":77,"minecraft:cooked_salmon":2,"minecraft:cooked_chicken":35,"minecraft:kelp":580,"minecraft:cobbled_deepslate":1506,"minecraft:pointed_dripstone":5,"minecraft:glowstone_dust":1,"minecraft:pumpkin_seeds":1,"minecraft:amethyst_block":37,"minecraft:wheat":901,"minecraft:tuff_bricks":53,"minecraft:map":6,"minecraft:gunpowder":47,"minecraft:spruce_trapdoor":46,"minecraft:blackstone":4,"minecraft:coarse_dirt":10,"minecraft:waxed_cut_copper_slab":56,"minecraft:magma_block":1,"minecraft:lever":3,"minecraft:white_concrete_powder":52,"minecraft:tinted_glass":73,"minecraft:gray_concrete":706,"minecraft:sea_lantern":4,"minecraft:polished_deepslate":188,"minecraft:leaf_litter":91,"minecraft:grass_block":1,"minecraft:birch_log":13,"minecraft:music_disc_creator":7,"minecraft:music_disc_stal":8,"minecraft:pumpkin":26,"minecraft:bamboo_planks":2,"minecraft:spider_eye":35,"minecraft:dark_oak_log":220,"minecraft:pink_wool":3,"minecraft:tipped_arrow":94,"minecraft:diorite":187,"minecraft:golden_helmet":1,"minecraft:crafting_table":23,"minecraft:ominous_trial_key":11,"minecraft:oak_sapling":115,"minecraft:beef":70,"minecraft:polished_deepslate_stairs":62,"minecraft:wind_charge":35,"minecraft:cobblestone_slab":2,"minecraft:dark_oak_boat":6,"minecraft:glass_bottle":5,"minecraft:oak_slab":38,"minecraft:purple_shulker_box":7,"minecraft:barrel":1,"minecraft:iron_hoe":1,"minecraft:paper":5,"minecraft:gray_wool":46},"minecraft:mined":{"minecraft:torch":188,"minecraft:mangrove_roots":3,"minecraft:dark_oak_wall_sign":46,"minecraft:lever":3,"minecraft:spruce_log":640,"minecraft:nether_quartz_ore":18,"minecraft:chest":42,"minecraft:pumpkin":47,"minecraft:netherrack":207,"minecraft:quartz_stairs":16,"minecraft:beacon":5,"minecraft:spruce_sapling":4,"minecraft:dark_oak_fence_gate":17,"minecraft:brown_mushroom":5,"minecraft:spruce_planks":276,"minecraft:birch_log":13,"minecraft:sweet_berry_bush":3,"minecraft:large_fern":6,"minecraft:magma_block":1,"minecraft:blackstone":4,"minecraft:deepslate_bricks":5,"minecraft:dark_oak_sapling":1,"minecraft:campfire":2,"minecraft:gold_block":10,"minecraft:wall_torch":70,"minecraft:copper_grate":19,"minecraft:fire":49,"minecraft:azure_bluet":13,"minecraft:deepslate_brick_slab":2,"minecraft:dark_oak_log":225,"minecraft:gray_wool":15,"minecraft:spruce_wall_sign":27,"minecraft:dandelion":125,"minecraft:glass":6,"minecraft:white_concrete_powder":51,"minecraft:lantern":11,"minecraft:kelp":746,"minecraft:oak_wall_sign":10,"minecraft:waxed_oxidized_copper_trapdoor":1,"minecraft:scaffolding":18,"minecraft:oak_leaves":168,"minecraft:mangrove_slab":1,"minecraft:clay":6,"minecraft:spruce_stairs":43,"minecraft:crimson_roots":8,"minecraft:tall_grass":261,"minecraft:waxed_copper_block":12,"minecraft:emerald_ore":20,"minecraft:crimson_fungus":2,"minecraft:spruce_door":4,"minecraft:sand":6090,"minecraft:stripped_birch_log":2,"minecraft:spruce_sign":13,"minecraft:cyan_shulker_box":6,"minecraft:stonecutter":3,"minecraft:sandstone_slab":1,"minecraft:gray_carpet":33,"minecraft:waxed_cut_copper_slab":55,"minecraft:lapis_ore":20,"minecraft:black_bed":3,"minecraft:vine":125,"minecraft:carrots":47,"minecraft:lectern":5,"minecraft:gray_concrete":650,"minecraft:short_grass":1001,"minecraft:red_mushroom":1,"minecraft:dirt_path":23,"minecraft:crafting_table":21,"minecraft:deepslate_redstone_ore":29,"minecraft:leaf_litter":15,"minecraft:stripped_oak_log":1,"minecraft:coarse_dirt":10,"minecraft:copper_ore":74,"minecraft:bamboo_planks":2,"minecraft:packed_ice":43,"minecraft:budding_amethyst":13,"minecraft:birch_door":11,"minecraft:cactus":195,"minecraft:iron_block":256,"minecraft:birch_planks":22,"minecraft:stone_bricks":1,"minecraft:dropper":4,"minecraft:bush":1,"minecraft:crimson_stem":51,"minecraft:sculk_sensor":2,"minecraft:wheat":889,"minecraft:oak_trapdoor":9,"minecraft:snow_block":1978,"minecraft:cactus_flower":19,"minecraft:chiseled_copper":10,"minecraft:barrel":1,"minecraft:copper_trapdoor":13,"minecraft:grass_block":1818,"minecraft:cyan_stained_glass":203,"minecraft:tuff_bricks":16,"minecraft:spruce_slab":300,"minecraft:emerald_block":32,"minecraft:jukebox":6,"minecraft:oak_sign":1,"minecraft:amethyst_block":37,"minecraft:weeping_vines_plant":4,"minecraft:cut_copper_slab":2,"minecraft:cyan_concrete":122,"minecraft:oxeye_daisy":9,"minecraft:purple_shulker_box":7,"minecraft:farmland":14,"minecraft:sandstone":9,"minecraft:melon":6,"minecraft:white_concrete":1694,"minecraft:nether_wart_block":60,"minecraft:polished_diorite_slab":2,"minecraft:iron_door":4,"minecraft:oak_fence":5,"minecraft:smooth_stone_slab":1,"minecraft:bamboo":9,"minecraft:fern":6,"minecraft:kelp_plant":69,"minecraft:black_carpet":27,"minecraft:deepslate_diamond_ore":16,"minecraft:potatoes":23,"minecraft:copper_block":6,"minecraft:iron_ore":276,"minecraft:podzol":7,"minecraft:red_candle":1,"minecraft:oak_planks":56,"minecraft:cobblestone":1581,"minecraft:light_gray_stained_glass":4,"minecraft:tinted_glass":77,"minecraft:sugar_cane":292,"minecraft:shroomlight":6,"minecraft:mangrove_leaves":1,"minecraft:spruce_pressure_plate":1,"minecraft:furnace":16,"minecraft:mangrove_trapdoor":1,"minecraft:quartz_slab":32,"minecraft:wildflowers":2,"minecraft:pointed_dripstone":3,"minecraft:tall_seagrass":1,"minecraft:dirt":4403,"minecraft:cobblestone_wall":1,"minecraft:hopper":1,"minecraft:ladder":22,"minecraft:deepslate":1489,"minecraft:snow":597,"minecraft:oak_log":341,"minecraft:oak_door":16,"minecraft:redstone_ore":1,"minecraft:oak_slab":36,"minecraft:small_amethyst_bud":1,"minecraft:gravel":2531,"minecraft:waxed_copper_grate":8,"minecraft:polished_deepslate_slab":73,"minecraft:black_wool":2,"minecraft:gold_ore":9,"minecraft:chiseled_tuff":1,"minecraft:andesite":473,"minecraft:dark_oak_slab":6,"minecraft:deepslate_gold_ore":13,"minecraft:ice":41,"minecraft:dark_oak_leaves":2,"minecraft:poppy":69,"minecraft:deepslate_lapis_ore":7,"minecraft:deepslate_iron_ore":10,"minecraft:amethyst_cluster":20,"minecraft:stone":21915,"minecraft:gray_concrete_powder":12,"minecraft:granite":30,"minecraft:cobblestone_stairs":165,"minecraft:spruce_fence":45,"minecraft:coal_ore":961,"minecraft:diorite":264,"minecraft:hay_block":4,"minecraft:spruce_trapdoor":45,"minecraft:dark_oak_sign":4,"minecraft:polished_deepslate_stairs":64,"minecraft:polished_deepslate":197,"minecraft:sculk_vein":2,"minecraft:white_carpet":63,"minecraft:crimson_nylium":82,"minecraft:dark_oak_fence":15,"minecraft:powder_snow":465,"minecraft:oak_stairs":2,"minecraft:observer":8,"minecraft:polished_deepslate_wall":49,"minecraft:cobweb":32,"minecraft:spruce_leaves":290,"minecraft:chiseled_tuff_bricks":4,"minecraft:cobbled_deepslate":20,"minecraft:tuff":326,"minecraft:polished_tuff":9,"minecraft:nether_gold_ore":10,"minecraft:polished_andesite":3,"minecraft:cobblestone_slab":2,"minecraft:cornflower":8,"minecraft:redstone_wire":1},"minecraft:dropped":{"minecraft:lily_pad":2,"minecraft:dark_oak_sign":1,"minecraft:sugar":2,"minecraft:andesite":8,"minecraft:sweet_berries":5,"minecraft:nether_brick":1,"minecraft:tropical_fish":1,"minecraft:gravel":37,"minecraft:bone":69,"minecraft:ink_sac":1,"minecraft:poppy":3,"minecraft:tuff_bricks":29,"minecraft:spruce_sign":1,"minecraft:oak_sapling":1,"minecraft:filled_map":3,"minecraft:cooked_chicken":10,"minecraft:emerald_block":16,"minecraft:redstone":1,"minecraft:tuff":300,"minecraft:book":4,"minecraft:spruce_stairs":44,"minecraft:arrow":68,"minecraft:spruce_sapling":8,"minecraft:carrot":4,"minecraft:spruce_log":7,"minecraft:gunpowder":11,"minecraft:cactus_flower":3,"minecraft:cooked_mutton":3,"minecraft:iron_pickaxe":1,"minecraft:tipped_arrow":18,"minecraft:rotten_flesh":41,"minecraft:honeycomb":1,"minecraft:torch":7,"minecraft:sandstone":5,"minecraft:ominous_trial_key":5,"minecraft:bow":3,"minecraft:cooked_cod":39,"minecraft:lantern":1,"minecraft:pufferfish":3,"minecraft:bucket":1,"minecraft:dirt":610,"minecraft:stone":17,"minecraft:melon_slice":1,"minecraft:chest":5,"minecraft:emerald":31,"minecraft:coal":1,"minecraft:honey_bottle":1,"minecraft:glass_bottle":11,"minecraft:apple":1,"minecraft:cooked_beef":1,"minecraft:iron_block":103,"minecraft:written_book":1,"minecraft:raw_iron":5,"minecraft:item_frame":8,"minecraft:cookie":1,"minecraft:slime_ball":6,"minecraft:crafting_table":1,"minecraft:golden_helmet":1,"minecraft:lapis_lazuli":4,"minecraft:cut_copper":4,"minecraft:spyglass":2,"minecraft:cooked_porkchop":2,"minecraft:waxed_oxidized_copper_trapdoor":1,"minecraft:cut_copper_slab":44,"minecraft:iron_axe":1,"minecraft:diamond_shovel":2,"minecraft:oak_planks":2,"minecraft:beacon":1,"minecraft:cobbled_deepslate":9,"minecraft:egg":1,"minecraft:wheat_seeds":26,"minecraft:iron_ingot":20,"minecraft:compass":8,"minecraft:iron_nugget":9,"minecraft:yellow_harness":1,"minecraft:oak_log":2,"minecraft:diamond_pickaxe":4,"minecraft:dandelion":7,"minecraft:string":78,"minecraft:golden_boots":1,"minecraft:oak_sign":3,"minecraft:black_carpet":3,"minecraft:stick":595,"minecraft:coal_ore":34,"minecraft:phantom_membrane":1,"minecraft:cooked_salmon":1,"minecraft:bread":15,"minecraft:spider_eye":14,"minecraft:iron_boots":1,"minecraft:snowball":1496,"minecraft:cobblestone":545,"minecraft:spruce_planks":33,"minecraft:leather_boots":1,"minecraft:cobblestone_stairs":1,"minecraft:diamond_axe":4,"minecraft:red_mushroom":1,"minecraft:potion":1,"minecraft:leather":3,"minecraft:iron_hoe":1,"minecraft:gold_block":5,"minecraft:white_concrete":60,"minecraft:gray_carpet":3,"minecraft:feather":5,"minecraft:cobblestone_wall":1,"minecraft:cyan_dye":19,"minecraft:pumpkin_pie":3,"minecraft:trial_key":2,"minecraft:leaf_litter":39,"minecraft:chicken":1,"minecraft:flint":72,"minecraft:spruce_door":1,"minecraft:salmon":2,"minecraft:fishing_rod":2,"minecraft:writable_book":8,"minecraft:cod":2,"minecraft:white_concrete_powder":55},"minecraft:used":{"minecraft:polished_tuff":5,"minecraft:birch_door":11,"minecraft:kelp":432,"minecraft:cactus":21,"minecraft:birch_sign":2,"minecraft:diamond_sword":1276,"minecraft:campfire":11,"minecraft:wheat_seeds":1050,"minecraft:mushroom_stew":1,"minecraft:glass":73,"minecraft:hay_block":23,"minecraft:oak_log":102,"minecraft:sea_lantern":4,"minecraft:spruce_slab":384,"minecraft:stonecutter":5,"minecraft:gray_carpet":51,"minecraft:polished_deepslate_slab":239,"minecraft:diamond_axe":3498,"minecraft:white_carpet":110,"minecraft:stripped_oak_log":1,"minecraft:poppy":31,"minecraft:snowball":346,"minecraft:pointed_dripstone":2,"minecraft:bow":5,"minecraft:iron_leggings":1,"minecraft:loom":1,"minecraft:cobbled_deepslate":19,"minecraft:sandstone_slab":1,"minecraft:cod":5,"minecraft:stone_shovel":260,"minecraft:orange_dye":2,"minecraft:anvil":2,"minecraft:spruce_fence_gate":4,"minecraft:written_book":133,"minecraft:cooked_salmon":22,"minecraft:sand":133,"minecraft:wind_charge":10,"minecraft:glow_ink_sac":26,"minecraft:gray_wool":22,"minecraft:shears":369,"minecraft:dark_oak_fence_gate":47,"minecraft:bucket":386,"minecraft:oak_sapling":53,"minecraft:brown_egg":1,"minecraft:iron_door":4,"minecraft:oak_fence":6,"minecraft:oak_trapdoor":26,"minecraft:grass_block":214,"minecraft:wildflowers":23,"minecraft:emerald_block":16,"minecraft:honeycomb":177,"minecraft:shield":63,"minecraft:iron_pickaxe":2223,"minecraft:andesite":30,"minecraft:polished_deepslate":1602,"minecraft:copper_grate":21,"minecraft:waxed_copper_block":6,"minecraft:oak_boat":3,"minecraft:golden_carrot":1,"minecraft:deepslate_bricks":5,"minecraft:cooked_mutton":74,"minecraft:cookie":168,"minecraft:stone_bricks":23,"minecraft:oxeye_daisy":4,"minecraft:redstone":4,"minecraft:gray_bed":1,"minecraft:pumpkin_seeds":1,"minecraft:map":1,"minecraft:cobblestone":2438,"minecraft:stone":38,"minecraft:waxed_copper_grate":6,"minecraft:crafting_table":29,"minecraft:spruce_sign":71,"minecraft:red_dye":1,"minecraft:iron_chestplate":1,"minecraft:spruce_trapdoor":119,"minecraft:potion":7,"minecraft:cyan_concrete":67,"minecraft:tuff_bricks":4,"minecraft:glow_item_frame":3,"minecraft:baked_potato":43,"minecraft:apple":11,"minecraft:waxed_oxidized_copper_trapdoor":5,"minecraft:scaffolding":24,"minecraft:moss_carpet":12,"minecraft:melon_slice":16,"minecraft:spruce_log":72,"minecraft:water_bucket":384,"minecraft:bread":53,"minecraft:torch":789,"minecraft:gray_concrete":1038,"minecraft:black_bed":3,"minecraft:pink_dye":2,"minecraft:cobblestone_stairs":165,"minecraft:gravel":14,"minecraft:cake":5,"minecraft:beacon":4,"minecraft:cooked_chicken":85,"minecraft:white_wool":1,"minecraft:bamboo_planks":2,"minecraft:snow_block":20,"minecraft:dark_oak_trapdoor":12,"minecraft:dark_oak_boat":6,"minecraft:chest":87,"minecraft:cauldron":3,"minecraft:stone_brick_wall":8,"minecraft:iron_axe":773,"minecraft:leaf_litter":37,"minecraft:ominous_trial_key":6,"minecraft:spruce_pressure_plate":1,"minecraft:iron_block":154,"minecraft:potato":47,"minecraft:mangrove_slab":1,"minecraft:glass_bottle":33,"minecraft:black_carpet":49,"minecraft:oak_sign":33,"minecraft:beehive":4,"minecraft:lantern":85,"minecraft:netherite_pickaxe":2772,"minecraft:cooked_porkchop":20,"minecraft:granite":6,"minecraft:coarse_dirt":21,"minecraft:iron_shovel":1923,"minecraft:chiseled_tuff_bricks":1,"minecraft:black_wool":1,"minecraft:tinted_glass":113,"minecraft:pumpkin_pie":148,"minecraft:jukebox":6,"minecraft:stone_pickaxe":131,"minecraft:dandelion":34,"minecraft:oak_door":16,"minecraft:netherrack":39,"minecraft:spruce_boat":79,"minecraft:diamond_shovel":16044,"minecraft:fire_charge":2,"minecraft:cyan_concrete_powder":80,"minecraft:birch_planks":5,"minecraft:rotten_flesh":1,"minecraft:writable_book":161,"minecraft:bone_meal":80,"minecraft:item_frame":40,"minecraft:yellow_dye":2,"minecraft:dirt":1268,"minecraft:purple_shulker_box":7,"minecraft:honey_bottle":27,"minecraft:fishing_rod":154,"minecraft:dark_oak_sign":609,"minecraft:spruce_leaves":17,"minecraft:dark_oak_sapling":27,"minecraft:spruce_planks":211,"minecraft:cyan_shulker_box":6,"minecraft:oak_leaves":25,"minecraft:cooked_rabbit":4,"minecraft:cooked_cod":73,"minecraft:lectern":7,"minecraft:spyglass":2275,"minecraft:chiseled_bookshelf":20,"minecraft:oak_planks":30,"minecraft:sugar_cane":36,"minecraft:dropper":6,"minecraft:trial_key":5,"minecraft:stone_axe":98,"minecraft:spruce_fence":104,"minecraft:polished_deepslate_wall":87,"minecraft:observer":10,"minecraft:netherite_sword":4,"minecraft:spruce_stairs":102,"minecraft:milk_bucket":5,"minecraft:diamond_pickaxe":26861,"minecraft:nether_brick":1,"minecraft:ladder":136,"minecraft:beetroot":4,"minecraft:crossbow":8,"minecraft:dark_oak_fence":165,"minecraft:magma_block":1,"minecraft:stone_sword":21,"minecraft:sweet_berries":71,"minecraft:pearlescent_froglight":4,"minecraft:polished_deepslate_stairs":120,"minecraft:ominous_bottle":1,"minecraft:oak_slab":214,"minecraft:copper_block":158,"minecraft:hopper":6,"minecraft:polished_andesite":3,"minecraft:carrot":127,"minecraft:copper_trapdoor":90,"minecraft:lime_dye":2,"minecraft:gold_block":5,"minecraft:trident":606,"minecraft:polished_diorite_slab":2,"minecraft:white_dye":12,"minecraft:iron_hoe":1134,"minecraft:gray_concrete_powder":920,"minecraft:cyan_stained_glass":2777,"minecraft:green_dye":2,"minecraft:white_concrete_powder":2921,"minecraft:furnace":26,"minecraft:barrel":8,"minecraft:cut_copper_slab":26,"minecraft:iron_boots":2,"minecraft:wooden_hoe":59,"minecraft:lever":3,"minecraft:dark_oak_slab":88,"minecraft:waxed_cut_copper_slab":308,"minecraft:white_concrete":2726,"minecraft:cyan_dye":1,"minecraft:cobblestone_slab":2,"minecraft:spruce_button":4,"minecraft:cooked_beef":99,"minecraft:iron_helmet":3,"minecraft:mangrove_propagule":1,"minecraft:cornflower":5,"minecraft:spruce_sapling":71,"minecraft:egg":50,"minecraft:azure_bluet":7,"minecraft:leather_helmet":1}},"DataVersion":4440}