{"stats":{"minecraft:killed_by":{"minecraft:creaking":1},"minecraft:custom":{"minecraft:talked_to_villager":5,"minecraft:time_since_rest":14270,"minecraft:leave_game":1,"minecraft:damage_taken":3427,"minecraft:mob_kills":1,"minecraft:boat_one_cm":4018,"minecraft:time_since_death":62739,"minecraft:open_enderchest":1,"minecraft:interact_with_brewingstand":1,"minecraft:interact_with_furnace":20,"minecraft:sleep_in_bed":1,"minecraft:interact_with_smithing_table":1,"minecraft:total_world_time":66327,"minecraft:swim_one_cm":25072,"minecraft:crouch_one_cm":1190,"minecraft:deaths":2,"minecraft:climb_one_cm":2521,"minecraft:damage_dealt_resisted":143,"minecraft:animals_bred":1,"minecraft:interact_with_crafting_table":21,"minecraft:walk_one_cm":364096,"minecraft:walk_under_water_one_cm":2413,"minecraft:interact_with_lectern":1,"minecraft:play_time":66327,"minecraft:damage_dealt":202,"minecraft:jump":387,"minecraft:open_barrel":1,"minecraft:sprint_one_cm":200613,"minecraft:open_chest":78,"minecraft:fall_one_cm":8099,"minecraft:fly_one_cm":26048,"minecraft:walk_on_water_one_cm":6839,"minecraft:sneak_time":549},"minecraft:crafted":{"minecraft:furnace":1,"minecraft:ladder":12,"minecraft:spruce_boat":1,"minecraft:glass":15,"minecraft:bread":3,"minecraft:oak_sign":3,"minecraft:book":1,"minecraft:spruce_door":6,"minecraft:glass_pane":16,"minecraft:crafting_table":1,"minecraft:torch":16,"minecraft:stick":60,"minecraft:spruce_fence":15,"minecraft:charcoal":21,"minecraft:cooked_beef":22,"minecraft:oak_planks":36,"minecraft:chest":4,"minecraft:spruce_planks":260,"minecraft:bamboo_block":15,"minecraft:fishing_rod":4,"minecraft:bow":9,"minecraft:air":0,"minecraft:paper":27},"minecraft:killed":{"minecraft:zombie":1},"minecraft:picked_up":{"minecraft:egg":1,"minecraft:spruce_planks":19,"minecraft:carrot":46,"minecraft:sweet_berries":85,"minecraft:spruce_sapling":14,"minecraft:dirt":5,"minecraft:stick":11,"minecraft:bamboo":138,"minecraft:sugar_cane":158,"minecraft:cooked_porkchop":4,"minecraft:arrow":2,"minecraft:torch":2,"minecraft:oak_sapling":6,"minecraft:spruce_log":22,"minecraft:oak_log":10,"minecraft:stone_bricks":4,"minecraft:sand":15,"minecraft:dandelion":2,"minecraft:wheat_seeds":44,"minecraft:wheat":13,"minecraft:bone_meal":2},"minecraft:mined":{"minecraft:stone_bricks":4,"minecraft:tall_grass":6,"minecraft:spruce_log":22,"minecraft:glass":5,"minecraft:dandelion":2,"minecraft:wheat":13,"minecraft:grass_block":9,"minecraft:carrots":12,"minecraft:sugar_cane":159,"minecraft:spruce_leaves":5,"minecraft:bamboo":30,"minecraft:short_grass":23,"minecraft:wall_torch":2,"minecraft:sand":23,"minecraft:oak_leaves":4,"minecraft:spruce_planks":19,"minecraft:oak_log":10,"minecraft:sweet_berry_bush":20},"minecraft:used":{"minecraft:stone_axe":105,"minecraft:spruce_fence":10,"minecraft:spruce_boat":1,"minecraft:wheat_seeds":32,"minecraft:stone_shovel":18,"minecraft:bone_meal":1,"minecraft:glass":5,"minecraft:oak_sign":2,"minecraft:ladder":4,"minecraft:glass_pane":6,"minecraft:furnace":1,"minecraft:cooked_porkchop":1,"minecraft:torch":9,"minecraft:written_book":1,"minecraft:dirt":4,"minecraft:sweet_berries":24,"minecraft:spruce_planks":121,"minecraft:bamboo_block":10,"minecraft:spruce_door":4,"minecraft:carrot":28,"minecraft:crafting_table":1,"minecraft:chest":4,"minecraft:spruce_sapling":15,"minecraft:egg":1,"minecraft:stone_pickaxe":4}},"DataVersion":4440}