{"stats":{"minecraft:custom":{"minecraft:talked_to_villager":4,"minecraft:time_since_rest":33441,"minecraft:leave_game":5,"minecraft:mob_kills":12,"minecraft:damage_taken":2161,"minecraft:time_since_death":33424,"minecraft:sleep_in_bed":1,"minecraft:total_world_time":68225,"minecraft:swim_one_cm":6358,"minecraft:crouch_one_cm":14916,"minecraft:climb_one_cm":11222,"minecraft:deaths":6,"minecraft:traded_with_villager":16,"minecraft:interact_with_crafting_table":5,"minecraft:walk_one_cm":222038,"minecraft:walk_under_water_one_cm":485,"minecraft:interact_with_lectern":2,"minecraft:play_time":68225,"minecraft:damage_dealt":1303,"minecraft:jump":1984,"minecraft:drop":3,"minecraft:sprint_one_cm":296671,"minecraft:open_chest":84,"minecraft:interact_with_smoker":2,"minecraft:fall_one_cm":51837,"minecraft:tune_noteblock":23,"minecraft:fly_one_cm":492217,"minecraft:interact_with_anvil":1,"minecraft:walk_on_water_one_cm":5636,"minecraft:sneak_time":2337,"minecraft:interact_with_blast_furnace":2},"minecraft:crafted":{"minecraft:torch":20,"minecraft:white_bed":1,"minecraft:stick":512,"minecraft:dark_oak_planks":564,"minecraft:dark_oak_trapdoor":2,"minecraft:chest":2,"minecraft:crafting_table":1,"minecraft:dark_oak_door":3,"minecraft:emerald":16},"minecraft:broken":{"minecraft:stone_axe":1},"minecraft:killed":{"minecraft:zombie":1,"minecraft:pillager":2,"minecraft:creeper":1,"minecraft:sheep":3},"minecraft:picked_up":{"minecraft:pale_oak_log":38,"minecraft:dirt":1,"minecraft:stick":1,"minecraft:white_wool":3,"minecraft:mutton":5,"minecraft:gunpowder":1,"minecraft:pale_oak_sapling":1,"minecraft:music_disc_creator_music_box":1,"minecraft:bread":8,"minecraft:dark_oak_planks":14,"minecraft:dark_oak_log":77},"minecraft:mined":{"minecraft:tall_grass":1,"minecraft:pale_oak_log":38,"minecraft:dark_oak_leaves":1,"minecraft:pale_oak_leaves":1,"minecraft:dark_oak_log":79,"minecraft:grass_block":1,"minecraft:dark_oak_planks":25},"minecraft:dropped":{"minecraft:salmon":1,"minecraft:glass_pane":1,"minecraft:gunpowder":1},"minecraft:used":{"minecraft:stone_axe":131,"minecraft:stone_sword":35,"minecraft:iron_leggings":1,"minecraft:chainmail_chestplate":1,"minecraft:pale_oak_sign":1,"minecraft:dark_oak_door":1,"minecraft:leather_boots":1,"minecraft:pale_oak_sapling":1,"minecraft:cooked_chicken":4,"minecraft:crafting_table":1,"minecraft:dark_oak_trapdoor":2,"minecraft:chest":2,"minecraft:dark_oak_planks":199,"minecraft:glass_pane":5,"minecraft:cooked_porkchop":1,"minecraft:white_bed":1,"minecraft:torch":4,"minecraft:bread":3,"minecraft:dirt":1}},"DataVersion":4440}