{"stats":{"minecraft:crafted":{"minecraft:chest":1,"minecraft:crafting_table":1,"minecraft:mangrove_planks":40},"minecraft:killed_by":{"minecraft:endermite":2},"minecraft:mined":{"minecraft:mangrove_roots":69,"minecraft:tall_seagrass":1,"minecraft:dirt":32,"minecraft:chest":1,"minecraft:vine":6,"minecraft:mangrove_log":11,"minecraft:coal_ore":15,"minecraft:grass_block":1,"minecraft:cobblestone":1,"minecraft:moss_carpet":2,"minecraft:mangrove_leaves":15,"minecraft:sand":34,"minecraft:mangrove_planks":1,"minecraft:crafting_table":1,"minecraft:mangrove_propagule":1,"minecraft:stone":7},"minecraft:custom":{"minecraft:interact_with_crafting_table":2,"minecraft:time_since_rest":6571,"minecraft:walk_one_cm":95450,"minecraft:leave_game":2,"minecraft:walk_under_water_one_cm":5920,"minecraft:damage_taken":6450,"minecraft:play_time":12579,"minecraft:jump":375,"minecraft:time_since_death":6561,"minecraft:drop":12,"minecraft:open_barrel":2,"minecraft:sprint_one_cm":54169,"minecraft:open_chest":16,"minecraft:sleep_in_bed":1,"minecraft:fall_one_cm":7027,"minecraft:total_world_time":12579,"minecraft:swim_one_cm":9752,"minecraft:fly_one_cm":43647,"minecraft:walk_on_water_one_cm":35101,"minecraft:crouch_one_cm":4905,"minecraft:sneak_time":568,"minecraft:climb_one_cm":10304,"minecraft:deaths":3},"minecraft:picked_up":{"minecraft:egg":2,"minecraft:dirt":32,"minecraft:cobblestone":13,"minecraft:mangrove_roots":66,"minecraft:mangrove_log":10,"minecraft:mangrove_propagule":4,"minecraft:crafting_table":1,"minecraft:stone_shovel":2,"minecraft:mangrove_planks":1,"minecraft:coal":60,"minecraft:stone_pickaxe":2,"minecraft:stone_sword":2,"minecraft:stone_axe":2,"minecraft:moss_carpet":12,"minecraft:sand":33,"minecraft:chest":1},"minecraft:dropped":{"minecraft:stone_shovel":2,"minecraft:cobblestone":6,"minecraft:stone_sword":2,"minecraft:stone_axe":2,"minecraft:stone_pickaxe":2,"minecraft:coal":30},"minecraft:used":{"minecraft:stone_axe":93,"minecraft:stone_shovel":66,"minecraft:mangrove_planks":29,"minecraft:mangrove_roots":55,"minecraft:crafting_table":1,"minecraft:chest":2,"minecraft:moss_carpet":1,"minecraft:egg":2,"minecraft:stone_pickaxe":23,"minecraft:dirt":31,"minecraft:cobblestone":4}},"DataVersion":4440}