{"stats":{"minecraft:killed_by":{"minecraft:skeleton":1,"minecraft:zombie_villager":1,"minecraft:spider":1,"minecraft:zombie":1},"minecraft:custom":{"minecraft:time_since_rest":3696,"minecraft:talked_to_villager":36,"minecraft:leave_game":6,"minecraft:damage_taken":4612,"minecraft:mob_kills":124,"minecraft:boat_one_cm":339611,"minecraft:time_since_death":3677,"minecraft:open_enderchest":1,"minecraft:interact_with_furnace":138,"minecraft:sleep_in_bed":3,"minecraft:swim_one_cm":226000,"minecraft:total_world_time":316077,"minecraft:crouch_one_cm":37153,"minecraft:deaths":12,"minecraft:climb_one_cm":91035,"minecraft:fish_caught":34,"minecraft:traded_with_villager":105,"minecraft:interact_with_crafting_table":72,"minecraft:walk_one_cm":3150350,"minecraft:walk_under_water_one_cm":68674,"minecraft:damage_dealt":23575,"minecraft:interact_with_lectern":4,"minecraft:play_time":316077,"minecraft:jump":9828,"minecraft:drop":31,"minecraft:open_barrel":7,"minecraft:sprint_one_cm":1079694,"minecraft:open_chest":200,"minecraft:fall_one_cm":267087,"minecraft:fly_one_cm":1961655,"minecraft:interact_with_anvil":1,"minecraft:walk_on_water_one_cm":129508,"minecraft:sneak_time":5837},"minecraft:broken":{"minecraft:stone_shovel":1,"minecraft:iron_axe":2,"minecraft:stone_axe":2,"minecraft:iron_pickaxe":2,"minecraft:stone_sword":2,"minecraft:stone_pickaxe":4,"minecraft:iron_sword":1,"minecraft:wooden_shovel":1},"minecraft:crafted":{"minecraft:stone_sword":1,"minecraft:cooked_salmon":7,"minecraft:gold_ingot":22,"minecraft:iron_chestplate":1,"minecraft:stick":3237,"minecraft:blue_wool":3,"minecraft:oak_fence":21,"minecraft:stone_bricks":48,"minecraft:iron_helmet":1,"minecraft:chest":18,"minecraft:cobblestone_wall":60,"minecraft:air":0,"minecraft:bucket":1,"minecraft:bone_meal":48,"minecraft:ladder":6,"minecraft:glass":13,"minecraft:oak_sign":3,"minecraft:cobblestone_slab":66,"minecraft:mangrove_planks":108,"minecraft:mangrove_boat":2,"minecraft:wooden_hoe":1,"minecraft:oak_planks":1880,"minecraft:cooked_cod":10,"minecraft:iron_sword":2,"minecraft:fishing_rod":2,"minecraft:blue_bed":1,"minecraft:mangrove_sign":6,"minecraft:stone_pickaxe":3,"minecraft:cooked_mutton":2,"minecraft:iron_boots":1,"minecraft:mangrove_door":3,"minecraft:smooth_stone":2,"minecraft:white_wool":2,"minecraft:oak_fence_gate":1,"minecraft:blue_dye":3,"minecraft:wooden_shovel":1,"minecraft:emerald":105,"minecraft:furnace":1,"minecraft:iron_ingot":110,"minecraft:golden_boots":2,"minecraft:lead":2,"minecraft:bread":20,"minecraft:stone":50,"minecraft:crafting_table":1,"minecraft:torch":16,"minecraft:stone_axe":1,"minecraft:iron_pickaxe":3,"minecraft:iron_axe":3,"minecraft:iron_leggings":1,"minecraft:golden_apple":1,"minecraft:cobblestone_stairs":120},"minecraft:killed":{"minecraft:zombie":61,"minecraft:husk":1,"minecraft:skeleton":17,"minecraft:creeper":10,"minecraft:enderman":1,"minecraft:sheep":1,"minecraft:pig":1,"minecraft:drowned":13,"minecraft:witch":1,"minecraft:spider":9},"minecraft:picked_up":{"minecraft:cobblestone_wall":10,"minecraft:tropical_fish":2,"minecraft:name_tag":2,"minecraft:cobblestone":493,"minecraft:mangrove_roots":71,"minecraft:mangrove_log":27,"minecraft:flint":1,"minecraft:fishing_rod":2,"minecraft:bone":36,"minecraft:redstone":59,"minecraft:water_bucket":1,"minecraft:cooked_mutton":1,"minecraft:cod":19,"minecraft:moss_carpet":8,"minecraft:baked_potato":1,"minecraft:diamond":5,"minecraft:ghast_tear":1,"minecraft:granite":11,"minecraft:lily_pad":3,"minecraft:glow_ink_sac":3,"minecraft:porkchop":3,"minecraft:salmon":10,"minecraft:stick":99,"minecraft:wildflowers":28,"minecraft:bow":2,"minecraft:arrow":35,"minecraft:mangrove_door":2,"minecraft:raw_iron":110,"minecraft:spruce_slab":2,"minecraft:cobbled_deepslate":1174,"minecraft:raw_gold":22,"minecraft:amethyst_block":12,"minecraft:wheat":58,"minecraft:nautilus_shell":1,"minecraft:mutton":2,"minecraft:gunpowder":10,"minecraft:golden_carrot":5,"minecraft:dirt":244,"minecraft:gravel":11,"minecraft:torch":15,"minecraft:azure_bluet":1,"minecraft:cobblestone_stairs":1,"minecraft:coal":130,"minecraft:oak_log":505,"minecraft:potato":2,"minecraft:sand":16,"minecraft:wheat_seeds":169,"minecraft:mangrove_boat":1,"minecraft:lapis_lazuli":59,"minecraft:spider_eye":5,"minecraft:egg":1,"minecraft:mangrove_sign":3,"minecraft:diorite":24,"minecraft:cooked_beef":1,"minecraft:pufferfish":3,"minecraft:white_wool":1,"minecraft:mangrove_propagule":8,"minecraft:oak_planks":23,"minecraft:potion":1,"minecraft:brown_egg":1,"minecraft:raw_copper":45,"minecraft:oak_sapling":164,"minecraft:andesite":26,"minecraft:rotten_flesh":107,"minecraft:oak_sign":1,"minecraft:mangrove_planks":1,"minecraft:apple":22,"minecraft:cobblestone_slab":2,"minecraft:ender_pearl":1,"minecraft:string":49,"minecraft:stone_bricks":35,"minecraft:copper_ingot":2,"minecraft:writable_book":1,"minecraft:ladder":3,"minecraft:amethyst_shard":52},"minecraft:mined":{"minecraft:torch":4,"minecraft:redstone_ore":8,"minecraft:mangrove_roots":73,"minecraft:spawner":2,"minecraft:vine":9,"minecraft:oak_sign":1,"minecraft:gravel":15,"minecraft:amethyst_block":12,"minecraft:short_grass":60,"minecraft:mangrove_wall_sign":1,"minecraft:dirt_path":1,"minecraft:deepslate_redstone_ore":4,"minecraft:copper_ore":13,"minecraft:gold_ore":7,"minecraft:andesite":26,"minecraft:deepslate_gold_ore":15,"minecraft:budding_amethyst":1,"minecraft:wall_torch":5,"minecraft:diamond_ore":1,"minecraft:mangrove_planks":1,"minecraft:deepslate_lapis_ore":5,"minecraft:deepslate_diamond_ore":4,"minecraft:deepslate_iron_ore":11,"minecraft:amethyst_cluster":13,"minecraft:mangrove_propagule":1,"minecraft:oak_sapling":16,"minecraft:azure_bluet":1,"minecraft:iron_ore":99,"minecraft:stone":585,"minecraft:stone_bricks":35,"minecraft:granite":15,"minecraft:cobblestone_stairs":1,"minecraft:bush":3,"minecraft:glass":1,"minecraft:coal_ore":130,"minecraft:wheat":62,"minecraft:diorite":28,"minecraft:oak_planks":25,"minecraft:cobblestone":43,"minecraft:mangrove_door":2,"minecraft:mangrove_leaves":15,"minecraft:oak_leaves":180,"minecraft:mangrove_sign":2,"minecraft:tall_grass":13,"minecraft:wildflowers":10,"minecraft:tall_seagrass":1,"minecraft:lily_pad":1,"minecraft:dirt":249,"minecraft:cobblestone_wall":10,"minecraft:mangrove_log":27,"minecraft:grass_block":159,"minecraft:cobweb":35,"minecraft:cobbled_deepslate":2,"minecraft:moss_carpet":1,"minecraft:tuff":2,"minecraft:ladder":3,"minecraft:deepslate":25,"minecraft:sand":15,"minecraft:cobblestone_slab":1,"minecraft:oak_log":505,"minecraft:lapis_ore":4},"minecraft:dropped":{"minecraft:rotten_flesh":5,"minecraft:lily_pad":1,"minecraft:music_disc_otherside":1,"minecraft:nautilus_shell":1,"minecraft:ghast_tear":1,"minecraft:copper_ingot":2,"minecraft:amethyst_block":1,"minecraft:golden_carrot":1,"minecraft:string":3,"minecraft:tropical_fish":2,"minecraft:pufferfish":3,"minecraft:stick":1,"minecraft:slime_ball":1,"minecraft:wheat_seeds":1,"minecraft:amethyst_shard":2,"minecraft:writable_book":1,"minecraft:gold_ingot":2,"minecraft:pufferfish_bucket":1,"minecraft:diamond":1,"minecraft:mangrove_propagule":1,"minecraft:spruce_slab":2,"minecraft:glow_ink_sac":1},"minecraft:used":{"minecraft:stone_axe":245,"minecraft:oak_fence":19,"minecraft:iron_axe":482,"minecraft:iron_pickaxe":581,"minecraft:andesite":13,"minecraft:mangrove_sign":9,"minecraft:mangrove_boat":3,"minecraft:potato":4,"minecraft:iron_sword":426,"minecraft:wheat_seeds":83,"minecraft:golden_carrot":4,"minecraft:cooked_mutton":3,"minecraft:glass":13,"minecraft:oak_sign":4,"minecraft:salmon":3,"minecraft:ladder":9,"minecraft:stone_bricks":83,"minecraft:granite":5,"minecraft:stone_sword":241,"minecraft:cobblestone_wall":45,"minecraft:diorite":7,"minecraft:oak_log":35,"minecraft:cobblestone":80,"minecraft:wooden_shovel":59,"minecraft:mangrove_door":3,"minecraft:crafting_table":1,"minecraft:oak_fence_gate":1,"minecraft:stone_pickaxe":524,"minecraft:baked_potato":1,"minecraft:cobbled_deepslate":18,"minecraft:mangrove_roots":3,"minecraft:apple":20,"minecraft:cod":9,"minecraft:stone_shovel":137,"minecraft:rotten_flesh":7,"minecraft:water_bucket":55,"minecraft:writable_book":2,"minecraft:bone_meal":43,"minecraft:furnace":1,"minecraft:bread":24,"minecraft:blue_bed":1,"minecraft:torch":30,"minecraft:dirt":178,"minecraft:fishing_rod":69,"minecraft:cooked_salmon":7,"minecraft:wooden_hoe":21,"minecraft:cobblestone_stairs":113,"minecraft:cobblestone_slab":47,"minecraft:gravel":4,"minecraft:glow_ink_sac":2,"minecraft:cooked_cod":10,"minecraft:mangrove_planks":51,"minecraft:cooked_beef":1,"minecraft:bucket":56,"minecraft:amethyst_block":11,"minecraft:chest":5,"minecraft:oak_planks":123,"minecraft:porkchop":3,"minecraft:oak_sapling":137,"minecraft:egg":1,"minecraft:azure_bluet":1,"minecraft:brown_egg":1,"minecraft:ender_pearl":1}},"DataVersion":4440}