{"stats":{"minecraft:dropped":{"minecraft:stone_shovel":1,"minecraft:wheat_seeds":1,"minecraft:porkchop":3,"minecraft:stone_sword":1,"minecraft:stone_axe":1,"minecraft:stone_pickaxe":1},"minecraft:picked_up":{"minecraft:spruce_planks":2,"minecraft:porkchop":3,"minecraft:dirt":6,"minecraft:cobblestone":12,"minecraft:redstone_torch":1,"minecraft:white_wool":1,"minecraft:stone_shovel":1,"minecraft:torch":1,"minecraft:lead":4,"minecraft:spruce_log":2,"minecraft:cobblestone_slab":1,"minecraft:stone_pickaxe":1,"minecraft:stone_bricks":11,"minecraft:stone_sword":1,"minecraft:stone_axe":1,"minecraft:wheat_seeds":1,"minecraft:mutton":2},"minecraft:custom":{"minecraft:talked_to_villager":1,"minecraft:time_since_rest":1223,"minecraft:leave_game":4,"minecraft:mob_kills":3,"minecraft:damage_taken":3192,"minecraft:boat_one_cm":4433,"minecraft:time_since_death":1214,"minecraft:open_enderchest":1,"minecraft:happy_ghast_one_cm":2090679,"minecraft:total_world_time":33921,"minecraft:swim_one_cm":27922,"minecraft:crouch_one_cm":9583,"minecraft:climb_one_cm":2777,"minecraft:deaths":10,"minecraft:player_kills":3,"minecraft:damage_dealt_resisted":280,"minecraft:interact_with_crafting_table":5,"minecraft:walk_one_cm":161095,"minecraft:horse_one_cm":38304,"minecraft:walk_under_water_one_cm":11295,"minecraft:play_time":33921,"minecraft:damage_dealt":1045,"minecraft:jump":2991,"minecraft:drop":8,"minecraft:open_barrel":2,"minecraft:sprint_one_cm":391228,"minecraft:open_chest":43,"minecraft:interact_with_smoker":1,"minecraft:fall_one_cm":110035,"minecraft:fly_one_cm":939656,"minecraft:walk_on_water_one_cm":10703,"minecraft:sneak_time":1121},"minecraft:killed_by":{"minecraft:player":5,"minecraft:silverfish":1},"minecraft:crafted":{"minecraft:spruce_planks":8,"minecraft:bread":21,"minecraft:crafting_table":1},"minecraft:killed":{"minecraft:pig":2,"minecraft:sheep":1},"minecraft:used":{"minecraft:stone_axe":4,"minecraft:stone_sword":45,"minecraft:iron_leggings":3,"minecraft:spruce_planks":6,"minecraft:cobblestone_slab":1,"minecraft:white_wool":1,"minecraft:cobblestone":12,"minecraft:stone_shovel":2,"minecraft:redstone_torch":1,"minecraft:crafting_table":1,"minecraft:stone_bricks":11,"minecraft:torch":1,"minecraft:stone_pickaxe":40,"minecraft:bread":17,"minecraft:written_book":2,"minecraft:dirt":6},"minecraft:mined":{"minecraft:short_grass":3,"minecraft:stone_bricks":15,"minecraft:tall_grass":5,"minecraft:spruce_planks":1,"minecraft:cobblestone_slab":1,"minecraft:dirt":5,"minecraft:spruce_log":2,"minecraft:rose_bush":1,"minecraft:grass_block":6,"minecraft:redstone_wall_torch":1,"minecraft:cobblestone":1,"minecraft:stone":23}},"DataVersion":4440}