{"stats":{"minecraft:dropped":{"minecraft:oak_button":4,"minecraft:arrow":2},"minecraft:custom":{"minecraft:time_since_rest":128487,"minecraft:leave_game":5,"minecraft:damage_taken":1406,"minecraft:mob_kills":194,"minecraft:time_since_death":134247,"minecraft:interact_with_furnace":75,"minecraft:sleep_in_bed":3,"minecraft:total_world_time":172423,"minecraft:swim_one_cm":71151,"minecraft:crouch_one_cm":30141,"minecraft:deaths":2,"minecraft:climb_one_cm":35431,"minecraft:fish_caught":6,"minecraft:interact_with_crafting_table":31,"minecraft:walk_one_cm":1385612,"minecraft:walk_under_water_one_cm":56510,"minecraft:interact_with_lectern":2,"minecraft:play_time":172423,"minecraft:damage_dealt":12268,"minecraft:jump":2339,"minecraft:drop":2,"minecraft:open_barrel":5,"minecraft:sprint_one_cm":259138,"minecraft:open_chest":195,"minecraft:fall_one_cm":41507,"minecraft:fly_one_cm":181191,"minecraft:walk_on_water_one_cm":53803,"minecraft:sneak_time":5165},"minecraft:picked_up":{"minecraft:carrot":4,"minecraft:dirt":288,"minecraft:cobblestone":274,"minecraft:white_bed":3,"minecraft:redstone":100,"minecraft:torch":7,"minecraft:bone":1,"minecraft:dripstone_block":11,"minecraft:bread":12,"minecraft:coal":23,"minecraft:oak_log":125,"minecraft:cod":5,"minecraft:sand":53,"minecraft:furnace":4,"minecraft:baked_potato":11,"minecraft:diamond":1,"minecraft:wheat_seeds":452,"minecraft:egg":1,"minecraft:iron_leggings":1,"minecraft:diorite":3,"minecraft:salmon":2,"minecraft:stick":25,"minecraft:oak_planks":6,"minecraft:crafting_table":5,"minecraft:arrow":2,"minecraft:smooth_basalt":5,"minecraft:raw_copper":153,"minecraft:oak_sapling":75,"minecraft:rotten_flesh":31,"minecraft:raw_iron":9,"minecraft:cobbled_deepslate":23,"minecraft:diamond_chestplate":1,"minecraft:pointed_dripstone":9,"minecraft:chest_minecart":2,"minecraft:apple":2,"minecraft:raw_gold":6,"minecraft:copper_ingot":3,"minecraft:calcite":6,"minecraft:amethyst_block":5,"minecraft:wheat":165,"minecraft:amethyst_shard":96,"minecraft:nautilus_shell":2,"minecraft:gunpowder":2},"minecraft:killed_by":{"minecraft:drowned":1},"minecraft:crafted":{"minecraft:stone_sword":3,"minecraft:stone_shovel":6,"minecraft:golden_helmet":2,"minecraft:chainmail_helmet":1,"minecraft:gold_ingot":6,"minecraft:stone_pickaxe":3,"minecraft:stick":44,"minecraft:charcoal":24,"minecraft:oak_door":3,"minecraft:oak_fence":6,"minecraft:chest":3,"minecraft:bow":1,"minecraft:air":0,"minecraft:furnace":3,"minecraft:iron_ingot":4,"minecraft:golden_boots":1,"minecraft:copper_ingot":64,"minecraft:glass":40,"minecraft:bread":55,"minecraft:oak_sign":3,"minecraft:crafting_table":2,"minecraft:torch":72,"minecraft:white_bed":1,"minecraft:oak_button":4,"minecraft:stone_axe":1,"minecraft:oak_planks":112,"minecraft:golden_chestplate":1,"minecraft:iron_pickaxe":1,"minecraft:fishing_rod":1},"minecraft:killed":{"minecraft:zombie":62,"minecraft:skeleton":36,"minecraft:creeper":63,"minecraft:zombie_villager":1,"minecraft:drowned":25},"minecraft:used":{"minecraft:stone_axe":131,"minecraft:oak_fence":6,"minecraft:iron_leggings":1,"minecraft:baked_potato":11,"minecraft:iron_pickaxe":137,"minecraft:wheat_seeds":182,"minecraft:stone_shovel":786,"minecraft:water_bucket":1,"minecraft:glass":36,"minecraft:oak_sign":2,"minecraft:smooth_basalt":5,"minecraft:furnace":7,"minecraft:bread":15,"minecraft:torch":45,"minecraft:dirt":128,"minecraft:fishing_rod":6,"minecraft:sand":8,"minecraft:stone_sword":352,"minecraft:chest_minecart":2,"minecraft:cobblestone":39,"minecraft:diamond_chestplate":1,"minecraft:carrot":14,"minecraft:bucket":2,"minecraft:crafting_table":6,"minecraft:chest":3,"minecraft:oak_planks":22,"minecraft:oak_sapling":46,"minecraft:egg":1,"minecraft:white_bed":4,"minecraft:stone_pickaxe":524,"minecraft:calcite":6,"minecraft:bow":36,"minecraft:oak_door":2},"minecraft:broken":{"minecraft:stone_shovel":5,"minecraft:stone_sword":2,"minecraft:stone_pickaxe":4},"minecraft:mined":{"minecraft:torch":1,"minecraft:sculk":4,"minecraft:smooth_basalt":5,"minecraft:coal_ore":23,"minecraft:wheat":180,"minecraft:diorite":5,"minecraft:carrots":1,"minecraft:oak_planks":6,"minecraft:cobblestone":31,"minecraft:white_bed":3,"minecraft:amethyst_block":5,"minecraft:short_grass":18,"minecraft:oak_leaves":39,"minecraft:furnace":4,"minecraft:crafting_table":5,"minecraft:sculk_vein":6,"minecraft:deepslate_redstone_ore":23,"minecraft:copper_ore":46,"minecraft:tall_grass":6,"minecraft:pointed_dripstone":7,"minecraft:tall_seagrass":1,"minecraft:dirt":426,"minecraft:grass_block":281,"minecraft:deepslate_gold_ore":6,"minecraft:wall_torch":5,"minecraft:deepslate":24,"minecraft:sand":101,"minecraft:calcite":6,"minecraft:deepslate_diamond_ore":1,"minecraft:deepslate_iron_ore":4,"minecraft:dripstone_block":11,"minecraft:oak_log":125,"minecraft:amethyst_cluster":24,"minecraft:oak_sapling":5,"minecraft:stone":436}},"DataVersion":4440}