{"stats":{"minecraft:killed":{"minecraft:zombie":4,"minecraft:skeleton":4,"minecraft:glow_squid":3},"minecraft:used":{"minecraft:stone_axe":2,"minecraft:glow_berries":18,"minecraft:stone_sword":54,"minecraft:crafting_table":2,"minecraft:shield":4,"minecraft:iron_pickaxe":96,"minecraft:furnace":2,"minecraft:torch":2,"minecraft:stone_pickaxe":131,"minecraft:iron_sword":33,"minecraft:cobblestone":23},"minecraft:mined":{"minecraft:spruce_log":6,"minecraft:andesite":4,"minecraft:diorite":4,"minecraft:coal_ore":14,"minecraft:gravel":3,"minecraft:wall_torch":1,"minecraft:fern":1,"minecraft:deepslate":5,"minecraft:furnace":2,"minecraft:crafting_table":2,"minecraft:small_dripleaf":1,"minecraft:iron_ore":7,"minecraft:stone":187},"minecraft:crafted":{"minecraft:torch":16,"minecraft:furnace":1,"minecraft:stick":20,"minecraft:iron_ingot":7,"minecraft:shield":1,"minecraft:spruce_planks":24,"minecraft:iron_pickaxe":1,"minecraft:iron_sword":1,"minecraft:air":0,"minecraft:crafting_table":1},"minecraft:broken":{"minecraft:stone_pickaxe":1},"minecraft:picked_up":{"minecraft:diorite":1,"minecraft:cobblestone":154,"minecraft:gravel":2,"minecraft:bow":1,"minecraft:crafting_table":2,"minecraft:arrow":5,"minecraft:bone":3,"minecraft:torch":1,"minecraft:cobbled_deepslate":5,"minecraft:rotten_flesh":6,"minecraft:andesite":4,"minecraft:raw_iron":11,"minecraft:spruce_log":6,"minecraft:coal":14,"minecraft:glow_berries":12,"minecraft:moss_carpet":1,"minecraft:furnace":2,"minecraft:glow_ink_sac":7},"minecraft:custom":{"minecraft:interact_with_crafting_table":12,"minecraft:damage_blocked_by_shield":240,"minecraft:time_since_rest":5394,"minecraft:walk_one_cm":75921,"minecraft:leave_game":1,"minecraft:mob_kills":11,"minecraft:damage_taken":180,"minecraft:play_time":5891,"minecraft:damage_dealt":1660,"minecraft:jump":244,"minecraft:time_since_death":5376,"minecraft:interact_with_furnace":21,"minecraft:sprint_one_cm":26804,"minecraft:fall_one_cm":9001,"minecraft:total_world_time":5891,"minecraft:fly_one_cm":33827,"minecraft:walk_on_water_one_cm":5054,"minecraft:crouch_one_cm":262,"minecraft:sneak_time":22,"minecraft:deaths":1}},"DataVersion":4440}