{"stats":{"minecraft:killed_by":{"minecraft:skeleton":3,"minecraft:player":33,"minecraft:creeper":9,"minecraft:endermite":2,"minecraft:zombified_piglin":3,"minecraft:creaking":3,"minecraft:spider":2,"minecraft:iron_golem":2,"minecraft:drowned":2,"minecraft:warden":1,"minecraft:pillager":1,"minecraft:zombie":5},"minecraft:custom":{"minecraft:eat_cake_slice":4,"minecraft:time_since_rest":61015,"minecraft:leave_game":73,"minecraft:boat_one_cm":4019615,"minecraft:time_since_death":60979,"minecraft:interact_with_furnace":933,"minecraft:happy_ghast_one_cm":1745267,"minecraft:clean_banner":1,"minecraft:total_world_time":4330904,"minecraft:crouch_one_cm":354771,"minecraft:raid_win":4,"minecraft:climb_one_cm":241710,"minecraft:deaths":140,"minecraft:interact_with_stonecutter":72,"minecraft:fish_caught":5,"minecraft:damage_dealt_resisted":71,"minecraft:animals_bred":8,"minecraft:minecart_one_cm":154006,"minecraft:traded_with_villager":456,"minecraft:damage_blocked_by_shield":5320,"minecraft:interact_with_crafting_table":421,"minecraft:inspect_dropper":4,"minecraft:walk_one_cm":18281331,"minecraft:walk_under_water_one_cm":819867,"minecraft:horse_one_cm":1372266,"minecraft:damage_dealt":227136,"minecraft:play_time":4330904,"minecraft:jump":50707,"minecraft:play_record":8,"minecraft:target_hit":6,"minecraft:sprint_one_cm":6767284,"minecraft:fill_cauldron":14,"minecraft:inspect_hopper":21,"minecraft:fly_one_cm":8831222,"minecraft:walk_on_water_one_cm":352640,"minecraft:interact_with_blast_furnace":303,"minecraft:interact_with_grindstone":43,"minecraft:talked_to_villager":281,"minecraft:damage_taken":125435,"minecraft:mob_kills":7280,"minecraft:interact_with_beacon":1,"minecraft:open_enderchest":44,"minecraft:interact_with_brewingstand":80,"minecraft:interact_with_smithing_table":8,"minecraft:sleep_in_bed":28,"minecraft:inspect_dispenser":18,"minecraft:swim_one_cm":445332,"minecraft:pot_flower":24,"minecraft:player_kills":32,"minecraft:enchant_item":69,"minecraft:interact_with_loom":4,"minecraft:interact_with_lectern":90,"minecraft:drop":905,"minecraft:use_cauldron":7,"minecraft:bell_ring":10,"minecraft:open_barrel":194,"minecraft:open_chest":3283,"minecraft:interact_with_smoker":112,"minecraft:fall_one_cm":2022624,"minecraft:interact_with_anvil":88,"minecraft:sneak_time":86506,"minecraft:raid_trigger":1},"minecraft:broken":{"minecraft:stone_shovel":2,"minecraft:iron_axe":8,"minecraft:iron_hoe":1,"minecraft:iron_shovel":1,"minecraft:fishing_rod":1,"minecraft:diamond_chestplate":1,"minecraft:stone_sword":1,"minecraft:stone_pickaxe":1,"minecraft:shears":2,"minecraft:iron_boots":1},"minecraft:crafted":{"minecraft:iron_trapdoor":2,"minecraft:mace":2,"minecraft:wind_charge":32,"minecraft:gold_ingot":1340,"minecraft:book":37,"minecraft:iron_chestplate":1,"minecraft:crimson_planks":8,"minecraft:glass_pane":64,"minecraft:clock":1,"minecraft:cherry_sign":3,"minecraft:black_terracotta":256,"minecraft:stone_bricks":28,"minecraft:diamond_pickaxe":1,"minecraft:chest":49,"minecraft:iron_block":37,"minecraft:bookshelf":6,"minecraft:acacia_planks":64,"minecraft:bucket":22,"minecraft:flint_and_steel":2,"minecraft:item_frame":19,"minecraft:dark_oak_planks":1716,"minecraft:cauldron":1,"minecraft:diamond_shovel":2,"minecraft:glass":69,"minecraft:mangrove_planks":28,"minecraft:iron_hoe":1,"minecraft:spruce_fence":117,"minecraft:oak_trapdoor":52,"minecraft:brewing_stand":1,"minecraft:red_wool":13,"minecraft:stone_stairs":2,"minecraft:campfire":1,"minecraft:redstone_block":1,"minecraft:spruce_wood":3,"minecraft:netherite_upgrade_smithing_template":8,"minecraft:netherite_helmet":1,"minecraft:yellow_dye":118,"minecraft:cooked_mutton":18,"minecraft:spruce_door":12,"minecraft:iron_boots":2,"minecraft:terracotta":20,"minecraft:dark_oak_boat":3,"minecraft:smooth_stone":64,"minecraft:white_wool":5,"minecraft:charcoal":507,"minecraft:cooked_beef":43,"minecraft:diamond":9,"minecraft:stonecutter":1,"minecraft:blue_dye":57,"minecraft:golden_carrot":503,"minecraft:fletching_table":1,"minecraft:decorated_pot":24,"minecraft:spruce_sign":24,"minecraft:cherry_planks":76,"minecraft:brick":3981,"minecraft:barrel":7,"minecraft:red_banner":1,"minecraft:raw_iron":504,"minecraft:paper":828,"minecraft:armor_stand":2,"minecraft:furnace":9,"minecraft:netherite_leggings":1,"minecraft:iron_ingot":1528,"minecraft:dark_oak_slab":78,"minecraft:lead":2,"minecraft:diamond_helmet":3,"minecraft:scaffolding":66,"minecraft:stone":916,"minecraft:raw_iron_block":52,"minecraft:blaze_powder":24,"minecraft:experience_bottle":1,"minecraft:diamond_leggings":2,"minecraft:enchanted_book":16,"minecraft:baked_potato":892,"minecraft:spruce_stairs":132,"minecraft:clay":52,"minecraft:shield":4,"minecraft:polished_tuff_stairs":3,"minecraft:black_stained_glass":8,"minecraft:iron_axe":7,"minecraft:piston":1,"minecraft:spruce_button":1,"minecraft:copper_grate":4,"minecraft:spruce_fence_gate":4,"minecraft:diamond_boots":4,"minecraft:smithing_table":1,"minecraft:writable_book":4,"minecraft:powered_rail":6,"minecraft:cherry_boat":1,"minecraft:dark_oak_stairs":32,"minecraft:gray_dye":2,"minecraft:map":52,"minecraft:stick":10147,"minecraft:white_stained_glass_pane":64,"minecraft:compass":44,"minecraft:minecart":3,"minecraft:black_dye":66,"minecraft:cooked_porkchop":11,"minecraft:iron_helmet":3,"minecraft:diamond_axe":2,"minecraft:air":0,"minecraft:redstone":18,"minecraft:bone_meal":237,"minecraft:spyglass":1,"minecraft:oak_boat":1,"minecraft:snow_block":2,"minecraft:lapis_block":20,"minecraft:stone_button":4,"minecraft:yellow_carpet":75,"minecraft:red_dye":142,"minecraft:flower_pot":21,"minecraft:blast_furnace":4,"minecraft:redstone_torch":3,"minecraft:loom":1,"minecraft:lapis_lazuli":189,"minecraft:oak_planks":1104,"minecraft:gray_stained_glass":16,"minecraft:gold_nugget":4170,"minecraft:white_concrete_powder":280,"minecraft:red_bed":2,"minecraft:fishing_rod":1,"minecraft:shears":3,"minecraft:iron_shovel":6,"minecraft:smoker":4,"minecraft:stone_shovel":4,"minecraft:white_dye":103,"minecraft:lantern":28,"minecraft:cooked_chicken":6,"minecraft:birch_planks":304,"minecraft:stone_pickaxe":1,"minecraft:anvil":6,"minecraft:netherite_ingot":4,"minecraft:spruce_slab":88,"minecraft:dark_oak_trapdoor":2,"minecraft:chain":5,"minecraft:netherite_boots":1,"minecraft:diamond_chestplate":2,"minecraft:diamond_sword":3,"minecraft:jungle_boat":1,"minecraft:crimson_sign":3,"minecraft:iron_nugget":247,"minecraft:yellow_wool":12,"minecraft:emerald":435,"minecraft:stone_brick_stairs":35,"minecraft:pale_oak_planks":168,"minecraft:spruce_trapdoor":180,"minecraft:gold_block":98,"minecraft:chiseled_bookshelf":14,"minecraft:spruce_boat":6,"minecraft:deepslate_brick_stairs":10,"minecraft:copper_ingot":91,"minecraft:white_carpet":192,"minecraft:bread":132,"minecraft:hay_block":16,"minecraft:crafting_table":20,"minecraft:netherite_chestplate":1,"minecraft:acacia_sign":3,"minecraft:bricks":929,"minecraft:torch":900,"minecraft:white_bed":1,"minecraft:red_carpet":103,"minecraft:dark_oak_fence":15,"minecraft:saddle":1,"minecraft:spruce_planks":4784,"minecraft:lectern":2,"minecraft:iron_pickaxe":4,"minecraft:copper_block":4,"minecraft:coarse_dirt":28,"minecraft:chiseled_stone_bricks":33,"minecraft:iron_leggings":2},"minecraft:killed":{"minecraft:zombified_piglin":6312,"minecraft:pig":7,"minecraft:piglin":1,"minecraft:vindicator":5,"minecraft:parrot":2,"minecraft:ravager":2,"minecraft:bat":2,"minecraft:silverfish":21,"minecraft:zombie":186,"minecraft:glow_squid":13,"minecraft:zombie_villager":7,"minecraft:chicken":6,"minecraft:squid":35,"minecraft:drowned":25,"minecraft:cow":19,"minecraft:slime":165,"minecraft:pillager":121,"minecraft:skeleton":186,"minecraft:tropical_fish":1,"minecraft:witch":7,"minecraft:spider":43,"minecraft:horse":2,"minecraft:bogged":5,"minecraft:husk":7,"minecraft:creeper":37,"minecraft:sheep":9,"minecraft:enderman":6,"minecraft:magma_cube":1,"minecraft:vex":1,"minecraft:breeze":9},"minecraft:picked_up":{"minecraft:cobblestone_wall":16,"minecraft:music_disc_wait":1,"minecraft:sweet_berries":12,"minecraft:pale_oak_log":42,"minecraft:smooth_stone_slab":24,"minecraft:cherry_sign":1,"minecraft:cobblestone":1744,"minecraft:minecart":19,"minecraft:brick":29,"minecraft:saddle":3,"minecraft:gray_stained_glass":6,"minecraft:sugar_cane":843,"minecraft:bone":255,"minecraft:acacia_sapling":8,"minecraft:rose_bush":3,"minecraft:cooked_mutton":2,"minecraft:diamond_shovel":1,"minecraft:clay_ball":3692,"minecraft:waxed_copper_grate":40,"minecraft:sculk_catalyst":1,"minecraft:stripped_spruce_log":18,"minecraft:iron_sword":2,"minecraft:white_banner":13,"minecraft:white_terracotta":3,"minecraft:blaze_rod":135,"minecraft:emerald":74,"minecraft:pale_oak_sapling":6,"minecraft:sugar":11,"minecraft:book":6,"minecraft:armor_stand":1,"minecraft:ink_sac":120,"minecraft:wildflowers":90,"minecraft:chainmail_helmet":1,"minecraft:spectral_arrow":1,"minecraft:bow":20,"minecraft:arrow":312,"minecraft:smooth_basalt":36,"minecraft:iron_ingot":16,"minecraft:tadpole_bucket":1,"minecraft:spruce_slab":76,"minecraft:crossbow":18,"minecraft:heavy_core":2,"minecraft:mace":1,"minecraft:dandelion":55,"minecraft:nautilus_shell":2,"minecraft:mutton":20,"minecraft:golden_carrot":46,"minecraft:iron_chestplate":1,"minecraft:spruce_leaves":42,"minecraft:red_banner":1,"minecraft:light_gray_carpet":1,"minecraft:stonecutter":12,"minecraft:verdant_froglight":3,"minecraft:crimson_stem":2,"minecraft:big_dripleaf":8,"minecraft:oxeye_daisy":8,"minecraft:oak_log":458,"minecraft:lingering_potion":1,"minecraft:sand":120,"minecraft:furnace":31,"minecraft:wheat_seeds":2538,"minecraft:leather_leggings":1,"minecraft:quartz":61,"minecraft:egg":13,"minecraft:diamond_sword":2,"minecraft:red_bed":30,"minecraft:red_mushroom":7,"minecraft:snowball":64,"minecraft:blast_furnace":4,"minecraft:loom":1,"minecraft:dried_kelp":6,"minecraft:chiseled_tuff_bricks":15,"minecraft:oak_button":2,"minecraft:oak_sign":13,"minecraft:beetroot_seeds":233,"minecraft:chainmail_boots":2,"minecraft:ender_pearl":9,"minecraft:string":95,"minecraft:golden_sword":7,"minecraft:smithing_table":1,"minecraft:stone_bricks":195,"minecraft:obsidian":430,"minecraft:leather_boots":1,"minecraft:writable_book":24,"minecraft:polished_basalt":1,"minecraft:white_carpet":12,"minecraft:nether_wart_block":18,"minecraft:chain":9,"minecraft:cornflower":16,"minecraft:ender_chest":4,"minecraft:dark_oak_slab":58,"minecraft:enchanted_book":4,"minecraft:spruce_sapling":230,"minecraft:iron_block":1,"minecraft:spruce_fence_gate":4,"minecraft:tripwire_hook":1,"minecraft:yellow_terracotta":143,"minecraft:flowering_azalea":3,"minecraft:white_bed":10,"minecraft:fishing_rod":1,"minecraft:stripped_oak_log":6,"minecraft:chiseled_stone_bricks":326,"minecraft:leather":102,"minecraft:birch_sign":1,"minecraft:lead":27,"minecraft:brown_mushroom":14,"minecraft:moss_carpet":6,"minecraft:music_disc_tears":1,"minecraft:scaffolding":21,"minecraft:porkchop":11,"minecraft:carved_pumpkin":1,"minecraft:spruce_sign":175,"minecraft:stick":262,"minecraft:white_concrete":185,"minecraft:redstone_torch":4,"minecraft:polished_tuff":2,"minecraft:dark_oak_fence":1,"minecraft:bamboo":265,"minecraft:player_head":8,"minecraft:moss_block":28,"minecraft:cooked_porkchop":1,"minecraft:iron_axe":1,"minecraft:cauldron":5,"minecraft:cookie":46,"minecraft:red_carpet":44,"minecraft:item_frame":83,"minecraft:raw_iron":1255,"minecraft:diamond_chestplate":2,"minecraft:waxed_oxidized_copper_grate":1,"minecraft:dead_bush":60,"minecraft:oxidized_copper_grate":5,"minecraft:nether_brick":11,"minecraft:leather_helmet":4,"minecraft:cherry_boat":3,"minecraft:spruce_door":16,"minecraft:chest":50,"minecraft:lectern":3,"minecraft:pink_petals":29,"minecraft:sculk":2,"minecraft:cobbled_deepslate_slab":1,"minecraft:dark_oak_trapdoor":1,"minecraft:netherrack":335,"minecraft:red_wool":28,"minecraft:stone":96,"minecraft:gravel":200,"minecraft:jungle_planks":9,"minecraft:jungle_boat":2,"minecraft:deepslate_tile_stairs":1,"minecraft:tuff":1319,"minecraft:phantom_membrane":3,"minecraft:redstone_block":11,"minecraft:potato":3793,"minecraft:dark_oak_stairs":53,"minecraft:terracotta":297,"minecraft:shield":7,"minecraft:lapis_lazuli":514,"minecraft:jungle_log":239,"minecraft:flowering_azalea_leaves":1,"minecraft:spruce_stairs":321,"minecraft:stripped_pale_oak_log":2,"minecraft:yellow_dye":1,"minecraft:yellow_concrete":3,"minecraft:ominous_bottle":6,"minecraft:trial_key":2,"minecraft:warped_sign":2,"minecraft:oak_boat":6,"minecraft:oak_planks":165,"minecraft:raw_copper":201,"minecraft:stone_brick_stairs":299,"minecraft:purple_bed":1,"minecraft:rotten_flesh":499,"minecraft:written_book":14,"minecraft:apple":3,"minecraft:calcite":51,"minecraft:melon":10,"minecraft:iron_door":1,"minecraft:tropical_fish":17,"minecraft:poisonous_potato":37,"minecraft:stone_button":6,"minecraft:brewing_stand":2,"minecraft:glass":1,"minecraft:flint":53,"minecraft:suspicious_stew":1,"minecraft:redstone":483,"minecraft:deepslate_tiles":13,"minecraft:dark_oak_sign":1,"minecraft:glow_berries":7,"minecraft:lantern":55,"minecraft:melon_slice":1,"minecraft:diamond":477,"minecraft:slime_ball":143,"minecraft:granite":195,"minecraft:smoker":4,"minecraft:goat_horn":4,"minecraft:stone_brick_slab":195,"minecraft:lily_pad":21,"minecraft:crimson_roots":4,"minecraft:spruce_button":7,"minecraft:nether_wart":166,"minecraft:salmon":3,"minecraft:charcoal":187,"minecraft:spruce_boat":176,"minecraft:spyglass":1,"minecraft:dark_oak_planks":246,"minecraft:enchanted_golden_apple":5,"minecraft:hay_block":16,"minecraft:raw_gold":244,"minecraft:acacia_log":16,"minecraft:deepslate_bricks":4,"minecraft:bamboo_block":2,"minecraft:beetroot":84,"minecraft:crying_obsidian":15,"minecraft:pale_oak_sign":8,"minecraft:spruce_planks":619,"minecraft:dirt":1574,"minecraft:blue_egg":9,"minecraft:rail":86,"minecraft:blue_wool":6,"minecraft:diamond_helmet":1,"minecraft:golden_boots":1,"minecraft:azure_bluet":18,"minecraft:torch":296,"minecraft:diamond_pickaxe":4,"minecraft:cherry_log":23,"minecraft:bread":70,"minecraft:spruce_log":1774,"minecraft:coal":1755,"minecraft:stone_stairs":4,"minecraft:snow":28,"minecraft:oak_fence":13,"minecraft:birch_planks":1,"minecraft:sculk_sensor":1,"minecraft:splash_potion":1,"minecraft:deepslate_brick_stairs":3,"minecraft:polished_tuff_stairs":25,"minecraft:iron_pickaxe":2,"minecraft:tnt":2,"minecraft:weeping_vines":1,"minecraft:ochre_froglight":11,"minecraft:tuff_brick_stairs":14,"minecraft:anvil":4,"minecraft:nether_bricks":1,"minecraft:milk_bucket":1,"minecraft:waxed_copper_block":3,"minecraft:birch_sapling":13,"minecraft:poppy":77,"minecraft:cooked_beef":7,"minecraft:nether_star":1,"minecraft:white_wool":283,"minecraft:feather":14,"minecraft:iron_trapdoor":4,"minecraft:potion":31,"minecraft:spruce_fence":125,"minecraft:bricks":399,"minecraft:jungle_fence":2,"minecraft:andesite":77,"minecraft:lily_of_the_valley":1,"minecraft:deepslate_tile_slab":1,"minecraft:mangrove_planks":2,"minecraft:raw_iron_block":4,"minecraft:copper_ingot":36,"minecraft:amethyst_shard":78,"minecraft:sandstone":86,"minecraft:filled_map":151,"minecraft:coal_ore":1,"minecraft:soul_sand":79,"minecraft:diamond_axe":4,"minecraft:carrot":1242,"minecraft:black_terracotta":28,"minecraft:mangrove_roots":4,"minecraft:yellow_carpet":31,"minecraft:breeze_rod":16,"minecraft:black_concrete":7,"minecraft:gold_nugget":219,"minecraft:resin_clump":2,"minecraft:cod":4,"minecraft:gold_ingot":15,"minecraft:baked_potato":129,"minecraft:glow_ink_sac":29,"minecraft:golden_apple":6,"minecraft:oak_trapdoor":7,"minecraft:acacia_slab":2,"minecraft:black_wool":2,"minecraft:chicken":6,"minecraft:red_terracotta":1,"minecraft:golden_chestplate":1,"minecraft:cooked_chicken":3,"minecraft:cobbled_deepslate":3103,"minecraft:lapis_block":4,"minecraft:spruce_wood":1,"minecraft:glowstone_dust":13,"minecraft:pumpkin_seeds":6,"minecraft:music_disc_lava_chicken":2,"minecraft:jungle_sapling":1,"minecraft:amethyst_block":27,"minecraft:wheat":1207,"minecraft:tuff_bricks":15,"minecraft:tuff_brick_slab":3,"minecraft:damaged_anvil":2,"minecraft:gunpowder":58,"minecraft:pumpkin_pie":1,"minecraft:netherite_helmet":1,"minecraft:spruce_trapdoor":82,"minecraft:blackstone":6,"minecraft:deepslate_tile_wall":1,"minecraft:blaze_powder":46,"minecraft:cut_sandstone_slab":2,"minecraft:coarse_dirt":2,"minecraft:magma_block":52,"minecraft:white_concrete_powder":16,"minecraft:tinted_glass":2,"minecraft:clock":9,"minecraft:smooth_stone":41,"minecraft:short_grass":111,"minecraft:polished_deepslate":3,"minecraft:leaf_litter":20,"minecraft:pale_oak_planks":30,"minecraft:grass_block":4,"minecraft:pale_oak_boat":4,"minecraft:birch_log":76,"minecraft:music_disc_creator":3,"minecraft:compass":10,"minecraft:pumpkin":3,"minecraft:diamond_block":2,"minecraft:piston":11,"minecraft:spider_eye":58,"minecraft:bone_meal":2,"minecraft:dark_oak_log":95,"minecraft:tipped_arrow":45,"minecraft:diorite":46,"minecraft:sandstone_stairs":9,"minecraft:flower_pot":13,"minecraft:orange_stained_glass":1,"minecraft:crafting_table":46,"minecraft:ominous_trial_key":10,"minecraft:decorated_pot":2,"minecraft:oak_sapling":19,"minecraft:beef":41,"minecraft:wind_charge":85,"minecraft:glass_bottle":14,"minecraft:waxed_oxidized_copper":1,"minecraft:dried_ghast":1,"minecraft:barrel":17,"minecraft:paper":62,"minecraft:gray_wool":1},"minecraft:mined":{"minecraft:torch":96,"minecraft:mangrove_roots":6,"minecraft:dark_oak_wall_sign":1,"minecraft:iron_trapdoor":4,"minecraft:spruce_log":1700,"minecraft:nether_quartz_ore":33,"minecraft:chest":48,"minecraft:pumpkin":3,"minecraft:netherrack":715,"minecraft:black_concrete":6,"minecraft:spruce_sapling":9,"minecraft:red_wall_banner":1,"minecraft:ochre_froglight":10,"minecraft:brown_mushroom":24,"minecraft:spruce_planks":601,"minecraft:birch_log":80,"minecraft:sweet_berry_bush":3,"minecraft:magma_block":50,"minecraft:dark_oak_planks":243,"minecraft:redstone_torch":2,"minecraft:tnt":1,"minecraft:blackstone":7,"minecraft:anvil":4,"minecraft:deepslate_bricks":4,"minecraft:jungle_planks":10,"minecraft:pale_oak_sign":4,"minecraft:dark_oak_trapdoor":1,"minecraft:campfire":1,"minecraft:wall_torch":101,"minecraft:fire":23,"minecraft:smithing_table":1,"minecraft:mangrove_planks":2,"minecraft:ender_chest":1,"minecraft:deepslate_tiles":9,"minecraft:azure_bluet":19,"minecraft:acacia_log":17,"minecraft:dark_oak_log":94,"minecraft:chain":4,"minecraft:spruce_wall_sign":57,"minecraft:dandelion":48,"minecraft:glass":1,"minecraft:white_concrete_powder":16,"minecraft:lantern":13,"minecraft:oak_wall_sign":1,"minecraft:cherry_leaves":1,"minecraft:scaffolding":17,"minecraft:oak_leaves":73,"minecraft:tuff_brick_stairs":14,"minecraft:brewing_stand":1,"minecraft:orange_stained_glass":1,"minecraft:clay":889,"minecraft:spruce_stairs":282,"minecraft:rose_bush":3,"minecraft:spruce_button":2,"minecraft:crimson_roots":4,"minecraft:tall_grass":16,"minecraft:waxed_copper_block":5,"minecraft:deepslate_tile_slab":1,"minecraft:emerald_ore":1,"minecraft:lily_pad":1,"minecraft:cobbled_deepslate_slab":1,"minecraft:acacia_slab":1,"minecraft:pink_petals":12,"minecraft:medium_amethyst_bud":1,"minecraft:water_cauldron":1,"minecraft:flower_pot":9,"minecraft:moss_carpet":2,"minecraft:spruce_door":6,"minecraft:sand":180,"minecraft:white_banner":3,"minecraft:seagrass":10,"minecraft:spruce_sign":21,"minecraft:stonecutter":11,"minecraft:lapis_ore":18,"minecraft:yellow_concrete":3,"minecraft:red_bed":29,"minecraft:chiseled_stone_bricks":334,"minecraft:vine":48,"minecraft:terracotta":312,"minecraft:carrots":361,"minecraft:lectern":3,"minecraft:short_grass":308,"minecraft:black_stained_glass":7,"minecraft:red_mushroom":7,"minecraft:dirt_path":8,"minecraft:crafting_table":45,"minecraft:flowering_azalea":2,"minecraft:deepslate_redstone_ore":48,"minecraft:dark_oak_stairs":53,"minecraft:leaf_litter":10,"minecraft:stripped_oak_log":6,"minecraft:redstone_wall_torch":1,"minecraft:coarse_dirt":2,"minecraft:copper_ore":43,"minecraft:raw_iron_block":4,"minecraft:smooth_stone":24,"minecraft:nether_brick_stairs":1,"minecraft:packed_ice":7,"minecraft:blast_furnace":4,"minecraft:oxidized_copper_grate":5,"minecraft:budding_amethyst":4,"minecraft:cauldron":3,"minecraft:birch_planks":1,"minecraft:jungle_leaves":21,"minecraft:stone_bricks":208,"minecraft:white_stained_glass_pane":10,"minecraft:bush":1,"minecraft:crimson_stem":2,"minecraft:sculk_sensor":2,"minecraft:wheat":1343,"minecraft:oak_trapdoor":7,"minecraft:birch_sign":1,"minecraft:red_terracotta":1,"minecraft:yellow_carpet":31,"minecraft:soul_sand":79,"minecraft:crying_obsidian":15,"minecraft:snow_block":9,"minecraft:barrel":16,"minecraft:nether_wart":55,"minecraft:lapis_block":4,"minecraft:big_dripleaf":4,"minecraft:grass_block":1679,"minecraft:stone_brick_slab":137,"minecraft:tuff_bricks":15,"minecraft:light_gray_carpet":1,"minecraft:damaged_anvil":2,"minecraft:pale_oak_leaves":3,"minecraft:deepslate_tile_wall":1,"minecraft:calcite":46,"minecraft:spruce_slab":69,"minecraft:spruce_wood":1,"minecraft:warped_wall_sign":2,"minecraft:smooth_basalt":36,"minecraft:oak_sign":6,"minecraft:amethyst_block":32,"minecraft:oak_button":1,"minecraft:piston_head":1,"minecraft:oxeye_daisy":5,"minecraft:farmland":1,"minecraft:obsidian":441,"minecraft:waxed_oxidized_copper_grate":1,"minecraft:waxed_oxidized_copper":1,"minecraft:sandstone":86,"minecraft:white_concrete":176,"minecraft:piston":9,"minecraft:stripped_spruce_log":18,"minecraft:nether_wart_block":18,"minecraft:iron_door":1,"minecraft:birch_leaves":7,"minecraft:oak_fence":1,"minecraft:smooth_stone_slab":19,"minecraft:moss_block":28,"minecraft:bamboo":114,"minecraft:decorated_pot":10,"minecraft:fern":1,"minecraft:stone_brick_stairs":330,"minecraft:deepslate_diamond_ore":208,"minecraft:potatoes":1330,"minecraft:small_dripleaf":1,"minecraft:iron_ore":105,"minecraft:nether_sprouts":1,"minecraft:beetroots":88,"minecraft:oak_planks":45,"minecraft:cobblestone":182,"minecraft:tuff_brick_slab":2,"minecraft:sugar_cane":862,"minecraft:spruce_fence_gate":4,"minecraft:red_mushroom_block":2,"minecraft:furnace":23,"minecraft:yellow_terracotta":145,"minecraft:bricks":306,"minecraft:wildflowers":43,"minecraft:purple_bed":1,"minecraft:tall_seagrass":13,"minecraft:rail":26,"minecraft:dirt":932,"minecraft:cobblestone_wall":17,"minecraft:deepslate":4401,"minecraft:snow":35,"minecraft:oak_log":473,"minecraft:cherry_log":24,"minecraft:sculk":772,"minecraft:gravel":373,"minecraft:waxed_copper_grate":40,"minecraft:pale_oak_wall_sign":3,"minecraft:loom":1,"minecraft:red_carpet":44,"minecraft:jungle_log":244,"minecraft:gray_stained_glass":10,"minecraft:verdant_froglight":2,"minecraft:gold_ore":7,"minecraft:andesite":94,"minecraft:chiseled_bookshelf":4,"minecraft:glowstone":3,"minecraft:dark_oak_slab":57,"minecraft:redstone_block":12,"minecraft:deepslate_gold_ore":109,"minecraft:ice":4,"minecraft:nether_bricks":3,"minecraft:polished_basalt":1,"minecraft:dark_oak_leaves":2,"minecraft:poppy":85,"minecraft:deepslate_lapis_ore":29,"minecraft:deepslate_iron_ore":521,"minecraft:amethyst_cluster":10,"minecraft:black_terracotta":23,"minecraft:polished_tuff_stairs":25,"minecraft:stone":2188,"minecraft:deepslate_brick_stairs":3,"minecraft:cut_sandstone_slab":2,"minecraft:sandstone_stairs":9,"minecraft:granite":380,"minecraft:spruce_fence":128,"minecraft:coal_ore":878,"minecraft:diorite":64,"minecraft:hay_block":17,"minecraft:spruce_trapdoor":81,"minecraft:white_bed":9,"minecraft:smoker":4,"minecraft:polished_deepslate":3,"minecraft:sculk_vein":54,"minecraft:bookshelf":1,"minecraft:white_carpet":12,"minecraft:glow_lichen":1,"minecraft:potted_oxeye_daisy":1,"minecraft:dark_oak_fence":1,"minecraft:powder_snow":76,"minecraft:potted_dead_bush":2,"minecraft:player_head":5,"minecraft:cobweb":37,"minecraft:spruce_leaves":326,"minecraft:chiseled_tuff_bricks":11,"minecraft:cobbled_deepslate":276,"minecraft:carved_pumpkin":1,"minecraft:tuff":1531,"minecraft:polished_tuff":3,"minecraft:stone_button":1,"minecraft:pale_oak_log":42,"minecraft:cornflower":12,"minecraft:redstone_wire":36,"minecraft:dead_bush":42,"minecraft:stone_stairs":4},"minecraft:dropped":{"minecraft:lily_pad":4,"minecraft:dark_oak_sign":1,"minecraft:sugar":2,"minecraft:andesite":36,"minecraft:sweet_berries":9,"minecraft:magma_block":8,"minecraft:nether_brick":1,"minecraft:mangrove_roots":4,"minecraft:tropical_fish":1,"minecraft:gravel":53,"minecraft:bone":69,"minecraft:brick":2,"minecraft:breeze_rod":1,"minecraft:tuff_bricks":4,"minecraft:spruce_sign":2,"minecraft:raw_gold":90,"minecraft:moss_block":7,"minecraft:pumpkin":1,"minecraft:nether_bricks":1,"minecraft:crossbow":14,"minecraft:azure_bluet":2,"minecraft:oak_sapling":1,"minecraft:filled_map":18,"minecraft:cooked_chicken":1,"minecraft:minecart":3,"minecraft:glowstone_dust":1,"minecraft:amethyst_block":4,"minecraft:cornflower":4,"minecraft:redstone":79,"minecraft:golden_carrot":125,"minecraft:tuff":53,"minecraft:iron_leggings":1,"minecraft:spruce_stairs":39,"minecraft:acacia_planks":2,"minecraft:arrow":91,"minecraft:carrot":16,"minecraft:spruce_log":64,"minecraft:gunpowder":2,"minecraft:dried_kelp":4,"minecraft:dead_bush":23,"minecraft:flowering_azalea_leaves":1,"minecraft:gold_ingot":42,"minecraft:smooth_basalt":26,"minecraft:stone_axe":1,"minecraft:cooked_mutton":2,"minecraft:spruce_leaves":1,"minecraft:baked_potato":306,"minecraft:diorite":26,"minecraft:tipped_arrow":7,"minecraft:rotten_flesh":53,"minecraft:stone_shovel":2,"minecraft:iron_helmet":1,"minecraft:torch":68,"minecraft:bow":11,"minecraft:charcoal":2,"minecraft:lantern":1,"minecraft:bucket":2,"minecraft:dirt":46,"minecraft:smooth_stone":17,"minecraft:golden_chestplate":1,"minecraft:sand":3,"minecraft:resin_clump":2,"minecraft:oak_fence":7,"minecraft:music_disc_creator":1,"minecraft:bamboo_block":2,"minecraft:rail":50,"minecraft:spruce_boat":1,"minecraft:blue_egg":3,"minecraft:potato":746,"minecraft:glass_bottle":5,"minecraft:melon":8,"minecraft:cooked_beef":3,"minecraft:nether_wart":16,"minecraft:written_book":8,"minecraft:item_frame":71,"minecraft:cookie":36,"minecraft:slime_ball":45,"minecraft:crafting_table":11,"minecraft:lapis_lazuli":38,"minecraft:netherrack":6,"minecraft:spyglass":1,"minecraft:cooked_porkchop":1,"minecraft:blaze_rod":3,"minecraft:iron_axe":2,"minecraft:oak_planks":100,"minecraft:wheat":10,"minecraft:stonecutter":1,"minecraft:lead":3,"minecraft:cobbled_deepslate":109,"minecraft:egg":4,"minecraft:sugar_cane":5,"minecraft:wheat_seeds":1431,"minecraft:iron_ingot":1,"minecraft:chain":3,"minecraft:spruce_trapdoor":2,"minecraft:goat_horn":1,"minecraft:paper":2,"minecraft:piston":1,"minecraft:stone_pickaxe":1,"minecraft:shield":1,"minecraft:smoker":2,"minecraft:calcite":48,"minecraft:tinted_glass":2,"minecraft:diamond_pickaxe":1,"minecraft:hay_block":9,"minecraft:dandelion":1,"minecraft:string":9,"minecraft:golden_boots":1,"minecraft:deepslate_tile_stairs":1,"minecraft:tadpole_bucket":1,"minecraft:oak_sign":6,"minecraft:clay_ball":4,"minecraft:stick":17,"minecraft:bread":8,"minecraft:purple_bed":1,"minecraft:spider_eye":17,"minecraft:tnt":1,"minecraft:snowball":2,"minecraft:cobblestone":110,"minecraft:nautilus_shell":1,"minecraft:blue_dye":16,"minecraft:spruce_planks":20,"minecraft:leather_boots":1,"minecraft:pumpkin_seeds":2,"minecraft:wind_charge":34,"minecraft:diamond_axe":1,"minecraft:red_terracotta":1,"minecraft:potion":16,"minecraft:chainmail_boots":2,"minecraft:granite":9,"minecraft:white_concrete":12,"minecraft:moss_carpet":1,"minecraft:diamond":31,"minecraft:golden_sword":5,"minecraft:waxed_copper_block":3,"minecraft:wildflowers":3,"minecraft:poisonous_potato":2,"minecraft:beetroot_seeds":16,"minecraft:water_bucket":2,"minecraft:chiseled_tuff_bricks":6,"minecraft:deepslate_tiles":8,"minecraft:furnace":4,"minecraft:flint":13,"minecraft:diamond_sword":2,"minecraft:iron_sword":2,"minecraft:pink_petals":1,"minecraft:spruce_door":3,"minecraft:gold_nugget":9,"minecraft:salmon":1,"minecraft:axolotl_bucket":1,"minecraft:writable_book":18,"minecraft:cauldron":1,"minecraft:pale_oak_sign":2},"minecraft:used":{"minecraft:diamond_helmet":2,"minecraft:skeleton_skull":1,"minecraft:birch_sign":1,"minecraft:white_banner":10,"minecraft:diamond_sword":4757,"minecraft:cobbled_deepslate_slab":1,"minecraft:mangrove_boat":1,"minecraft:campfire":1,"minecraft:wheat_seeds":624,"minecraft:black_terracotta":35,"minecraft:decorated_pot":26,"minecraft:hay_block":22,"minecraft:deepslate_tile_slab":1,"minecraft:yellow_carpet":101,"minecraft:cut_sandstone_slab":13,"minecraft:damaged_anvil":1,"minecraft:cherry_boat":4,"minecraft:oxidized_copper_grate":1,"minecraft:light_gray_carpet":1,"minecraft:jungle_log":1,"minecraft:polished_tuff_stairs":37,"minecraft:coal_ore":1,"minecraft:stripped_pale_oak_log":2,"minecraft:oak_log":81,"minecraft:spruce_slab":83,"minecraft:stonecutter":11,"minecraft:powder_snow_bucket":19,"minecraft:diamond_axe":2502,"minecraft:white_carpet":18,"minecraft:stripped_oak_log":4,"minecraft:poppy":8,"minecraft:snowball":134,"minecraft:moss_block":2,"minecraft:armor_stand":3,"minecraft:bow":48,"minecraft:loom":1,"minecraft:cobbled_deepslate":483,"minecraft:pink_petals":23,"minecraft:stone_shovel":344,"minecraft:fletching_table":1,"minecraft:anvil":6,"minecraft:white_stained_glass_pane":52,"minecraft:spruce_fence_gate":5,"minecraft:goat_horn":94,"minecraft:written_book":96,"minecraft:terracotta":37,"minecraft:sand":20,"minecraft:redstone_block":10,"minecraft:wind_charge":82,"minecraft:glow_ink_sac":2,"minecraft:shears":338,"minecraft:mangrove_planks":23,"minecraft:waxed_oxidized_copper_grate":1,"minecraft:nether_wart_block":37,"minecraft:bucket":941,"minecraft:oak_sapling":13,"minecraft:flower_pot":34,"minecraft:black_stained_glass":7,"minecraft:smooth_stone_slab":24,"minecraft:iron_door":1,"minecraft:oak_fence":2,"minecraft:oak_trapdoor":21,"minecraft:grass_block":2,"minecraft:wildflowers":4,"minecraft:shield":50,"minecraft:iron_pickaxe":189,"minecraft:andesite":10,"minecraft:polished_deepslate":2,"minecraft:copper_grate":4,"minecraft:pale_oak_sapling":6,"minecraft:bamboo":85,"minecraft:firework_rocket":6,"minecraft:acacia_sign":3,"minecraft:tnt":1,"minecraft:oak_boat":5,"minecraft:golden_carrot":125,"minecraft:stone_brick_slab":220,"minecraft:deepslate_bricks":28,"minecraft:verdant_froglight":2,"minecraft:cooked_mutton":16,"minecraft:cookie":10,"minecraft:ochre_froglight":22,"minecraft:stone_bricks":206,"minecraft:tuff_brick_stairs":182,"minecraft:minecart":21,"minecraft:packed_ice":1,"minecraft:smooth_stone":24,"minecraft:oxeye_daisy":2,"minecraft:gray_stained_glass":18,"minecraft:red_bed":32,"minecraft:redstone":47,"minecraft:pale_oak_boat":4,"minecraft:tropical_fish_bucket":2,"minecraft:tuff_brick_slab":99,"minecraft:spruce_door":22,"minecraft:map":1,"minecraft:cobblestone":367,"minecraft:cherry_sign":1,"minecraft:stone":10,"minecraft:waxed_copper_grate":20,"minecraft:axolotl_bucket":3,"minecraft:chain":6,"minecraft:crafting_table":47,"minecraft:spruce_sign":180,"minecraft:spruce_trapdoor":248,"minecraft:potion":36,"minecraft:tuff_bricks":188,"minecraft:lapis_block":4,"minecraft:baked_potato":384,"minecraft:scaffolding":69,"minecraft:smoker":4,"minecraft:moss_carpet":1,"minecraft:red_banner":1,"minecraft:melon_slice":1,"minecraft:black_concrete":2,"minecraft:spruce_log":390,"minecraft:pumpkin":1,"minecraft:water_bucket":895,"minecraft:soul_sand":115,"minecraft:deepslate_tile_wall":1,"minecraft:bread":163,"minecraft:torch":1036,"minecraft:chiseled_stone_bricks":334,"minecraft:jungle_sapling":1,"minecraft:yellow_terracotta":78,"minecraft:gravel":17,"minecraft:cake":1,"minecraft:cooked_chicken":7,"minecraft:snow_block":2,"minecraft:sculk_sensor":1,"minecraft:dark_oak_trapdoor":2,"minecraft:dark_oak_boat":3,"minecraft:chest":99,"minecraft:cauldron":3,"minecraft:sandstone":56,"minecraft:iron_axe":2724,"minecraft:crying_obsidian":82,"minecraft:diamond_hoe":518,"minecraft:player_head":7,"minecraft:ominous_trial_key":10,"minecraft:melon":2,"minecraft:black_banner":1,"minecraft:potato":592,"minecraft:glow_berries":8,"minecraft:glass_bottle":12,"minecraft:oak_sign":6,"minecraft:dark_oak_stairs":70,"minecraft:lantern":98,"minecraft:cooked_porkchop":9,"minecraft:granite":37,"minecraft:coarse_dirt":21,"minecraft:iron_shovel":1677,"minecraft:chiseled_tuff_bricks":194,"minecraft:bricks":1224,"minecraft:pale_oak_sign":5,"minecraft:red_carpet":144,"minecraft:crimson_sign":3,"minecraft:smithing_table":2,"minecraft:nether_wart":55,"minecraft:blackstone":54,"minecraft:beetroot_seeds":217,"minecraft:jungle_boat":3,"minecraft:stone_pickaxe":242,"minecraft:dandelion":3,"minecraft:netherrack":78,"minecraft:spruce_boat":181,"minecraft:lingering_potion":1,"minecraft:diamond_shovel":2069,"minecraft:birch_planks":16,"minecraft:rotten_flesh":17,"minecraft:writable_book":136,"minecraft:bone_meal":53,"minecraft:item_frame":170,"minecraft:dark_oak_planks":243,"minecraft:blue_egg":4,"minecraft:dirt":2480,"minecraft:fishing_rod":21,"minecraft:obsidian":524,"minecraft:snow":28,"minecraft:stripped_spruce_log":1,"minecraft:spruce_leaves":19,"minecraft:spruce_planks":1398,"minecraft:rose_bush":3,"minecraft:rail":40,"minecraft:polished_basalt":1,"minecraft:lectern":5,"minecraft:stone_brick_stairs":328,"minecraft:spyglass":228,"minecraft:iron_trapdoor":4,"minecraft:powered_rail":2,"minecraft:deepslate_tiles":5,"minecraft:chiseled_bookshelf":14,"minecraft:oak_planks":75,"minecraft:warped_sign":2,"minecraft:sugar_cane":8,"minecraft:trial_key":2,"minecraft:stone_axe":75,"minecraft:spruce_fence":203,"minecraft:white_terracotta":3,"minecraft:spruce_stairs":311,"minecraft:milk_bucket":1,"minecraft:bookshelf":4,"minecraft:diamond_pickaxe":14625,"minecraft:crimson_planks":2,"minecraft:nether_brick":10,"minecraft:crossbow":60,"minecraft:dark_oak_fence":15,"minecraft:magma_block":101,"minecraft:blast_furnace":8,"minecraft:spruce_wood":1,"minecraft:brewing_stand":1,"minecraft:stone_sword":107,"minecraft:weeping_vines":1,"minecraft:piston":10,"minecraft:sweet_berries":3,"minecraft:lava_bucket":6,"minecraft:cobblestone_wall":25,"minecraft:ominous_bottle":2,"minecraft:brown_mushroom":2,"minecraft:mace":158,"minecraft:crimson_roots":10,"minecraft:dead_bush":17,"minecraft:carrot":417,"minecraft:white_bed":10,"minecraft:book":1,"minecraft:sandstone_stairs":9,"minecraft:netherite_helmet":2,"minecraft:waxed_oxidized_copper":1,"minecraft:iron_hoe":250,"minecraft:white_concrete_powder":264,"minecraft:furnace":27,"minecraft:barrel":17,"minecraft:dark_oak_slab":75,"minecraft:white_concrete":148,"minecraft:oak_button":2,"minecraft:dried_kelp":2,"minecraft:tripwire_hook":1,"minecraft:stone_button":8,"minecraft:spruce_button":2,"minecraft:stone_stairs":6,"minecraft:deepslate_brick_stairs":17,"minecraft:crimson_nylium":25,"minecraft:cherry_log":4,"minecraft:cooked_beef":46,"minecraft:ender_chest":3,"minecraft:flint_and_steel":21,"minecraft:redstone_torch":7,"minecraft:cornflower":6,"minecraft:spruce_sapling":227,"minecraft:egg":9,"minecraft:azure_bluet":3,"minecraft:ender_pearl":4,"minecraft:leather_helmet":2}},"DataVersion":4440}