{"stats":{"minecraft:killed_by":{"minecraft:skeleton":1,"minecraft:player":2},"minecraft:custom":{"minecraft:eat_cake_slice":1,"minecraft:trigger_trapped_chest":3,"minecraft:time_since_rest":219,"minecraft:leave_game":71,"minecraft:boat_one_cm":149488,"minecraft:time_since_death":0,"minecraft:interact_with_furnace":826,"minecraft:happy_ghast_one_cm":819197,"minecraft:total_world_time":2878749,"minecraft:crouch_one_cm":796692,"minecraft:raid_win":6,"minecraft:climb_one_cm":85316,"minecraft:deaths":11,"minecraft:interact_with_stonecutter":2,"minecraft:animals_bred":1002,"minecraft:traded_with_villager":182,"minecraft:damage_resisted":2,"minecraft:damage_blocked_by_shield":7616,"minecraft:interact_with_crafting_table":493,"minecraft:inspect_dropper":162,"minecraft:walk_one_cm":19358003,"minecraft:walk_under_water_one_cm":1785327,"minecraft:horse_one_cm":58875,"minecraft:damage_dealt":967584,"minecraft:play_time":2878749,"minecraft:jump":118419,"minecraft:play_record":10,"minecraft:target_hit":1,"minecraft:sprint_one_cm":16826924,"minecraft:fill_cauldron":4,"minecraft:inspect_hopper":186,"minecraft:fly_one_cm":32141126,"minecraft:walk_on_water_one_cm":1469996,"minecraft:interact_with_blast_furnace":23,"minecraft:interact_with_grindstone":28,"minecraft:talked_to_villager":222,"minecraft:damage_taken":48969,"minecraft:mob_kills":6439,"minecraft:interact_with_beacon":2,"minecraft:open_enderchest":193,"minecraft:damage_dealt_absorbed":2,"minecraft:interact_with_brewingstand":25,"minecraft:interact_with_smithing_table":11,"minecraft:sleep_in_bed":1,"minecraft:inspect_dispenser":61,"minecraft:swim_one_cm":5330577,"minecraft:pot_flower":1,"minecraft:player_kills":1,"minecraft:enchant_item":65,"minecraft:interact_with_loom":1,"minecraft:interact_with_lectern":19,"minecraft:drop":1265,"minecraft:open_barrel":219,"minecraft:open_chest":4887,"minecraft:interact_with_smoker":49,"minecraft:fall_one_cm":5368584,"minecraft:tune_noteblock":115,"minecraft:interact_with_anvil":76,"minecraft:sneak_time":91777,"minecraft:raid_trigger":6},"minecraft:broken":{"minecraft:stone_shovel":1,"minecraft:stone_hoe":1,"minecraft:stone_pickaxe":1},"minecraft:crafted":{"minecraft:quartz_slab":96,"minecraft:wind_charge":260,"minecraft:andesite_wall":6,"minecraft:jack_o_lantern":75,"minecraft:warped_planks":80,"minecraft:flow_armor_trim_smithing_template":8,"minecraft:clock":1,"minecraft:oak_fence":12,"minecraft:painting":1,"minecraft:filled_map":24,"minecraft:diamond_pickaxe":3,"minecraft:bookshelf":1,"minecraft:bow":3,"minecraft:repeater":5,"minecraft:bucket":2,"minecraft:oak_stairs":8,"minecraft:dark_oak_planks":1412,"minecraft:stone_hoe":2,"minecraft:cut_copper":44,"minecraft:oak_sign":9,"minecraft:cobblestone_slab":18,"minecraft:spruce_fence":90,"minecraft:wooden_hoe":3,"minecraft:oak_trapdoor":90,"minecraft:glow_item_frame":3,"minecraft:cobbled_deepslate_slab":6,"minecraft:brown_carpet":18,"minecraft:sugar":3,"minecraft:deepslate_tiles":172,"minecraft:light_gray_terracotta":64,"minecraft:netherite_upgrade_smithing_template":8,"minecraft:comparator":2,"minecraft:polished_andesite_stairs":44,"minecraft:iron_door":3,"minecraft:iron_boots":1,"minecraft:terracotta":95,"minecraft:white_wool":6,"minecraft:crimson_slab":6,"minecraft:stonecutter":1,"minecraft:oak_slab":12,"minecraft:brick":362,"minecraft:armor_stand":1,"minecraft:furnace":30,"minecraft:dark_oak_slab":42,"minecraft:diamond_helmet":3,"minecraft:diamond_leggings":2,"minecraft:enchanted_book":24,"minecraft:baked_potato":1410,"minecraft:clay":439,"minecraft:observer":2,"minecraft:cobblestone_stairs":36,"minecraft:cooked_salmon":2,"minecraft:diamond_boots":2,"minecraft:spruce_hanging_sign":6,"minecraft:writable_book":1,"minecraft:andesite_stairs":4,"minecraft:dark_oak_stairs":84,"minecraft:stick":5721,"minecraft:warped_stairs":4,"minecraft:compass":36,"minecraft:smooth_stone_slab":2,"minecraft:black_dye":124,"minecraft:polished_andesite":572,"minecraft:light_gray_dye":12,"minecraft:bone_meal":426,"minecraft:glass_bottle":9,"minecraft:flower_pot":12,"minecraft:blast_furnace":2,"minecraft:gray_stained_glass":8,"minecraft:warped_trapdoor":6,"minecraft:smoker":3,"minecraft:polished_deepslate_stairs":192,"minecraft:stone_pickaxe":2,"minecraft:fermented_spider_eye":1,"minecraft:diamond_chestplate":2,"minecraft:crimson_sign":3,"minecraft:iron_nugget":108,"minecraft:deepslate_brick_wall":6,"minecraft:spruce_boat":2,"minecraft:white_carpet":57,"minecraft:crafting_table":25,"minecraft:netherite_chestplate":3,"minecraft:crimson_door":3,"minecraft:spruce_planks":4544,"minecraft:copper_block":44,"minecraft:iron_leggings":1,"minecraft:mace":2,"minecraft:gold_ingot":4,"minecraft:book":66,"minecraft:iron_chestplate":1,"minecraft:crimson_planks":24,"minecraft:acacia_door":3,"minecraft:polished_diorite_stairs":228,"minecraft:lever":3,"minecraft:diorite_stairs":20,"minecraft:chest":79,"minecraft:iron_block":59,"minecraft:acacia_planks":312,"minecraft:pale_oak_door":3,"minecraft:cut_copper_slab":30,"minecraft:item_frame":41,"minecraft:cauldron":4,"minecraft:oak_pressure_plate":7,"minecraft:jukebox":1,"minecraft:dispenser":2,"minecraft:brown_dye":12,"minecraft:diamond_shovel":2,"minecraft:glass":373,"minecraft:iron_hoe":3,"minecraft:red_wool":2,"minecraft:netherite_helmet":3,"minecraft:yellow_dye":433,"minecraft:polished_diorite":1280,"minecraft:spruce_door":33,"minecraft:brown_wool":12,"minecraft:smooth_stone":8,"minecraft:charcoal":1,"minecraft:cooked_beef":62,"minecraft:blue_dye":2,"minecraft:spruce_sign":27,"minecraft:barrel":11,"minecraft:polished_granite":116,"minecraft:paper":498,"minecraft:pale_oak_button":1,"minecraft:netherite_leggings":3,"minecraft:iron_ingot":320,"minecraft:pale_oak_trapdoor":52,"minecraft:lead":2,"minecraft:tripwire_hook":2,"minecraft:stone":60,"minecraft:cut_copper_stairs":12,"minecraft:spruce_stairs":144,"minecraft:shield":2,"minecraft:pale_oak_stairs":8,"minecraft:black_concrete_powder":656,"minecraft:polished_granite_stairs":4,"minecraft:black_stained_glass":224,"minecraft:spruce_button":3,"minecraft:spruce_fence_gate":4,"minecraft:polished_deepslate_wall":120,"minecraft:smithing_table":1,"minecraft:acacia_stairs":8,"minecraft:gray_dye":28,"minecraft:map":36,"minecraft:deepslate_bricks":460,"minecraft:crimson_stairs":4,"minecraft:warped_slab":6,"minecraft:pumpkin_seeds":16,"minecraft:diamond_axe":2,"minecraft:cobblestone_wall":12,"minecraft:air":0,"minecraft:raw_copper":18,"minecraft:oak_boat":2,"minecraft:red_dye":78,"minecraft:pale_oak_slab":18,"minecraft:quartz_block":80,"minecraft:redstone_torch":17,"minecraft:oak_button":2,"minecraft:oak_planks":656,"minecraft:red_concrete_powder":600,"minecraft:white_concrete_powder":856,"minecraft:enchanting_table":1,"minecraft:shears":7,"minecraft:polished_deepslate":1572,"minecraft:white_dye":138,"minecraft:lantern":11,"minecraft:hopper":13,"minecraft:anvil":3,"minecraft:netherite_ingot":5,"minecraft:spruce_slab":544,"minecraft:oak_door":6,"minecraft:dark_oak_trapdoor":6,"minecraft:glowstone":118,"minecraft:chain":2,"minecraft:netherite_boots":3,"minecraft:diamond_sword":4,"minecraft:dark_oak_door":3,"minecraft:emerald":311,"minecraft:pale_oak_planks":2056,"minecraft:spruce_trapdoor":26,"minecraft:chiseled_bookshelf":6,"minecraft:polished_diorite_slab":204,"minecraft:copper_ingot":323,"minecraft:bread":34,"minecraft:deepslate_tile_wall":108,"minecraft:hay_block":10,"minecraft:yellow_concrete_powder":2816,"minecraft:bricks":48,"minecraft:torch":284,"minecraft:white_bed":2,"minecraft:polished_andesite_slab":356,"minecraft:red_carpet":3,"minecraft:dark_oak_fence":48,"minecraft:polished_deepslate_slab":424,"minecraft:dropper":2,"minecraft:iron_pickaxe":1},"minecraft:killed":{"minecraft:zombified_piglin":498,"minecraft:stray":345,"minecraft:pig":33,"minecraft:piglin":40,"minecraft:vindicator":76,"minecraft:ravager":2,"minecraft:bat":14,"minecraft:silverfish":21,"minecraft:salmon":7,"minecraft:donkey":4,"minecraft:zombie":1705,"minecraft:glow_squid":8,"minecraft:zombie_villager":12,"minecraft:chicken":810,"minecraft:squid":56,"minecraft:drowned":119,"minecraft:cow":354,"minecraft:armadillo":2,"minecraft:slime":65,"minecraft:pillager":147,"minecraft:skeleton":761,"minecraft:witch":36,"minecraft:cod":1,"minecraft:spider":239,"minecraft:horse":12,"minecraft:bogged":182,"minecraft:husk":19,"minecraft:wither_skeleton":35,"minecraft:cave_spider":93,"minecraft:turtle":3,"minecraft:creeper":438,"minecraft:hoglin":4,"minecraft:sheep":17,"minecraft:enderman":31,"minecraft:evoker":10,"minecraft:magma_cube":26,"minecraft:ghast":1,"minecraft:breeze":80,"minecraft:blaze":31},"minecraft:picked_up":{"minecraft:cobblestone_wall":11,"minecraft:music_disc_wait":4,"minecraft:sweet_berries":211,"minecraft:pale_oak_log":610,"minecraft:cobblestone":1498,"minecraft:brick":3,"minecraft:saddle":1,"minecraft:sugar_cane":762,"minecraft:bone":937,"minecraft:quartz_slab":14,"minecraft:acacia_sapling":32,"minecraft:rose_bush":21,"minecraft:diamond_shovel":1,"minecraft:clay_ball":2164,"minecraft:waxed_copper_grate":20,"minecraft:stripped_spruce_log":6,"minecraft:cut_copper_slab":28,"minecraft:white_banner":8,"minecraft:blaze_rod":15,"minecraft:emerald":192,"minecraft:pale_oak_sapling":114,"minecraft:sugar":24,"minecraft:polished_diorite_slab":58,"minecraft:book":6,"minecraft:armor_stand":19,"minecraft:ink_sac":153,"minecraft:andesite_wall":8,"minecraft:wildflowers":412,"minecraft:pale_oak_button":2,"minecraft:bow":51,"minecraft:arrow":1097,"minecraft:smooth_basalt":4,"minecraft:red_tulip":108,"minecraft:iron_ingot":53,"minecraft:pale_oak_stairs":3,"minecraft:cactus":1,"minecraft:spruce_slab":140,"minecraft:crossbow":25,"minecraft:heavy_core":2,"minecraft:golden_leggings":2,"minecraft:mace":1,"minecraft:dandelion":85,"minecraft:firework_rocket":50,"minecraft:white_candle":1,"minecraft:nautilus_shell":2,"minecraft:mutton":25,"minecraft:golden_carrot":24,"minecraft:iron_chestplate":4,"minecraft:spruce_leaves":1,"minecraft:orange_concrete":1,"minecraft:crimson_stem":14,"minecraft:cobblestone_stairs":25,"minecraft:oxeye_daisy":2,"minecraft:oak_stairs":2,"minecraft:oak_log":188,"minecraft:lingering_potion":7,"minecraft:sand":4633,"minecraft:furnace":25,"minecraft:raw_copper_block":2,"minecraft:wheat_seeds":3370,"minecraft:oak_door":7,"minecraft:leather_leggings":3,"minecraft:music_disc_13":2,"minecraft:quartz":364,"minecraft:egg":1736,"minecraft:diamond_sword":1,"minecraft:red_concrete_powder":5,"minecraft:warped_wart_block":7,"minecraft:red_mushroom":19,"minecraft:snowball":18,"minecraft:blast_furnace":2,"minecraft:chiseled_tuff_bricks":1,"minecraft:oak_button":3,"minecraft:warped_planks":2,"minecraft:oak_sign":9,"minecraft:ender_pearl":14,"minecraft:string":324,"minecraft:golden_sword":10,"minecraft:obsidian":60,"minecraft:writable_book":10,"minecraft:cut_copper_stairs":4,"minecraft:light_gray_terracotta":63,"minecraft:polished_diorite":155,"minecraft:white_carpet":13,"minecraft:mushroom_stew":1,"minecraft:pale_oak_trapdoor":4,"minecraft:comparator":4,"minecraft:dark_oak_slab":52,"minecraft:enchanted_book":11,"minecraft:spruce_sapling":206,"minecraft:iron_block":4,"minecraft:spruce_fence_gate":6,"minecraft:deepslate_brick_wall":3,"minecraft:white_bed":2,"minecraft:fishing_rod":1,"minecraft:bucket":3,"minecraft:guster_banner_pattern":3,"minecraft:leather":674,"minecraft:honey_bottle":18,"minecraft:lead":18,"minecraft:brown_mushroom":19,"minecraft:polished_andesite_stairs":19,"minecraft:music_disc_blocks":4,"minecraft:music_disc_tears":3,"minecraft:peony":33,"minecraft:porkchop":32,"minecraft:dropper":6,"minecraft:carved_pumpkin":85,"minecraft:spruce_sign":15,"minecraft:music_disc_precipice":4,"minecraft:stick":430,"minecraft:white_concrete":1311,"minecraft:redstone_torch":3,"minecraft:polished_tuff":10,"minecraft:dark_oak_fence":38,"minecraft:bamboo":28,"minecraft:exposed_cut_copper_slab":3,"minecraft:player_head":21,"minecraft:cooked_porkchop":85,"minecraft:crimson_stairs":1,"minecraft:iron_axe":13,"minecraft:deepslate":2,"minecraft:item_frame":11,"minecraft:raw_iron":799,"minecraft:diamond_chestplate":3,"minecraft:spruce_hanging_sign":3,"minecraft:waxed_oxidized_copper_grate":3,"minecraft:netherite_leggings":2,"minecraft:leather_helmet":1,"minecraft:spruce_door":33,"minecraft:chest":48,"minecraft:netherite_sword":3,"minecraft:dark_oak_trapdoor":1,"minecraft:netherrack":572,"minecraft:crimson_planks":1,"minecraft:pale_oak_slab":12,"minecraft:waxed_oxidized_chiseled_copper":1,"minecraft:trident":6,"minecraft:gravel":2660,"minecraft:jungle_boat":1,"minecraft:quartz_block":3,"minecraft:deepslate_tile_stairs":3,"minecraft:tuff":46,"minecraft:phantom_membrane":5,"minecraft:potato":3950,"minecraft:dark_oak_stairs":53,"minecraft:terracotta":6,"minecraft:shield":5,"minecraft:lapis_lazuli":55,"minecraft:spruce_stairs":37,"minecraft:yellow_concrete":3219,"minecraft:ominous_bottle":11,"minecraft:trial_key":44,"minecraft:oak_boat":6,"minecraft:oak_planks":26,"minecraft:netherite_chestplate":3,"minecraft:raw_copper":903,"minecraft:dispenser":1,"minecraft:red_candle":3,"minecraft:rotten_flesh":1561,"minecraft:apple":13,"minecraft:calcite":9,"minecraft:iron_nugget":3,"minecraft:jukebox":4,"minecraft:mangrove_button":1,"minecraft:iron_door":1,"minecraft:poisonous_potato":17,"minecraft:stone_button":2,"minecraft:polished_andesite":153,"minecraft:composter":1,"minecraft:music_disc_ward":1,"minecraft:flint":517,"minecraft:polished_deepslate_wall":130,"minecraft:redstone":299,"minecraft:deepslate_tiles":26,"minecraft:flow_banner_pattern":2,"minecraft:glow_berries":1,"minecraft:firefly_bush":1,"minecraft:lantern":2,"minecraft:melon_slice":285,"minecraft:diamond":607,"minecraft:slime_ball":67,"minecraft:chipped_anvil":2,"minecraft:granite":332,"minecraft:dark_oak_sapling":50,"minecraft:spruce_button":11,"minecraft:flow_armor_trim_smithing_template":8,"minecraft:nether_wart":10,"minecraft:salmon":3,"minecraft:spruce_boat":13,"minecraft:gold_block":2,"minecraft:spyglass":1,"minecraft:magma_cream":8,"minecraft:bowl":1,"minecraft:observer":9,"minecraft:dark_oak_planks":62,"minecraft:enchanted_golden_apple":3,"minecraft:hay_block":1,"minecraft:raw_gold":17,"minecraft:stone_sword":9,"minecraft:acacia_log":78,"minecraft:emerald_block":3,"minecraft:deepslate_bricks":24,"minecraft:acacia_door":1,"minecraft:gray_dye":13,"minecraft:acacia_planks":21,"minecraft:pale_oak_sign":1,"minecraft:spruce_planks":140,"minecraft:dirt":2924,"minecraft:basalt":2,"minecraft:cooked_rabbit":2,"minecraft:rail":21,"minecraft:crimson_door":1,"minecraft:azure_bluet":2,"minecraft:torch":133,"minecraft:diamond_pickaxe":1,"minecraft:bread":15,"minecraft:red_concrete":854,"minecraft:iron_boots":1,"minecraft:spruce_log":2212,"minecraft:music_disc_strad":4,"minecraft:coal":1104,"minecraft:oak_fence":1,"minecraft:music_disc_otherside":5,"minecraft:brown_carpet":2,"minecraft:splash_potion":11,"minecraft:deepslate_brick_stairs":1,"minecraft:polished_tuff_stairs":1,"minecraft:iron_pickaxe":1,"minecraft:seagrass":3,"minecraft:andesite_stairs":2,"minecraft:nether_bricks":227,"minecraft:milk_bucket":1,"minecraft:hopper":7,"minecraft:waxed_copper_block":1,"minecraft:totem_of_undying":2,"minecraft:poppy":5,"minecraft:cooked_beef":1076,"minecraft:white_wool":106,"minecraft:feather":1774,"minecraft:jack_o_lantern":10,"minecraft:potion":31,"minecraft:spruce_fence":45,"minecraft:bricks":4,"minecraft:polished_granite":64,"minecraft:red_glazed_terracotta":2,"minecraft:andesite":804,"minecraft:deepslate_tile_slab":7,"minecraft:mangrove_planks":3,"minecraft:copper_ingot":91,"minecraft:music_disc_mellohi":5,"minecraft:filled_map":37,"minecraft:soul_sand":121,"minecraft:diamond_axe":2,"minecraft:carrot":115,"minecraft:polished_deepslate_slab":236,"minecraft:breeze_rod":143,"minecraft:black_concrete":681,"minecraft:netherite_boots":3,"minecraft:gold_nugget":283,"minecraft:polished_diorite_stairs":34,"minecraft:gold_ingot":9,"minecraft:baked_potato":79,"minecraft:bolt_armor_trim_smithing_template":1,"minecraft:melon_seeds":52,"minecraft:black_stained_glass":4,"minecraft:glow_ink_sac":24,"minecraft:oak_leaves":97,"minecraft:golden_apple":19,"minecraft:polished_tuff_slab":2,"minecraft:brown_concrete":5,"minecraft:polished_andesite_slab":160,"minecraft:oak_trapdoor":8,"minecraft:painting":2,"minecraft:chicken":8,"minecraft:clay":101,"minecraft:leather_chestplate":2,"minecraft:golden_chestplate":1,"minecraft:repeater":8,"minecraft:cooked_chicken":1593,"minecraft:kelp":431,"minecraft:cobbled_deepslate":3184,"minecraft:acacia_stairs":5,"minecraft:glowstone_dust":407,"minecraft:pumpkin_seeds":319,"minecraft:music_disc_lava_chicken":3,"minecraft:amethyst_block":3,"minecraft:wheat":1153,"minecraft:tuff_bricks":20,"minecraft:gunpowder":438,"minecraft:netherite_helmet":3,"minecraft:spruce_trapdoor":16,"minecraft:deepslate_tile_wall":38,"minecraft:waxed_cut_copper_slab":1,"minecraft:magma_block":16,"minecraft:lever":1,"minecraft:white_concrete_powder":3,"minecraft:polished_deepslate":44,"minecraft:leaf_litter":96,"minecraft:pale_oak_planks":403,"minecraft:grass_block":11,"minecraft:music_disc_creator":2,"minecraft:mud":2,"minecraft:music_disc_stal":4,"minecraft:pumpkin":345,"minecraft:spider_eye":164,"minecraft:dark_oak_log":496,"minecraft:tipped_arrow":286,"minecraft:diorite":1707,"minecraft:golden_helmet":4,"minecraft:crafting_table":28,"minecraft:ominous_trial_key":34,"minecraft:oak_sapling":40,"minecraft:warped_stem":84,"minecraft:beef":94,"minecraft:polished_deepslate_stairs":84,"minecraft:wind_charge":147,"minecraft:cobblestone_slab":31,"minecraft:music_disc_cat":4,"minecraft:glass_bottle":12,"minecraft:oak_slab":5,"minecraft:warped_stairs":1,"minecraft:dried_ghast":2,"minecraft:barrel":10,"minecraft:iron_hoe":1,"minecraft:cocoa_beans":3,"minecraft:paper":19,"minecraft:gray_wool":2},"minecraft:mined":{"minecraft:torch":53,"minecraft:lever":1,"minecraft:dispenser":1,"minecraft:red_tulip":108,"minecraft:spruce_log":2094,"minecraft:nether_quartz_ore":169,"minecraft:chest":47,"minecraft:pumpkin":502,"minecraft:netherrack":1170,"minecraft:black_concrete":687,"minecraft:spruce_sapling":4,"minecraft:spruce_planks":137,"minecraft:sweet_berry_bush":42,"minecraft:large_fern":1,"minecraft:magma_block":22,"minecraft:dark_oak_planks":65,"minecraft:redstone_torch":3,"minecraft:deepslate_bricks":22,"minecraft:dark_oak_trapdoor":1,"minecraft:gold_block":2,"minecraft:diamond_ore":4,"minecraft:wall_torch":41,"minecraft:fire":32,"minecraft:deepslate_tiles":31,"minecraft:oak_sapling":1,"minecraft:azure_bluet":2,"minecraft:acacia_log":78,"minecraft:spruce_hanging_sign":1,"minecraft:glass_pane":4,"minecraft:dark_oak_log":496,"minecraft:spruce_wall_sign":8,"minecraft:dandelion":86,"minecraft:glass":14,"minecraft:white_concrete_powder":3,"minecraft:kelp":93,"minecraft:oak_wall_sign":4,"minecraft:cherry_leaves":12,"minecraft:oak_leaves":298,"minecraft:brown_mushroom_block":45,"minecraft:clay":646,"minecraft:spruce_stairs":36,"minecraft:rose_bush":23,"minecraft:deepslate_copper_ore":3,"minecraft:spruce_button":8,"minecraft:jack_o_lantern":11,"minecraft:tall_grass":90,"minecraft:waxed_copper_block":14,"minecraft:polished_tuff_slab":2,"minecraft:emerald_ore":1,"minecraft:chipped_anvil":2,"minecraft:spruce_door":28,"minecraft:sand":8389,"minecraft:quartz_block":3,"minecraft:seagrass":6,"minecraft:spruce_sign":4,"minecraft:polished_granite":67,"minecraft:waxed_cut_copper_slab":3,"minecraft:yellow_concrete":3241,"minecraft:mud":2,"minecraft:raw_copper_block":2,"minecraft:terracotta":4,"minecraft:carrots":30,"minecraft:short_grass":411,"minecraft:black_stained_glass":7,"minecraft:sculk_catalyst":1,"minecraft:acacia_leaves":9,"minecraft:dirt_path":20,"minecraft:crafting_table":32,"minecraft:deepslate_redstone_ore":23,"minecraft:dark_oak_stairs":53,"minecraft:leaf_litter":40,"minecraft:copper_ore":145,"minecraft:cave_vines_plant":1,"minecraft:blast_furnace":4,"minecraft:andesite_stairs":2,"minecraft:oxidized_copper_grate":1,"minecraft:warped_stairs":1,"minecraft:cactus":1,"minecraft:iron_block":2,"minecraft:brown_carpet":2,"minecraft:dropper":6,"minecraft:bush":5,"minecraft:crimson_stem":14,"minecraft:sculk_sensor":1,"minecraft:wheat":1337,"minecraft:oak_trapdoor":8,"minecraft:dried_ghast":1,"minecraft:soul_sand":124,"minecraft:light_gray_terracotta":63,"minecraft:barrel":10,"minecraft:nether_wart":4,"minecraft:grass_block":2983,"minecraft:tuff_bricks":63,"minecraft:white_wool":10,"minecraft:pale_oak_leaves":10,"minecraft:player_wall_head":2,"minecraft:deepslate_tile_wall":40,"minecraft:calcite":3,"minecraft:spruce_slab":147,"minecraft:andesite_wall":6,"minecraft:exposed_cut_copper_slab":3,"minecraft:jukebox":4,"minecraft:oak_pressure_plate":1,"minecraft:comparator":4,"minecraft:pale_oak_sapling":2,"minecraft:smooth_basalt":4,"minecraft:oak_sign":1,"minecraft:polished_andesite_stairs":3,"minecraft:warped_planks":2,"minecraft:red_concrete_powder":5,"minecraft:amethyst_block":3,"minecraft:oak_button":1,"minecraft:spruce_wall_hanging_sign":1,"minecraft:cut_copper_slab":25,"minecraft:oxeye_daisy":2,"minecraft:obsidian":16,"minecraft:waxed_oxidized_copper_grate":3,"minecraft:waxed_oxidized_copper":1,"minecraft:cave_vines":2,"minecraft:sandstone":15,"minecraft:orange_tulip":2,"minecraft:melon":52,"minecraft:white_concrete":1227,"minecraft:stripped_spruce_log":6,"minecraft:nether_wart_block":2,"minecraft:polished_diorite_slab":64,"minecraft:iron_door":1,"minecraft:repeater":8,"minecraft:crimson_door":1,"minecraft:mushroom_stem":9,"minecraft:bamboo":12,"minecraft:decorated_pot":3,"minecraft:fern":1,"minecraft:kelp_plant":178,"minecraft:deepslate_diamond_ore":209,"minecraft:potatoes":1185,"minecraft:cut_copper_stairs":4,"minecraft:attached_melon_stem":1,"minecraft:pale_oak_trapdoor":4,"minecraft:warped_stem":87,"minecraft:iron_ore":174,"minecraft:podzol":153,"minecraft:red_candle":1,"minecraft:oak_planks":15,"minecraft:cobblestone":57,"minecraft:sugar_cane":946,"minecraft:spruce_fence_gate":6,"minecraft:red_mushroom_block":45,"minecraft:polished_diorite":166,"minecraft:furnace":25,"minecraft:waxed_oxidized_chiseled_copper":1,"minecraft:quartz_slab":15,"minecraft:bricks":4,"minecraft:wildflowers":151,"minecraft:tall_seagrass":7,"minecraft:rail":16,"minecraft:crimson_stairs":1,"minecraft:dirt":3137,"minecraft:cobblestone_wall":11,"minecraft:hopper":7,"minecraft:ladder":1,"minecraft:basalt":2,"minecraft:deepslate":3960,"minecraft:snow":2,"minecraft:oak_log":165,"minecraft:pale_oak_button":1,"minecraft:pale_oak_stairs":3,"minecraft:oak_door":7,"minecraft:white_candle":1,"minecraft:polished_diorite_stairs":19,"minecraft:redstone_ore":5,"minecraft:sculk":25,"minecraft:spawner":2,"minecraft:warped_wart_block":7,"minecraft:acacia_stairs":3,"minecraft:warped_nylium":6,"minecraft:oak_slab":5,"minecraft:gravel":5311,"minecraft:waxed_copper_grate":34,"minecraft:pale_oak_wall_sign":1,"minecraft:melon_stem":40,"minecraft:polished_deepslate_slab":151,"minecraft:gray_stained_glass":8,"minecraft:firefly_bush":1,"minecraft:gold_ore":4,"minecraft:chiseled_tuff":4,"minecraft:pale_oak_slab":11,"minecraft:andesite":1523,"minecraft:chiseled_bookshelf":1,"minecraft:glowstone":196,"minecraft:dark_oak_slab":29,"minecraft:deepslate_gold_ore":17,"minecraft:ice":33,"minecraft:nether_bricks":241,"minecraft:dark_oak_leaves":5,"minecraft:polished_andesite_slab":25,"minecraft:poppy":3,"minecraft:deepslate_lapis_ore":12,"minecraft:deepslate_iron_ore":252,"minecraft:waxed_copper_bulb":1,"minecraft:stone":2527,"minecraft:deepslate_brick_stairs":1,"minecraft:granite":595,"minecraft:cobblestone_stairs":25,"minecraft:spruce_fence":40,"minecraft:coal_ore":475,"minecraft:diorite":2526,"minecraft:hay_block":1,"minecraft:spruce_trapdoor":16,"minecraft:deepslate_brick_wall":3,"minecraft:white_bed":2,"minecraft:smoker":6,"minecraft:polished_deepslate_stairs":35,"minecraft:polished_deepslate":31,"minecraft:composter":1,"minecraft:white_carpet":13,"minecraft:dark_oak_fence":38,"minecraft:powder_snow":20,"minecraft:red_glazed_terracotta":2,"minecraft:oak_stairs":2,"minecraft:player_head":6,"minecraft:observer":9,"minecraft:polished_deepslate_wall":10,"minecraft:cobweb":47,"minecraft:peony":19,"minecraft:spruce_leaves":112,"minecraft:chiseled_tuff_bricks":11,"minecraft:cobbled_deepslate":62,"minecraft:carved_pumpkin":85,"minecraft:tuff":164,"minecraft:polished_tuff":8,"minecraft:pale_oak_log":610,"minecraft:nether_gold_ore":12,"minecraft:pale_oak_planks":276,"minecraft:polished_andesite":125,"minecraft:cobblestone_slab":26,"minecraft:redstone_wire":71,"minecraft:red_concrete":785,"minecraft:acacia_planks":23},"minecraft:dropped":{"minecraft:andesite":89,"minecraft:sweet_berries":41,"minecraft:bone":245,"minecraft:glass":3,"minecraft:poppy":1,"minecraft:cobblestone_slab":2,"minecraft:breeze_rod":58,"minecraft:tuff_bricks":20,"minecraft:spruce_sign":1,"minecraft:azure_bluet":2,"minecraft:oak_sapling":10,"minecraft:cooked_chicken":404,"minecraft:mace":1,"minecraft:redstone":39,"minecraft:music_disc_precipice":1,"minecraft:golden_carrot":1,"minecraft:tuff":21,"minecraft:milk_bucket":3,"minecraft:netherite_leggings":3,"minecraft:iron_leggings":1,"minecraft:polished_andesite_stairs":2,"minecraft:oak_slab":3,"minecraft:spruce_log":3,"minecraft:gunpowder":73,"minecraft:gold_ingot":2,"minecraft:smooth_basalt":4,"minecraft:stone_axe":1,"minecraft:iron_pickaxe":1,"minecraft:spruce_leaves":1,"minecraft:baked_potato":303,"minecraft:diorite":128,"minecraft:torch":73,"minecraft:stone_sword":10,"minecraft:leather_leggings":3,"minecraft:bow":43,"minecraft:bucket":1,"minecraft:raw_copper":92,"minecraft:crimson_planks":1,"minecraft:melon_slice":6,"minecraft:acacia_door":2,"minecraft:sand":10,"minecraft:chest":2,"minecraft:shears":1,"minecraft:apple":6,"minecraft:bamboo":2,"minecraft:cooked_beef":33,"minecraft:nether_wart":6,"minecraft:raw_iron":19,"minecraft:item_frame":2,"minecraft:waxed_copper_grate":16,"minecraft:crafting_table":2,"minecraft:polished_deepslate":1,"minecraft:golden_helmet":4,"minecraft:netherrack":20,"minecraft:polished_deepslate_stairs":1,"minecraft:mutton":1,"minecraft:white_banner":7,"minecraft:dark_oak_stairs":3,"minecraft:iron_axe":25,"minecraft:glow_berries":1,"minecraft:cobbled_deepslate":170,"minecraft:egg":99,"minecraft:sugar_cane":14,"minecraft:iron_nugget":11,"minecraft:paper":19,"minecraft:stone_pickaxe":2,"minecraft:trident":2,"minecraft:shield":2,"minecraft:dark_oak_slab":2,"minecraft:mangrove_planks":3,"minecraft:calcite":9,"minecraft:player_head":2,"minecraft:string":86,"minecraft:seagrass":3,"minecraft:deepslate_tile_stairs":2,"minecraft:clay_ball":12,"minecraft:bread":14,"minecraft:spider_eye":137,"minecraft:firefly_bush":1,"minecraft:cobblestone":249,"minecraft:spruce_planks":64,"minecraft:potion":5,"minecraft:diamond_helmet":1,"minecraft:white_wool":7,"minecraft:leather":1,"minecraft:diamond_boots":1,"minecraft:diamond_chestplate":1,"minecraft:cobbled_deepslate_slab":6,"minecraft:crimson_sign":1,"minecraft:waxed_copper_block":1,"minecraft:wildflowers":4,"minecraft:bone_meal":6,"minecraft:netherite_sword":2,"minecraft:chiseled_tuff_bricks":1,"minecraft:deepslate_tiles":4,"minecraft:furnace":1,"minecraft:beef":24,"minecraft:spruce_door":7,"minecraft:spruce_fence":6,"minecraft:fishing_rod":1,"minecraft:dark_oak_planks":25,"minecraft:writable_book":4,"minecraft:gray_wool":2,"minecraft:deepslate_tile_slab":7,"minecraft:sugar":8,"minecraft:waxed_oxidized_copper_grate":2,"minecraft:pale_oak_stairs":1,"minecraft:waxed_oxidized_chiseled_copper":1,"minecraft:oxeye_daisy":2,"minecraft:netherite_helmet":4,"minecraft:gravel":25,"minecraft:brick":4,"minecraft:ink_sac":6,"minecraft:netherite_chestplate":4,"minecraft:bowl":1,"minecraft:enchanted_book":2,"minecraft:crossbow":36,"minecraft:soul_sand":1,"minecraft:filled_map":1,"minecraft:polished_tuff_slab":2,"minecraft:glowstone_dust":3,"minecraft:leather_chestplate":2,"minecraft:grass_block":7,"minecraft:fire_charge":19,"minecraft:spruce_stairs":4,"minecraft:arrow":379,"minecraft:spruce_sapling":22,"minecraft:carrot":4,"minecraft:polished_andesite":12,"minecraft:guster_banner_pattern":3,"minecraft:golden_apple":3,"minecraft:tipped_arrow":217,"minecraft:rotten_flesh":1150,"minecraft:iron_chestplate":4,"minecraft:ominous_trial_key":3,"minecraft:dirt":98,"minecraft:golden_chestplate":1,"minecraft:oak_fence":1,"minecraft:red_glazed_terracotta":2,"minecraft:deepslate_bricks":3,"minecraft:coal":11,"minecraft:honey_bottle":7,"minecraft:potato":22,"minecraft:glass_bottle":11,"minecraft:brown_mushroom":9,"minecraft:lapis_lazuli":1,"minecraft:pale_oak_slab":6,"minecraft:fermented_spider_eye":1,"minecraft:blaze_rod":5,"minecraft:diamond_shovel":1,"minecraft:oak_planks":36,"minecraft:porkchop":8,"minecraft:red_candle":3,"minecraft:wheat":13,"minecraft:basalt":2,"minecraft:wheat_seeds":633,"minecraft:iron_ingot":15,"minecraft:spruce_trapdoor":2,"minecraft:spruce_slab":2,"minecraft:polished_tuff":8,"minecraft:copper_ingot":13,"minecraft:polished_andesite_slab":2,"minecraft:oak_log":6,"minecraft:diamond_pickaxe":1,"minecraft:dandelion":10,"minecraft:hopper":1,"minecraft:stick":202,"minecraft:polished_diorite":1,"minecraft:phantom_membrane":5,"minecraft:netherite_boots":4,"minecraft:iron_boots":2,"minecraft:leather_helmet":1,"minecraft:oak_button":2,"minecraft:melon_seeds":25,"minecraft:nautilus_shell":1,"minecraft:blue_dye":1,"minecraft:wooden_hoe":2,"minecraft:waxed_cut_copper_slab":1,"minecraft:pumpkin_seeds":3,"minecraft:wind_charge":15,"minecraft:diamond_axe":1,"minecraft:red_mushroom":2,"minecraft:firework_rocket":17,"minecraft:diamond_leggings":1,"minecraft:quartz":17,"minecraft:granite":145,"minecraft:white_concrete":43,"minecraft:acacia_stairs":4,"minecraft:diamond":85,"minecraft:feather":19,"minecraft:golden_sword":10,"minecraft:poisonous_potato":3,"minecraft:map":2,"minecraft:trial_key":1,"minecraft:leaf_litter":5,"minecraft:chicken":8,"minecraft:flint":83,"minecraft:diamond_sword":2,"minecraft:polished_deepslate_slab":2,"minecraft:golden_leggings":2,"minecraft:oak_trapdoor":4,"minecraft:gold_nugget":99,"minecraft:salmon":1},"minecraft:used":{"minecraft:kelp":17,"minecraft:clay":213,"minecraft:cactus":1,"minecraft:mud":2,"minecraft:diamond_sword":6370,"minecraft:wheat_seeds":1445,"minecraft:mushroom_stew":1,"minecraft:glass":111,"minecraft:polished_diorite_stairs":213,"minecraft:quartz_block":35,"minecraft:hay_block":11,"minecraft:spruce_slab":476,"minecraft:stonecutter":1,"minecraft:polished_deepslate_slab":484,"minecraft:diamond_axe":5602,"minecraft:white_carpet":54,"minecraft:poppy":1,"minecraft:pale_oak_stairs":5,"minecraft:armor_stand":20,"minecraft:bow":8,"minecraft:polished_granite_stairs":2,"minecraft:cut_copper_stairs":16,"minecraft:spruce_hanging_sign":4,"minecraft:cobbled_deepslate":687,"minecraft:polished_diorite":856,"minecraft:andesite_wall":6,"minecraft:pale_oak_trapdoor":46,"minecraft:stone_shovel":131,"minecraft:anvil":3,"minecraft:spruce_fence_gate":6,"minecraft:warped_planks":3,"minecraft:written_book":6,"minecraft:terracotta":4,"minecraft:cooked_salmon":2,"minecraft:polished_granite":155,"minecraft:sand":11,"minecraft:wind_charge":151,"minecraft:crimson_stairs":1,"minecraft:glow_ink_sac":3,"minecraft:shears":339,"minecraft:waxed_oxidized_copper_grate":1,"minecraft:bucket":1209,"minecraft:exposed_cut_copper_slab":3,"minecraft:oak_sapling":29,"minecraft:flower_pot":5,"minecraft:black_stained_glass":221,"minecraft:iron_door":2,"minecraft:oak_fence":12,"minecraft:oak_trapdoor":94,"minecraft:nether_bricks":1,"minecraft:wildflowers":2,"minecraft:shield":91,"minecraft:deepslate":47,"minecraft:brown_carpet":9,"minecraft:iron_pickaxe":189,"minecraft:andesite":60,"minecraft:polished_deepslate":409,"minecraft:orange_concrete":11,"minecraft:pale_oak_sapling":86,"minecraft:dark_oak_log":116,"minecraft:oak_boat":8,"minecraft:golden_carrot":5,"minecraft:peony":16,"minecraft:deepslate_bricks":296,"minecraft:light_gray_terracotta":83,"minecraft:quartz_slab":101,"minecraft:gray_stained_glass":8,"minecraft:diorite":3,"minecraft:redstone":73,"minecraft:pumpkin_seeds":44,"minecraft:spruce_door":40,"minecraft:pale_oak_planks":1955,"minecraft:cobblestone":504,"minecraft:diamond_chestplate":1,"minecraft:stone":1,"minecraft:waxed_copper_grate":3,"minecraft:acacia_door":2,"minecraft:acacia_stairs":6,"minecraft:pale_oak_button":2,"minecraft:crafting_table":48,"minecraft:spruce_sign":24,"minecraft:red_dye":1,"minecraft:spruce_trapdoor":32,"minecraft:potion":12,"minecraft:air":1,"minecraft:glow_item_frame":3,"minecraft:baked_potato":1032,"minecraft:smoker":9,"minecraft:melon_slice":20,"minecraft:stone_hoe":172,"minecraft:black_concrete":670,"minecraft:spruce_log":217,"minecraft:pumpkin":115,"minecraft:water_bucket":1204,"minecraft:soul_sand":11,"minecraft:deepslate_tile_wall":139,"minecraft:netherite_boots":3,"minecraft:warped_stairs":2,"minecraft:bread":30,"minecraft:torch":189,"minecraft:cobblestone_stairs":27,"minecraft:gravel":20,"minecraft:chipped_anvil":2,"minecraft:cooked_chicken":290,"minecraft:white_wool":10,"minecraft:comparator":6,"minecraft:dark_oak_trapdoor":4,"minecraft:chest":102,"minecraft:warped_slab":2,"minecraft:cauldron":4,"minecraft:enchanting_table":1,"minecraft:polished_andesite_stairs":23,"minecraft:painting":3,"minecraft:leaf_litter":73,"minecraft:repeater":11,"minecraft:andesite_stairs":2,"minecraft:player_head":13,"minecraft:ominous_trial_key":18,"minecraft:iron_block":3,"minecraft:potato":1507,"minecraft:glass_bottle":10,"minecraft:oak_sign":17,"minecraft:dark_oak_stairs":111,"minecraft:black_concrete_powder":656,"minecraft:lantern":13,"minecraft:cooked_porkchop":50,"minecraft:granite":55,"minecraft:bricks":49,"minecraft:pale_oak_sign":2,"minecraft:red_carpet":1,"minecraft:crimson_sign":2,"minecraft:smithing_table":1,"minecraft:red_concrete_powder":595,"minecraft:pale_oak_door":1,"minecraft:nether_wart":4,"minecraft:crimson_door":3,"minecraft:jukebox":5,"minecraft:jungle_boat":1,"minecraft:stone_pickaxe":165,"minecraft:dandelion":5,"minecraft:oak_door":8,"minecraft:acacia_planks":269,"minecraft:netherrack":270,"minecraft:spruce_boat":12,"minecraft:lingering_potion":1,"minecraft:diamond_shovel":21632,"minecraft:dried_ghast":2,"minecraft:rotten_flesh":19,"minecraft:writable_book":34,"minecraft:bone_meal":185,"minecraft:item_frame":43,"minecraft:spider_eye":1,"minecraft:dark_oak_planks":823,"minecraft:yellow_dye":2,"minecraft:glowstone":60,"minecraft:acacia_sapling":10,"minecraft:dirt":1785,"minecraft:fishing_rod":3,"minecraft:obsidian":34,"minecraft:dark_oak_sapling":40,"minecraft:spruce_planks":602,"minecraft:oak_leaves":55,"minecraft:dark_oak_door":2,"minecraft:dispenser":2,"minecraft:rose_bush":1,"minecraft:rail":9,"minecraft:spyglass":190,"minecraft:splash_potion":2,"minecraft:deepslate_tiles":55,"minecraft:chiseled_bookshelf":6,"minecraft:oak_planks":16,"minecraft:sugar_cane":31,"minecraft:dropper":8,"minecraft:warped_wart_block":7,"minecraft:trial_key":39,"minecraft:stone_axe":70,"minecraft:spruce_fence":106,"minecraft:polished_deepslate_wall":13,"minecraft:observer":9,"minecraft:netherite_sword":3373,"minecraft:spruce_stairs":82,"minecraft:red_concrete":738,"minecraft:milk_bucket":10,"minecraft:bookshelf":1,"minecraft:diamond_pickaxe":21541,"minecraft:crossbow":12,"minecraft:dark_oak_fence":74,"minecraft:magma_block":8,"minecraft:blast_furnace":4,"minecraft:tuff":16,"minecraft:crimson_slab":1,"minecraft:jack_o_lantern":80,"minecraft:stone_sword":66,"minecraft:sweet_berries":125,"minecraft:lava_bucket":3,"minecraft:polished_deepslate_stairs":142,"minecraft:red_tulip":43,"minecraft:cobblestone_wall":18,"minecraft:pale_oak_slab":12,"minecraft:ominous_bottle":10,"minecraft:oak_slab":11,"minecraft:mace":518,"minecraft:hopper":18,"minecraft:polished_andesite":424,"minecraft:carrot":68,"minecraft:netherite_chestplate":2,"minecraft:oak_pressure_plate":7,"minecraft:white_bed":3,"minecraft:gold_block":2,"minecraft:netherite_helmet":2,"minecraft:trident":1313,"minecraft:polished_diorite_slab":213,"minecraft:blue_dye":1,"minecraft:iron_hoe":103,"minecraft:netherite_leggings":2,"minecraft:pale_oak_log":1,"minecraft:deepslate_brick_wall":4,"minecraft:white_concrete_powder":771,"minecraft:furnace":38,"minecraft:barrel":18,"minecraft:cut_copper_slab":57,"minecraft:yellow_concrete":1647,"minecraft:wooden_hoe":6,"minecraft:lever":2,"minecraft:dark_oak_slab":46,"minecraft:white_concrete":1248,"minecraft:oak_button":3,"minecraft:tripwire_hook":2,"minecraft:cobblestone_slab":27,"minecraft:stone_button":2,"minecraft:spruce_button":13,"minecraft:composter":1,"minecraft:deepslate_brick_stairs":1,"minecraft:oak_stairs":4,"minecraft:cooked_beef":87,"minecraft:yellow_concrete_powder":2816,"minecraft:redstone_torch":4,"minecraft:warped_trapdoor":4,"minecraft:carved_pumpkin":8,"minecraft:spruce_sapling":173,"minecraft:polished_andesite_slab":250,"minecraft:egg":1600}},"DataVersion":4440}