{"stats":{"minecraft:killed_by":{"minecraft:skeleton":3,"minecraft:player":6,"minecraft:vindicator":1,"minecraft:endermite":8,"minecraft:creaking":3,"minecraft:spider":1,"minecraft:iron_golem":7,"minecraft:zombie":9},"minecraft:custom":{"minecraft:time_since_rest":15144,"minecraft:leave_game":45,"minecraft:boat_one_cm":146952,"minecraft:time_since_death":15119,"minecraft:interact_with_furnace":284,"minecraft:happy_ghast_one_cm":418005,"minecraft:total_world_time":1930423,"minecraft:crouch_one_cm":1257039,"minecraft:climb_one_cm":25102,"minecraft:deaths":50,"minecraft:interact_with_stonecutter":118,"minecraft:damage_dealt_resisted":34,"minecraft:animals_bred":78,"minecraft:traded_with_villager":6,"minecraft:damage_blocked_by_shield":360,"minecraft:interact_with_crafting_table":266,"minecraft:inspect_dropper":3,"minecraft:walk_one_cm":6498702,"minecraft:walk_under_water_one_cm":369293,"minecraft:horse_one_cm":7814,"minecraft:damage_dealt":70764,"minecraft:play_time":1930423,"minecraft:jump":36142,"minecraft:play_record":10,"minecraft:sprint_one_cm":6121592,"minecraft:fill_cauldron":8,"minecraft:inspect_hopper":27,"minecraft:fly_one_cm":9833564,"minecraft:walk_on_water_one_cm":207259,"minecraft:interact_with_blast_furnace":52,"minecraft:interact_with_grindstone":8,"minecraft:talked_to_villager":363,"minecraft:damage_taken":57507,"minecraft:mob_kills":285,"minecraft:open_shulker_box":6,"minecraft:interact_with_beacon":2,"minecraft:open_enderchest":1,"minecraft:sleep_in_bed":19,"minecraft:inspect_dispenser":11,"minecraft:swim_one_cm":292047,"minecraft:player_kills":2,"minecraft:enchant_item":9,"minecraft:interact_with_loom":11,"minecraft:interact_with_lectern":25,"minecraft:drop":265,"minecraft:use_cauldron":7,"minecraft:open_barrel":285,"minecraft:open_chest":1767,"minecraft:interact_with_smoker":52,"minecraft:fall_one_cm":740260,"minecraft:interact_with_anvil":4,"minecraft:sneak_time":179220},"minecraft:broken":{"minecraft:stone_shovel":18,"minecraft:iron_axe":3,"minecraft:leather_helmet":1,"minecraft:iron_shovel":2,"minecraft:stone_axe":13,"minecraft:iron_pickaxe":3,"minecraft:flint_and_steel":1,"minecraft:stone_sword":1,"minecraft:stone_pickaxe":6},"minecraft:crafted":{"minecraft:stone_brick_wall":1,"minecraft:soul_campfire":4,"minecraft:gold_ingot":27,"minecraft:iron_chestplate":1,"minecraft:stone_bricks":4,"minecraft:diamond_pickaxe":1,"minecraft:chest":17,"minecraft:cyan_dye":112,"minecraft:bow":1,"minecraft:bucket":1,"minecraft:ladder":9,"minecraft:dark_oak_planks":500,"minecraft:diamond_shovel":1,"minecraft:pale_oak_sign":3,"minecraft:white_stained_glass":8,"minecraft:glass":168,"minecraft:cobblestone_slab":18,"minecraft:spruce_fence":9,"minecraft:soul_torch":36,"minecraft:yellow_dye":3,"minecraft:green_dye":87,"minecraft:chiseled_tuff_bricks":16,"minecraft:spruce_door":3,"minecraft:smooth_stone":6,"minecraft:white_wool":24,"minecraft:charcoal":141,"minecraft:stonecutter":1,"minecraft:blue_dye":69,"minecraft:spruce_sign":9,"minecraft:dried_kelp":45,"minecraft:iron_bars":112,"minecraft:armor_stand":1,"minecraft:raw_iron":36,"minecraft:furnace":4,"minecraft:iron_ingot":62,"minecraft:black_stained_glass_pane":128,"minecraft:dark_oak_slab":24,"minecraft:scaffolding":66,"minecraft:stone":78,"minecraft:deepslate_brick_slab":2,"minecraft:spruce_stairs":92,"minecraft:baked_potato":110,"minecraft:tuff_brick_stairs":13,"minecraft:polished_tuff_stairs":10,"minecraft:shield":1,"minecraft:stone_axe":22,"minecraft:polished_tuff_wall":18,"minecraft:black_stained_glass":56,"minecraft:iron_axe":3,"minecraft:cobblestone_stairs":108,"minecraft:cracked_stone_bricks":4,"minecraft:polished_deepslate_wall":4,"minecraft:gray_banner":1,"minecraft:soul_lantern":15,"minecraft:gray_dye":16,"minecraft:stick":420,"minecraft:stone_brick_slab":12,"minecraft:smooth_stone_slab":6,"minecraft:black_dye":18,"minecraft:black_banner":1,"minecraft:light_gray_dye":4,"minecraft:air":0,"minecraft:bone_meal":87,"minecraft:stone_button":3,"minecraft:red_dye":1,"minecraft:tuff_brick_wall":1,"minecraft:blast_furnace":1,"minecraft:loom":1,"minecraft:light_gray_stained_glass":16,"minecraft:gray_stained_glass":72,"minecraft:oak_planks":56,"minecraft:light_gray_stained_glass_pane":16,"minecraft:iron_shovel":8,"minecraft:white_banner":4,"minecraft:smoker":1,"minecraft:stone_shovel":18,"minecraft:white_dye":43,"minecraft:lantern":4,"minecraft:cyan_terracotta":896,"minecraft:stone_pickaxe":10,"minecraft:spruce_slab":390,"minecraft:dark_oak_trapdoor":6,"minecraft:tuff_bricks":6,"minecraft:composter":2,"minecraft:chain":50,"minecraft:polished_tuff_slab":46,"minecraft:polished_tuff":72,"minecraft:iron_nugget":252,"minecraft:dark_oak_door":9,"minecraft:emerald":6,"minecraft:stone_brick_stairs":24,"minecraft:black_carpet":21,"minecraft:deepslate_brick_wall":10,"minecraft:pale_oak_planks":12,"minecraft:black_bed":1,"minecraft:spruce_trapdoor":48,"minecraft:copper_ingot":3,"minecraft:gray_stained_glass_pane":176,"minecraft:bread":41,"minecraft:tuff_stairs":2,"minecraft:dark_oak_sign":6,"minecraft:crafting_table":3,"minecraft:torch":236,"minecraft:dark_oak_fence":9,"minecraft:purple_dye":2,"minecraft:spruce_planks":1228,"minecraft:dried_kelp_block":5,"minecraft:gray_concrete_powder":48,"minecraft:iron_pickaxe":18},"minecraft:killed":{"minecraft:zombie":140,"minecraft:skeleton":41,"minecraft:glow_squid":1,"minecraft:creeper":16,"minecraft:zombie_villager":1,"minecraft:enderman":1,"minecraft:iron_golem":33,"minecraft:squid":10,"minecraft:cow":1,"minecraft:ghast":1,"minecraft:spider":27},"minecraft:picked_up":{"minecraft:cobblestone_wall":2,"minecraft:sweet_berries":877,"minecraft:pale_oak_log":37,"minecraft:cobblestone":950,"minecraft:flint":11,"minecraft:polished_deepslate_wall":1,"minecraft:redstone":377,"minecraft:bone":41,"minecraft:dark_oak_sign":1,"minecraft:stripped_spruce_log":3,"minecraft:iron_bars":3,"minecraft:diamond":82,"minecraft:granite":161,"minecraft:smoker":2,"minecraft:dark_oak_sapling":6,"minecraft:stone_brick_slab":2,"minecraft:emerald":18,"minecraft:pale_oak_sapling":25,"minecraft:deepslate_brick_slab":3,"minecraft:ink_sac":18,"minecraft:armor_stand":2,"minecraft:wildflowers":9,"minecraft:charcoal":61,"minecraft:spruce_boat":22,"minecraft:spyglass":2,"minecraft:spectral_arrow":35,"minecraft:bow":3,"minecraft:stone_shovel":1,"minecraft:arrow":55,"minecraft:iron_ingot":143,"minecraft:observer":2,"minecraft:dark_oak_planks":14,"minecraft:spruce_slab":36,"minecraft:cactus":36,"minecraft:raw_gold":94,"minecraft:azalea":17,"minecraft:dandelion":33,"minecraft:deepslate_bricks":9,"minecraft:crying_obsidian":4,"minecraft:pale_oak_sign":1,"minecraft:spruce_planks":327,"minecraft:dirt":2894,"minecraft:blue_egg":1,"minecraft:stonecutter":34,"minecraft:verdant_froglight":2,"minecraft:black_carpet":1,"minecraft:golden_boots":1,"minecraft:azure_bluet":9,"minecraft:torch":188,"minecraft:dripstone_block":24,"minecraft:cobblestone_stairs":11,"minecraft:spruce_log":887,"minecraft:cactus_flower":3,"minecraft:oxeye_daisy":4,"minecraft:coal":323,"minecraft:oak_fence":1,"minecraft:music_disc_otherside":6,"minecraft:sand":185,"minecraft:furnace":10,"minecraft:wheat_seeds":459,"minecraft:black_bed":4,"minecraft:splash_potion":1,"minecraft:deepslate_brick_stairs":21,"minecraft:polished_tuff_stairs":26,"minecraft:quartz":22,"minecraft:tuff_brick_stairs":58,"minecraft:egg":146,"minecraft:milk_bucket":2,"minecraft:hopper":1,"minecraft:poppy":39,"minecraft:white_wool":1,"minecraft:mangrove_propagule":33,"minecraft:soul_lantern":3,"minecraft:potion":3,"minecraft:spruce_fence":4,"minecraft:snowball":335,"minecraft:blast_furnace":2,"minecraft:loom":2,"minecraft:chiseled_tuff_bricks":44,"minecraft:andesite":2,"minecraft:oak_sign":6,"minecraft:mangrove_planks":56,"minecraft:deepslate_tile_slab":4,"minecraft:ender_pearl":2,"minecraft:string":26,"minecraft:raw_iron_block":1,"minecraft:stone_bricks":7,"minecraft:copper_ingot":1,"minecraft:obsidian":2,"minecraft:leather_boots":1,"minecraft:amethyst_shard":1,"minecraft:dark_oak_door":8,"minecraft:cornflower":2,"minecraft:chain":2,"minecraft:dark_oak_slab":1,"minecraft:green_dye":11,"minecraft:soul_sand":22,"minecraft:enchanted_book":1,"minecraft:gray_carpet":1,"minecraft:carrot":14,"minecraft:spruce_sapling":117,"minecraft:mangrove_roots":338,"minecraft:polished_deepslate_slab":24,"minecraft:mangrove_log":148,"minecraft:flowering_azalea":4,"minecraft:deepslate_brick_wall":1,"minecraft:bucket":1,"minecraft:birch_sign":2,"minecraft:leather":16,"minecraft:slime_block":5,"minecraft:cyan_terracotta":90,"minecraft:lead":1,"minecraft:armadillo_scute":2,"minecraft:moss_carpet":123,"minecraft:azalea_leaves":3,"minecraft:gold_ingot":20,"minecraft:baked_potato":39,"minecraft:music_disc_tears":6,"minecraft:scaffolding":34,"minecraft:mangrove_slab":6,"minecraft:glow_ink_sac":30,"minecraft:polished_tuff_slab":51,"minecraft:dropper":2,"minecraft:spruce_sign":14,"minecraft:music_disc_precipice":2,"minecraft:stick":161,"minecraft:polished_tuff":3,"minecraft:bamboo":88,"minecraft:fire_charge":2,"minecraft:player_head":6,"minecraft:moss_block":300,"minecraft:golden_chestplate":2,"minecraft:green_wool":2,"minecraft:deepslate":221,"minecraft:kelp":67,"minecraft:item_frame":1,"minecraft:stone_brick_wall":2,"minecraft:raw_iron":54,"minecraft:cobbled_deepslate":2843,"minecraft:pointed_dripstone":3,"minecraft:allium":1,"minecraft:stone_axe":1,"minecraft:jungle_sapling":8,"minecraft:mangrove_fence":4,"minecraft:nether_brick":3,"minecraft:wheat":147,"minecraft:leather_helmet":1,"minecraft:tuff_bricks":93,"minecraft:spruce_door":2,"minecraft:tuff_brick_slab":9,"minecraft:gunpowder":14,"minecraft:chest":31,"minecraft:spruce_trapdoor":22,"minecraft:blackstone":37,"minecraft:stone":96,"minecraft:gravel":111,"minecraft:gray_concrete":49,"minecraft:tuff":2728,"minecraft:leaf_litter":143,"minecraft:soul_torch":26,"minecraft:stripped_mangrove_log":1,"minecraft:potato":157,"minecraft:grass_block":1,"minecraft:terracotta":768,"minecraft:lapis_lazuli":199,"minecraft:bamboo_planks":1,"minecraft:pumpkin":40,"minecraft:spider_eye":8,"minecraft:jungle_log":64,"minecraft:spruce_stairs":16,"minecraft:bone_meal":11,"minecraft:dark_oak_log":125,"minecraft:diorite":16,"minecraft:oak_boat":17,"minecraft:pale_moss_block":3,"minecraft:oak_planks":1,"minecraft:golden_helmet":2,"minecraft:crafting_table":20,"minecraft:raw_copper":60,"minecraft:oak_sapling":1,"minecraft:stone_brick_stairs":2,"minecraft:beef":1,"minecraft:rotten_flesh":192,"minecraft:written_book":3,"minecraft:polished_deepslate_stairs":10,"minecraft:cobblestone_slab":1,"minecraft:glass_bottle":1,"minecraft:jukebox":1,"minecraft:paper":1,"minecraft:cracked_stone_bricks":9},"minecraft:mined":{"minecraft:torch":80,"minecraft:mangrove_roots":335,"minecraft:pale_oak_sapling":3,"minecraft:spruce_log":906,"minecraft:chest":29,"minecraft:oak_sign":6,"minecraft:pumpkin":48,"minecraft:spruce_sapling":1,"minecraft:mangrove_fence":4,"minecraft:spruce_planks":367,"minecraft:soul_torch":3,"minecraft:oxeye_daisy":4,"minecraft:sweet_berry_bush":18,"minecraft:large_fern":5,"minecraft:farmland":3,"minecraft:dark_oak_planks":21,"minecraft:stripped_spruce_log":3,"minecraft:deepslate_bricks":15,"minecraft:oak_fence":1,"minecraft:moss_block":328,"minecraft:bamboo":22,"minecraft:wall_torch":47,"minecraft:fern":6,"minecraft:fire":1,"minecraft:stone_brick_stairs":39,"minecraft:kelp_plant":19,"minecraft:black_carpet":1,"minecraft:mangrove_planks":61,"minecraft:deepslate_diamond_ore":46,"minecraft:potatoes":42,"minecraft:dripstone_block":55,"minecraft:dark_oak_door":8,"minecraft:azure_bluet":9,"minecraft:iron_ore":26,"minecraft:deepslate_brick_slab":2,"minecraft:pale_moss_block":3,"minecraft:podzol":23,"minecraft:chain":2,"minecraft:dandelion":31,"minecraft:cobblestone":77,"minecraft:tuff_brick_slab":6,"minecraft:kelp":17,"minecraft:mangrove_leaves":342,"minecraft:scaffolding":27,"minecraft:tuff_brick_stairs":62,"minecraft:furnace":10,"minecraft:mangrove_slab":6,"minecraft:spruce_stairs":104,"minecraft:iron_bars":3,"minecraft:cracked_stone_bricks":9,"minecraft:tall_grass":36,"minecraft:wildflowers":4,"minecraft:deepslate_tile_slab":5,"minecraft:pointed_dripstone":4,"minecraft:polished_tuff_slab":45,"minecraft:cobblestone_wall":2,"minecraft:dirt":2251,"minecraft:hopper":1,"minecraft:moss_carpet":32,"minecraft:spruce_door":2,"minecraft:deepslate":3639,"minecraft:sand":239,"minecraft:snow":295,"minecraft:spruce_sign":5,"minecraft:cyan_shulker_box":1,"minecraft:stonecutter":34,"minecraft:gray_carpet":1,"minecraft:lapis_ore":1,"minecraft:black_bed":4,"minecraft:sculk":94,"minecraft:vine":31,"minecraft:gray_concrete":49,"minecraft:gravel":123,"minecraft:short_grass":193,"minecraft:pale_oak_wall_sign":1,"minecraft:loom":2,"minecraft:dirt_path":3,"minecraft:crafting_table":16,"minecraft:flowering_azalea":2,"minecraft:deepslate_redstone_ore":63,"minecraft:leaf_litter":57,"minecraft:polished_deepslate_slab":24,"minecraft:jungle_log":65,"minecraft:copper_ore":8,"minecraft:bamboo_planks":1,"minecraft:raw_iron_block":1,"minecraft:stone_brick_wall":4,"minecraft:verdant_froglight":1,"minecraft:green_wool":2,"minecraft:andesite":11,"minecraft:black_stained_glass_pane":2,"minecraft:blast_furnace":2,"minecraft:dark_oak_slab":1,"minecraft:deepslate_gold_ore":56,"minecraft:ice":148,"minecraft:cyan_terracotta":31,"minecraft:poppy":8,"minecraft:deepslate_lapis_ore":22,"minecraft:cactus":17,"minecraft:deepslate_iron_ore":28,"minecraft:allium":1,"minecraft:jungle_leaves":9,"minecraft:polished_tuff_stairs":28,"minecraft:stone":1266,"minecraft:stone_bricks":11,"minecraft:deepslate_brick_stairs":24,"minecraft:dropper":2,"minecraft:stripped_mangrove_log":1,"minecraft:granite":194,"minecraft:cobblestone_stairs":14,"minecraft:spruce_fence":7,"minecraft:bush":1,"minecraft:coal_ore":54,"minecraft:diorite":20,"minecraft:wheat":147,"minecraft:spruce_trapdoor":64,"minecraft:deepslate_brick_wall":1,"minecraft:smoker":2,"minecraft:polished_deepslate_stairs":9,"minecraft:birch_sign":1,"minecraft:soul_wall_torch":22,"minecraft:sculk_vein":7,"minecraft:soul_sand":1,"minecraft:slime_block":7,"minecraft:powder_snow":15,"minecraft:snow_block":3,"minecraft:cactus_flower":3,"minecraft:player_head":2,"minecraft:observer":2,"minecraft:mangrove_log":149,"minecraft:polished_deepslate_wall":1,"minecraft:grass_block":1303,"minecraft:stone_brick_slab":9,"minecraft:spruce_leaves":226,"minecraft:chiseled_tuff_bricks":45,"minecraft:cobbled_deepslate":6,"minecraft:white_wool":1,"minecraft:tuff":2739,"minecraft:polished_tuff":3,"minecraft:tuff_bricks":96,"minecraft:pale_oak_log":37,"minecraft:player_wall_head":3,"minecraft:spruce_slab":106,"minecraft:soul_lantern":1,"minecraft:cobblestone_slab":5,"minecraft:cornflower":2},"minecraft:dropped":{"minecraft:dark_oak_sign":1,"minecraft:observer":2,"minecraft:music_disc_tears":1,"minecraft:azalea_leaves":3,"minecraft:oak_boat":1,"minecraft:kelp":4,"minecraft:gravel":18,"minecraft:cobbled_deepslate":265,"minecraft:bone":5,"minecraft:egg":1,"minecraft:poppy":16,"minecraft:wheat_seeds":7,"minecraft:green_dye":42,"minecraft:spruce_trapdoor":1,"minecraft:spruce_sign":1,"minecraft:dark_oak_slab":1,"minecraft:oak_sapling":1,"minecraft:jukebox":1,"minecraft:redstone":8,"minecraft:music_disc_precipice":1,"minecraft:tuff":55,"minecraft:dandelion":2,"minecraft:hopper":1,"minecraft:string":8,"minecraft:stick":7,"minecraft:spruce_sapling":9,"minecraft:arrow":38,"minecraft:spruce_log":64,"minecraft:cactus_flower":1,"minecraft:deepslate":3,"minecraft:gunpowder":4,"minecraft:spider_eye":5,"minecraft:gold_ingot":47,"minecraft:stone_axe":1,"minecraft:snowball":296,"minecraft:baked_potato":5,"minecraft:tipped_arrow":1,"minecraft:rotten_flesh":115,"minecraft:stone_shovel":1,"minecraft:cobblestone":5,"minecraft:music_disc_otherside":1,"minecraft:spruce_planks":4,"minecraft:blue_dye":23,"minecraft:leather_boots":1,"minecraft:bow":1,"minecraft:potion":2,"minecraft:white_wool":1,"minecraft:dirt":8,"minecraft:leather":16,"minecraft:stone":38,"minecraft:golden_chestplate":1,"minecraft:granite":2,"minecraft:diamond":2,"minecraft:emerald":8,"minecraft:spruce_boat":2,"minecraft:cobblestone_wall":1,"minecraft:leaf_litter":3,"minecraft:dropper":2,"minecraft:lapis_lazuli":24,"minecraft:spyglass":1,"minecraft:pale_oak_sign":1,"minecraft:terracotta":1771,"minecraft:glow_ink_sac":4},"minecraft:used":{"minecraft:polished_tuff":44,"minecraft:stone_brick_wall":9,"minecraft:iron_axe":564,"minecraft:leaf_litter":3,"minecraft:player_head":5,"minecraft:kelp":18,"minecraft:cactus":13,"minecraft:birch_sign":1,"minecraft:white_banner":4,"minecraft:polished_tuff_slab":103,"minecraft:potato":48,"minecraft:wheat_seeds":146,"minecraft:glass_bottle":1,"minecraft:black_carpet":22,"minecraft:oak_sign":6,"minecraft:lantern":4,"minecraft:granite":11,"minecraft:soul_lantern":18,"minecraft:tuff_brick_wall":1,"minecraft:allium":1,"minecraft:iron_shovel":1265,"minecraft:deepslate_tile_slab":5,"minecraft:light_gray_stained_glass_pane":2,"minecraft:chiseled_tuff_bricks":144,"minecraft:pale_oak_sign":3,"minecraft:gray_stained_glass_pane":167,"minecraft:cracked_stone_bricks":2,"minecraft:polished_tuff_stairs":133,"minecraft:spruce_slab":371,"minecraft:polished_deepslate_slab":1263,"minecraft:stonecutter":33,"minecraft:gray_carpet":1,"minecraft:diamond_axe":854,"minecraft:dried_kelp_block":5,"minecraft:poppy":15,"minecraft:snowball":39,"minecraft:moss_block":295,"minecraft:green_wool":2,"minecraft:dandelion":4,"minecraft:stone_pickaxe":906,"minecraft:armor_stand":2,"minecraft:cobbled_deepslate":101,"minecraft:loom":3,"minecraft:spruce_boat":18,"minecraft:deepslate_brick_slab":84,"minecraft:diamond_shovel":246,"minecraft:soul_torch":27,"minecraft:stone_shovel":2438,"minecraft:rotten_flesh":25,"minecraft:writable_book":4,"minecraft:bone_meal":297,"minecraft:item_frame":1,"minecraft:soul_campfire":4,"minecraft:dark_oak_planks":448,"minecraft:dirt":2911,"minecraft:written_book":12,"minecraft:honey_bottle":1,"minecraft:dark_oak_sign":6,"minecraft:stripped_spruce_log":1,"minecraft:sand":17,"minecraft:dark_oak_sapling":4,"minecraft:spruce_planks":726,"minecraft:dark_oak_door":16,"minecraft:glow_ink_sac":2,"minecraft:iron_bars":103,"minecraft:mangrove_planks":7,"minecraft:stone_brick_stairs":39,"minecraft:bucket":544,"minecraft:spyglass":723,"minecraft:dripstone_block":7,"minecraft:black_stained_glass":3,"minecraft:stone_axe":1890,"minecraft:oak_fence":1,"minecraft:purple_dye":2,"minecraft:spruce_fence":6,"minecraft:polished_deepslate_wall":27,"minecraft:wildflowers":9,"minecraft:shield":6,"minecraft:tuff_stairs":2,"minecraft:iron_pickaxe":2804,"minecraft:spruce_stairs":107,"minecraft:deepslate":131,"minecraft:andesite":4,"minecraft:pale_oak_sapling":6,"minecraft:oak_boat":13,"minecraft:deepslate_bricks":53,"minecraft:stone_brick_slab":9,"minecraft:verdant_froglight":2,"minecraft:cactus_flower":1,"minecraft:diamond_pickaxe":5349,"minecraft:cooked_mutton":64,"minecraft:ladder":6,"minecraft:stone_bricks":5,"minecraft:polished_tuff_wall":19,"minecraft:dark_oak_fence":7,"minecraft:tuff_brick_stairs":210,"minecraft:blast_furnace":3,"minecraft:tuff":238,"minecraft:stone_sword":156,"minecraft:sweet_berries":1063,"minecraft:lava_bucket":1,"minecraft:oxeye_daisy":1,"minecraft:gray_stained_glass":5,"minecraft:polished_deepslate_stairs":167,"minecraft:cobblestone_wall":1,"minecraft:diorite":16,"minecraft:tropical_fish_bucket":3,"minecraft:tuff_brick_slab":89,"minecraft:white_stained_glass":1,"minecraft:spruce_door":4,"minecraft:cobblestone":179,"minecraft:stone":16,"minecraft:chain":52,"minecraft:carrot":10,"minecraft:crafting_table":18,"minecraft:spruce_sign":13,"minecraft:spruce_trapdoor":67,"minecraft:iron_chestplate":2,"minecraft:light_gray_stained_glass":2,"minecraft:tuff_bricks":1698,"minecraft:baked_potato":208,"minecraft:apple":2,"minecraft:scaffolding":65,"minecraft:smoker":3,"minecraft:moss_carpet":53,"minecraft:spruce_log":271,"minecraft:pumpkin":28,"minecraft:water_bucket":538,"minecraft:slime_block":4,"minecraft:gray_concrete_powder":48,"minecraft:soul_sand":1,"minecraft:golden_helmet":1,"minecraft:deepslate_brick_wall":1,"minecraft:black_stained_glass_pane":108,"minecraft:furnace":12,"minecraft:torch":457,"minecraft:bread":41,"minecraft:gray_concrete":47,"minecraft:black_bed":5,"minecraft:pale_moss_block":3,"minecraft:cobblestone_stairs":105,"minecraft:dark_oak_slab":22,"minecraft:cobblestone_slab":19,"minecraft:stone_button":3,"minecraft:composter":2,"minecraft:deepslate_brick_stairs":152,"minecraft:cyan_terracotta":1090,"minecraft:flint_and_steel":64,"minecraft:dark_oak_trapdoor":6,"minecraft:chest":44,"minecraft:beef":1,"minecraft:spruce_sapling":57,"minecraft:egg":2,"minecraft:azure_bluet":4,"minecraft:leather_helmet":1}},"DataVersion":4440}