{"stats":{"minecraft:dropped":{"minecraft:honey_bottle":2},"minecraft:custom":{"minecraft:time_since_rest":171,"minecraft:walk_one_cm":89008,"minecraft:leave_game":4,"minecraft:damage_taken":4850,"minecraft:play_time":13516,"minecraft:jump":409,"minecraft:time_since_death":158,"minecraft:drop":2,"minecraft:open_enderchest":1,"minecraft:sprint_one_cm":45926,"minecraft:open_chest":9,"minecraft:fall_one_cm":23155,"minecraft:total_world_time":13516,"minecraft:fly_one_cm":116539,"minecraft:crouch_one_cm":81,"minecraft:sneak_time":42,"minecraft:deaths":3},"minecraft:picked_up":{"minecraft:potion":1,"minecraft:honey_bottle":2,"minecraft:bread":2},"minecraft:killed_by":{"minecraft:player":1,"minecraft:creaking":1},"minecraft:used":{"minecraft:potion":1,"minecraft:written_book":1}},"DataVersion":4440}