{"stats":{"minecraft:killed_by":{"minecraft:endermite":2},"minecraft:killed":{"minecraft:zombie":1,"minecraft:magma_cube":1},"minecraft:mined":{"minecraft:dirt":5,"minecraft:smooth_basalt":4,"minecraft:grass_block":1,"minecraft:packed_ice":1,"minecraft:amethyst_block":6,"minecraft:ice":1,"minecraft:tuff":1,"minecraft:budding_amethyst":1,"minecraft:deepslate":109,"minecraft:sand":1,"minecraft:calcite":4,"minecraft:deepslate_copper_ore":1,"minecraft:amethyst_cluster":38},"minecraft:picked_up":{"minecraft:tuff":1,"minecraft:dirt":5,"minecraft:calcite":4,"minecraft:amethyst_block":6,"minecraft:amethyst_shard":86,"minecraft:raw_copper":5,"minecraft:smooth_basalt":4,"minecraft:cobbled_deepslate":108},"minecraft:custom":{"minecraft:time_since_rest":431,"minecraft:walk_one_cm":96596,"minecraft:leave_game":5,"minecraft:walk_under_water_one_cm":1527,"minecraft:mob_kills":2,"minecraft:damage_taken":6540,"minecraft:play_time":9725,"minecraft:damage_dealt":229,"minecraft:jump":588,"minecraft:time_since_death":425,"minecraft:sprint_one_cm":63512,"minecraft:fall_one_cm":21500,"minecraft:total_world_time":9725,"minecraft:fly_one_cm":161020,"minecraft:walk_on_water_one_cm":480,"minecraft:crouch_one_cm":6300,"minecraft:sneak_time":1036,"minecraft:deaths":5},"minecraft:used":{"minecraft:stone_axe":1,"minecraft:stone_sword":9,"minecraft:cobbled_deepslate":6,"minecraft:stone_pickaxe":131,"minecraft:dirt":5,"minecraft:tuff":1},"minecraft:broken":{"minecraft:stone_pickaxe":1}},"DataVersion":4440}