{"stats":{"minecraft:killed":{"minecraft:salmon":20,"minecraft:zombie":24,"minecraft:skeleton":6,"minecraft:creeper":3,"minecraft:sheep":9,"minecraft:pig":5,"minecraft:cow":6,"minecraft:drowned":1,"minecraft:wolf":1,"minecraft:spider":5},"minecraft:used":{"minecraft:stone_axe":292,"minecraft:iron_axe":226,"minecraft:spruce_fence":32,"minecraft:shield":6,"minecraft:cactus":1,"minecraft:spruce_stairs":78,"minecraft:andesite":3,"minecraft:potato":23,"minecraft:campfire":2,"minecraft:iron_sword":172,"minecraft:wheat_seeds":12,"minecraft:diamond_pickaxe":91,"minecraft:cooked_mutton":7,"minecraft:glass_pane":1,"minecraft:lantern":2,"minecraft:cooked_porkchop":9,"minecraft:granite":3,"minecraft:tuff":1,"minecraft:stone_sword":199,"minecraft:sweet_berries":3,"minecraft:cobblestone_wall":8,"minecraft:firefly_bush":5,"minecraft:spruce_door":6,"minecraft:cobblestone":106,"minecraft:spruce_slab":60,"minecraft:flowering_azalea":1,"minecraft:axolotl_bucket":4,"minecraft:carrot":68,"minecraft:crafting_table":7,"minecraft:spruce_sign":1,"minecraft:spruce_trapdoor":3,"minecraft:white_bed":5,"minecraft:stone_pickaxe":460,"minecraft:armor_stand":1,"minecraft:baked_potato":54,"minecraft:cobbled_deepslate":48,"minecraft:spruce_boat":41,"minecraft:spruce_log":60,"minecraft:stone_hoe":12,"minecraft:stone_shovel":138,"minecraft:pumpkin":7,"minecraft:water_bucket":4,"minecraft:green_dye":1,"minecraft:bone_meal":3,"minecraft:item_frame":1,"minecraft:furnace":14,"minecraft:bread":1,"minecraft:torch":11,"minecraft:dirt":63,"minecraft:spruce_planks":69,"minecraft:gravel":2,"minecraft:shears":3,"minecraft:cooked_beef":4,"minecraft:bucket":9,"minecraft:spyglass":162,"minecraft:chest":15,"minecraft:spruce_sapling":42,"minecraft:oak_sapling":1,"minecraft:flower_pot":1},"minecraft:mined":{"minecraft:torch":1,"minecraft:spruce_log":159,"minecraft:chest":11,"minecraft:smooth_basalt":6,"minecraft:pumpkin":8,"minecraft:carrots":11,"minecraft:spruce_sapling":1,"minecraft:gravel":6,"minecraft:amethyst_block":2,"minecraft:short_grass":5,"minecraft:brown_mushroom":1,"minecraft:spruce_planks":42,"minecraft:crafting_table":7,"minecraft:birch_log":6,"minecraft:flowering_azalea":1,"minecraft:leaf_litter":3,"minecraft:sweet_berry_bush":5,"minecraft:large_fern":7,"minecraft:copper_ore":3,"minecraft:firefly_bush":5,"minecraft:birch_leaves":2,"minecraft:andesite":18,"minecraft:cave_vines_plant":1,"minecraft:campfire":1,"minecraft:budding_amethyst":2,"minecraft:wall_torch":2,"minecraft:fern":18,"minecraft:poppy":1,"minecraft:deepslate_lapis_ore":2,"minecraft:cactus":10,"minecraft:potatoes":18,"minecraft:deepslate_iron_ore":9,"minecraft:iron_ore":34,"minecraft:stone":248,"minecraft:granite":5,"minecraft:spruce_fence":10,"minecraft:podzol":1,"minecraft:coal_ore":108,"minecraft:wheat":1,"minecraft:diorite":12,"minecraft:cobblestone":18,"minecraft:spruce_trapdoor":1,"minecraft:white_bed":4,"minecraft:oak_leaves":8,"minecraft:furnace":12,"minecraft:clay":15,"minecraft:spruce_stairs":44,"minecraft:dirt":67,"minecraft:cobblestone_wall":5,"minecraft:grass_block":89,"minecraft:spruce_leaves":600,"minecraft:carved_pumpkin":2,"minecraft:tuff":1,"minecraft:spruce_door":5,"minecraft:deepslate":52,"minecraft:sand":47,"minecraft:calcite":4,"minecraft:spruce_slab":22,"minecraft:seagrass":1,"minecraft:oak_log":5},"minecraft:crafted":{"minecraft:stone_sword":1,"minecraft:iron_chestplate":1,"minecraft:glass_pane":16,"minecraft:stick":76,"minecraft:smooth_stone_slab":6,"minecraft:cooked_porkchop":9,"minecraft:iron_helmet":1,"minecraft:diamond_pickaxe":1,"minecraft:chest":4,"minecraft:cobblestone_wall":6,"minecraft:bucket":1,"minecraft:bone_meal":3,"minecraft:spyglass":1,"minecraft:item_frame":1,"minecraft:stone_hoe":1,"minecraft:glass":11,"minecraft:flower_pot":1,"minecraft:spruce_fence":24,"minecraft:oak_planks":20,"minecraft:campfire":2,"minecraft:shears":1,"minecraft:iron_sword":2,"minecraft:stone_shovel":2,"minecraft:lantern":2,"minecraft:birch_planks":24,"minecraft:green_dye":7,"minecraft:stone_pickaxe":3,"minecraft:cooked_mutton":15,"minecraft:spruce_door":3,"minecraft:iron_boots":1,"minecraft:terracotta":5,"minecraft:smooth_stone":14,"minecraft:charcoal":7,"minecraft:spruce_slab":42,"minecraft:cooked_beef":13,"minecraft:oak_slab":6,"minecraft:spruce_sign":3,"minecraft:brick":5,"minecraft:iron_nugget":18,"minecraft:armor_stand":1,"minecraft:furnace":3,"minecraft:spruce_trapdoor":2,"minecraft:iron_ingot":31,"minecraft:spruce_boat":1,"minecraft:copper_ingot":9,"minecraft:bread":1,"minecraft:stone":78,"minecraft:torch":8,"minecraft:white_bed":1,"minecraft:baked_potato":45,"minecraft:spruce_stairs":36,"minecraft:clay":5,"minecraft:shield":1,"minecraft:stone_axe":2,"minecraft:spruce_planks":264,"minecraft:iron_pickaxe":1,"minecraft:iron_axe":2,"minecraft:iron_leggings":1,"minecraft:spruce_button":1},"minecraft:killed_by":{"minecraft:zombified_piglin":1,"minecraft:endermite":2,"minecraft:creaking":1,"minecraft:drowned":1},"minecraft:broken":{"minecraft:stone_shovel":1,"minecraft:iron_axe":1,"minecraft:stone_axe":2,"minecraft:stone_sword":2,"minecraft:stone_pickaxe":3},"minecraft:picked_up":{"minecraft:cobblestone_wall":5,"minecraft:tropical_fish":8,"minecraft:name_tag":2,"minecraft:sweet_berries":8,"minecraft:carrot":42,"minecraft:spruce_sapling":42,"minecraft:cobblestone":205,"minecraft:flowering_azalea":2,"minecraft:flint":1,"minecraft:white_bed":4,"minecraft:leather":9,"minecraft:bone":21,"minecraft:deepslate_tiles":1,"minecraft:lead":1,"minecraft:brown_mushroom":5,"minecraft:stone_pickaxe":1,"minecraft:firefly_bush":5,"minecraft:clay_ball":64,"minecraft:baked_potato":50,"minecraft:diamond":3,"minecraft:granite":5,"minecraft:glow_ink_sac":8,"minecraft:book":1,"minecraft:carved_pumpkin":2,"minecraft:porkchop":9,"minecraft:spruce_sign":2,"minecraft:salmon":20,"minecraft:stick":50,"minecraft:black_wool":1,"minecraft:spruce_boat":41,"minecraft:charcoal":2,"minecraft:bow":1,"minecraft:smooth_basalt":5,"minecraft:stone_shovel":5,"minecraft:arrow":7,"minecraft:iron_axe":1,"minecraft:iron_ingot":12,"minecraft:cactus":8,"minecraft:raw_iron":88,"minecraft:spruce_slab":22,"minecraft:cobbled_deepslate":87,"minecraft:pointed_dripstone":25,"minecraft:stone_sword":2,"minecraft:pumpkin_seeds":12,"minecraft:stone_axe":2,"minecraft:amethyst_block":4,"minecraft:wheat":3,"minecraft:leather_helmet":1,"minecraft:spruce_door":5,"minecraft:mutton":20,"minecraft:gunpowder":3,"minecraft:chest":11,"minecraft:spruce_trapdoor":1,"minecraft:spruce_planks":45,"minecraft:dirt":73,"minecraft:blue_egg":1,"minecraft:stone":1,"minecraft:gravel":4,"minecraft:light_gray_wool":1,"minecraft:torch":5,"minecraft:spruce_log":157,"minecraft:tuff":1,"minecraft:leaf_litter":4,"minecraft:coal":230,"minecraft:oak_log":5,"minecraft:potato":64,"minecraft:sand":38,"minecraft:birch_planks":1,"minecraft:birch_log":6,"minecraft:furnace":11,"minecraft:wheat_seeds":15,"minecraft:lapis_lazuli":13,"minecraft:pumpkin":7,"minecraft:spider_eye":1,"minecraft:spruce_stairs":45,"minecraft:egg":1,"minecraft:diorite":9,"minecraft:poppy":1,"minecraft:cooked_beef":6,"minecraft:white_wool":5,"minecraft:spruce_fence":10,"minecraft:crafting_table":8,"minecraft:raw_copper":13,"minecraft:oak_sapling":4,"minecraft:andesite":13,"minecraft:rotten_flesh":27,"minecraft:beef":13,"minecraft:deepslate_tile_slab":4,"minecraft:string":4,"minecraft:leather_boots":1,"minecraft:iron_nugget":4,"minecraft:calcite":8,"minecraft:amethyst_shard":1,"minecraft:paper":3,"minecraft:gray_wool":2},"minecraft:dropped":{"minecraft:rotten_flesh":7,"minecraft:stone_shovel":4,"minecraft:iron_axe":1,"minecraft:cobblestone":61,"minecraft:andesite":10,"minecraft:stone_sword":2,"minecraft:birch_planks":1,"minecraft:pumpkin_seeds":8,"minecraft:spruce_button":1,"minecraft:gravel":1,"minecraft:tropical_fish":4,"minecraft:cobbled_deepslate":11,"minecraft:bone":1,"minecraft:dirt":8,"minecraft:raw_copper":4,"minecraft:wheat_seeds":2,"minecraft:granite":2,"minecraft:paper":2,"minecraft:stone_pickaxe":1,"minecraft:calcite":8,"minecraft:brown_mushroom":3,"minecraft:amethyst_block":4,"minecraft:leaf_litter":4,"minecraft:clay_ball":39,"minecraft:spruce_stairs":1,"minecraft:oak_slab":6,"minecraft:salmon":2,"minecraft:crafting_table":1,"minecraft:gunpowder":1,"minecraft:mushroom_stew":1,"minecraft:stone_axe":2,"minecraft:smooth_basalt":5,"minecraft:cooked_mutton":6,"minecraft:flowering_azalea":1,"minecraft:gray_wool":1,"minecraft:terracotta":5,"minecraft:diorite":9},"minecraft:custom":{"minecraft:time_since_rest":57095,"minecraft:talked_to_villager":19,"minecraft:leave_game":5,"minecraft:damage_taken":12735,"minecraft:mob_kills":82,"minecraft:boat_one_cm":140001,"minecraft:time_since_death":102754,"minecraft:interact_with_furnace":264,"minecraft:sleep_in_bed":8,"minecraft:swim_one_cm":268888,"minecraft:total_world_time":136681,"minecraft:crouch_one_cm":7684,"minecraft:pot_flower":1,"minecraft:deaths":5,"minecraft:climb_one_cm":7491,"minecraft:interact_with_stonecutter":1,"minecraft:enchant_item":1,"minecraft:damage_dealt_resisted":62,"minecraft:damage_blocked_by_shield":606,"minecraft:interact_with_crafting_table":146,"minecraft:walk_one_cm":1687411,"minecraft:walk_under_water_one_cm":83513,"minecraft:damage_dealt":9724,"minecraft:interact_with_lectern":5,"minecraft:play_time":136681,"minecraft:jump":6707,"minecraft:drop":91,"minecraft:open_barrel":15,"minecraft:sprint_one_cm":1273489,"minecraft:open_chest":207,"minecraft:fall_one_cm":180852,"minecraft:fly_one_cm":1147091,"minecraft:walk_on_water_one_cm":147816,"minecraft:sneak_time":610,"minecraft:interact_with_grindstone":1}},"DataVersion":4440}