{"stats":{"minecraft:broken":{"minecraft:stone_shovel":1,"minecraft:diamond_shovel":1,"minecraft:shield":1,"minecraft:iron_pickaxe":1,"minecraft:diamond_pickaxe":1,"minecraft:stone_pickaxe":1},"minecraft:killed_by":{"minecraft:endermite":2},"minecraft:dropped":{"minecraft:rotten_flesh":2,"minecraft:tripwire_hook":1,"minecraft:cobblestone":711,"minecraft:oak_planks":1,"minecraft:andesite":2,"minecraft:gravel":66,"minecraft:cobbled_deepslate":76,"minecraft:bone":21,"minecraft:dirt":2818,"minecraft:ink_sac":2,"minecraft:egg":1,"minecraft:wheat_seeds":1,"minecraft:sand":2,"minecraft:paper":2,"minecraft:chainmail_chestplate":1,"minecraft:oak_sapling":3,"minecraft:waxed_copper_block":1,"minecraft:bone_meal":2,"minecraft:calcite":1,"minecraft:grass_block":1,"minecraft:leaf_litter":607,"minecraft:oak_sign":1,"minecraft:flint":24,"minecraft:spruce_sapling":3,"minecraft:arrow":24,"minecraft:slime_ball":5,"minecraft:crafting_table":1,"minecraft:golden_helmet":1,"minecraft:gunpowder":7,"minecraft:spider_eye":1,"minecraft:writable_book":1,"minecraft:cod":1,"minecraft:snowball":37,"minecraft:ladder":1,"minecraft:diorite":67},"minecraft:used":{"minecraft:stone_axe":56,"minecraft:polished_tuff":181,"minecraft:chiseled_copper":7,"minecraft:shield":45,"minecraft:iron_pickaxe":250,"minecraft:andesite":3,"minecraft:white_banner":1,"minecraft:diamond_sword":1205,"minecraft:potato":25,"minecraft:tnt":7,"minecraft:oak_boat":3,"minecraft:wheat_seeds":21,"minecraft:diamond_pickaxe":12141,"minecraft:cooked_mutton":1,"minecraft:mushroom_stew":4,"minecraft:oak_sign":4,"minecraft:salmon":6,"minecraft:ladder":111,"minecraft:cooked_porkchop":1,"minecraft:tuff_wall":62,"minecraft:tuff":46,"minecraft:stone_sword":88,"minecraft:chiseled_tuff_bricks":22,"minecraft:diorite":6,"minecraft:firefly_bush":1,"minecraft:spruce_door":7,"minecraft:cobblestone":465,"minecraft:diamond_chestplate":1,"minecraft:diamond_axe":495,"minecraft:carrot":68,"minecraft:crafting_table":6,"minecraft:snowball":164,"minecraft:stone_pickaxe":151,"minecraft:glow_item_frame":2,"minecraft:cobbled_deepslate":182,"minecraft:loom":1,"minecraft:spruce_boat":4,"minecraft:apple":6,"minecraft:cod":8,"minecraft:diamond_shovel":7656,"minecraft:spruce_log":9,"minecraft:stone_shovel":131,"minecraft:rotten_flesh":132,"minecraft:water_bucket":7,"minecraft:writable_book":1,"minecraft:bone_meal":4,"minecraft:item_frame":11,"minecraft:furnace":3,"minecraft:torch":342,"minecraft:bread":16,"minecraft:dirt":110,"minecraft:fishing_rod":214,"minecraft:cooked_salmon":8,"minecraft:dried_kelp":35,"minecraft:gravel":3,"minecraft:cooked_chicken":2,"minecraft:cooked_cod":27,"minecraft:cooked_beef":3,"minecraft:flint_and_steel":47,"minecraft:bucket":7,"minecraft:chest":11,"minecraft:oak_planks":1,"minecraft:spruce_sapling":3,"minecraft:oak_sapling":10,"minecraft:egg":2,"minecraft:sugar_cane":1,"minecraft:trial_key":1},"minecraft:picked_up":{"minecraft:tropical_fish":2,"minecraft:poisonous_potato":2,"minecraft:prismarine_shard":7,"minecraft:cobblestone":4613,"minecraft:flint":54,"minecraft:sugar_cane":12,"minecraft:redstone":532,"minecraft:bone":38,"minecraft:cooked_mutton":1,"minecraft:firefly_bush":1,"minecraft:slime_ball":11,"minecraft:diamond":63,"minecraft:granite":20,"minecraft:emerald":8,"minecraft:lily_pad":2,"minecraft:chainmail_chestplate":1,"minecraft:salmon":21,"minecraft:ink_sac":12,"minecraft:spruce_boat":3,"minecraft:bow":3,"minecraft:arrow":84,"minecraft:bowl":1,"minecraft:raw_gold":14,"minecraft:dandelion":4,"minecraft:nautilus_shell":1,"minecraft:dirt":5312,"minecraft:torch":21,"minecraft:spruce_log":342,"minecraft:coal":572,"minecraft:oak_log":51,"minecraft:sand":72,"minecraft:furnace":1,"minecraft:wheat_seeds":23,"minecraft:egg":3,"minecraft:waxed_copper_block":1,"minecraft:poppy":5,"minecraft:feather":1,"minecraft:tuff_wall":2,"minecraft:potion":1,"minecraft:snowball":353,"minecraft:andesite":66,"minecraft:ender_pearl":3,"minecraft:string":46,"minecraft:obsidian":2,"minecraft:writable_book":1,"minecraft:ladder":1,"minecraft:carrot":19,"minecraft:spruce_sapling":13,"minecraft:tripwire_hook":1,"minecraft:leather":6,"minecraft:cod":57,"minecraft:prismarine":1,"minecraft:glow_ink_sac":12,"minecraft:prismarine_crystals":1,"minecraft:porkchop":1,"minecraft:stick":39,"minecraft:polished_tuff":21,"minecraft:prismarine_bricks":1,"minecraft:chicken":1,"minecraft:cooked_chicken":2,"minecraft:kelp":21,"minecraft:item_frame":7,"minecraft:raw_iron":241,"minecraft:cobbled_deepslate":397,"minecraft:glowstone_dust":3,"minecraft:amethyst_block":3,"minecraft:wheat":8,"minecraft:tuff_bricks":29,"minecraft:spruce_door":6,"minecraft:gunpowder":73,"minecraft:chest":1,"minecraft:trident":1,"minecraft:gravel":363,"minecraft:tuff":453,"minecraft:leaf_litter":634,"minecraft:potato":15,"minecraft:grass_block":1,"minecraft:lapis_lazuli":117,"minecraft:spider_eye":3,"minecraft:spruce_stairs":2,"minecraft:bone_meal":2,"minecraft:trial_key":1,"minecraft:diorite":356,"minecraft:wet_sponge":13,"minecraft:oak_boat":2,"minecraft:pufferfish":4,"minecraft:oak_planks":1,"minecraft:golden_helmet":1,"minecraft:crafting_table":5,"minecraft:raw_copper":112,"minecraft:oak_sapling":14,"minecraft:beef":9,"minecraft:rotten_flesh":109,"minecraft:wind_charge":1,"minecraft:apple":3,"minecraft:calcite":1,"minecraft:paper":3},"minecraft:crafted":{"minecraft:cooked_salmon":8,"minecraft:diamond_boots":1,"minecraft:map":10,"minecraft:stick":436,"minecraft:compass":10,"minecraft:chiseled_copper":8,"minecraft:cooked_porkchop":1,"minecraft:diamond_axe":1,"minecraft:diamond_pickaxe":2,"minecraft:chest":10,"minecraft:air":0,"minecraft:bucket":1,"minecraft:flint_and_steel":1,"minecraft:oak_boat":1,"minecraft:ladder":111,"minecraft:item_frame":9,"minecraft:diamond_shovel":2,"minecraft:oak_sign":6,"minecraft:tuff_wall":78,"minecraft:loom":1,"minecraft:glow_item_frame":2,"minecraft:oak_planks":264,"minecraft:cooked_cod":28,"minecraft:fishing_rod":2,"minecraft:shears":1,"minecraft:white_banner":1,"minecraft:yellow_dye":4,"minecraft:stone_pickaxe":1,"minecraft:chiseled_tuff_bricks":22,"minecraft:spruce_door":3,"minecraft:white_wool":6,"minecraft:cooked_beef":3,"minecraft:diamond_chestplate":1,"minecraft:dried_kelp":35,"minecraft:diamond_sword":1,"minecraft:polished_tuff":176,"minecraft:paper":84,"minecraft:furnace":2,"minecraft:spruce_boat":1,"minecraft:iron_ingot":124,"minecraft:diamond_helmet":1,"minecraft:tnt":7,"minecraft:crafting_table":3,"minecraft:diamond_leggings":1,"minecraft:torch":465,"minecraft:baked_potato":14,"minecraft:shield":1,"minecraft:prismarine":1,"minecraft:spruce_planks":108,"minecraft:iron_pickaxe":1,"minecraft:copper_block":2,"minecraft:iron_leggings":1},"minecraft:mined":{"minecraft:torch":12,"minecraft:redstone_ore":9,"minecraft:sculk":27,"minecraft:spruce_log":368,"minecraft:chest":1,"minecraft:smooth_basalt":5,"minecraft:oak_sign":1,"minecraft:carrots":7,"minecraft:spruce_sapling":3,"minecraft:waxed_oxidized_cut_copper":1,"minecraft:gravel":591,"minecraft:short_grass":19,"minecraft:amethyst_block":14,"minecraft:prismarine_bricks":1,"minecraft:crafting_table":5,"minecraft:deepslate_redstone_ore":143,"minecraft:leaf_litter":60,"minecraft:magma_block":3,"minecraft:obsidian":2,"minecraft:copper_ore":37,"minecraft:firefly_bush":1,"minecraft:andesite":120,"minecraft:glowstone":1,"minecraft:deepslate_gold_ore":16,"minecraft:ice":220,"minecraft:wall_torch":1,"minecraft:fern":1,"minecraft:decorated_pot":1,"minecraft:fire":28,"minecraft:kelp_plant":9,"minecraft:deepslate_diamond_ore":63,"minecraft:poppy":5,"minecraft:deepslate_lapis_ore":17,"minecraft:deepslate_iron_ore":191,"minecraft:potatoes":9,"minecraft:birch_planks":1,"minecraft:iron_ore":63,"minecraft:stone":9131,"minecraft:granite":47,"minecraft:podzol":30,"minecraft:dandelion":5,"minecraft:coal_ore":564,"minecraft:diorite":621,"minecraft:sculk_sensor":1,"minecraft:wheat":8,"minecraft:oak_planks":1,"minecraft:tuff_wall":2,"minecraft:cobblestone":8,"minecraft:sugar_cane":9,"minecraft:mangrove_leaves":2,"minecraft:prismarine":1,"minecraft:oak_leaves":36,"minecraft:furnace":1,"minecraft:sculk_vein":2,"minecraft:waxed_oxidized_chiseled_copper":1,"minecraft:glow_lichen":1,"minecraft:powder_snow":79,"minecraft:deepslate_coal_ore":11,"minecraft:tall_grass":2,"minecraft:snow_block":183,"minecraft:waxed_copper_block":2,"minecraft:tall_seagrass":1,"minecraft:dirt":2969,"minecraft:grass_block":3718,"minecraft:spruce_leaves":101,"minecraft:chiseled_tuff_bricks":1,"minecraft:cobbled_deepslate":6,"minecraft:tuff":481,"minecraft:polished_tuff":23,"minecraft:tuff_bricks":30,"minecraft:spruce_door":2,"minecraft:ladder":2,"minecraft:deepslate":643,"minecraft:sand":78,"minecraft:calcite":4,"minecraft:snow":89,"minecraft:seagrass":1,"minecraft:oak_log":51,"minecraft:lapis_ore":6},"minecraft:custom":{"minecraft:eat_cake_slice":1,"minecraft:time_since_rest":220482,"minecraft:talked_to_villager":1,"minecraft:leave_game":17,"minecraft:damage_taken":10462,"minecraft:mob_kills":407,"minecraft:boat_one_cm":253030,"minecraft:time_since_death":220469,"minecraft:interact_with_furnace":129,"minecraft:swim_one_cm":832041,"minecraft:total_world_time":362994,"minecraft:crouch_one_cm":36679,"minecraft:climb_one_cm":38848,"minecraft:deaths":3,"minecraft:interact_with_stonecutter":12,"minecraft:fish_caught":71,"minecraft:enchant_item":16,"minecraft:interact_with_loom":3,"minecraft:animals_bred":2,"minecraft:damage_blocked_by_shield":6080,"minecraft:interact_with_crafting_table":105,"minecraft:walk_one_cm":3090571,"minecraft:walk_under_water_one_cm":188484,"minecraft:interact_with_lectern":1,"minecraft:damage_dealt":68233,"minecraft:play_time":362994,"minecraft:jump":15083,"minecraft:drop":152,"minecraft:open_barrel":2,"minecraft:sprint_one_cm":1902603,"minecraft:open_chest":578,"minecraft:interact_with_smoker":2,"minecraft:fall_one_cm":508080,"minecraft:fly_one_cm":3323929,"minecraft:interact_with_anvil":16,"minecraft:walk_on_water_one_cm":215429,"minecraft:sneak_time":4613,"minecraft:interact_with_blast_furnace":12,"minecraft:interact_with_grindstone":6},"minecraft:killed":{"minecraft:slime":39,"minecraft:elder_guardian":2,"minecraft:skeleton":63,"minecraft:pig":1,"minecraft:witch":1,"minecraft:cod":4,"minecraft:bat":2,"minecraft:spider":43,"minecraft:salmon":5,"minecraft:zombie":112,"minecraft:glow_squid":5,"minecraft:creeper":82,"minecraft:zombie_villager":1,"minecraft:chicken":1,"minecraft:enderman":5,"minecraft:guardian":5,"minecraft:squid":1,"minecraft:drowned":3,"minecraft:cow":4}},"DataVersion":4440}