{"stats":{"minecraft:killed_by":{"minecraft:player":2,"minecraft:creaking":3},"minecraft:dropped":{"minecraft:poppy":1,"minecraft:sweet_berries":8,"minecraft:nether_brick":2,"minecraft:stone_sword":1,"minecraft:golden_carrot":1},"minecraft:used":{"minecraft:stone_sword":32,"minecraft:sweet_berries":388,"minecraft:wildflowers":6,"minecraft:apple":24,"minecraft:dried_kelp":55,"minecraft:diorite":1,"minecraft:black_banner":21,"minecraft:oak_boat":13,"minecraft:golden_carrot":1,"minecraft:cobblestone":3,"minecraft:stone_shovel":9,"minecraft:pumpkin":1,"minecraft:shears":1,"minecraft:rotten_flesh":1,"minecraft:crafting_table":1,"minecraft:nether_brick":8,"minecraft:anvil":1,"minecraft:egg":5,"minecraft:blue_egg":3,"minecraft:bread":6,"minecraft:sugar_cane":34,"minecraft:stone_pickaxe":112},"minecraft:crafted":{"minecraft:bone_meal":3,"minecraft:white_dye":47,"minecraft:black_dye":18,"minecraft:iron_block":3,"minecraft:spruce_planks":4,"minecraft:black_banner":13,"minecraft:shears":1,"minecraft:anvil":1,"minecraft:crafting_table":1},"minecraft:mined":{"minecraft:stone_bricks":5,"minecraft:wildflowers":4,"minecraft:black_wall_banner":8,"minecraft:dirt":4,"minecraft:pumpkin":2,"minecraft:coal_ore":3,"minecraft:diorite":16,"minecraft:grass_block":1,"minecraft:sugar_cane":19,"minecraft:carved_pumpkin":1,"minecraft:gravel":5,"minecraft:crafting_table":1,"minecraft:sweet_berry_bush":18,"minecraft:stone":88},"minecraft:picked_up":{"minecraft:sweet_berries":336,"minecraft:dirt":4,"minecraft:blue_egg":3,"minecraft:cobblestone":76,"minecraft:fishing_rod":1,"minecraft:gravel":3,"minecraft:sugar_cane":34,"minecraft:bread":7,"minecraft:spruce_log":1,"minecraft:coal":3,"minecraft:black_bed":1,"minecraft:pumpkin":1,"minecraft:egg":5,"minecraft:carved_pumpkin":1,"minecraft:diorite":15,"minecraft:ink_sac":48,"minecraft:black_banner":8,"minecraft:oak_boat":14,"minecraft:black_wool":92,"minecraft:wildflowers":6,"minecraft:potion":1,"minecraft:charcoal":14,"minecraft:crafting_table":1,"minecraft:arrow":1,"minecraft:iron_ingot":60,"minecraft:dried_kelp":20,"minecraft:rotten_flesh":1,"minecraft:apple":30,"minecraft:stone_sword":1,"minecraft:pumpkin_seeds":5,"minecraft:copper_ingot":1,"minecraft:nether_brick":17,"minecraft:leather_helmet":1,"minecraft:paper":1,"minecraft:golden_carrot":2},"minecraft:custom":{"minecraft:talked_to_villager":1,"minecraft:time_since_rest":106982,"minecraft:leave_game":16,"minecraft:damage_taken":12230,"minecraft:mob_kills":4,"minecraft:boat_one_cm":114548,"minecraft:interact_with_beacon":1,"minecraft:time_since_death":106970,"minecraft:inspect_dispenser":14,"minecraft:happy_ghast_one_cm":9715,"minecraft:total_world_time":210487,"minecraft:swim_one_cm":63105,"minecraft:crouch_one_cm":28794,"minecraft:deaths":6,"minecraft:climb_one_cm":18435,"minecraft:damage_dealt_resisted":203,"minecraft:interact_with_loom":31,"minecraft:minecart_one_cm":31828,"minecraft:interact_with_crafting_table":5,"minecraft:walk_one_cm":1155118,"minecraft:walk_under_water_one_cm":18268,"minecraft:interact_with_lectern":2,"minecraft:play_time":210487,"minecraft:damage_dealt":832,"minecraft:jump":10861,"minecraft:drop":13,"minecraft:open_barrel":8,"minecraft:sprint_one_cm":1102200,"minecraft:open_chest":86,"minecraft:fall_one_cm":390688,"minecraft:fly_one_cm":3107919,"minecraft:interact_with_anvil":1,"minecraft:walk_on_water_one_cm":17859,"minecraft:sneak_time":3619},"minecraft:killed":{"minecraft:zombie":1,"minecraft:skeleton":1,"minecraft:drowned":1}},"DataVersion":4440}