{"stats":{"minecraft:killed":{"minecraft:zombie":6,"minecraft:skeleton":2,"minecraft:creeper":2,"minecraft:chicken":1,"minecraft:sheep":4,"minecraft:pig":6,"minecraft:cow":2},"minecraft:used":{"minecraft:stone_axe":47,"minecraft:birch_sapling":1,"minecraft:iron_axe":39,"minecraft:iron_leggings":1,"minecraft:cobbled_deepslate":16,"minecraft:mangrove_roots":1,"minecraft:apple":1,"minecraft:shield":1,"minecraft:iron_pickaxe":327,"minecraft:andesite":1,"minecraft:oak_boat":11,"minecraft:iron_sword":23,"minecraft:stone_shovel":46,"minecraft:rotten_flesh":4,"minecraft:water_bucket":90,"minecraft:mushroom_stew":4,"minecraft:anvil":1,"minecraft:furnace":4,"minecraft:light_gray_wool":1,"minecraft:mutton":8,"minecraft:blue_egg":1,"minecraft:bread":3,"minecraft:torch":169,"minecraft:dirt":16,"minecraft:iron_shovel":4,"minecraft:stone_sword":78,"minecraft:wooden_hoe":1,"minecraft:gravel":4,"minecraft:oak_log":1,"minecraft:cobblestone":69,"minecraft:bucket":91,"minecraft:crafting_table":11,"minecraft:iron_chestplate":1,"minecraft:beef":5,"minecraft:porkchop":12,"minecraft:stone_pickaxe":262},"minecraft:mined":{"minecraft:torch":2,"minecraft:redstone_ore":5,"minecraft:granite":4,"minecraft:bush":1,"minecraft:pumpkin":11,"minecraft:netherrack":5,"minecraft:coal_ore":103,"minecraft:diorite":8,"minecraft:cobblestone":6,"minecraft:gravel":7,"minecraft:short_grass":2,"minecraft:oak_leaves":2,"minecraft:dirt_path":1,"minecraft:furnace":4,"minecraft:crafting_table":11,"minecraft:deepslate_redstone_ore":5,"minecraft:leaf_litter":1,"minecraft:magma_block":2,"minecraft:glow_lichen":1,"minecraft:powder_snow":24,"minecraft:tall_grass":1,"minecraft:emerald_ore":1,"minecraft:chipped_anvil":1,"minecraft:lily_pad":3,"minecraft:dirt":37,"minecraft:gold_ore":3,"minecraft:andesite":6,"minecraft:grass_block":9,"minecraft:packed_ice":2,"minecraft:deepslate_gold_ore":12,"minecraft:gold_block":2,"minecraft:cobbled_deepslate":3,"minecraft:wall_torch":2,"minecraft:deepslate":186,"minecraft:fire":1,"minecraft:deepslate_lapis_ore":16,"minecraft:deepslate_iron_ore":20,"minecraft:oak_log":23,"minecraft:iron_ore":60,"minecraft:stone":132},"minecraft:crafted":{"minecraft:gold_ingot":31,"minecraft:stone_pickaxe":1,"minecraft:iron_chestplate":1,"minecraft:iron_boots":1,"minecraft:anvil":1,"minecraft:stick":68,"minecraft:iron_helmet":1,"minecraft:iron_block":3,"minecraft:diamond_pickaxe":1,"minecraft:air":0,"minecraft:bucket":1,"minecraft:furnace":1,"minecraft:oak_boat":2,"minecraft:iron_ingot":82,"minecraft:crafting_table":1,"minecraft:torch":184,"minecraft:wooden_hoe":1,"minecraft:shield":1,"minecraft:bowl":4,"minecraft:oak_planks":92,"minecraft:red_bed":1,"minecraft:iron_pickaxe":2,"minecraft:shears":1,"minecraft:iron_shovel":1,"minecraft:iron_sword":2,"minecraft:iron_axe":1,"minecraft:iron_leggings":1},"minecraft:killed_by":{"minecraft:skeleton":1,"minecraft:silverfish":1},"minecraft:broken":{"minecraft:iron_pickaxe":1,"minecraft:stone_pickaxe":2},"minecraft:picked_up":{"minecraft:netherrack":5,"minecraft:dirt":41,"minecraft:red_wool":3,"minecraft:blue_egg":1,"minecraft:cobblestone":119,"minecraft:mangrove_roots":1,"minecraft:flint":1,"minecraft:gravel":7,"minecraft:leather":3,"minecraft:light_gray_wool":1,"minecraft:bone":1,"minecraft:redstone":47,"minecraft:torch":6,"minecraft:diamond_pickaxe":1,"minecraft:bread":3,"minecraft:coal":101,"minecraft:oak_log":25,"minecraft:furnace":4,"minecraft:chipped_anvil":1,"minecraft:granite":4,"minecraft:lapis_lazuli":90,"minecraft:emerald":1,"minecraft:pumpkin":11,"minecraft:lily_pad":1,"minecraft:porkchop":12,"minecraft:diorite":7,"minecraft:stick":4,"minecraft:birch_sapling":1,"minecraft:oak_boat":10,"minecraft:feather":2,"minecraft:white_wool":7,"minecraft:chicken":1,"minecraft:gold_block":2,"minecraft:crafting_table":11,"minecraft:oak_sapling":4,"minecraft:andesite":6,"minecraft:rotten_flesh":4,"minecraft:raw_iron":78,"minecraft:beef":6,"minecraft:cobbled_deepslate":167,"minecraft:apple":1,"minecraft:raw_gold":15,"minecraft:mutton":8,"minecraft:gunpowder":1,"minecraft:paper":1},"minecraft:dropped":{"minecraft:stone_shovel":1,"minecraft:oak_planks":3,"minecraft:andesite":5,"minecraft:iron_chestplate":1,"minecraft:stone_sword":1,"minecraft:gravel":3,"minecraft:cobbled_deepslate":2,"minecraft:white_wool":7,"minecraft:dirt":25,"minecraft:iron_ingot":35,"minecraft:granite":4,"minecraft:paper":1,"minecraft:diamond":13,"minecraft:feather":2,"minecraft:pumpkin":2,"minecraft:diamond_pickaxe":1,"minecraft:chicken":1,"minecraft:beef":1,"minecraft:iron_leggings":1,"minecraft:flint":1,"minecraft:gunpowder":1,"minecraft:gold_ingot":31,"minecraft:netherrack":5,"minecraft:stone_axe":1,"minecraft:diorite":7},"minecraft:custom":{"minecraft:time_since_rest":4949,"minecraft:talked_to_villager":1,"minecraft:leave_game":7,"minecraft:damage_taken":2414,"minecraft:mob_kills":24,"minecraft:boat_one_cm":46259,"minecraft:time_since_death":4939,"minecraft:interact_with_furnace":126,"minecraft:swim_one_cm":2048,"minecraft:total_world_time":61348,"minecraft:crouch_one_cm":8573,"minecraft:deaths":8,"minecraft:climb_one_cm":5777,"minecraft:damage_dealt_resisted":10,"minecraft:damage_blocked_by_shield":60,"minecraft:interact_with_crafting_table":31,"minecraft:walk_one_cm":577499,"minecraft:walk_under_water_one_cm":26252,"minecraft:damage_dealt":3315,"minecraft:play_time":61348,"minecraft:jump":2906,"minecraft:drop":32,"minecraft:sprint_one_cm":345043,"minecraft:open_chest":10,"minecraft:fall_one_cm":78668,"minecraft:fly_one_cm":536784,"minecraft:interact_with_anvil":2,"minecraft:walk_on_water_one_cm":30159,"minecraft:sneak_time":1114,"minecraft:interact_with_blast_furnace":2}},"DataVersion":4440}