{"stats":{"minecraft:custom":{"minecraft:interact_with_crafting_table":3,"minecraft:time_since_rest":8724,"minecraft:walk_one_cm":191124,"minecraft:leave_game":1,"minecraft:walk_under_water_one_cm":638,"minecraft:damage_taken":37309,"minecraft:play_time":11696,"minecraft:damage_dealt":0,"minecraft:jump":587,"minecraft:time_since_death":8715,"minecraft:drop":2,"minecraft:sprint_one_cm":62760,"minecraft:open_chest":1,"minecraft:fall_one_cm":14601,"minecraft:total_world_time":11696,"minecraft:swim_one_cm":8193,"minecraft:fly_one_cm":107191,"minecraft:walk_on_water_one_cm":2077,"minecraft:crouch_one_cm":3173,"minecraft:sneak_time":315,"minecraft:deaths":14,"minecraft:damage_dealt_resisted":23},"minecraft:picked_up":{"minecraft:sweet_berries":9,"minecraft:dirt":9,"minecraft:oak_log":5,"minecraft:rabbit":1,"minecraft:cobblestone":21,"minecraft:rabbit_hide":1,"minecraft:wheat_seeds":17,"minecraft:wheat":6,"minecraft:gravel":3,"minecraft:iron_ingot":7,"minecraft:deepslate_tiles":2},"minecraft:killed_by":{"minecraft:creeper":1,"minecraft:endermite":9,"minecraft:creaking":3},"minecraft:crafted":{"minecraft:stick":4,"minecraft:shield":1,"minecraft:oak_planks":20,"minecraft:bread":2,"minecraft:iron_pickaxe":1},"minecraft:dropped":{"minecraft:rabbit_hide":1,"minecraft:rabbit":1},"minecraft:used":{"minecraft:stone_axe":5,"minecraft:stone_shovel":6,"minecraft:stone_sword":1,"minecraft:sweet_berries":9,"minecraft:deepslate_tiles":2,"minecraft:iron_pickaxe":18,"minecraft:gravel":3,"minecraft:stone_pickaxe":12,"minecraft:bread":2,"minecraft:dirt":9,"minecraft:wheat_seeds":17},"minecraft:mined":{"minecraft:gravel":6,"minecraft:dirt":10,"minecraft:oak_log":5,"minecraft:grass_block":3,"minecraft:wheat":6,"minecraft:deepslate_tiles":2,"minecraft:cobblestone":4,"minecraft:packed_ice":5,"minecraft:stone":24}},"DataVersion":4440}