{"stats":{"minecraft:broken":{"minecraft:stone_axe":1,"minecraft:iron_pickaxe":1,"minecraft:stone_sword":1,"minecraft:stone_pickaxe":2},"minecraft:killed_by":{"minecraft:player":1,"minecraft:endermite":5},"minecraft:dropped":{"minecraft:rotten_flesh":2,"minecraft:arrow":1,"minecraft:ominous_bottle":1,"minecraft:leaf_litter":9,"minecraft:feather":1,"minecraft:snowball":1,"minecraft:acacia_sapling":3,"minecraft:brown_wool":4,"minecraft:dirt":3,"minecraft:leather":2},"minecraft:used":{"minecraft:stone_axe":120,"minecraft:acacia_planks":85,"minecraft:spruce_boat":5,"minecraft:shield":10,"minecraft:iron_pickaxe":257,"minecraft:iron_sword":226,"minecraft:stone_shovel":100,"minecraft:water_bucket":73,"minecraft:wooden_axe":2,"minecraft:cooked_mutton":6,"minecraft:furnace":20,"minecraft:cooked_porkchop":5,"minecraft:acacia_sapling":8,"minecraft:mutton":2,"minecraft:bread":15,"minecraft:dirt":18,"minecraft:terracotta":9,"minecraft:stone_sword":134,"minecraft:lava_bucket":68,"minecraft:spruce_planks":84,"minecraft:wooden_pickaxe":5,"minecraft:white_wool":2,"minecraft:cooked_chicken":1,"minecraft:cobblestone":242,"minecraft:cooked_beef":5,"minecraft:snow_block":20,"minecraft:bucket":142,"minecraft:crafting_table":10,"minecraft:oak_planks":4,"minecraft:spruce_sapling":1,"minecraft:stone_pickaxe":307},"minecraft:picked_up":{"minecraft:spruce_planks":5,"minecraft:spruce_sapling":1,"minecraft:dirt":21,"minecraft:cobblestone":275,"minecraft:brown_wool":4,"minecraft:gravel":1,"minecraft:leather":2,"minecraft:spruce_log":24,"minecraft:acacia_sapling":11,"minecraft:leaf_litter":9,"minecraft:coal":56,"minecraft:cooked_mutton":2,"minecraft:oak_log":1,"minecraft:clay_ball":20,"minecraft:furnace":20,"minecraft:terracotta":9,"minecraft:wheat_seeds":13,"minecraft:white_banner":1,"minecraft:porkchop":5,"minecraft:ominous_bottle":1,"minecraft:stick":5,"minecraft:white_wool":2,"minecraft:feather":1,"minecraft:chicken":1,"minecraft:spruce_boat":5,"minecraft:cooked_porkchop":2,"minecraft:crafting_table":8,"minecraft:snowball":81,"minecraft:arrow":2,"minecraft:rotten_flesh":2,"minecraft:raw_iron":43,"minecraft:beef":5,"minecraft:acacia_wood":7,"minecraft:crossbow":1,"minecraft:hay_block":5,"minecraft:acacia_log":33,"minecraft:mutton":9,"minecraft:acacia_planks":84},"minecraft:crafted":{"minecraft:wooden_axe":1,"minecraft:cooked_chicken":1,"minecraft:stone_pickaxe":2,"minecraft:cooked_mutton":5,"minecraft:iron_chestplate":1,"minecraft:iron_boots":1,"minecraft:stick":8,"minecraft:wooden_pickaxe":1,"minecraft:cooked_beef":5,"minecraft:cooked_porkchop":3,"minecraft:iron_helmet":1,"minecraft:air":0,"minecraft:acacia_planks":152,"minecraft:wheat":45,"minecraft:bucket":2,"minecraft:furnace":3,"minecraft:snow_block":20,"minecraft:spruce_boat":1,"minecraft:iron_ingot":43,"minecraft:bread":15,"minecraft:crafting_table":2,"minecraft:shield":1,"minecraft:oak_planks":4,"minecraft:spruce_planks":96,"minecraft:iron_pickaxe":1,"minecraft:iron_sword":1,"minecraft:iron_leggings":1},"minecraft:mined":{"minecraft:spruce_log":25,"minecraft:bush":3,"minecraft:coal_ore":19,"minecraft:terracotta":8,"minecraft:oak_planks":3,"minecraft:hay_block":5,"minecraft:cobblestone":278,"minecraft:sunflower":4,"minecraft:sugar_cane":4,"minecraft:gravel":1,"minecraft:short_grass":91,"minecraft:acacia_leaves":34,"minecraft:oak_leaves":4,"minecraft:spruce_planks":5,"minecraft:furnace":20,"minecraft:crafting_table":9,"minecraft:clay":5,"minecraft:leaf_litter":28,"minecraft:large_fern":5,"minecraft:dark_oak_planks":1,"minecraft:tall_grass":69,"minecraft:dirt":24,"minecraft:birch_leaves":1,"minecraft:grass_block":8,"minecraft:peony":1,"minecraft:spruce_leaves":10,"minecraft:snow":97,"minecraft:acacia_wood":7,"minecraft:iron_ore":43,"minecraft:acacia_log":33,"minecraft:stone":168,"minecraft:acacia_planks":8},"minecraft:custom":{"minecraft:time_since_rest":72,"minecraft:leave_game":11,"minecraft:damage_taken":17268,"minecraft:mob_kills":30,"minecraft:boat_one_cm":23206,"minecraft:time_since_death":0,"minecraft:interact_with_furnace":163,"minecraft:total_world_time":380921,"minecraft:swim_one_cm":44867,"minecraft:crouch_one_cm":82460,"minecraft:deaths":8,"minecraft:climb_one_cm":1557,"minecraft:damage_dealt_resisted":12,"minecraft:damage_blocked_by_shield":886,"minecraft:interact_with_crafting_table":29,"minecraft:walk_one_cm":169575,"minecraft:walk_under_water_one_cm":23430,"minecraft:play_time":380921,"minecraft:damage_dealt":5263,"minecraft:jump":4633,"minecraft:drop":10,"minecraft:sprint_one_cm":405170,"minecraft:fall_one_cm":146552,"minecraft:fly_one_cm":934570,"minecraft:walk_on_water_one_cm":92181,"minecraft:sneak_time":13326},"minecraft:killed":{"minecraft:pillager":14,"minecraft:skeleton":3,"minecraft:chicken":1,"minecraft:sheep":6,"minecraft:pig":2,"minecraft:cow":1,"minecraft:spider":1}},"DataVersion":4440}