{"stats":{"minecraft:killed_by":{"minecraft:player":5},"minecraft:custom":{"minecraft:time_since_rest":24621,"minecraft:leave_game":61,"minecraft:boat_one_cm":1097529,"minecraft:time_since_death":24608,"minecraft:interact_with_furnace":354,"minecraft:total_world_time":2700790,"minecraft:crouch_one_cm":254487,"minecraft:raid_win":1,"minecraft:climb_one_cm":273378,"minecraft:deaths":21,"minecraft:interact_with_stonecutter":2,"minecraft:animals_bred":420,"minecraft:traded_with_villager":1161,"minecraft:damage_blocked_by_shield":1940,"minecraft:interact_with_crafting_table":438,"minecraft:walk_one_cm":22851514,"minecraft:walk_under_water_one_cm":320921,"minecraft:horse_one_cm":215098,"minecraft:damage_dealt":258784,"minecraft:play_time":2700790,"minecraft:jump":68334,"minecraft:play_record":17,"minecraft:sprint_one_cm":18407987,"minecraft:inspect_hopper":81,"minecraft:fly_one_cm":7335693,"minecraft:walk_on_water_one_cm":559581,"minecraft:interact_with_blast_furnace":306,"minecraft:interact_with_grindstone":21,"minecraft:talked_to_villager":548,"minecraft:damage_taken":20407,"minecraft:mob_kills":4668,"minecraft:interact_with_beacon":7,"minecraft:open_enderchest":83,"minecraft:interact_with_brewingstand":11,"minecraft:interact_with_smithing_table":9,"minecraft:sleep_in_bed":23,"minecraft:swim_one_cm":222315,"minecraft:player_kills":9,"minecraft:enchant_item":50,"minecraft:interact_with_loom":17,"minecraft:play_noteblock":6,"minecraft:interact_with_lectern":103,"minecraft:drop":339,"minecraft:bell_ring":30,"minecraft:open_barrel":18,"minecraft:open_chest":4013,"minecraft:interact_with_smoker":233,"minecraft:fall_one_cm":952684,"minecraft:tune_noteblock":218,"minecraft:interact_with_anvil":42,"minecraft:sneak_time":40467},"minecraft:broken":{"minecraft:stone_shovel":6,"minecraft:iron_leggings":1,"minecraft:stone_hoe":6,"minecraft:stone_axe":7,"minecraft:iron_pickaxe":1,"minecraft:stone_sword":1,"minecraft:stone_pickaxe":12},"minecraft:crafted":{"minecraft:stone_sword":1,"minecraft:nether_brick":229,"minecraft:netherite_shovel":1,"minecraft:netherite_hoe":1,"minecraft:gold_ingot":692,"minecraft:book":76,"minecraft:iron_chestplate":2,"minecraft:glass_pane":32,"minecraft:resin_brick":4,"minecraft:creaking_heart":3,"minecraft:melon":20,"minecraft:netherite_sword":1,"minecraft:blue_wool":3,"minecraft:lever":1,"minecraft:diamond_pickaxe":1,"minecraft:chest":9,"minecraft:iron_block":70,"minecraft:bookshelf":8,"minecraft:pale_oak_fence":237,"minecraft:bow":64,"minecraft:ender_pearl":12,"minecraft:brown_banner":1,"minecraft:acacia_planks":32,"minecraft:repeater":1,"minecraft:bucket":1,"minecraft:flint_and_steel":1,"minecraft:jungle_planks":56,"minecraft:pale_oak_door":3,"minecraft:ladder":54,"minecraft:item_frame":20,"minecraft:dark_oak_planks":10236,"minecraft:stone_hoe":8,"minecraft:jukebox":1,"minecraft:diamond_shovel":1,"minecraft:sticky_piston":1,"minecraft:leather_helmet":4,"minecraft:pale_oak_sign":114,"minecraft:glass":32,"minecraft:cobblestone_slab":6,"minecraft:bell":1,"minecraft:suspicious_stew":7,"minecraft:glow_item_frame":12,"minecraft:golden_chestplate":1,"minecraft:sugar":2,"minecraft:redstone_block":86,"minecraft:netherite_upgrade_smithing_template":16,"minecraft:blue_bed":1,"minecraft:pale_oak_pressure_plate":1,"minecraft:yellow_dye":3,"minecraft:polished_diorite":436,"minecraft:green_dye":8,"minecraft:coal_block":31,"minecraft:iron_boots":1,"minecraft:bone_block":1133,"minecraft:dark_oak_boat":5,"minecraft:smooth_stone":64,"minecraft:charcoal":108,"minecraft:cooked_beef":207,"minecraft:blue_dye":4,"minecraft:golden_carrot":8,"minecraft:fletching_table":1,"minecraft:resin_block":11,"minecraft:heavy_weighted_pressure_plate":4,"minecraft:nether_wart_block":6,"minecraft:netherite_axe":1,"minecraft:iron_bars":48,"minecraft:apple":64,"minecraft:polished_granite":40,"minecraft:paper":285,"minecraft:armor_stand":2,"minecraft:furnace":8,"minecraft:pink_carpet":6,"minecraft:pale_oak_button":1,"minecraft:grindstone":1,"minecraft:iron_ingot":616,"minecraft:pale_oak_trapdoor":16,"minecraft:diamond_hoe":1,"minecraft:diamond_helmet":1,"minecraft:resin_bricks":1,"minecraft:scaffolding":252,"minecraft:stone":128,"minecraft:blaze_powder":2,"minecraft:experience_bottle":30,"minecraft:diamond_leggings":1,"minecraft:enchanted_book":162,"minecraft:baked_potato":636,"minecraft:shield":7,"minecraft:stone_axe":11,"minecraft:pale_oak_stairs":8,"minecraft:netherite_pickaxe":1,"minecraft:black_wool":6,"minecraft:piston":1,"minecraft:chainmail_chestplate":1,"minecraft:cooked_salmon":92,"minecraft:diamond_boots":1,"minecraft:golden_helmet":2,"minecraft:smithing_table":1,"minecraft:writable_book":4,"minecraft:map":12,"minecraft:stick":19469,"minecraft:leather_boots":5,"minecraft:deepslate_bricks":580,"minecraft:compass":12,"minecraft:smooth_stone_slab":12,"minecraft:black_dye":11,"minecraft:pumpkin_seeds":16,"minecraft:iron_helmet":2,"minecraft:diamond_axe":1,"minecraft:cobblestone_wall":60,"minecraft:black_banner":93,"minecraft:air":0,"minecraft:raw_copper":18,"minecraft:bone_meal":10268,"minecraft:spyglass":2,"minecraft:lapis_block":115,"minecraft:glass_bottle":6,"minecraft:pumpkin_pie":8,"minecraft:red_dye":2,"minecraft:blast_furnace":6,"minecraft:pale_oak_slab":234,"minecraft:quartz_block":412,"minecraft:redstone_torch":4,"minecraft:loom":1,"minecraft:pale_oak_boat":1,"minecraft:lapis_lazuli":18,"minecraft:oak_planks":24,"minecraft:gold_nugget":124,"minecraft:cooked_cod":266,"minecraft:melon_seeds":5,"minecraft:shears":2,"minecraft:polished_deepslate":640,"minecraft:white_banner":33,"minecraft:smoker":4,"minecraft:stone_shovel":5,"minecraft:white_dye":9,"minecraft:lantern":12,"minecraft:polished_deepslate_stairs":40,"minecraft:cooked_chicken":51,"minecraft:birch_planks":4,"minecraft:hopper":1,"minecraft:note_block":2,"minecraft:stone_pickaxe":9,"minecraft:anvil":2,"minecraft:netherite_ingot":6,"minecraft:nether_bricks":64,"minecraft:emerald_block":67,"minecraft:wooden_pickaxe":1,"minecraft:dark_oak_trapdoor":2,"minecraft:glowstone":17,"minecraft:chain":9,"minecraft:fermented_spider_eye":1,"minecraft:diamond_chestplate":1,"minecraft:diamond_sword":1,"minecraft:iron_nugget":18,"minecraft:dark_oak_door":3,"minecraft:emerald":906,"minecraft:netherite_scrap":24,"minecraft:wheat":72,"minecraft:pale_oak_planks":4720,"minecraft:gold_block":69,"minecraft:deepslate_brick_stairs":340,"minecraft:copper_ingot":615,"minecraft:white_carpet":15,"minecraft:bread":43,"minecraft:dark_oak_sign":9,"minecraft:hay_block":28,"minecraft:crafting_table":7,"minecraft:torch":324,"minecraft:white_bed":2,"minecraft:dark_oak_fence":3,"minecraft:saddle":1,"minecraft:lectern":3,"minecraft:iron_pickaxe":1,"minecraft:copper_block":116,"minecraft:iron_leggings":2},"minecraft:killed":{"minecraft:zombified_piglin":2203,"minecraft:pig":8,"minecraft:piglin":7,"minecraft:vindicator":5,"minecraft:bat":8,"minecraft:silverfish":1,"minecraft:salmon":10,"minecraft:zombie":612,"minecraft:glow_squid":1,"minecraft:chicken":40,"minecraft:squid":17,"minecraft:drowned":1,"minecraft:cow":57,"minecraft:slime":34,"minecraft:pillager":3,"minecraft:skeleton":1129,"minecraft:witch":6,"minecraft:spider":129,"minecraft:husk":1,"minecraft:cave_spider":1,"minecraft:creeper":195,"minecraft:sheep":12,"minecraft:enderman":10,"minecraft:evoker":1,"minecraft:magma_cube":10,"minecraft:vex":1,"minecraft:ghast":1,"minecraft:blaze":3},"minecraft:picked_up":{"minecraft:cobblestone_wall":9,"minecraft:music_disc_wait":2,"minecraft:sweet_berries":2,"minecraft:pale_oak_log":4037,"minecraft:cobblestone":7822,"minecraft:saddle":1,"minecraft:sugar_cane":596,"minecraft:stripped_dark_oak_log":1,"minecraft:hopper_minecart":3,"minecraft:bone":505,"minecraft:acacia_sapling":4,"minecraft:iron_bars":2,"minecraft:warped_fence":2,"minecraft:white_banner":22,"minecraft:blaze_rod":2,"minecraft:emerald":66,"minecraft:chainmail_chestplate":1,"minecraft:pale_oak_sapling":492,"minecraft:sugar":5,"minecraft:book":82,"minecraft:ink_sac":27,"minecraft:chainmail_helmet":1,"minecraft:pale_oak_button":1,"minecraft:spectral_arrow":63,"minecraft:bow":41,"minecraft:arrow":413,"minecraft:smooth_basalt":64,"minecraft:iron_ingot":5,"minecraft:pale_oak_stairs":3,"minecraft:cactus":2,"minecraft:spruce_slab":80,"minecraft:crossbow":2,"minecraft:dandelion":10,"minecraft:pale_oak_fence":123,"minecraft:music_disc_chirp":3,"minecraft:nautilus_shell":1,"minecraft:mutton":15,"minecraft:golden_carrot":71,"minecraft:brown_wool":8,"minecraft:stonecutter":2,"minecraft:crimson_stem":1,"minecraft:oxeye_daisy":4,"minecraft:oak_log":6,"minecraft:sand":21,"minecraft:furnace":15,"minecraft:raw_copper_block":2,"minecraft:wheat_seeds":4388,"minecraft:music_disc_13":1,"minecraft:quartz":1964,"minecraft:egg":136,"minecraft:iron_leggings":1,"minecraft:red_mushroom":162,"minecraft:blast_furnace":1,"minecraft:loom":2,"minecraft:oak_sign":35,"minecraft:beetroot_seeds":345,"minecraft:ender_pearl":2,"minecraft:string":287,"minecraft:golden_sword":4,"minecraft:smithing_table":3,"minecraft:stone_bricks":18,"minecraft:pink_carpet":6,"minecraft:obsidian":11,"minecraft:leather_boots":1,"minecraft:polished_diorite":1,"minecraft:white_carpet":8,"minecraft:nether_wart_block":3,"minecraft:mushroom_stew":8,"minecraft:pale_oak_trapdoor":31,"minecraft:cornflower":2,"minecraft:quartz_bricks":11,"minecraft:enchanted_book":1,"minecraft:experience_bottle":1,"minecraft:iron_block":26,"minecraft:glowstone":3,"minecraft:mangrove_log":5,"minecraft:white_bed":3,"minecraft:leather":129,"minecraft:birch_sign":4,"minecraft:warped_trapdoor":1,"minecraft:lead":10,"minecraft:brown_mushroom":89,"minecraft:moss_carpet":5,"minecraft:music_disc_tears":6,"minecraft:peony":5,"minecraft:scaffolding":213,"minecraft:pale_oak_hanging_sign":7,"minecraft:porkchop":13,"minecraft:spruce_sign":6,"minecraft:stick":553,"minecraft:dark_oak_fence":3,"minecraft:bamboo":232,"minecraft:diamond_boots":1,"minecraft:iron_axe":3,"minecraft:deepslate":33,"minecraft:item_frame":22,"minecraft:raw_iron":573,"minecraft:nether_brick":27,"minecraft:leather_helmet":5,"minecraft:cherry_boat":16,"minecraft:chest":37,"minecraft:lectern":164,"minecraft:netherrack":2729,"minecraft:pale_oak_slab":101,"minecraft:note_block":1,"minecraft:stone":628,"minecraft:gravel":964,"minecraft:tuff":129,"minecraft:phantom_membrane":4,"minecraft:potato":2012,"minecraft:lapis_lazuli":1170,"minecraft:spruce_stairs":8,"minecraft:stripped_pale_oak_log":1,"minecraft:black_banner":31,"minecraft:oak_boat":4,"minecraft:oak_planks":45,"minecraft:raw_copper":971,"minecraft:purple_bed":1,"minecraft:rotten_flesh":712,"minecraft:written_book":3,"minecraft:ancient_debris":25,"minecraft:apple":31,"minecraft:fern":1,"minecraft:blue_carpet":1,"minecraft:calcite":21,"minecraft:melon":36,"minecraft:cracked_stone_bricks":4,"minecraft:poisonous_potato":7,"minecraft:brewing_stand":1,"minecraft:glass":3,"minecraft:composter":14,"minecraft:flint":43,"minecraft:redstone":559,"minecraft:deepslate_tiles":5,"minecraft:dark_oak_sign":18,"minecraft:music_disc_creator_music_box":1,"minecraft:flow_banner_pattern":1,"minecraft:purple_banner":1,"minecraft:melon_slice":69,"minecraft:diamond":98,"minecraft:slime_ball":24,"minecraft:granite":1235,"minecraft:smoker":1,"minecraft:dark_oak_sapling":406,"minecraft:lily_pad":2,"minecraft:bush":1,"minecraft:nether_wart":790,"minecraft:salmon":10,"minecraft:spruce_boat":2,"minecraft:red_mushroom_block":2,"minecraft:gold_block":11,"minecraft:dark_oak_button":3,"minecraft:magma_cream":1,"minecraft:dark_oak_planks":461,"minecraft:chest_minecart":1,"minecraft:hay_block":1,"minecraft:raw_gold":47,"minecraft:acacia_log":8,"minecraft:deepslate_bricks":6,"minecraft:pale_oak_leaves":2,"minecraft:beetroot":130,"minecraft:pale_oak_sign":55,"minecraft:spruce_planks":25,"minecraft:dirt":2163,"minecraft:basalt":731,"minecraft:rail":9,"minecraft:bone_block":1,"minecraft:pale_oak_door":1,"minecraft:azure_bluet":7,"minecraft:torch":234,"minecraft:diamond_pickaxe":1,"minecraft:dripstone_block":4,"minecraft:bread":8,"minecraft:coal":318,"minecraft:snow":3,"minecraft:oak_fence":100,"minecraft:birch_planks":4,"minecraft:deepslate_brick_stairs":25,"minecraft:nether_bricks":40,"minecraft:hopper":1,"minecraft:birch_sapling":1,"minecraft:totem_of_undying":1,"minecraft:poppy":13,"minecraft:cooked_beef":214,"minecraft:white_wool":158,"minecraft:feather":48,"minecraft:mangrove_propagule":8,"minecraft:potion":5,"minecraft:fletching_table":3,"minecraft:polished_granite":41,"minecraft:andesite":483,"minecraft:deepslate_tile_slab":5,"minecraft:mycelium":2,"minecraft:amethyst_shard":4,"minecraft:filled_map":127,"minecraft:soul_sand":41,"minecraft:carrot":1218,"minecraft:mangrove_roots":49,"minecraft:gold_nugget":1856,"minecraft:dark_oak_leaves":518,"minecraft:resin_clump":163,"minecraft:stone_pickaxe":3,"minecraft:polished_diorite_stairs":15,"minecraft:gold_ingot":1,"minecraft:baked_potato":11,"minecraft:melon_seeds":20,"minecraft:glow_ink_sac":10,"minecraft:golden_apple":1,"minecraft:copper_ore":1,"minecraft:polished_andesite_slab":1,"minecraft:resin_block":1,"minecraft:black_wool":370,"minecraft:chicken":42,"minecraft:clay":256,"minecraft:leather_chestplate":2,"minecraft:golden_chestplate":1,"minecraft:cooked_chicken":7,"minecraft:cobbled_deepslate":5096,"minecraft:pointed_dripstone":2,"minecraft:glowstone_dust":149,"minecraft:pumpkin_seeds":9,"minecraft:music_disc_lava_chicken":2,"minecraft:stone_axe":1,"minecraft:amethyst_block":4,"minecraft:wheat":1532,"minecraft:gunpowder":186,"minecraft:blackstone":263,"minecraft:blaze_powder":1,"minecraft:pale_moss_carpet":77,"minecraft:chainmail_leggings":1,"minecraft:magma_block":2,"minecraft:lever":11,"minecraft:tinted_glass":1,"minecraft:polished_deepslate":3,"minecraft:leaf_litter":177,"minecraft:pale_oak_planks":739,"minecraft:grass_block":1186,"minecraft:pale_oak_boat":48,"minecraft:music_disc_creator":1,"minecraft:mud":7,"minecraft:sticky_piston":6,"minecraft:pumpkin":30,"minecraft:spider_eye":56,"minecraft:bone_meal":221,"minecraft:dark_oak_log":5031,"minecraft:pink_wool":23,"minecraft:tipped_arrow":4,"minecraft:diorite":1267,"minecraft:pale_moss_block":177,"minecraft:golden_helmet":1,"minecraft:crafting_table":6,"minecraft:oak_sapling":3,"minecraft:beef":90,"minecraft:polished_deepslate_stairs":1,"minecraft:cobblestone_slab":2,"minecraft:dark_oak_boat":33,"minecraft:music_disc_cat":4,"minecraft:glass_bottle":1,"minecraft:oak_slab":8,"minecraft:barrel":3,"minecraft:paper":1,"minecraft:gray_wool":1},"minecraft:mined":{"minecraft:torch":108,"minecraft:mangrove_roots":49,"minecraft:dark_oak_wall_sign":3,"minecraft:pale_oak_sapling":9,"minecraft:note_block":1,"minecraft:lever":3,"minecraft:nether_quartz_ore":978,"minecraft:chest":39,"minecraft:smooth_basalt":64,"minecraft:oak_sign":6,"minecraft:pumpkin":23,"minecraft:netherrack":9733,"minecraft:mycelium":2,"minecraft:bone_block":1,"minecraft:amethyst_block":4,"minecraft:birch_wall_sign":3,"minecraft:stripped_dark_oak_log":1,"minecraft:brown_mushroom":8,"minecraft:spruce_planks":26,"minecraft:attached_pumpkin_stem":5,"minecraft:piston_head":1,"minecraft:pale_hanging_moss":57,"minecraft:oxeye_daisy":2,"minecraft:magma_block":2,"minecraft:farmland":10,"minecraft:obsidian":11,"minecraft:dark_oak_planks":404,"minecraft:melon":54,"minecraft:pale_moss_carpet":23,"minecraft:blackstone":383,"minecraft:sticky_piston":5,"minecraft:nether_wart_block":5,"minecraft:deepslate_bricks":6,"minecraft:pink_carpet":4,"minecraft:birch_leaves":3,"minecraft:oak_fence":100,"minecraft:pale_oak_sign":15,"minecraft:dark_oak_sapling":1,"minecraft:gold_block":11,"minecraft:mushroom_stem":90,"minecraft:bamboo":33,"minecraft:wall_torch":32,"minecraft:fire":29,"minecraft:smithing_table":3,"minecraft:deepslate_diamond_ore":51,"minecraft:potatoes":557,"minecraft:attached_melon_stem":6,"minecraft:pale_oak_trapdoor":31,"minecraft:dripstone_block":5,"minecraft:deepslate_tiles":2,"minecraft:mangrove_propagule":8,"minecraft:azure_bluet":5,"minecraft:iron_ore":224,"minecraft:pumpkin_stem":2,"minecraft:acacia_log":8,"minecraft:beetroots":129,"minecraft:pale_moss_block":196,"minecraft:black_wall_banner":29,"minecraft:glass_pane":1,"minecraft:dark_oak_log":5118,"minecraft:stripped_pale_oak_log":1,"minecraft:spruce_wall_sign":1,"minecraft:dandelion":8,"minecraft:oak_planks":51,"minecraft:cobblestone":311,"minecraft:pale_oak_fence":125,"minecraft:sugar_cane":829,"minecraft:mangrove_leaves":24,"minecraft:red_mushroom_block":527,"minecraft:oak_wall_sign":21,"minecraft:scaffolding":140,"minecraft:furnace":12,"minecraft:brown_mushroom_block":225,"minecraft:brewing_stand":1,"minecraft:clay":256,"minecraft:pink_wool":4,"minecraft:spruce_stairs":8,"minecraft:fletching_table":3,"minecraft:deepslate_copper_ore":4,"minecraft:black_banner":1,"minecraft:dark_oak_button":3,"minecraft:deepslate_coal_ore":10,"minecraft:tall_grass":190,"minecraft:pointed_dripstone":1,"minecraft:tall_seagrass":1,"minecraft:rail":3,"minecraft:pale_oak_wall_hanging_sign":7,"minecraft:dirt":2364,"minecraft:cobblestone_wall":9,"minecraft:tripwire":2,"minecraft:hopper":1,"minecraft:basalt":867,"minecraft:sand":40,"minecraft:deepslate":5302,"minecraft:white_banner":1,"minecraft:snow":3,"minecraft:seagrass":2,"minecraft:spruce_sign":3,"minecraft:resin_block":1,"minecraft:stonecutter":2,"minecraft:oak_log":6,"minecraft:pale_oak_button":1,"minecraft:polished_granite":41,"minecraft:pale_oak_stairs":1,"minecraft:lapis_ore":60,"minecraft:mud":7,"minecraft:polished_diorite_stairs":15,"minecraft:redstone_ore":28,"minecraft:vine":5,"minecraft:raw_copper_block":2,"minecraft:carrots":333,"minecraft:lectern":164,"minecraft:gravel":2100,"minecraft:short_grass":542,"minecraft:pale_oak_wall_sign":26,"minecraft:acacia_leaves":10,"minecraft:loom":2,"minecraft:dirt_path":24,"minecraft:crafting_table":6,"minecraft:melon_stem":6,"minecraft:deepslate_redstone_ore":63,"minecraft:leaf_litter":22,"minecraft:black_wool":1,"minecraft:copper_ore":131,"minecraft:gold_ore":9,"minecraft:pale_oak_slab":98,"minecraft:andesite":1140,"minecraft:glowstone":44,"minecraft:blast_furnace":1,"minecraft:deepslate_gold_ore":16,"minecraft:nether_bricks":40,"minecraft:dark_oak_leaves":2859,"minecraft:resin_clump":191,"minecraft:poppy":10,"minecraft:deepslate_lapis_ore":28,"minecraft:cactus":1,"minecraft:deepslate_iron_ore":72,"minecraft:iron_block":26,"minecraft:amethyst_cluster":1,"minecraft:stone":15559,"minecraft:white_wall_banner":14,"minecraft:stone_bricks":5,"minecraft:deepslate_brick_stairs":26,"minecraft:granite":2785,"minecraft:bush":4,"minecraft:crimson_stem":1,"minecraft:coal_ore":145,"minecraft:diorite":2910,"minecraft:wheat":1592,"minecraft:ancient_debris":25,"minecraft:white_bed":4,"minecraft:dark_oak_sign":8,"minecraft:smoker":1,"minecraft:polished_deepslate_stairs":1,"minecraft:birch_sign":1,"minecraft:polished_deepslate":1,"minecraft:composter":14,"minecraft:bookshelf":6,"minecraft:soul_sand":77,"minecraft:white_carpet":5,"minecraft:crimson_nylium":2,"minecraft:dark_oak_fence":3,"minecraft:powder_snow":11,"minecraft:creaking_heart":2,"minecraft:barrel":2,"minecraft:nether_wart":274,"minecraft:mangrove_log":5,"minecraft:grass_block":2141,"minecraft:cobweb":12,"minecraft:peony":2,"minecraft:cobbled_deepslate":94,"minecraft:tuff":136,"minecraft:white_wool":6,"minecraft:pale_oak_log":4048,"minecraft:nether_gold_ore":261,"minecraft:pale_oak_leaves":1205,"minecraft:calcite":21,"minecraft:spruce_slab":6,"minecraft:pale_oak_planks":188,"minecraft:cobblestone_slab":1,"minecraft:cornflower":2,"minecraft:redstone_wire":2},"minecraft:dropped":{"minecraft:lily_pad":1,"minecraft:iron_axe":1,"minecraft:sugar":1,"minecraft:white_dye":1,"minecraft:andesite":1,"minecraft:pale_oak_stairs":2,"minecraft:wooden_sword":1,"minecraft:basalt":256,"minecraft:gravel":39,"minecraft:cobbled_deepslate":525,"minecraft:bone":347,"minecraft:pale_moss_block":26,"minecraft:ink_sac":1,"minecraft:wooden_shovel":2,"minecraft:wheat_seeds":46,"minecraft:iron_ingot":2,"minecraft:cobblestone_slab":1,"minecraft:blackstone":199,"minecraft:polished_granite":2,"minecraft:stone_pickaxe":1,"minecraft:black_banner":3,"minecraft:brown_terracotta":1,"minecraft:spruce_slab":1,"minecraft:calcite":4,"minecraft:white_carpet":2,"minecraft:emerald_block":2,"minecraft:leather_chestplate":1,"minecraft:tinted_glass":1,"minecraft:amethyst_block":4,"minecraft:grass_block":11,"minecraft:dark_oak_sapling":2,"minecraft:pink_carpet":4,"minecraft:string":1,"minecraft:oak_sign":1,"minecraft:oak_slab":8,"minecraft:arrow":2953,"minecraft:carrot":3,"minecraft:deepslate":1,"minecraft:wooden_axe":2,"minecraft:bread":7,"minecraft:ochre_froglight":1,"minecraft:spider_eye":1,"minecraft:dark_oak_log":21,"minecraft:bone_block":22,"minecraft:pale_moss_carpet":2,"minecraft:tipped_arrow":8,"minecraft:pearlescent_froglight":1,"minecraft:rotten_flesh":2,"minecraft:melon_seeds":4,"minecraft:cobblestone":526,"minecraft:nether_wart_block":3,"minecraft:spruce_planks":1,"minecraft:verdant_froglight":1,"minecraft:torch":4,"minecraft:pale_oak_sapling":43,"minecraft:bow":64,"minecraft:pumpkin_seeds":3,"minecraft:white_wool":4,"minecraft:dirt":13,"minecraft:leather":8,"minecraft:raw_copper":7,"minecraft:stone":64,"minecraft:golden_chestplate":1,"minecraft:warped_trapdoor":1,"minecraft:granite":24,"minecraft:saddle":1,"minecraft:golden_sword":45,"minecraft:spruce_boat":1,"minecraft:bone_meal":4,"minecraft:poisonous_potato":2,"minecraft:crimson_stem":1,"minecraft:bamboo":3,"minecraft:leaf_litter":6,"minecraft:furnace":3,"minecraft:pale_oak_log":192,"minecraft:wooden_pickaxe":2,"minecraft:written_book":1,"minecraft:gold_nugget":1,"minecraft:dark_oak_leaves":7,"minecraft:dark_oak_planks":57,"minecraft:netherrack":1024,"minecraft:spyglass":1,"minecraft:warped_fence":2,"minecraft:pale_oak_sign":7},"minecraft:used":{"minecraft:iron_axe":18,"minecraft:repeater":1,"minecraft:diamond_hoe":2211,"minecraft:cactus":1,"minecraft:birch_sign":4,"minecraft:melon":1,"minecraft:white_banner":33,"minecraft:iron_block":1,"minecraft:filled_map":1,"minecraft:netherite_shovel":676,"minecraft:netherite_axe":340,"minecraft:diamond_sword":704,"minecraft:black_banner":65,"minecraft:potato":719,"minecraft:wheat_seeds":2481,"minecraft:pink_wool":4,"minecraft:sticky_piston":6,"minecraft:glass_bottle":6,"minecraft:oak_sign":24,"minecraft:polished_diorite_stairs":14,"minecraft:lantern":13,"minecraft:glass_pane":23,"minecraft:netherite_pickaxe":10066,"minecraft:mushroom_stem":16,"minecraft:granite":18,"minecraft:dark_oak_button":4,"minecraft:quartz_block":11,"minecraft:copper_ore":31,"minecraft:pale_oak_sign":121,"minecraft:cherry_boat":15,"minecraft:black_wool":1,"minecraft:smithing_table":4,"minecraft:pale_oak_leaves":2,"minecraft:spruce_slab":9,"minecraft:stonecutter":2,"minecraft:grindstone":2,"minecraft:diamond_axe":13109,"minecraft:pale_oak_door":2,"minecraft:white_carpet":27,"minecraft:nether_wart":310,"minecraft:snowball":7,"minecraft:beetroot_seeds":240,"minecraft:pale_oak_stairs":6,"minecraft:jukebox":1,"minecraft:hopper_minecart":4,"minecraft:stone_pickaxe":1572,"minecraft:calcite":16,"minecraft:armor_stand":2,"minecraft:bow":30,"minecraft:loom":3,"minecraft:cobbled_deepslate":37,"minecraft:netherrack":458,"minecraft:suspicious_stew":1,"minecraft:polished_diorite":17,"minecraft:diamond_shovel":5591,"minecraft:pale_oak_trapdoor":53,"minecraft:stone_shovel":786,"minecraft:dark_oak_leaves":9,"minecraft:purple_banner":1,"minecraft:rotten_flesh":1,"minecraft:writable_book":48,"minecraft:bone_meal":342,"minecraft:item_frame":30,"minecraft:spider_eye":1,"minecraft:dark_oak_planks":539,"minecraft:fletching_table":4,"minecraft:glowstone":7,"minecraft:anvil":3,"minecraft:melon_seeds":28,"minecraft:acacia_sapling":1,"minecraft:dirt":653,"minecraft:written_book":18,"minecraft:polished_granite":47,"minecraft:dark_oak_sign":15,"minecraft:snow":3,"minecraft:sand":2,"minecraft:dark_oak_sapling":53,"minecraft:spruce_planks":1,"minecraft:dark_oak_door":1,"minecraft:glow_ink_sac":9,"minecraft:cooked_cod":155,"minecraft:rail":2,"minecraft:iron_bars":9,"minecraft:pale_oak_fence":414,"minecraft:shears":14,"minecraft:lectern":167,"minecraft:bucket":43,"minecraft:spyglass":1920,"minecraft:splash_potion":6,"minecraft:deepslate_tiles":2,"minecraft:pale_oak_pressure_plate":1,"minecraft:blue_carpet":1,"minecraft:oak_sapling":1,"minecraft:sugar_cane":134,"minecraft:iron_ore":1,"minecraft:stone_axe":1000,"minecraft:grass_block":582,"minecraft:nether_bricks":2,"minecraft:string":2,"minecraft:emerald_block":59,"minecraft:netherite_sword":647,"minecraft:shield":31,"minecraft:spruce_stairs":2,"minecraft:iron_pickaxe":250,"minecraft:polished_deepslate":1,"minecraft:pale_oak_sapling":246,"minecraft:dark_oak_log":9,"minecraft:bamboo":14,"minecraft:oak_boat":4,"minecraft:milk_bucket":4,"minecraft:purple_bed":1,"minecraft:deepslate_bricks":76,"minecraft:bookshelf":22,"minecraft:diamond_pickaxe":29884,"minecraft:ladder":33,"minecraft:stone_bricks":5,"minecraft:beetroot":1,"minecraft:crossbow":1,"minecraft:resin_bricks":1,"minecraft:dark_oak_fence":6,"minecraft:blast_furnace":7,"minecraft:brewing_stand":1,"minecraft:stone_sword":130,"minecraft:sweet_berries":1,"minecraft:lava_bucket":2,"minecraft:polished_deepslate_stairs":41,"minecraft:cobblestone_wall":33,"minecraft:pale_oak_slab":132,"minecraft:diorite":1,"minecraft:redstone":14,"minecraft:pale_oak_boat":46,"minecraft:pumpkin_seeds":26,"minecraft:brown_mushroom":8,"minecraft:map":12,"minecraft:lapis_ore":6,"minecraft:pale_oak_planks":942,"minecraft:cobblestone":1160,"minecraft:stone":16,"minecraft:hopper":4,"minecraft:resin_block":2,"minecraft:axolotl_bucket":2,"minecraft:chain":6,"minecraft:carrot":415,"minecraft:note_block":3,"minecraft:pale_oak_button":2,"minecraft:crafting_table":9,"minecraft:spruce_sign":2,"minecraft:potion":2,"minecraft:white_bed":6,"minecraft:gold_block":1,"minecraft:pink_carpet":8,"minecraft:bone_block":843,"minecraft:glow_item_frame":12,"minecraft:baked_potato":278,"minecraft:scaffolding":363,"minecraft:smoker":5,"minecraft:pale_oak_hanging_sign":31,"minecraft:stone_hoe":959,"minecraft:water_bucket":39,"minecraft:soul_sand":20,"minecraft:deepslate_lapis_ore":12,"minecraft:bell":1,"minecraft:pale_oak_log":226,"minecraft:furnace":9,"minecraft:bread":32,"minecraft:blue_bed":1,"minecraft:barrel":3,"minecraft:torch":544,"minecraft:netherite_hoe":5,"minecraft:iron_boots":1,"minecraft:pale_moss_block":142,"minecraft:lever":11,"minecraft:deepslate_redstone_ore":5,"minecraft:cobblestone_slab":3,"minecraft:creaking_heart":3,"minecraft:gravel":16,"minecraft:composter":12,"minecraft:deepslate_brick_stairs":292,"minecraft:cooked_chicken":34,"minecraft:white_wool":5,"minecraft:cooked_beef":235,"minecraft:flint_and_steel":15,"minecraft:dark_oak_trapdoor":1,"minecraft:dark_oak_boat":34,"minecraft:chest":17,"minecraft:iron_helmet":1,"minecraft:cornflower":1,"minecraft:enchanting_table":1,"minecraft:pale_moss_carpet":11,"minecraft:egg":195,"minecraft:heavy_weighted_pressure_plate":4}},"DataVersion":4440}