{"stats":{"minecraft:killed_by":{"minecraft:player":13,"minecraft:zombie":2},"minecraft:custom":{"minecraft:eat_cake_slice":2,"minecraft:time_since_rest":6197,"minecraft:leave_game":72,"minecraft:boat_one_cm":2207939,"minecraft:time_since_death":6185,"minecraft:interact_with_furnace":502,"minecraft:happy_ghast_one_cm":959970,"minecraft:total_world_time":3400779,"minecraft:crouch_one_cm":509392,"minecraft:climb_one_cm":647291,"minecraft:deaths":40,"minecraft:interact_with_stonecutter":25,"minecraft:animals_bred":75,"minecraft:minecart_one_cm":0,"minecraft:traded_with_villager":158,"minecraft:damage_blocked_by_shield":14160,"minecraft:interact_with_crafting_table":437,"minecraft:inspect_dropper":6,"minecraft:walk_one_cm":15919414,"minecraft:walk_under_water_one_cm":304313,"minecraft:horse_one_cm":24,"minecraft:damage_dealt":128814,"minecraft:play_time":3400779,"minecraft:jump":171546,"minecraft:play_record":3,"minecraft:sprint_one_cm":17169359,"minecraft:fill_cauldron":51,"minecraft:inspect_hopper":11,"minecraft:fly_one_cm":46314164,"minecraft:walk_on_water_one_cm":458859,"minecraft:interact_with_blast_furnace":225,"minecraft:interact_with_grindstone":158,"minecraft:talked_to_villager":22,"minecraft:damage_taken":45112,"minecraft:mob_kills":7529,"minecraft:open_shulker_box":2,"minecraft:interact_with_beacon":1,"minecraft:open_enderchest":279,"minecraft:damage_dealt_absorbed":40,"minecraft:interact_with_brewingstand":163,"minecraft:interact_with_smithing_table":9,"minecraft:sleep_in_bed":2,"minecraft:inspect_dispenser":1,"minecraft:swim_one_cm":878872,"minecraft:player_kills":40,"minecraft:enchant_item":319,"minecraft:interact_with_loom":3,"minecraft:interact_with_lectern":37,"minecraft:drop":2030,"minecraft:use_cauldron":22,"minecraft:open_barrel":126,"minecraft:open_chest":3420,"minecraft:interact_with_smoker":91,"minecraft:fall_one_cm":3394258,"minecraft:tune_noteblock":1,"minecraft:interact_with_anvil":59,"minecraft:sneak_time":134865},"minecraft:broken":{"minecraft:iron_axe":1,"minecraft:iron_shovel":1,"minecraft:golden_sword":1,"minecraft:iron_pickaxe":16,"minecraft:stone_pickaxe":15,"minecraft:shears":1,"minecraft:iron_sword":1},"minecraft:crafted":{"minecraft:mace":1,"minecraft:gold_ingot":3218,"minecraft:book":50,"minecraft:iron_chestplate":1,"minecraft:clock":1,"minecraft:polished_diorite_stairs":2,"minecraft:diamond_pickaxe":7,"minecraft:chest":20,"minecraft:iron_block":4,"minecraft:bookshelf":5,"minecraft:bucket":11,"minecraft:item_frame":38,"minecraft:dark_oak_planks":344,"minecraft:cauldron":1,"minecraft:mangrove_button":1,"minecraft:stone_hoe":1,"minecraft:beacon":1,"minecraft:diamond_shovel":2,"minecraft:pale_oak_sign":3,"minecraft:glass":74,"minecraft:mangrove_planks":76,"minecraft:mangrove_boat":2,"minecraft:brewing_stand":4,"minecraft:cobbled_deepslate_slab":6,"minecraft:sugar":154,"minecraft:cobbled_deepslate_stairs":8,"minecraft:campfire":1,"minecraft:netherite_upgrade_smithing_template":6,"minecraft:cooked_mutton":79,"minecraft:coal_block":10,"minecraft:iron_boots":1,"minecraft:smooth_stone":79,"minecraft:cooked_beef":81,"minecraft:diamond":243,"minecraft:stonecutter":2,"minecraft:golden_carrot":263,"minecraft:spruce_sign":12,"minecraft:cherry_planks":104,"minecraft:barrel":3,"minecraft:iron_bars":16,"minecraft:raw_iron":1017,"minecraft:paper":509,"minecraft:furnace":10,"minecraft:grindstone":1,"minecraft:netherite_leggings":1,"minecraft:iron_ingot":963,"minecraft:pale_oak_trapdoor":104,"minecraft:diamond_hoe":1,"minecraft:dark_oak_slab":42,"minecraft:diamond_helmet":4,"minecraft:stone":86,"minecraft:raw_iron_block":106,"minecraft:diamond_leggings":4,"minecraft:spruce_stairs":32,"minecraft:shield":4,"minecraft:diamond_block":34,"minecraft:iron_axe":3,"minecraft:golden_apple":74,"minecraft:cooked_salmon":43,"minecraft:diamond_boots":4,"minecraft:writable_book":5,"minecraft:cherry_boat":2,"minecraft:map":38,"minecraft:stick":432,"minecraft:compass":38,"minecraft:cherry_slab":36,"minecraft:cooked_porkchop":13,"minecraft:iron_helmet":1,"minecraft:diamond_axe":4,"minecraft:cobblestone_wall":60,"minecraft:air":0,"minecraft:redstone":36,"minecraft:bone_meal":261,"minecraft:lapis_block":47,"minecraft:glass_bottle":57,"minecraft:blast_furnace":5,"minecraft:quartz_block":109,"minecraft:pale_oak_boat":4,"minecraft:lapis_lazuli":423,"minecraft:oak_planks":100,"minecraft:gold_nugget":2131,"minecraft:cherry_pressure_plate":4,"minecraft:cooked_cod":122,"minecraft:enchanting_table":1,"minecraft:iron_sword":1,"minecraft:shears":5,"minecraft:iron_shovel":1,"minecraft:polished_deepslate":8,"minecraft:smoker":1,"minecraft:stone_shovel":1,"minecraft:lantern":46,"minecraft:polished_deepslate_stairs":6,"minecraft:cooked_chicken":9,"minecraft:stone_pickaxe":17,"minecraft:anvil":1,"minecraft:spruce_slab":12,"minecraft:dark_oak_trapdoor":54,"minecraft:chain":49,"minecraft:diamond_chestplate":4,"minecraft:diamond_sword":4,"minecraft:iron_nugget":468,"minecraft:emerald":120,"minecraft:pale_oak_planks":484,"minecraft:black_bed":2,"minecraft:gold_block":349,"minecraft:dark_oak_pressure_plate":1,"minecraft:polished_diorite_slab":2,"minecraft:spruce_boat":3,"minecraft:cooked_rabbit":56,"minecraft:copper_ingot":308,"minecraft:bread":120,"minecraft:dark_oak_sign":12,"minecraft:crafting_table":11,"minecraft:torch":116,"minecraft:bowl":4,"minecraft:spruce_planks":460,"minecraft:lectern":1,"minecraft:iron_pickaxe":23,"minecraft:iron_leggings":1},"minecraft:killed":{"minecraft:zombified_piglin":6969,"minecraft:stray":8,"minecraft:fox":1,"minecraft:pig":6,"minecraft:mooshroom":45,"minecraft:piglin":10,"minecraft:bat":5,"minecraft:silverfish":1,"minecraft:salmon":2,"minecraft:zombie":102,"minecraft:zombie_villager":4,"minecraft:rabbit":46,"minecraft:chicken":24,"minecraft:squid":6,"minecraft:cow":19,"minecraft:wolf":2,"minecraft:slime":1,"minecraft:skeleton":107,"minecraft:witch":1,"minecraft:frog":1,"minecraft:spider":13,"minecraft:horse":2,"minecraft:bogged":21,"minecraft:husk":7,"minecraft:wither_skeleton":5,"minecraft:cave_spider":4,"minecraft:creeper":15,"minecraft:hoglin":6,"minecraft:sheep":46,"minecraft:magma_cube":15,"minecraft:breeze":7,"minecraft:blaze":11},"minecraft:picked_up":{"minecraft:cobblestone_wall":1,"minecraft:sweet_berries":529,"minecraft:pale_oak_log":3,"minecraft:cobblestone":2736,"minecraft:minecart":1,"minecraft:brick":2,"minecraft:sugar_cane":969,"minecraft:bone":226,"minecraft:rose_bush":5,"minecraft:cooked_mutton":3,"minecraft:clay_ball":104,"minecraft:waxed_copper_grate":3,"minecraft:stripped_spruce_log":54,"minecraft:iron_bars":3,"minecraft:iron_sword":4,"minecraft:pitcher_plant":1,"minecraft:blaze_rod":8,"minecraft:emerald":14,"minecraft:pale_oak_sapling":5,"minecraft:sugar":25,"minecraft:mangrove_trapdoor":3,"minecraft:book":199,"minecraft:ink_sac":23,"minecraft:chainmail_helmet":1,"minecraft:pale_oak_button":1,"minecraft:spectral_arrow":2,"minecraft:bow":20,"minecraft:arrow":157,"minecraft:smooth_basalt":7,"minecraft:iron_ingot":64,"minecraft:pale_oak_stairs":8,"minecraft:crossbow":2,"minecraft:heavy_core":1,"minecraft:azalea":1,"minecraft:dandelion":12,"minecraft:music_disc_chirp":2,"minecraft:mutton":81,"minecraft:golden_carrot":69,"minecraft:iron_chestplate":1,"minecraft:spruce_leaves":1,"minecraft:rabbit_hide":23,"minecraft:stonecutter":2,"minecraft:verdant_froglight":17,"minecraft:cobblestone_stairs":3,"minecraft:oxeye_daisy":4,"minecraft:oak_log":29,"minecraft:sand":348,"minecraft:furnace":1,"minecraft:mangrove_boat":10,"minecraft:wheat_seeds":1401,"minecraft:iron_ore":7,"minecraft:oak_door":1,"minecraft:quartz":500,"minecraft:egg":22,"minecraft:diamond_sword":3,"minecraft:eye_armor_trim_smithing_template":8,"minecraft:closed_eyeblossom":1,"minecraft:red_mushroom":31,"minecraft:snowball":568,"minecraft:dried_kelp":1,"minecraft:chiseled_tuff_bricks":2,"minecraft:beetroot_seeds":31,"minecraft:chainmail_boots":1,"minecraft:ender_pearl":1,"minecraft:string":37,"minecraft:golden_sword":31,"minecraft:stone_bricks":6,"minecraft:obsidian":20,"minecraft:writable_book":11,"minecraft:polished_diorite":19,"minecraft:mushroom_stew":2,"minecraft:pale_oak_trapdoor":1,"minecraft:chain":12,"minecraft:quartz_bricks":1,"minecraft:ender_chest":2,"minecraft:dark_oak_slab":3,"minecraft:enchanted_book":8,"minecraft:spruce_sapling":36,"minecraft:iron_block":1,"minecraft:mangrove_log":1,"minecraft:deepslate_brick_wall":4,"minecraft:bucket":3,"minecraft:leather":79,"minecraft:honey_bottle":2,"minecraft:lead":2,"minecraft:brown_mushroom":36,"minecraft:wooden_axe":1,"minecraft:ghast_tear":1,"minecraft:iron_horse_armor":1,"minecraft:netherite_upgrade_smithing_template":1,"minecraft:mangrove_slab":4,"minecraft:golden_horse_armor":2,"minecraft:porkchop":35,"minecraft:spruce_sign":21,"minecraft:stick":41,"minecraft:redstone_torch":5,"minecraft:polished_tuff":3,"minecraft:turtle_egg":4,"minecraft:player_head":1,"minecraft:moss_block":6,"minecraft:cooked_porkchop":4,"minecraft:iron_axe":1,"minecraft:deepslate":1,"minecraft:cauldron":1,"minecraft:cookie":65,"minecraft:item_frame":19,"minecraft:raw_iron":1506,"minecraft:diamond_chestplate":3,"minecraft:cherry_boat":74,"minecraft:cherry_planks":3,"minecraft:netherite_sword":6,"minecraft:cobbled_deepslate_slab":5,"minecraft:dark_oak_trapdoor":12,"minecraft:netherrack":537,"minecraft:stone":226,"minecraft:gravel":125,"minecraft:tuff":1267,"minecraft:phantom_membrane":3,"minecraft:cooked_cod":1,"minecraft:potato":84,"minecraft:shield":2,"minecraft:lapis_lazuli":1109,"minecraft:spruce_stairs":5,"minecraft:stripped_pale_oak_log":5,"minecraft:ominous_bottle":1,"minecraft:trial_key":6,"minecraft:oak_boat":1,"minecraft:cherry_sapling":46,"minecraft:oak_planks":2,"minecraft:ice":3,"minecraft:netherite_chestplate":2,"minecraft:raw_copper":310,"minecraft:rotten_flesh":759,"minecraft:written_book":2,"minecraft:apple":75,"minecraft:cherry_trapdoor":1,"minecraft:mangrove_stairs":3,"minecraft:iron_door":3,"minecraft:name_tag":5,"minecraft:brewing_stand":3,"minecraft:flint":29,"minecraft:suspicious_stew":5,"minecraft:redstone":171,"minecraft:deepslate_tiles":23,"minecraft:dark_oak_sign":3,"minecraft:flow_banner_pattern":1,"minecraft:glow_berries":1,"minecraft:lantern":8,"minecraft:diamond":783,"minecraft:slime_ball":11,"minecraft:granite":93,"minecraft:smoker":1,"minecraft:lily_pad":2,"minecraft:deepslate_brick_slab":99,"minecraft:flow_armor_trim_smithing_template":1,"minecraft:nether_wart":23,"minecraft:salmon":3,"minecraft:packed_ice":2,"minecraft:spruce_boat":42,"minecraft:gold_block":6,"minecraft:spyglass":2,"minecraft:magma_cream":3,"minecraft:bowl":5,"minecraft:dark_oak_planks":2,"minecraft:enchanted_golden_apple":4,"minecraft:raw_gold":58,"minecraft:acacia_log":2,"minecraft:mossy_stone_bricks":3,"minecraft:polished_blackstone":1,"minecraft:beetroot":10,"minecraft:pale_oak_sign":9,"minecraft:spruce_planks":56,"minecraft:dirt":224,"minecraft:basalt":1,"minecraft:blue_egg":1,"minecraft:rail":3,"minecraft:diamond_helmet":3,"minecraft:quartz_stairs":1,"minecraft:torch":71,"minecraft:diamond_pickaxe":4,"minecraft:dripstone_block":7,"minecraft:cherry_log":66,"minecraft:bread":54,"minecraft:spruce_log":232,"minecraft:coal":905,"minecraft:snow":36,"minecraft:oak_fence":2,"minecraft:cherry_leaves":149,"minecraft:polished_tuff_stairs":68,"minecraft:iron_pickaxe":1,"minecraft:tnt":1,"minecraft:light_gray_stained_glass":64,"minecraft:ochre_froglight":29,"minecraft:nether_bricks":3,"minecraft:milk_bucket":1,"minecraft:bookshelf":20,"minecraft:poppy":37,"minecraft:stone_hoe":2,"minecraft:cooked_beef":8,"minecraft:nether_star":1,"minecraft:white_wool":1,"minecraft:feather":19,"minecraft:potion":108,"minecraft:polished_granite":14,"minecraft:andesite":355,"minecraft:lily_of_the_valley":2,"minecraft:deepslate_tile_slab":7,"minecraft:mangrove_planks":2,"minecraft:diamond_hoe":1,"minecraft:rabbit_foot":2,"minecraft:raw_iron_block":11,"minecraft:copper_ingot":1,"minecraft:polished_granite_slab":15,"minecraft:filled_map":7,"minecraft:soul_sand":9,"minecraft:diamond_axe":3,"minecraft:carrot":220,"minecraft:rabbit":51,"minecraft:mangrove_roots":4,"minecraft:polished_deepslate_slab":3,"minecraft:breeze_rod":21,"minecraft:polished_blackstone_pressure_plate":3,"minecraft:gold_nugget":296,"minecraft:water_bucket":1,"minecraft:stone_pickaxe":3,"minecraft:cod":18,"minecraft:gold_ingot":33,"minecraft:baked_potato":216,"minecraft:glow_ink_sac":3,"minecraft:golden_apple":1,"minecraft:polished_tuff_slab":41,"minecraft:polished_andesite_slab":71,"minecraft:black_wool":32,"minecraft:chicken":21,"minecraft:golden_chestplate":1,"minecraft:cooked_chicken":3,"minecraft:grindstone":1,"minecraft:cobbled_deepslate":11523,"minecraft:pointed_dripstone":3,"minecraft:glowstone_dust":2,"minecraft:amethyst_block":6,"minecraft:wheat":496,"minecraft:tuff_bricks":9,"minecraft:tuff_brick_slab":12,"minecraft:cherry_slab":1,"minecraft:gunpowder":108,"minecraft:pumpkin_pie":1,"minecraft:netherite_helmet":2,"minecraft:blackstone":2,"minecraft:deepslate_tile_wall":44,"minecraft:short_grass":173,"minecraft:polished_deepslate":1,"minecraft:leaf_litter":31,"minecraft:pale_oak_planks":15,"minecraft:pale_oak_boat":188,"minecraft:pumpkin":1,"minecraft:spider_eye":27,"minecraft:bone_meal":6,"minecraft:pink_wool":7,"minecraft:tipped_arrow":56,"minecraft:diorite":732,"minecraft:pale_moss_block":1,"minecraft:golden_helmet":1,"minecraft:crafting_table":14,"minecraft:ominous_trial_key":18,"minecraft:oak_sapling":11,"minecraft:beef":141,"minecraft:wither_skeleton_skull":2,"minecraft:polished_deepslate_stairs":62,"minecraft:wind_charge":28,"minecraft:cobblestone_slab":4,"minecraft:music_disc_cat":2,"minecraft:glass_bottle":46,"minecraft:netherite_ingot":2,"minecraft:paper":13},"minecraft:mined":{"minecraft:torch":38,"minecraft:dark_oak_wall_sign":1,"minecraft:spruce_log":231,"minecraft:nether_quartz_ore":252,"minecraft:smooth_basalt":7,"minecraft:pumpkin":1,"minecraft:netherrack":2083,"minecraft:spruce_sapling":2,"minecraft:amethyst_block":11,"minecraft:ochre_froglight":1,"minecraft:brown_mushroom":26,"minecraft:cherry_trapdoor":1,"minecraft:spruce_planks":47,"minecraft:polished_granite_slab":44,"minecraft:wither_skeleton_skull":2,"minecraft:oxeye_daisy":3,"minecraft:sweet_berry_bush":9,"minecraft:obsidian":16,"minecraft:dark_oak_planks":2,"minecraft:stripped_spruce_log":50,"minecraft:grindstone":1,"minecraft:turtle_egg":5,"minecraft:polished_diorite_slab":1,"minecraft:iron_door":2,"minecraft:oak_fence":2,"minecraft:pale_oak_sign":1,"minecraft:dark_oak_trapdoor":12,"minecraft:moss_block":7,"minecraft:gold_block":6,"minecraft:mushroom_stem":17,"minecraft:wall_torch":11,"minecraft:fire":35,"minecraft:mangrove_planks":3,"minecraft:deepslate_diamond_ore":341,"minecraft:pale_oak_trapdoor":1,"minecraft:small_dripleaf":1,"minecraft:dripstone_block":6,"minecraft:deepslate_tiles":12,"minecraft:azalea":1,"minecraft:iron_ore":494,"minecraft:acacia_log":2,"minecraft:deepslate_brick_slab":49,"minecraft:beetroots":15,"minecraft:pale_moss_block":1,"minecraft:stripped_pale_oak_log":4,"minecraft:chain":12,"minecraft:spruce_wall_sign":13,"minecraft:closed_eyeblossom":1,"minecraft:dandelion":11,"minecraft:glass":3,"minecraft:lily_of_the_valley":2,"minecraft:oak_planks":10,"minecraft:cobblestone":72,"minecraft:tuff_brick_slab":15,"minecraft:sugar_cane":669,"minecraft:lantern":5,"minecraft:red_mushroom_block":45,"minecraft:cherry_leaves":278,"minecraft:oak_leaves":11,"minecraft:polished_diorite":12,"minecraft:furnace":1,"minecraft:brown_mushroom_block":55,"minecraft:brewing_stand":4,"minecraft:clay":36,"minecraft:spruce_stairs":4,"minecraft:mangrove_trapdoor":3,"minecraft:crimson_roots":1,"minecraft:iron_bars":3,"minecraft:deepslate_coal_ore":9,"minecraft:tall_grass":79,"minecraft:waxed_copper_block":1,"minecraft:pointed_dripstone":1,"minecraft:emerald_ore":1,"minecraft:tall_seagrass":1,"minecraft:lily_pad":2,"minecraft:rail":1,"minecraft:cobbled_deepslate_slab":5,"minecraft:dirt":282,"minecraft:cobblestone_wall":1,"minecraft:tripwire":1,"minecraft:sand":49,"minecraft:deepslate":10215,"minecraft:cherry_planks":3,"minecraft:snow":367,"minecraft:cherry_slab":1,"minecraft:spruce_sign":4,"minecraft:stonecutter":2,"minecraft:oak_log":27,"minecraft:pale_oak_stairs":8,"minecraft:lapis_ore":26,"minecraft:redstone_ore":4,"minecraft:cherry_log":66,"minecraft:sculk":988,"minecraft:spawner":2,"minecraft:carrots":58,"minecraft:gravel":204,"minecraft:short_grass":295,"minecraft:pale_oak_wall_sign":2,"minecraft:crafting_table":14,"minecraft:deepslate_redstone_ore":14,"minecraft:leaf_litter":25,"minecraft:polished_deepslate_slab":4,"minecraft:redstone_wall_torch":5,"minecraft:polished_blackstone_pressure_plate":2,"minecraft:copper_ore":62,"minecraft:raw_iron_block":10,"minecraft:verdant_froglight":1,"minecraft:gold_ore":1,"minecraft:andesite":557,"minecraft:packed_ice":95,"minecraft:dark_oak_slab":3,"minecraft:deepslate_gold_ore":53,"minecraft:ice":588,"minecraft:nether_bricks":3,"minecraft:polished_andesite_slab":2,"minecraft:cauldron":1,"minecraft:poppy":24,"minecraft:deepslate_lapis_ore":53,"minecraft:deepslate_iron_ore":465,"minecraft:polished_tuff_stairs":4,"minecraft:stone":3984,"minecraft:granite":145,"minecraft:cobblestone_stairs":3,"minecraft:bush":1,"minecraft:coal_ore":588,"minecraft:diorite":1008,"minecraft:wheat":508,"minecraft:deepslate_brick_wall":4,"minecraft:mangrove_stairs":2,"minecraft:dark_oak_sign":2,"minecraft:smoker":1,"minecraft:polished_deepslate_stairs":6,"minecraft:sculk_vein":66,"minecraft:bookshelf":55,"minecraft:crimson_nylium":5,"minecraft:glow_lichen":1,"minecraft:powder_snow":4,"minecraft:snow_block":98,"minecraft:grass_block":41,"minecraft:cobweb":3,"minecraft:spruce_leaves":494,"minecraft:chiseled_tuff_bricks":2,"minecraft:cobbled_deepslate":483,"minecraft:tuff":1246,"minecraft:tuff_bricks":7,"minecraft:nether_gold_ore":5,"minecraft:deepslate_tile_wall":1,"minecraft:calcite":9,"minecraft:spruce_slab":1,"minecraft:pale_oak_planks":15,"minecraft:cobblestone_slab":3,"minecraft:redstone_wire":7},"minecraft:dropped":{"minecraft:dark_oak_sign":2,"minecraft:sugar":22,"minecraft:andesite":18,"minecraft:sweet_berries":159,"minecraft:ghast_tear":1,"minecraft:brewing_stand":2,"minecraft:oak_boat":1,"minecraft:mangrove_roots":4,"minecraft:gravel":23,"minecraft:bone":114,"minecraft:brick":2,"minecraft:ink_sac":4,"minecraft:bowl":9,"minecraft:cobblestone_slab":1,"minecraft:breeze_rod":6,"minecraft:tuff_bricks":9,"minecraft:mangrove_log":1,"minecraft:beetroot":5,"minecraft:enchanted_book":11,"minecraft:spruce_sign":2,"minecraft:raw_gold":18,"minecraft:polished_granite":76,"minecraft:moss_block":4,"minecraft:pumpkin":1,"minecraft:nether_bricks":2,"minecraft:crossbow":1,"minecraft:oak_sapling":3,"minecraft:soul_sand":8,"minecraft:filled_map":3,"minecraft:cooked_chicken":1,"minecraft:diamond_block":6,"minecraft:mace":1,"minecraft:amethyst_block":6,"minecraft:redstone":25,"minecraft:golden_carrot":91,"minecraft:tuff":836,"minecraft:book":143,"minecraft:arrow":70,"minecraft:spruce_sapling":3,"minecraft:carrot":52,"minecraft:redstone_torch":1,"minecraft:spruce_log":61,"minecraft:gunpowder":5,"minecraft:deepslate":1,"minecraft:wooden_axe":1,"minecraft:gold_ingot":40,"minecraft:enchanted_golden_apple":1,"minecraft:smooth_basalt":7,"minecraft:stone_axe":1,"minecraft:cooked_mutton":2,"minecraft:iron_pickaxe":8,"minecraft:baked_potato":24,"minecraft:polished_blackstone":1,"minecraft:diorite":89,"minecraft:tipped_arrow":19,"minecraft:rotten_flesh":8398,"minecraft:stone_shovel":2,"minecraft:iron_chestplate":2,"minecraft:torch":7,"minecraft:pale_oak_boat":5,"minecraft:stone_sword":1,"minecraft:ominous_trial_key":11,"minecraft:bow":16,"minecraft:cooked_cod":62,"minecraft:cherry_sapling":6,"minecraft:deepslate_tile_wall":1,"minecraft:bucket":4,"minecraft:dirt":42,"minecraft:black_wool":1,"minecraft:stone":223,"minecraft:golden_chestplate":1,"minecraft:sand":29,"minecraft:shears":1,"minecraft:ender_chest":2,"minecraft:ender_pearl":1,"minecraft:emerald":18,"minecraft:rail":1,"minecraft:coal":4,"minecraft:spruce_boat":1,"minecraft:glass_bottle":16,"minecraft:brown_mushroom":24,"minecraft:cooked_beef":4,"minecraft:stone_hoe":3,"minecraft:written_book":1,"minecraft:raw_iron":14,"minecraft:item_frame":1,"minecraft:cookie":22,"minecraft:slime_ball":11,"minecraft:polished_deepslate":1,"minecraft:golden_helmet":2,"minecraft:lapis_lazuli":59,"minecraft:iron_ore":7,"minecraft:netherrack":349,"minecraft:spyglass":1,"minecraft:mutton":4,"minecraft:cooked_porkchop":5,"minecraft:azalea":1,"minecraft:blaze_rod":5,"minecraft:iron_axe":3,"minecraft:glow_berries":7,"minecraft:rabbit_hide":8,"minecraft:porkchop":3,"minecraft:wheat":3,"minecraft:spectral_arrow":5,"minecraft:lead":2,"minecraft:raw_iron_block":1,"minecraft:chainmail_helmet":1,"minecraft:cobbled_deepslate":6772,"minecraft:sugar_cane":6,"minecraft:wheat_seeds":518,"minecraft:iron_ingot":195,"minecraft:deepslate_brick_slab":25,"minecraft:paper":21,"minecraft:stone_pickaxe":5,"minecraft:black_banner":4,"minecraft:shield":2,"minecraft:dark_oak_slab":24,"minecraft:mangrove_planks":2,"minecraft:copper_ingot":1,"minecraft:polished_andesite_slab":13,"minecraft:oak_log":4,"minecraft:diamond_pickaxe":5,"minecraft:snow":35,"minecraft:string":29,"minecraft:clay_ball":104,"minecraft:stick":14,"minecraft:pale_oak_planks":5,"minecraft:phantom_membrane":2,"minecraft:bread":104,"minecraft:ochre_froglight":26,"minecraft:spider_eye":20,"minecraft:tnt":1,"minecraft:snowball":350,"minecraft:diamond_hoe":1,"minecraft:mossy_stone_bricks":2,"minecraft:quartz_stairs":1,"minecraft:cobblestone":321,"minecraft:pointed_dripstone":4,"minecraft:spruce_planks":5,"minecraft:verdant_froglight":16,"minecraft:pale_oak_sapling":3,"minecraft:rabbit":1,"minecraft:diamond_axe":2,"minecraft:red_mushroom":9,"minecraft:potion":109,"minecraft:diamond_helmet":4,"minecraft:leather":22,"minecraft:diamond_chestplate":3,"minecraft:gold_block":19,"minecraft:granite":10,"minecraft:dripstone_block":7,"minecraft:diamond":160,"minecraft:feather":2,"minecraft:golden_sword":152,"minecraft:suspicious_stew":2,"minecraft:bone_meal":51,"minecraft:beetroot_seeds":17,"minecraft:water_bucket":2,"minecraft:netherite_sword":6,"minecraft:trial_key":2,"minecraft:light_gray_stained_glass":62,"minecraft:chiseled_tuff_bricks":2,"minecraft:acacia_log":1,"minecraft:deepslate_tiles":3,"minecraft:mangrove_slab":3,"minecraft:chicken":2,"minecraft:mangrove_boat":1,"minecraft:flint":15,"minecraft:diamond_sword":3,"minecraft:iron_sword":4,"minecraft:quartz_bricks":1,"minecraft:gold_nugget":47,"minecraft:short_grass":7,"minecraft:eye_armor_trim_smithing_template":6,"minecraft:netherite_upgrade_smithing_template":3,"minecraft:mushroom_stew":5,"minecraft:writable_book":8,"minecraft:cod":18,"minecraft:pale_oak_sign":2},"minecraft:used":{"minecraft:iron_axe":708,"minecraft:leaf_litter":31,"minecraft:polished_blackstone_pressure_plate":3,"minecraft:diamond_helmet":1,"minecraft:diamond_hoe":987,"minecraft:player_head":1,"minecraft:ominous_trial_key":6,"minecraft:polished_tuff_slab":52,"minecraft:diamond_sword":1677,"minecraft:mangrove_boat":11,"minecraft:cherry_planks":10,"minecraft:potato":2,"minecraft:campfire":1,"minecraft:wheat_seeds":512,"minecraft:mangrove_slab":1,"minecraft:glass_bottle":9,"minecraft:mushroom_stew":121,"minecraft:glass":2,"minecraft:polished_diorite_stairs":2,"minecraft:salmon":2,"minecraft:cherry_pressure_plate":4,"minecraft:lantern":49,"minecraft:short_grass":1,"minecraft:cooked_porkchop":10,"minecraft:granite":9,"minecraft:iron_shovel":254,"minecraft:pale_oak_sign":12,"minecraft:cherry_boat":75,"minecraft:black_wool":1,"minecraft:polished_tuff_stairs":68,"minecraft:stripped_pale_oak_log":4,"minecraft:spruce_slab":1,"minecraft:stonecutter":4,"minecraft:grindstone":2,"minecraft:diamond_axe":256,"minecraft:cherry_slab":19,"minecraft:poppy":5,"minecraft:snowball":82,"minecraft:pumpkin_pie":1,"minecraft:beetroot_seeds":16,"minecraft:stone_pickaxe":2353,"minecraft:dandelion":1,"minecraft:bow":16,"minecraft:oak_door":1,"minecraft:cobbled_deepslate_stairs":8,"minecraft:cobbled_deepslate":1019,"minecraft:netherrack":47,"minecraft:spruce_boat":43,"minecraft:suspicious_stew":4,"minecraft:polished_diorite":19,"minecraft:deepslate_brick_slab":71,"minecraft:diamond_shovel":466,"minecraft:pale_oak_trapdoor":65,"minecraft:stone_shovel":240,"minecraft:rotten_flesh":1,"minecraft:writable_book":74,"minecraft:bone_meal":56,"minecraft:item_frame":68,"minecraft:dark_oak_planks":11,"minecraft:anvil":1,"minecraft:blue_egg":1,"minecraft:dirt":444,"minecraft:written_book":18,"minecraft:honey_bottle":1,"minecraft:cooked_salmon":43,"minecraft:polished_granite":2,"minecraft:dark_oak_sign":11,"minecraft:snow":1,"minecraft:sand":3,"minecraft:wind_charge":7,"minecraft:spruce_planks":145,"minecraft:cooked_rabbit":56,"minecraft:rose_bush":5,"minecraft:polished_granite_slab":1,"minecraft:cooked_cod":163,"minecraft:rail":1,"minecraft:iron_bars":14,"minecraft:shears":496,"minecraft:mangrove_planks":6,"minecraft:lectern":1,"minecraft:bucket":98,"minecraft:spyglass":121,"minecraft:splash_potion":2,"minecraft:deepslate_tiles":84,"minecraft:oak_planks":32,"minecraft:porkchop":16,"minecraft:oak_sapling":8,"minecraft:sugar_cane":12,"minecraft:ice":3,"minecraft:iron_door":3,"minecraft:trial_key":2,"minecraft:stone_axe":109,"minecraft:oak_fence":2,"minecraft:diamond_block":1,"minecraft:nether_bricks":1,"minecraft:cherry_leaves":130,"minecraft:netherite_sword":1649,"minecraft:shield":137,"minecraft:warped_stem":2,"minecraft:spruce_stairs":14,"minecraft:iron_pickaxe":5040,"minecraft:andesite":95,"minecraft:polished_deepslate":5,"minecraft:iron_sword":205,"minecraft:golden_carrot":344,"minecraft:milk_bucket":1,"minecraft:cherry_sapling":17,"minecraft:acacia_log":1,"minecraft:closed_eyeblossom":1,"minecraft:deepslate_bricks":90,"minecraft:verdant_froglight":1,"minecraft:cooked_mutton":48,"minecraft:bookshelf":24,"minecraft:diamond_pickaxe":15791,"minecraft:cookie":8,"minecraft:ochre_froglight":3,"minecraft:stone_bricks":6,"minecraft:beetroot":5,"minecraft:blast_furnace":5,"minecraft:mossy_stone_bricks":1,"minecraft:tuff":72,"minecraft:minecart":1,"minecraft:brewing_stand":5,"minecraft:stone_sword":97,"minecraft:sweet_berries":112,"minecraft:lava_bucket":1,"minecraft:polished_deepslate_stairs":104,"minecraft:cobblestone_wall":12,"minecraft:diorite":29,"minecraft:redstone":13,"minecraft:pale_oak_boat":187,"minecraft:tuff_brick_slab":37,"minecraft:brown_mushroom":4,"minecraft:mace":16,"minecraft:pale_oak_planks":65,"minecraft:cobblestone":713,"minecraft:stone":3,"minecraft:raw_iron_block":3,"minecraft:chain":52,"minecraft:carrot":106,"minecraft:pale_oak_button":1,"minecraft:crafting_table":25,"minecraft:spruce_sign":26,"minecraft:iron_chestplate":1,"minecraft:light_gray_stained_glass":2,"minecraft:potion":75,"minecraft:gold_block":207,"minecraft:diamond_boots":1,"minecraft:netherite_helmet":1,"minecraft:baked_potato":56,"minecraft:apple":1,"minecraft:polished_diorite_slab":2,"minecraft:smoker":2,"minecraft:cherry_trapdoor":1,"minecraft:stone_hoe":168,"minecraft:spruce_log":1,"minecraft:rabbit":3,"minecraft:water_bucket":71,"minecraft:deepslate_tile_wall":67,"minecraft:golden_sword":5,"minecraft:netherite_boots":2,"minecraft:turtle_egg":4,"minecraft:wither_skeleton_skull":2,"minecraft:deepslate_brick_wall":94,"minecraft:furnace":4,"minecraft:bread":46,"minecraft:barrel":3,"minecraft:torch":174,"minecraft:black_bed":3,"minecraft:pale_moss_block":1,"minecraft:cobblestone_stairs":159,"minecraft:dark_oak_slab":15,"minecraft:mangrove_stairs":3,"minecraft:cobblestone_slab":13,"minecraft:beacon":1,"minecraft:cooked_chicken":11,"minecraft:white_wool":1,"minecraft:mangrove_button":1,"minecraft:cherry_log":20,"minecraft:cooked_beef":81,"minecraft:redstone_torch":4,"minecraft:dark_oak_trapdoor":16,"minecraft:chest":20,"minecraft:cauldron":2,"minecraft:enchanting_table":1,"minecraft:beef":2,"minecraft:spruce_sapling":33,"minecraft:polished_andesite_slab":25,"minecraft:egg":22}},"DataVersion":4440}