{"stats":{"minecraft:killed_by":{"minecraft:skeleton":1,"minecraft:creeper":2,"minecraft:zombified_piglin":1,"minecraft:warden":1,"minecraft:zombie":3},"minecraft:custom":{"minecraft:time_since_rest":181906,"minecraft:talked_to_villager":76,"minecraft:leave_game":33,"minecraft:damage_taken":21672,"minecraft:mob_kills":664,"minecraft:boat_one_cm":260575,"minecraft:damage_absorbed":433,"minecraft:time_since_death":181893,"minecraft:open_enderchest":86,"minecraft:interact_with_brewingstand":63,"minecraft:interact_with_furnace":161,"minecraft:interact_with_smithing_table":2,"minecraft:sleep_in_bed":3,"minecraft:swim_one_cm":381170,"minecraft:total_world_time":930374,"minecraft:crouch_one_cm":1425739,"minecraft:climb_one_cm":104953,"minecraft:deaths":28,"minecraft:fish_caught":47,"minecraft:player_kills":6,"minecraft:enchant_item":26,"minecraft:animals_bred":6,"minecraft:traded_with_villager":30,"minecraft:damage_resisted":371,"minecraft:interact_with_crafting_table":125,"minecraft:inspect_dropper":4,"minecraft:walk_one_cm":2807898,"minecraft:walk_under_water_one_cm":198690,"minecraft:interact_with_lectern":3,"minecraft:damage_dealt":92531,"minecraft:play_time":930374,"minecraft:jump":27517,"minecraft:drop":319,"minecraft:open_barrel":75,"minecraft:sprint_one_cm":3283570,"minecraft:open_chest":721,"minecraft:inspect_hopper":4,"minecraft:interact_with_smoker":13,"minecraft:fall_one_cm":992915,"minecraft:tune_noteblock":10,"minecraft:fly_one_cm":5966729,"minecraft:interact_with_anvil":28,"minecraft:walk_on_water_one_cm":108973,"minecraft:sneak_time":170356,"minecraft:interact_with_grindstone":20},"minecraft:broken":{"minecraft:iron_hoe":1,"minecraft:iron_pickaxe":2},"minecraft:crafted":{"minecraft:stone_sword":1,"minecraft:wooden_axe":1,"minecraft:diamond_boots":5,"minecraft:wooden_sword":1,"minecraft:smithing_table":1,"minecraft:writable_book":1,"minecraft:ender_eye":1,"minecraft:gold_ingot":128,"minecraft:book":40,"minecraft:iron_chestplate":1,"minecraft:stick":952,"minecraft:gray_carpet":6,"minecraft:ender_chest":1,"minecraft:cooked_porkchop":62,"minecraft:iron_helmet":1,"minecraft:diamond_axe":1,"minecraft:iron_block":3,"minecraft:diamond_pickaxe":5,"minecraft:chest":33,"minecraft:bookshelf":22,"minecraft:air":0,"minecraft:bucket":2,"minecraft:flint_and_steel":1,"minecraft:bone_meal":168,"minecraft:oak_boat":4,"minecraft:ladder":165,"minecraft:lapis_block":10,"minecraft:glass_bottle":45,"minecraft:diamond_shovel":1,"minecraft:glass":46,"minecraft:oak_sign":9,"minecraft:iron_hoe":1,"minecraft:wooden_hoe":1,"minecraft:oak_trapdoor":2,"minecraft:lapis_lazuli":90,"minecraft:bundle":3,"minecraft:oak_planks":492,"minecraft:brewing_stand":1,"minecraft:gold_nugget":270,"minecraft:cobbled_deepslate_slab":6,"minecraft:sugar":3,"minecraft:iron_sword":1,"minecraft:fishing_rod":1,"minecraft:shears":1,"minecraft:smoker":2,"minecraft:netherite_upgrade_smithing_template":2,"minecraft:stone_shovel":1,"minecraft:cooked_chicken":1,"minecraft:hopper":1,"minecraft:stone_pickaxe":1,"minecraft:cooked_mutton":28,"minecraft:iron_boots":1,"minecraft:light_gray_carpet":21,"minecraft:anvil":1,"minecraft:netherite_ingot":1,"minecraft:spruce_slab":30,"minecraft:wooden_pickaxe":2,"minecraft:cooked_beef":45,"minecraft:golden_carrot":42,"minecraft:fletching_table":1,"minecraft:oak_slab":18,"minecraft:barrel":6,"minecraft:fermented_spider_eye":3,"minecraft:cobbled_deepslate_wall":6,"minecraft:diamond_chestplate":1,"minecraft:wooden_shovel":1,"minecraft:diamond_sword":1,"minecraft:emerald":16,"minecraft:netherite_scrap":4,"minecraft:paper":123,"minecraft:furnace":4,"minecraft:spruce_trapdoor":168,"minecraft:iron_ingot":126,"minecraft:white_carpet":63,"minecraft:diamond_hoe":1,"minecraft:diamond_helmet":3,"minecraft:bread":46,"minecraft:stone":5,"minecraft:blaze_powder":24,"minecraft:crafting_table":9,"minecraft:diamond_leggings":1,"minecraft:torch":280,"minecraft:enchanted_book":14,"minecraft:baked_potato":91,"minecraft:stone_axe":1,"minecraft:lectern":1,"minecraft:spruce_planks":1048,"minecraft:silence_armor_trim_smithing_template":6,"minecraft:iron_pickaxe":4,"minecraft:netherite_pickaxe":1,"minecraft:iron_axe":1,"minecraft:iron_leggings":1,"minecraft:golden_apple":5},"minecraft:killed":{"minecraft:slime":14,"minecraft:pillager":3,"minecraft:skeleton":140,"minecraft:pig":27,"minecraft:witch":3,"minecraft:spider":46,"minecraft:zombie":217,"minecraft:donkey":1,"minecraft:wither_skeleton":1,"minecraft:creeper":57,"minecraft:zombie_villager":2,"minecraft:chicken":7,"minecraft:enderman":5,"minecraft:hoglin":4,"minecraft:sheep":19,"minecraft:squid":1,"minecraft:drowned":47,"minecraft:cow":22,"minecraft:blaze":20},"minecraft:picked_up":{"minecraft:cobblestone_wall":3,"minecraft:tropical_fish":1,"minecraft:poisonous_potato":3,"minecraft:name_tag":1,"minecraft:sweet_berries":562,"minecraft:shears":1,"minecraft:cobblestone":819,"minecraft:flint":75,"minecraft:sugar_cane":221,"minecraft:red_bundle":1,"minecraft:redstone":144,"minecraft:bone":113,"minecraft:dark_oak_sign":1,"minecraft:sculk_catalyst":1,"minecraft:slime_ball":28,"minecraft:diamond":260,"minecraft:chipped_anvil":2,"minecraft:white_banner":1,"minecraft:granite":51,"minecraft:smoker":1,"minecraft:blaze_rod":13,"minecraft:emerald":7,"minecraft:lily_pad":4,"minecraft:chainmail_chestplate":1,"minecraft:deepslate_diamond_ore":59,"minecraft:crimson_roots":2,"minecraft:deepslate_iron_ore":12,"minecraft:nether_wart":100,"minecraft:book":6,"minecraft:salmon":16,"minecraft:ink_sac":11,"minecraft:light_gray_bundle":1,"minecraft:nether_quartz_ore":3,"minecraft:bow":14,"minecraft:smooth_basalt":4,"minecraft:stone_shovel":1,"minecraft:arrow":175,"minecraft:iron_ingot":32,"minecraft:bowl":1,"minecraft:spruce_slab":175,"minecraft:raw_gold":188,"minecraft:stone_sword":1,"minecraft:dandelion":9,"minecraft:mutton":28,"minecraft:nautilus_shell":13,"minecraft:dirt":944,"minecraft:light_gray_carpet":12,"minecraft:crimson_nylium":7,"minecraft:crimson_stem":1,"minecraft:azure_bluet":1,"minecraft:torch":44,"minecraft:diamond_pickaxe":2,"minecraft:dripstone_block":2,"minecraft:silence_armor_trim_smithing_template":1,"minecraft:spruce_log":357,"minecraft:oxeye_daisy":1,"minecraft:coal":890,"minecraft:oak_log":125,"minecraft:sand":46,"minecraft:furnace":15,"minecraft:sculk_sensor":2,"minecraft:iron_ore":20,"minecraft:wheat_seeds":617,"minecraft:splash_potion":1,"minecraft:leather_leggings":1,"minecraft:quartz":46,"minecraft:egg":3,"minecraft:nether_bricks":70,"minecraft:hopper":1,"minecraft:poppy":4,"minecraft:emerald_ore":2,"minecraft:white_wool":47,"minecraft:feather":11,"minecraft:fletching_table":3,"minecraft:snowball":22,"minecraft:andesite":85,"minecraft:oak_sign":4,"minecraft:chainmail_boots":1,"minecraft:ender_pearl":2,"minecraft:string":110,"minecraft:smithing_table":1,"minecraft:stone_bricks":14,"minecraft:copper_ingot":7,"minecraft:obsidian":19,"minecraft:writable_book":2,"minecraft:music_disc_mellohi":1,"minecraft:white_carpet":11,"minecraft:ladder":20,"minecraft:cornflower":3,"minecraft:coal_ore":95,"minecraft:ender_chest":1,"minecraft:soul_sand":67,"minecraft:gray_carpet":6,"minecraft:carrot":392,"minecraft:spruce_sapling":53,"minecraft:glowstone":8,"minecraft:white_bed":2,"minecraft:stripped_oak_log":2,"minecraft:fishing_rod":4,"minecraft:leather":48,"minecraft:gold_nugget":170,"minecraft:lead":2,"minecraft:brown_mushroom":8,"minecraft:water_bucket":1,"minecraft:cod":26,"minecraft:sculk_vein":2,"minecraft:baked_potato":1,"minecraft:netherite_upgrade_smithing_template":1,"minecraft:glow_ink_sac":25,"minecraft:golden_apple":1,"minecraft:golden_horse_armor":1,"minecraft:porkchop":77,"minecraft:copper_ore":5,"minecraft:deepslate_lapis_ore":26,"minecraft:oak_trapdoor":2,"minecraft:stick":87,"minecraft:deepslate_redstone_ore":7,"minecraft:chicken":7,"minecraft:diamond_boots":1,"minecraft:cooked_porkchop":5,"minecraft:iron_axe":1,"minecraft:deepslate":1268,"minecraft:kelp":107,"minecraft:grindstone":1,"minecraft:raw_iron":176,"minecraft:cobbled_deepslate":1453,"minecraft:pointed_dripstone":1,"minecraft:glowstone_dust":49,"minecraft:mossy_cobblestone":103,"minecraft:wheat":139,"minecraft:leather_helmet":1,"minecraft:gunpowder":31,"minecraft:chest":10,"minecraft:lectern":15,"minecraft:nether_gold_ore":10,"minecraft:spruce_trapdoor":106,"minecraft:sculk":4,"minecraft:cobbled_deepslate_slab":3,"minecraft:netherrack":962,"minecraft:trident":1,"minecraft:stone":2212,"minecraft:gravel":67,"minecraft:light_gray_wool":16,"minecraft:tuff":196,"minecraft:polished_deepslate":2,"minecraft:leaf_litter":26,"minecraft:potato":537,"minecraft:deepslate_gold_ore":67,"minecraft:grass_block":6,"minecraft:lapis_lazuli":431,"minecraft:spider_eye":27,"minecraft:sculk_shrieker":1,"minecraft:bone_meal":28,"minecraft:ominous_bottle":1,"minecraft:diorite":79,"minecraft:oak_boat":10,"minecraft:pufferfish":6,"minecraft:cherry_sapling":1,"minecraft:oak_planks":22,"minecraft:flint_and_steel":1,"minecraft:crafting_table":19,"minecraft:raw_copper":1,"minecraft:oak_sapling":42,"minecraft:bundle":1,"minecraft:beef":48,"minecraft:rotten_flesh":250,"minecraft:written_book":6,"minecraft:wind_charge":8,"minecraft:apple":2,"minecraft:music_disc_cat":2,"minecraft:glass_bottle":9,"minecraft:oak_slab":120,"minecraft:iron_nugget":1,"minecraft:calcite":3,"minecraft:barrel":3,"minecraft:iron_hoe":1,"minecraft:paper":5,"minecraft:gray_wool":51},"minecraft:mined":{"minecraft:torch":8,"minecraft:spruce_log":358,"minecraft:nether_quartz_ore":19,"minecraft:chest":10,"minecraft:smooth_basalt":12,"minecraft:oak_sign":1,"minecraft:netherrack":1422,"minecraft:spruce_sapling":3,"minecraft:amethyst_block":2,"minecraft:weeping_vines_plant":1,"minecraft:brown_mushroom":11,"minecraft:oxeye_daisy":1,"minecraft:sweet_berry_bush":131,"minecraft:large_fern":8,"minecraft:obsidian":19,"minecraft:farmland":1,"minecraft:grindstone":1,"minecraft:nether_wart_block":1,"minecraft:sculk_shrieker":43,"minecraft:wall_torch":4,"minecraft:fire":7,"minecraft:kelp_plant":6,"minecraft:smithing_table":1,"minecraft:deepslate_diamond_ore":212,"minecraft:potatoes":125,"minecraft:ender_chest":1,"minecraft:dripstone_block":2,"minecraft:iron_ore":146,"minecraft:gray_wool":47,"minecraft:dandelion":12,"minecraft:oak_planks":20,"minecraft:cobblestone":161,"minecraft:sugar_cane":263,"minecraft:oak_leaves":36,"minecraft:furnace":15,"minecraft:fletching_table":3,"minecraft:crimson_roots":1,"minecraft:tall_grass":190,"minecraft:emerald_ore":4,"minecraft:chipped_anvil":2,"minecraft:cobbled_deepslate_slab":3,"minecraft:cobblestone_wall":3,"minecraft:dirt":714,"minecraft:hopper":1,"minecraft:soul_fire":3,"minecraft:ladder":1,"minecraft:deepslate":2411,"minecraft:sand":65,"minecraft:snow":2,"minecraft:oak_log":125,"minecraft:redstone_ore":4,"minecraft:sculk":13248,"minecraft:spawner":4,"minecraft:oak_slab":132,"minecraft:carrots":106,"minecraft:lectern":15,"minecraft:gravel":95,"minecraft:short_grass":829,"minecraft:sculk_catalyst":53,"minecraft:crafting_table":20,"minecraft:deepslate_redstone_ore":16,"minecraft:leaf_litter":13,"minecraft:stripped_oak_log":2,"minecraft:copper_ore":5,"minecraft:gold_ore":11,"minecraft:andesite":113,"minecraft:glowstone":8,"minecraft:deepslate_gold_ore":168,"minecraft:nether_bricks":80,"minecraft:poppy":4,"minecraft:deepslate_lapis_ore":66,"minecraft:deepslate_iron_ore":46,"minecraft:stone":3089,"minecraft:stone_bricks":8,"minecraft:deepslate_emerald_ore":2,"minecraft:granite":81,"minecraft:bush":10,"minecraft:crimson_stem":1,"minecraft:coal_ore":342,"minecraft:diorite":79,"minecraft:sculk_sensor":143,"minecraft:wheat":149,"minecraft:spruce_trapdoor":2,"minecraft:white_bed":2,"minecraft:dark_oak_sign":1,"minecraft:smoker":1,"minecraft:polished_deepslate":2,"minecraft:sculk_vein":774,"minecraft:soul_sand":68,"minecraft:bookshelf":2,"minecraft:white_carpet":8,"minecraft:crimson_nylium":10,"minecraft:powder_snow":25,"minecraft:snow_block":5,"minecraft:barrel":2,"minecraft:mossy_cobblestone":46,"minecraft:nether_wart":60,"minecraft:grass_block":548,"minecraft:spruce_leaves":58,"minecraft:cobbled_deepslate":61,"minecraft:tuff":194,"minecraft:light_gray_carpet":4,"minecraft:nether_gold_ore":20,"minecraft:deepslate_tile_wall":1,"minecraft:calcite":14,"minecraft:spruce_slab":192,"minecraft:cornflower":2},"minecraft:dropped":{"minecraft:iron_axe":2,"minecraft:oak_planks":5,"minecraft:andesite":53,"minecraft:sweet_berries":7,"minecraft:mossy_cobblestone":58,"minecraft:oak_boat":1,"minecraft:oxeye_daisy":1,"minecraft:gravel":32,"minecraft:cobbled_deepslate":6,"minecraft:bone":4,"minecraft:egg":1,"minecraft:poppy":4,"minecraft:wheat_seeds":75,"minecraft:enchanted_book":4,"minecraft:iron_nugget":1,"minecraft:paper":1,"minecraft:stone_pickaxe":1,"minecraft:nether_bricks":70,"minecraft:spruce_slab":236,"minecraft:chainmail_chestplate":2,"minecraft:azure_bluet":1,"minecraft:oak_sapling":30,"minecraft:soul_sand":11,"minecraft:calcite":3,"minecraft:golden_horse_armor":1,"minecraft:copper_ingot":4,"minecraft:cornflower":3,"minecraft:redstone":31,"minecraft:grass_block":2,"minecraft:diamond_pickaxe":2,"minecraft:tuff":76,"minecraft:dandelion":7,"minecraft:golden_boots":1,"minecraft:light_gray_bundle":1,"minecraft:iron_leggings":1,"minecraft:stick":22,"minecraft:oak_slab":112,"minecraft:light_gray_carpet":4,"minecraft:spruce_sapling":1,"minecraft:arrow":1,"minecraft:carrot":4,"minecraft:deepslate":195,"minecraft:bread":2,"minecraft:spider_eye":2,"minecraft:smooth_basalt":2,"minecraft:stone_axe":1,"minecraft:iron_boots":1,"minecraft:snowball":25,"minecraft:leather_helmet":4,"minecraft:baked_potato":7,"minecraft:diorite":58,"minecraft:rotten_flesh":165,"minecraft:stone_shovel":2,"minecraft:cobblestone":5,"minecraft:copper_ore":5,"minecraft:pointed_dripstone":1,"minecraft:iron_chestplate":2,"minecraft:stone_sword":2,"minecraft:torch":1,"minecraft:leather_leggings":3,"minecraft:leather_boots":1,"minecraft:bow":24,"minecraft:pufferfish":1,"minecraft:white_wool":1,"minecraft:dirt":34,"minecraft:leather":5,"minecraft:iron_hoe":1,"minecraft:raw_copper":1,"minecraft:diamond_boots":1,"minecraft:stone":390,"minecraft:golden_chestplate":1,"minecraft:diamond_leggings":1,"minecraft:chainmail_boots":3,"minecraft:granite":51,"minecraft:dripstone_block":2,"minecraft:chest":2,"minecraft:sculk":2,"minecraft:coal":32,"minecraft:glass_bottle":9,"minecraft:poisonous_potato":3,"minecraft:water_bucket":1,"minecraft:leaf_litter":26,"minecraft:silence_armor_trim_smithing_template":3,"minecraft:furnace":1,"minecraft:sculk_vein":2,"minecraft:iron_sword":1,"minecraft:golden_leggings":3,"minecraft:fishing_rod":2,"minecraft:golden_helmet":2,"minecraft:netherrack":512,"minecraft:gray_wool":1,"minecraft:cooked_porkchop":5,"minecraft:glow_ink_sac":1},"minecraft:used":{"minecraft:iron_axe":112,"minecraft:diamond_helmet":1,"minecraft:diamond_hoe":14435,"minecraft:kelp":27,"minecraft:white_banner":1,"minecraft:diamond_sword":1350,"minecraft:cobbled_deepslate_slab":7,"minecraft:potato":367,"minecraft:wheat_seeds":176,"minecraft:glass_bottle":45,"minecraft:oak_sign":8,"minecraft:emerald_ore":2,"minecraft:netherite_pickaxe":1290,"minecraft:cooked_porkchop":56,"minecraft:light_gray_carpet":15,"minecraft:coal_ore":91,"minecraft:smithing_table":2,"minecraft:grindstone":1,"minecraft:diamond_axe":931,"minecraft:nether_gold_ore":10,"minecraft:white_carpet":74,"minecraft:nether_wart":40,"minecraft:stone_pickaxe":124,"minecraft:iron_leggings":1,"minecraft:cobbled_deepslate":712,"minecraft:netherrack":357,"minecraft:mossy_cobblestone":45,"minecraft:diamond_shovel":1378,"minecraft:deepslate_diamond_ore":59,"minecraft:nether_quartz_ore":3,"minecraft:stone_shovel":22,"minecraft:sculk_catalyst":1,"minecraft:writable_book":9,"minecraft:bone_meal":148,"minecraft:fletching_table":3,"minecraft:glowstone":8,"minecraft:anvil":1,"minecraft:dirt":698,"minecraft:written_book":14,"minecraft:fishing_rod":84,"minecraft:obsidian":10,"minecraft:dark_oak_sign":1,"minecraft:gray_wool":39,"minecraft:deepslate_gold_ore":67,"minecraft:lectern":16,"minecraft:bucket":292,"minecraft:splash_potion":2,"minecraft:enchanted_golden_apple":3,"minecraft:oak_planks":2,"minecraft:oak_sapling":6,"minecraft:sugar_cane":54,"minecraft:iron_ore":6,"minecraft:stone_axe":51,"minecraft:grass_block":4,"minecraft:iron_pickaxe":500,"minecraft:deepslate":418,"minecraft:oak_boat":10,"minecraft:iron_sword":31,"minecraft:golden_carrot":29,"minecraft:cherry_sapling":1,"minecraft:sculk_shrieker":1,"minecraft:diamond_pickaxe":7091,"minecraft:cooked_mutton":21,"minecraft:bookshelf":21,"minecraft:ladder":147,"minecraft:stone_bricks":1,"minecraft:cobbled_deepslate_wall":1,"minecraft:tuff":9,"minecraft:brewing_stand":1,"minecraft:stone_sword":28,"minecraft:sweet_berries":648,"minecraft:cobblestone_wall":3,"minecraft:diorite":10,"minecraft:wooden_pickaxe":9,"minecraft:diamond_leggings":4,"minecraft:cobblestone":668,"minecraft:diamond_chestplate":1,"minecraft:stone":1032,"minecraft:hopper":2,"minecraft:carrot":70,"minecraft:crafting_table":24,"minecraft:spruce_trapdoor":66,"minecraft:white_bed":2,"minecraft:diamond_boots":4,"minecraft:baked_potato":85,"minecraft:smoker":3,"minecraft:spruce_log":7,"minecraft:iron_hoe":250,"minecraft:water_bucket":291,"minecraft:soul_sand":24,"minecraft:deepslate_lapis_ore":16,"minecraft:furnace":15,"minecraft:barrel":7,"minecraft:torch":198,"minecraft:bread":22,"minecraft:deepslate_redstone_ore":7,"minecraft:chipped_anvil":1,"minecraft:cooked_chicken":1,"minecraft:cooked_beef":45,"minecraft:ender_chest":2,"minecraft:flint_and_steel":1,"minecraft:sculk_sensor":1,"minecraft:chest":40,"minecraft:spruce_sapling":51,"minecraft:egg":2}},"DataVersion":4440}