{"stats":{"minecraft:custom":{"minecraft:time_since_rest":11707,"minecraft:leave_game":3,"minecraft:damage_taken":7407,"minecraft:mob_kills":2,"minecraft:time_since_death":11688,"minecraft:interact_with_furnace":20,"minecraft:total_world_time":52398,"minecraft:crouch_one_cm":8686,"minecraft:deaths":7,"minecraft:climb_one_cm":847,"minecraft:damage_blocked_by_shield":20,"minecraft:interact_with_crafting_table":13,"minecraft:walk_one_cm":338245,"minecraft:walk_under_water_one_cm":29,"minecraft:play_time":52398,"minecraft:damage_dealt":557,"minecraft:jump":1564,"minecraft:play_record":1,"minecraft:drop":33,"minecraft:sprint_one_cm":120770,"minecraft:open_chest":26,"minecraft:fall_one_cm":53068,"minecraft:fly_one_cm":271234,"minecraft:walk_on_water_one_cm":2148,"minecraft:sneak_time":1575},"minecraft:picked_up":{"minecraft:dirt":1,"minecraft:cobblestone":124,"minecraft:orange_concrete":2,"minecraft:white_bed":1,"minecraft:gravel":5,"minecraft:redstone":58,"minecraft:deepslate_tiles":7,"minecraft:spruce_log":29,"minecraft:polished_deepslate":4,"minecraft:tuff":10,"minecraft:coal":31,"minecraft:furnace":4,"minecraft:baked_potato":1,"minecraft:diamond":48,"minecraft:wheat_seeds":19,"minecraft:goat_horn":1,"minecraft:lapis_lazuli":36,"minecraft:music_disc_mall":2,"minecraft:ominous_bottle":1,"minecraft:spruce_sign":2,"minecraft:diorite":4,"minecraft:crafting_table":2,"minecraft:snowball":2,"minecraft:orange_dye":1,"minecraft:raw_iron":41,"minecraft:cobbled_deepslate":40,"minecraft:andesite":8,"minecraft:raw_gold":10,"minecraft:obsidian":1,"minecraft:writable_book":1,"minecraft:emerald_block":1,"minecraft:deepslate_bricks":5,"minecraft:wheat":6,"minecraft:spruce_pressure_plate":1,"minecraft:dark_oak_door":1},"minecraft:killed_by":{"minecraft:player":1,"minecraft:endermite":2},"minecraft:crafted":{"minecraft:diamond_boots":1,"minecraft:spruce_door":3,"minecraft:iron_chestplate":1,"minecraft:iron_boots":1,"minecraft:stick":28,"minecraft:spruce_sign":3,"minecraft:iron_helmet":1,"minecraft:diamond_axe":1,"minecraft:diamond_pickaxe":1,"minecraft:diamond_chestplate":1,"minecraft:diamond_sword":1,"minecraft:air":0,"minecraft:bucket":1,"minecraft:furnace":2,"minecraft:iron_ingot":33,"minecraft:diamond_helmet":1,"minecraft:crafting_table":1,"minecraft:diamond_leggings":1,"minecraft:spruce_pressure_plate":1,"minecraft:torch":40,"minecraft:spruce_fence":3,"minecraft:shield":1,"minecraft:spruce_planks":112,"minecraft:iron_pickaxe":1,"minecraft:iron_sword":1,"minecraft:iron_leggings":1},"minecraft:dropped":{"minecraft:ominous_bottle":1,"minecraft:orange_dye":1,"minecraft:stone_sword":1,"minecraft:redstone":19,"minecraft:writable_book":1,"minecraft:goat_horn":1,"minecraft:stone_axe":1,"minecraft:iron_pickaxe":1,"minecraft:stone_pickaxe":1,"minecraft:gravel":5,"minecraft:iron_sword":1},"minecraft:killed":{"minecraft:zombie":2},"minecraft:used":{"minecraft:stone_axe":29,"minecraft:spruce_fence":3,"minecraft:cobbled_deepslate":11,"minecraft:baked_potato":1,"minecraft:shield":1,"minecraft:spruce_pressure_plate":2,"minecraft:iron_pickaxe":217,"minecraft:polished_deepslate":1,"minecraft:diamond_sword":3,"minecraft:iron_sword":10,"minecraft:wheat_seeds":6,"minecraft:spruce_log":1,"minecraft:stone_shovel":6,"minecraft:deepslate_bricks":5,"minecraft:water_bucket":2,"minecraft:writable_book":1,"minecraft:diamond_pickaxe":21,"minecraft:furnace":4,"minecraft:goat_horn":1,"minecraft:torch":11,"minecraft:stone_sword":8,"minecraft:lava_bucket":27,"minecraft:dark_oak_door":1,"minecraft:spruce_door":3,"minecraft:cobblestone":101,"minecraft:diamond_axe":3,"minecraft:bucket":29,"minecraft:crafting_table":2,"minecraft:deepslate_tiles":6,"minecraft:spruce_sign":3,"minecraft:snowball":2,"minecraft:white_bed":1,"minecraft:stone_pickaxe":116},"minecraft:mined":{"minecraft:spruce_log":29,"minecraft:coal_ore":31,"minecraft:wheat":6,"minecraft:diorite":4,"minecraft:cobblestone":28,"minecraft:white_bed":1,"minecraft:gravel":5,"minecraft:short_grass":1,"minecraft:spruce_pressure_plate":1,"minecraft:furnace":4,"minecraft:crafting_table":2,"minecraft:deepslate_redstone_ore":13,"minecraft:obsidian":1,"minecraft:orange_concrete":2,"minecraft:dirt":1,"minecraft:deepslate_bricks":5,"minecraft:andesite":8,"minecraft:spruce_leaves":12,"minecraft:deepslate_gold_ore":10,"minecraft:tuff":10,"minecraft:deepslate":36,"minecraft:snow":1,"minecraft:deepslate_lapis_ore":6,"minecraft:spruce_sign":2,"minecraft:deepslate_diamond_ore":47,"minecraft:deepslate_iron_ore":28,"minecraft:deepslate_tiles":7,"minecraft:iron_ore":13,"minecraft:stone":101}},"DataVersion":4440}