{"stats":{"minecraft:killed_by":{"minecraft:player":4},"minecraft:custom":{"minecraft:eat_cake_slice":15,"minecraft:time_since_rest":56821,"minecraft:leave_game":20,"minecraft:damage_taken":8806,"minecraft:mob_kills":920,"minecraft:boat_one_cm":41806,"minecraft:open_shulker_box":1,"minecraft:time_since_death":56803,"minecraft:open_enderchest":6,"minecraft:damage_dealt_absorbed":24,"minecraft:interact_with_furnace":92,"minecraft:swim_one_cm":15836,"minecraft:total_world_time":569641,"minecraft:crouch_one_cm":97782,"minecraft:deaths":15,"minecraft:climb_one_cm":32575,"minecraft:player_kills":11,"minecraft:animals_bred":8,"minecraft:damage_blocked_by_shield":1080,"minecraft:interact_with_crafting_table":43,"minecraft:walk_one_cm":1890495,"minecraft:walk_under_water_one_cm":27226,"minecraft:damage_dealt":5725,"minecraft:play_time":569641,"minecraft:interact_with_lectern":7,"minecraft:jump":12212,"minecraft:drop":96,"minecraft:open_barrel":26,"minecraft:sprint_one_cm":2230432,"minecraft:open_chest":281,"minecraft:fall_one_cm":340924,"minecraft:fly_one_cm":3686615,"minecraft:walk_on_water_one_cm":27820,"minecraft:sneak_time":20882},"minecraft:broken":{"minecraft:iron_axe":2,"minecraft:iron_shovel":3,"minecraft:iron_pickaxe":4,"minecraft:stone_pickaxe":1},"minecraft:crafted":{"minecraft:polished_deepslate_wall":24,"minecraft:polished_deepslate_stairs":4,"minecraft:cooked_chicken":1,"minecraft:spruce_door":3,"minecraft:iron_boots":1,"minecraft:glass_pane":64,"minecraft:stick":24,"minecraft:cooked_porkchop":3,"minecraft:spruce_sign":9,"minecraft:chest":7,"minecraft:air":0,"minecraft:bone_meal":66,"minecraft:furnace":3,"minecraft:iron_ingot":41,"minecraft:spruce_boat":1,"minecraft:copper_ingot":5,"minecraft:bread":11,"minecraft:glass":35,"minecraft:stone":31,"minecraft:crafting_table":3,"minecraft:spruce_fence":15,"minecraft:baked_potato":64,"minecraft:shield":1,"minecraft:spruce_planks":356,"minecraft:iron_pickaxe":5,"minecraft:iron_shovel":6,"minecraft:iron_sword":1,"minecraft:iron_axe":3,"minecraft:spruce_fence_gate":1},"minecraft:killed":{"minecraft:zombie":7,"minecraft:skeleton":7,"minecraft:creeper":2,"minecraft:rabbit":1,"minecraft:chicken":1,"minecraft:sheep":1,"minecraft:pig":6,"minecraft:dolphin":1,"minecraft:cow":1,"minecraft:witch":1,"minecraft:silverfish":885,"minecraft:spider":5},"minecraft:picked_up":{"minecraft:sweet_berries":37,"minecraft:carrot":44,"minecraft:spruce_sapling":71,"minecraft:rabbit":1,"minecraft:spruce_fence_gate":1,"minecraft:cobblestone":429,"minecraft:polished_deepslate_slab":17,"minecraft:flint":2,"minecraft:polished_deepslate_wall":19,"minecraft:leather":1,"minecraft:bone":12,"minecraft:redstone":7,"minecraft:gold_nugget":4,"minecraft:stone_slab":1,"minecraft:stripped_spruce_log":72,"minecraft:baked_potato":2,"minecraft:glass_pane":22,"minecraft:granite":1,"minecraft:emerald":10,"minecraft:stone_brick_slab":1,"minecraft:scaffolding":9,"minecraft:porkchop":17,"minecraft:spruce_sign":14,"minecraft:armor_stand":4,"minecraft:stick":45,"minecraft:black_wool":1,"minecraft:chicken":1,"minecraft:spruce_boat":2,"minecraft:bow":1,"minecraft:stone_shovel":1,"minecraft:arrow":10,"minecraft:mossy_stone_brick_stairs":1,"minecraft:iron_ingot":24,"minecraft:cookie":2,"minecraft:dark_oak_planks":2,"minecraft:raw_iron":35,"minecraft:spruce_slab":5,"minecraft:crossbow":1,"minecraft:polished_blackstone_brick_stairs":7,"minecraft:firework_rocket":1,"minecraft:wheat":47,"minecraft:spruce_door":3,"minecraft:mutton":2,"minecraft:gunpowder":1,"minecraft:pumpkin_pie":6,"minecraft:chest":2,"minecraft:golden_carrot":1,"minecraft:beetroot":3,"minecraft:spruce_planks":46,"minecraft:pale_oak_sign":1,"minecraft:netherrack":3,"minecraft:dirt":311,"minecraft:torch":10,"minecraft:bread":17,"minecraft:spruce_log":445,"minecraft:polished_deepslate":71,"minecraft:leaf_litter":8,"minecraft:coal":12,"minecraft:potato":96,"minecraft:sand":44,"minecraft:birch_log":12,"minecraft:wheat_seeds":142,"minecraft:iron_pickaxe":1,"minecraft:spider_eye":1,"minecraft:bone_meal":6,"minecraft:dark_oak_log":2,"minecraft:tipped_arrow":1,"minecraft:anvil":8,"minecraft:diorite":70,"minecraft:birch_sapling":4,"minecraft:polished_blackstone_brick_slab":2,"minecraft:feather":3,"minecraft:potion":1,"minecraft:spruce_fence":2,"minecraft:crafting_table":7,"minecraft:snowball":162,"minecraft:raw_copper":16,"minecraft:stone_brick_stairs":5,"minecraft:rotten_flesh":12,"minecraft:beef":1,"minecraft:beetroot_seeds":6,"minecraft:polished_deepslate_stairs":2,"minecraft:oak_sign":2,"minecraft:ender_pearl":2,"minecraft:chiseled_polished_blackstone":9,"minecraft:string":6,"minecraft:writable_book":1,"minecraft:polished_basalt":23,"minecraft:white_carpet":4,"minecraft:filled_map":3},"minecraft:mined":{"minecraft:torch":1,"minecraft:spruce_log":330,"minecraft:chest":2,"minecraft:oak_sign":1,"minecraft:netherrack":4,"minecraft:carrots":9,"minecraft:chiseled_polished_blackstone":9,"minecraft:short_grass":3,"minecraft:dirt_path":1,"minecraft:spruce_planks":45,"minecraft:crafting_table":7,"minecraft:birch_log":12,"minecraft:sweet_berry_bush":4,"minecraft:polished_deepslate_slab":14,"minecraft:large_fern":13,"minecraft:dark_oak_planks":2,"minecraft:copper_ore":1,"minecraft:anvil":8,"minecraft:stripped_spruce_log":67,"minecraft:packed_ice":322,"minecraft:ice":16,"minecraft:fern":13,"minecraft:stone_brick_stairs":7,"minecraft:potatoes":29,"minecraft:iron_ore":35,"minecraft:stone":515,"minecraft:granite":1,"minecraft:spruce_fence":2,"minecraft:stone_slab":1,"minecraft:coal_ore":13,"minecraft:wheat":49,"minecraft:diorite":88,"minecraft:cobblestone":186,"minecraft:spruce_fence_gate":1,"minecraft:birch_sapling":1,"minecraft:polished_deepslate_stairs":2,"minecraft:scaffolding":1,"minecraft:polished_deepslate":6,"minecraft:white_carpet":4,"minecraft:powder_snow":15,"minecraft:tall_grass":106,"minecraft:snow_block":40,"minecraft:emerald_ore":5,"minecraft:dirt":99,"minecraft:polished_deepslate_wall":10,"minecraft:grass_block":592,"minecraft:stone_brick_slab":2,"minecraft:spruce_leaves":219,"minecraft:spruce_door":3,"minecraft:sand":89,"minecraft:spruce_slab":5,"minecraft:snow":40,"minecraft:spruce_sign":7,"minecraft:mossy_stone_brick_stairs":1},"minecraft:dropped":{"minecraft:rotten_flesh":16,"minecraft:stone_shovel":1,"minecraft:iron_shovel":1,"minecraft:cobblestone":1,"minecraft:spruce_planks":36,"minecraft:torch":2,"minecraft:stripped_spruce_log":40,"minecraft:spectral_arrow":1,"minecraft:black_wool":1,"minecraft:wheat_seeds":3,"minecraft:iron_ingot":11,"minecraft:melon_slice":7,"minecraft:beetroot":3,"minecraft:spruce_sign":6,"minecraft:feather":2,"minecraft:emerald":10,"minecraft:crossbow":1,"minecraft:polished_basalt":48,"minecraft:beetroot_seeds":6,"minecraft:pumpkin_pie":4,"minecraft:golden_carrot":1,"minecraft:carrot":4,"minecraft:spruce_log":117,"minecraft:wither_skeleton_skull":3,"minecraft:polished_deepslate":3,"minecraft:gunpowder":1,"minecraft:spider_eye":1,"minecraft:writable_book":1,"minecraft:polished_deepslate_stairs":1,"minecraft:iron_pickaxe":1,"minecraft:dark_oak_log":2,"minecraft:baked_potato":20,"minecraft:polished_blackstone_brick_stairs":1},"minecraft:used":{"minecraft:stone_axe":37,"minecraft:birch_sapling":9,"minecraft:iron_axe":680,"minecraft:leaf_litter":8,"minecraft:spruce_fence":2,"minecraft:polished_deepslate_wall":41,"minecraft:shield":14,"minecraft:iron_pickaxe":1131,"minecraft:spruce_stairs":1,"minecraft:polished_deepslate":38,"minecraft:diamond_sword":135,"minecraft:potato":53,"minecraft:firework_rocket":1,"minecraft:iron_sword":169,"minecraft:wheat_seeds":68,"minecraft:glow_berries":4,"minecraft:oak_sign":2,"minecraft:cookie":27,"minecraft:glass_pane":56,"minecraft:crossbow":13,"minecraft:cooked_porkchop":8,"minecraft:granite":1,"minecraft:iron_shovel":767,"minecraft:stone_sword":36,"minecraft:sweet_berries":54,"minecraft:polished_deepslate_stairs":6,"minecraft:pale_oak_sign":1,"minecraft:diorite":6,"minecraft:redstone":1,"minecraft:spruce_door":4,"minecraft:cobblestone":572,"minecraft:spruce_slab":10,"minecraft:polished_deepslate_slab":17,"minecraft:carrot":24,"minecraft:crafting_table":10,"minecraft:white_carpet":4,"minecraft:spruce_sign":21,"minecraft:snowball":16,"minecraft:pumpkin_pie":2,"minecraft:potion":2,"minecraft:stone_pickaxe":131,"minecraft:chiseled_polished_blackstone":12,"minecraft:armor_stand":4,"minecraft:baked_potato":46,"minecraft:netherrack":3,"minecraft:spruce_boat":2,"minecraft:scaffolding":9,"minecraft:white_candle":3,"minecraft:melon_slice":47,"minecraft:spruce_log":200,"minecraft:stone_shovel":56,"minecraft:rabbit":1,"minecraft:writable_book":1,"minecraft:bone_meal":45,"minecraft:item_frame":1,"minecraft:dark_oak_planks":2,"minecraft:spruce_fence_gate":1,"minecraft:furnace":3,"minecraft:goat_horn":1,"minecraft:mutton":2,"minecraft:bread":28,"minecraft:torch":8,"minecraft:written_book":9,"minecraft:dirt":362,"minecraft:iron_boots":1,"minecraft:stripped_spruce_log":24,"minecraft:chicken":1,"minecraft:spruce_planks":192,"minecraft:cooked_chicken":1,"minecraft:polished_basalt":112,"minecraft:snow_block":22,"minecraft:stone_brick_stairs":5,"minecraft:chest":9,"minecraft:beef":1,"minecraft:porkchop":9,"minecraft:spruce_sapling":12,"minecraft:ender_pearl":1}},"DataVersion":4440}