{"stats":{"minecraft:crafted":{"minecraft:cooked_salmon":2,"minecraft:spruce_door":6,"minecraft:iron_chestplate":1,"minecraft:iron_boots":1,"minecraft:stick":36,"minecraft:spruce_slab":84,"minecraft:spruce_sign":3,"minecraft:brick":8,"minecraft:iron_helmet":1,"minecraft:composter":1,"minecraft:diamond_pickaxe":1,"minecraft:chest":2,"minecraft:air":0,"minecraft:bucket":1,"minecraft:bone_meal":15,"minecraft:furnace":1,"minecraft:spyglass":1,"minecraft:oak_boat":1,"minecraft:iron_ingot":61,"minecraft:spruce_boat":1,"minecraft:copper_ingot":7,"minecraft:flower_pot":1,"minecraft:crafting_table":2,"minecraft:spruce_pressure_plate":3,"minecraft:torch":48,"minecraft:white_bed":1,"minecraft:spruce_fence":18,"minecraft:wooden_hoe":2,"minecraft:shield":1,"minecraft:oak_planks":16,"minecraft:spruce_planks":400,"minecraft:iron_pickaxe":2,"minecraft:campfire":1,"minecraft:iron_sword":1,"minecraft:fishing_rod":1,"minecraft:iron_axe":1,"minecraft:iron_leggings":1},"minecraft:broken":{"minecraft:wooden_hoe":1,"minecraft:stone_axe":1,"minecraft:iron_pickaxe":1},"minecraft:mined":{"minecraft:torch":4,"minecraft:sculk":39,"minecraft:spruce_log":103,"minecraft:chest":2,"minecraft:coal_ore":43,"minecraft:wheat":53,"minecraft:sculk_sensor":4,"minecraft:carrots":37,"minecraft:spruce_sapling":1,"minecraft:sugar_cane":11,"minecraft:white_bed":1,"minecraft:gravel":7,"minecraft:short_grass":11,"minecraft:kelp":3,"minecraft:spruce_planks":4,"minecraft:furnace":1,"minecraft:crafting_table":3,"minecraft:clay":2,"minecraft:leaf_litter":3,"minecraft:sculk_vein":1,"minecraft:sweet_berry_bush":1,"minecraft:copper_ore":2,"minecraft:powder_snow":5,"minecraft:tall_grass":1,"minecraft:snow_block":6,"minecraft:tall_seagrass":1,"minecraft:dirt":53,"minecraft:andesite":1,"minecraft:sculk_shrieker":1,"minecraft:grass_block":43,"minecraft:spruce_leaves":33,"minecraft:cobbled_deepslate":4,"minecraft:tuff":8,"minecraft:spruce_door":10,"minecraft:wall_torch":7,"minecraft:deepslate":152,"minecraft:spruce_slab":2,"minecraft:snow":2,"minecraft:seagrass":1,"minecraft:deepslate_lapis_ore":1,"minecraft:deepslate_diamond_ore":4,"minecraft:deepslate_iron_ore":36,"minecraft:potatoes":37,"minecraft:iron_ore":25,"minecraft:stone":76},"minecraft:used":{"minecraft:stone_axe":132,"minecraft:iron_axe":7,"minecraft:leaf_litter":26,"minecraft:spruce_fence":17,"minecraft:cobbled_deepslate":106,"minecraft:spruce_boat":1,"minecraft:apple":1,"minecraft:spruce_pressure_plate":3,"minecraft:iron_pickaxe":252,"minecraft:andesite":1,"minecraft:diamond_sword":4,"minecraft:potato":54,"minecraft:oak_boat":22,"minecraft:campfire":1,"minecraft:iron_sword":131,"minecraft:wheat_seeds":152,"minecraft:stone_shovel":96,"minecraft:bone_meal":15,"minecraft:mushroom_stew":1,"minecraft:salmon":1,"minecraft:furnace":2,"minecraft:torch":33,"minecraft:written_book":1,"minecraft:dirt":74,"minecraft:fishing_rod":68,"minecraft:tuff":2,"minecraft:cooked_salmon":11,"minecraft:stone_sword":102,"minecraft:sweet_berries":42,"minecraft:wooden_hoe":61,"minecraft:spruce_planks":213,"minecraft:gravel":1,"minecraft:spruce_door":13,"minecraft:composter":1,"minecraft:cooked_cod":20,"minecraft:spruce_slab":78,"minecraft:carrot":56,"minecraft:crafting_table":5,"minecraft:spyglass":8,"minecraft:chest":4,"minecraft:spruce_sign":1,"minecraft:oak_planks":3,"minecraft:spruce_sapling":41,"minecraft:oak_sapling":1,"minecraft:flower_pot":1,"minecraft:white_bed":2,"minecraft:sugar_cane":4,"minecraft:stone_pickaxe":115},"minecraft:picked_up":{"minecraft:tropical_fish":1,"minecraft:enchanted_book":1,"minecraft:sweet_berries":145,"minecraft:carrot":136,"minecraft:spruce_sapling":52,"minecraft:tripwire_hook":2,"minecraft:cobblestone":67,"minecraft:saddle":1,"minecraft:flint":2,"minecraft:white_bed":1,"minecraft:fishing_rod":1,"minecraft:sugar_cane":12,"minecraft:bone":5,"minecraft:clay_ball":8,"minecraft:cod":26,"minecraft:diamond":4,"minecraft:lily_pad":1,"minecraft:salmon":22,"minecraft:stick":16,"minecraft:cooked_salmon":19,"minecraft:bow":2,"minecraft:arrow":8,"minecraft:iron_ingot":9,"minecraft:kelp":6,"minecraft:bowl":1,"minecraft:raw_iron":61,"minecraft:spruce_slab":3,"minecraft:cobbled_deepslate":156,"minecraft:wheat":52,"minecraft:spruce_door":10,"minecraft:gunpowder":4,"minecraft:chest":2,"minecraft:spruce_planks":4,"minecraft:dirt":74,"minecraft:gravel":6,"minecraft:torch":12,"minecraft:spruce_log":103,"minecraft:tuff":8,"minecraft:leaf_litter":26,"minecraft:coal":67,"minecraft:oak_log":4,"minecraft:cooked_cod":26,"minecraft:potato":133,"minecraft:furnace":1,"minecraft:wheat_seeds":154,"minecraft:lapis_lazuli":7,"minecraft:spider_eye":1,"minecraft:bone_meal":3,"minecraft:egg":6,"minecraft:wooden_hoe":1,"minecraft:oak_boat":21,"minecraft:pufferfish":7,"minecraft:crafting_table":3,"minecraft:snowball":10,"minecraft:raw_copper":7,"minecraft:oak_sapling":3,"minecraft:andesite":1,"minecraft:rotten_flesh":14,"minecraft:apple":1,"minecraft:string":7},"minecraft:killed":{"minecraft:salmon":5,"minecraft:zombie":11,"minecraft:skeleton":6,"minecraft:creeper":6,"minecraft:drowned":1,"minecraft:spider":5},"minecraft:dropped":{"minecraft:fishing_rod":1,"minecraft:wheat_seeds":17,"minecraft:bow":1,"minecraft:snowball":10,"minecraft:pufferfish":4},"minecraft:custom":{"minecraft:time_since_rest":28788,"minecraft:talked_to_villager":6,"minecraft:leave_game":13,"minecraft:damage_taken":2682,"minecraft:mob_kills":36,"minecraft:boat_one_cm":341084,"minecraft:time_since_death":37576,"minecraft:interact_with_furnace":38,"minecraft:sleep_in_bed":4,"minecraft:swim_one_cm":151155,"minecraft:total_world_time":145135,"minecraft:crouch_one_cm":17368,"minecraft:pot_flower":1,"minecraft:deaths":6,"minecraft:fish_caught":50,"minecraft:interact_with_campfire":44,"minecraft:interact_with_crafting_table":40,"minecraft:walk_one_cm":1718707,"minecraft:walk_under_water_one_cm":75041,"minecraft:damage_dealt":5939,"minecraft:interact_with_lectern":2,"minecraft:play_time":145135,"minecraft:jump":3461,"minecraft:drop":24,"minecraft:sprint_one_cm":476407,"minecraft:open_chest":184,"minecraft:fall_one_cm":77043,"minecraft:fly_one_cm":480429,"minecraft:interact_with_anvil":2,"minecraft:walk_on_water_one_cm":112158,"minecraft:sneak_time":1647},"minecraft:killed_by":{"minecraft:skeleton":1}},"DataVersion":4440}