{"stats":{"minecraft:killed_by":{"minecraft:player":4,"minecraft:endermite":1},"minecraft:custom":{"minecraft:time_since_rest":11668,"minecraft:leave_game":39,"minecraft:boat_one_cm":1936397,"minecraft:time_since_death":11649,"minecraft:interact_with_furnace":573,"minecraft:total_world_time":1900504,"minecraft:crouch_one_cm":1078984,"minecraft:climb_one_cm":515010,"minecraft:deaths":14,"minecraft:interact_with_stonecutter":149,"minecraft:damage_dealt_resisted":15,"minecraft:animals_bred":11,"minecraft:traded_with_villager":873,"minecraft:damage_blocked_by_shield":6546,"minecraft:interact_with_crafting_table":388,"minecraft:inspect_dropper":15,"minecraft:walk_one_cm":12001309,"minecraft:walk_under_water_one_cm":348143,"minecraft:horse_one_cm":190121,"minecraft:damage_dealt":140562,"minecraft:play_time":1900504,"minecraft:jump":76415,"minecraft:play_record":1,"minecraft:sprint_one_cm":13780867,"minecraft:fill_cauldron":5,"minecraft:inspect_hopper":71,"minecraft:fly_one_cm":18492038,"minecraft:walk_on_water_one_cm":417842,"minecraft:interact_with_blast_furnace":98,"minecraft:interact_with_grindstone":60,"minecraft:talked_to_villager":255,"minecraft:damage_taken":30978,"minecraft:mob_kills":2739,"minecraft:open_shulker_box":4,"minecraft:open_enderchest":166,"minecraft:damage_dealt_absorbed":40,"minecraft:interact_with_brewingstand":84,"minecraft:interact_with_smithing_table":11,"minecraft:sleep_in_bed":2,"minecraft:swim_one_cm":1579670,"minecraft:pot_flower":5,"minecraft:player_kills":13,"minecraft:enchant_item":72,"minecraft:interact_with_lectern":56,"minecraft:drop":867,"minecraft:use_cauldron":1,"minecraft:interact_with_cartography_table":1,"minecraft:open_barrel":49,"minecraft:open_chest":3947,"minecraft:interact_with_smoker":60,"minecraft:fall_one_cm":2314029,"minecraft:interact_with_anvil":57,"minecraft:sneak_time":105084},"minecraft:broken":{"minecraft:stone_shovel":4,"minecraft:iron_axe":4,"minecraft:stone_axe":3,"minecraft:iron_pickaxe":10,"minecraft:stone_sword":2,"minecraft:stone_pickaxe":14,"minecraft:shears":1},"minecraft:crafted":{"minecraft:iron_trapdoor":33,"minecraft:stone_sword":2,"minecraft:firework_rocket":96,"minecraft:wind_charge":16,"minecraft:gold_ingot":877,"minecraft:book":4,"minecraft:crimson_planks":32,"minecraft:clock":1,"minecraft:melon":8,"minecraft:netherite_sword":1,"minecraft:deepslate_tile_stairs":2,"minecraft:oak_fence":6,"minecraft:diamond_pickaxe":2,"minecraft:chest":54,"minecraft:pale_oak_fence":108,"minecraft:stone_slab":50,"minecraft:bow":2,"minecraft:bucket":2,"minecraft:flint_and_steel":1,"minecraft:pale_oak_door":18,"minecraft:ladder":42,"minecraft:item_frame":5,"minecraft:oak_stairs":24,"minecraft:dark_oak_planks":2380,"minecraft:cauldron":9,"minecraft:diamond_shovel":1,"minecraft:pale_oak_sign":66,"minecraft:glass":143,"minecraft:oak_sign":3,"minecraft:mangrove_planks":4,"minecraft:suspicious_stew":7,"minecraft:wooden_hoe":1,"minecraft:cobbled_deepslate_slab":150,"minecraft:sugar":3,"minecraft:cobbled_deepslate_stairs":4,"minecraft:polished_blackstone_pressure_plate":2,"minecraft:campfire":1,"minecraft:pale_oak_wood":3,"minecraft:firework_star":32,"minecraft:netherite_upgrade_smithing_template":14,"minecraft:netherite_helmet":2,"minecraft:pale_oak_pressure_plate":4,"minecraft:polished_andesite_stairs":2,"minecraft:chiseled_tuff_bricks":1,"minecraft:cooked_mutton":8,"minecraft:coal_block":42,"minecraft:smooth_stone":82,"minecraft:white_wool":24,"minecraft:charcoal":3,"minecraft:cooked_beef":31,"minecraft:diamond":792,"minecraft:stonecutter":1,"minecraft:blue_dye":3,"minecraft:golden_carrot":651,"minecraft:cherry_planks":148,"minecraft:brick":12,"minecraft:raw_iron":3582,"minecraft:paper":99,"minecraft:furnace":24,"minecraft:pale_oak_button":1,"minecraft:grindstone":1,"minecraft:netherite_leggings":2,"minecraft:iron_ingot":4830,"minecraft:pale_oak_trapdoor":102,"minecraft:tuff_brick_slab":4,"minecraft:lead":2,"minecraft:diamond_helmet":3,"minecraft:tripwire_hook":2,"minecraft:stone":212,"minecraft:raw_iron_block":391,"minecraft:diamond_leggings":1,"minecraft:spruce_stairs":12,"minecraft:shield":7,"minecraft:stone_axe":3,"minecraft:pale_oak_stairs":12,"minecraft:polished_granite_stairs":2,"minecraft:diamond_block":88,"minecraft:birch_stairs":8,"minecraft:birch_sign":3,"minecraft:iron_axe":5,"minecraft:piston":2,"minecraft:diamond_boots":4,"minecraft:ender_eye":1,"minecraft:dark_oak_stairs":8,"minecraft:gray_dye":12,"minecraft:stick":5344,"minecraft:ender_chest":1,"minecraft:black_dye":6,"minecraft:cherry_slab":144,"minecraft:cooked_porkchop":22,"minecraft:diamond_axe":1,"minecraft:polished_andesite":8,"minecraft:light_gray_dye":12,"minecraft:air":0,"minecraft:redstone":63,"minecraft:raw_copper":9,"minecraft:dark_oak_button":1,"minecraft:bone_meal":309,"minecraft:spyglass":1,"minecraft:lapis_block":320,"minecraft:glass_bottle":36,"minecraft:flower_pot":4,"minecraft:blast_furnace":1,"minecraft:pale_oak_slab":12,"minecraft:light_gray_stained_glass":96,"minecraft:pale_oak_boat":16,"minecraft:lapis_lazuli":1728,"minecraft:oak_planks":56,"minecraft:gold_nugget":407,"minecraft:cherry_pressure_plate":4,"minecraft:coal":378,"minecraft:iron_sword":1,"minecraft:iron_shovel":1,"minecraft:white_banner":4,"minecraft:smoker":1,"minecraft:stone_shovel":3,"minecraft:white_dye":36,"minecraft:polished_deepslate_stairs":4,"minecraft:birch_planks":20,"minecraft:hopper":6,"minecraft:cherry_stairs":12,"minecraft:stone_pickaxe":19,"minecraft:netherite_ingot":1,"minecraft:sea_lantern":16,"minecraft:wooden_pickaxe":1,"minecraft:glowstone":49,"minecraft:pale_oak_hanging_sign":6,"minecraft:netherite_boots":2,"minecraft:diamond_chestplate":1,"minecraft:diamond_sword":4,"minecraft:polished_blackstone":4,"minecraft:dark_oak_door":6,"minecraft:emerald":654,"minecraft:cherry_trapdoor":6,"minecraft:pale_oak_planks":2760,"minecraft:gold_block":3,"minecraft:polished_diorite_slab":4,"minecraft:spruce_boat":2,"minecraft:copper_ingot":66,"minecraft:white_carpet":3,"minecraft:crafting_table":24,"minecraft:netherite_chestplate":2,"minecraft:glistering_melon_slice":2,"minecraft:torch":80,"minecraft:white_bed":2,"minecraft:polished_andesite_slab":12,"minecraft:bowl":36,"minecraft:saddle":1,"minecraft:crossbow":1,"minecraft:dropper":1,"minecraft:spruce_planks":308,"minecraft:iron_pickaxe":13},"minecraft:killed":{"minecraft:zombified_piglin":2149,"minecraft:stray":3,"minecraft:pig":26,"minecraft:mooshroom":5,"minecraft:piglin":8,"minecraft:bat":3,"minecraft:salmon":6,"minecraft:zombie":148,"minecraft:zombie_villager":2,"minecraft:rabbit":9,"minecraft:chicken":20,"minecraft:squid":3,"minecraft:drowned":2,"minecraft:cow":17,"minecraft:wolf":6,"minecraft:armadillo":1,"minecraft:slime":14,"minecraft:skeleton":95,"minecraft:witch":2,"minecraft:spider":31,"minecraft:wither":1,"minecraft:wither_skeleton":42,"minecraft:cave_spider":2,"minecraft:turtle":1,"minecraft:creeper":41,"minecraft:hoglin":7,"minecraft:sheep":10,"minecraft:enderman":8,"minecraft:magma_cube":3,"minecraft:ghast":2,"minecraft:blaze":25},"minecraft:picked_up":{"minecraft:sweet_berries":151,"minecraft:pale_oak_log":944,"minecraft:cobblestone":1961,"minecraft:brick":1,"minecraft:sugar_cane":95,"minecraft:bone":204,"minecraft:diamond_shovel":2,"minecraft:clay_ball":356,"minecraft:stripped_spruce_log":81,"minecraft:blaze_rod":31,"minecraft:emerald":1,"minecraft:pale_oak_sapling":111,"minecraft:sugar":6,"minecraft:mangrove_trapdoor":1,"minecraft:polished_diorite_slab":108,"minecraft:ink_sac":11,"minecraft:bow":5,"minecraft:arrow":94,"minecraft:smooth_basalt":11,"minecraft:stone_shovel":1,"minecraft:iron_ingot":2,"minecraft:pale_oak_stairs":1,"minecraft:cherry_stairs":1,"minecraft:crossbow":1,"minecraft:dandelion":35,"minecraft:pale_oak_fence":12,"minecraft:mutton":12,"minecraft:golden_carrot":37,"minecraft:rabbit_hide":5,"minecraft:stonecutter":7,"minecraft:verdant_froglight":16,"minecraft:crimson_stem":8,"minecraft:big_dripleaf":4,"minecraft:oxeye_daisy":7,"minecraft:oak_stairs":19,"minecraft:oak_log":36,"minecraft:sand":37,"minecraft:furnace":24,"minecraft:raw_copper_block":1,"minecraft:wheat_seeds":182,"minecraft:black_bed":1,"minecraft:pale_oak_wood":1,"minecraft:egg":19,"minecraft:diamond_sword":4,"minecraft:eye_armor_trim_smithing_template":4,"minecraft:closed_eyeblossom":2,"minecraft:red_mushroom":31,"minecraft:snowball":183,"minecraft:blast_furnace":3,"minecraft:oak_sign":2,"minecraft:beetroot_seeds":82,"minecraft:ender_pearl":11,"minecraft:string":81,"minecraft:golden_sword":35,"minecraft:obsidian":8,"minecraft:writable_book":4,"minecraft:polished_diorite":41,"minecraft:mushroom_stew":1,"minecraft:pale_oak_trapdoor":18,"minecraft:dark_oak_slab":57,"minecraft:spruce_sapling":29,"minecraft:glowstone":20,"minecraft:deepslate_brick_wall":3,"minecraft:bucket":2,"minecraft:leather":40,"minecraft:honey_bottle":1,"minecraft:lead":1,"minecraft:brown_mushroom":38,"minecraft:polished_andesite_stairs":1,"minecraft:ghast_tear":3,"minecraft:music_disc_tears":1,"minecraft:netherite_upgrade_smithing_template":3,"minecraft:birch_stairs":1,"minecraft:porkchop":51,"minecraft:spruce_sign":7,"minecraft:stick":103,"minecraft:polished_tuff":21,"minecraft:turtle_egg":1,"minecraft:diamond_boots":1,"minecraft:cooked_porkchop":43,"minecraft:iron_axe":3,"minecraft:deepslate":1,"minecraft:item_frame":9,"minecraft:raw_iron":4534,"minecraft:diamond_chestplate":1,"minecraft:cherry_boat":1,"minecraft:cherry_planks":3,"minecraft:chest":28,"minecraft:netherite_sword":1,"minecraft:cobbled_deepslate_slab":41,"minecraft:netherrack":60,"minecraft:crimson_planks":1,"minecraft:pale_oak_pressure_plate":9,"minecraft:stone":19,"minecraft:gravel":230,"minecraft:quartz_block":1,"minecraft:deepslate_tile_stairs":4,"minecraft:tuff":1649,"minecraft:phantom_membrane":7,"minecraft:potato":271,"minecraft:lapis_lazuli":1998,"minecraft:spruce_stairs":4,"minecraft:stripped_pale_oak_log":49,"minecraft:black_banner":3,"minecraft:cherry_sapling":2,"minecraft:oak_planks":5,"minecraft:flint_and_steel":1,"minecraft:raw_copper":64,"minecraft:rotten_flesh":1382,"minecraft:apple":2,"minecraft:cherry_trapdoor":1,"minecraft:calcite":28,"minecraft:waxed_weathered_copper_bulb":1,"minecraft:mangrove_stairs":2,"minecraft:tropical_fish":1,"minecraft:poisonous_potato":1,"minecraft:polished_andesite":220,"minecraft:brewing_stand":3,"minecraft:glass":1,"minecraft:flint":23,"minecraft:suspicious_stew":1,"minecraft:redstone":124,"minecraft:deepslate_tiles":25,"minecraft:dark_oak_sign":1,"minecraft:firefly_bush":4,"minecraft:melon_slice":96,"minecraft:diamond":1300,"minecraft:slime_ball":17,"minecraft:granite":538,"minecraft:smoker":1,"minecraft:dark_oak_sapling":18,"minecraft:lily_pad":2,"minecraft:spruce_button":10,"minecraft:deepslate_brick_slab":64,"minecraft:nether_wart":38,"minecraft:salmon":5,"minecraft:charcoal":2,"minecraft:spruce_boat":29,"minecraft:cobbled_deepslate_stairs":5,"minecraft:dark_oak_button":1,"minecraft:magma_cream":2,"minecraft:bowl":1,"minecraft:dark_oak_planks":9,"minecraft:polished_tuff_wall":9,"minecraft:raw_gold":95,"minecraft:stone_sword":4,"minecraft:deepslate_bricks":7,"minecraft:beetroot":30,"minecraft:pale_oak_sign":15,"minecraft:spruce_planks":15,"minecraft:dirt":411,"minecraft:rail":9,"minecraft:pale_oak_door":6,"minecraft:torch":306,"minecraft:diamond_pickaxe":6,"minecraft:dripstone_block":34,"minecraft:cherry_log":22,"minecraft:bread":2,"minecraft:spruce_log":216,"minecraft:coal":1051,"minecraft:polished_tuff_stairs":5,"minecraft:light_gray_stained_glass":119,"minecraft:ochre_froglight":28,"minecraft:nether_bricks":1,"minecraft:milk_bucket":1,"minecraft:waxed_copper_block":6,"minecraft:birch_sapling":2,"minecraft:poppy":41,"minecraft:cooked_beef":7,"minecraft:nether_star":1,"minecraft:white_wool":13,"minecraft:feather":23,"minecraft:iron_trapdoor":5,"minecraft:mangrove_propagule":1,"minecraft:potion":33,"minecraft:polished_granite":69,"minecraft:andesite":749,"minecraft:deepslate_tile_slab":416,"minecraft:raw_iron_block":8,"minecraft:amethyst_shard":28,"minecraft:polished_granite_slab":41,"minecraft:filled_map":3,"minecraft:dark_oak_door":15,"minecraft:soul_sand":40,"minecraft:diamond_axe":2,"minecraft:carrot":177,"minecraft:rabbit":9,"minecraft:polished_deepslate_slab":28,"minecraft:breeze_rod":6,"minecraft:polished_blackstone_pressure_plate":1,"minecraft:gold_nugget":783,"minecraft:stone_slab":2,"minecraft:water_bucket":2,"minecraft:polished_diorite_stairs":2,"minecraft:cod":1,"minecraft:gold_ingot":54,"minecraft:glow_ink_sac":11,"minecraft:polished_tuff_slab":40,"minecraft:polished_andesite_slab":73,"minecraft:black_wool":28,"minecraft:chicken":26,"minecraft:leather_chestplate":1,"minecraft:grindstone":2,"minecraft:cobbled_deepslate":8531,"minecraft:pointed_dripstone":51,"minecraft:glowstone_dust":378,"minecraft:amethyst_block":2,"minecraft:wheat":49,"minecraft:tuff_bricks":46,"minecraft:tuff_brick_slab":3,"minecraft:cherry_slab":12,"minecraft:gunpowder":52,"minecraft:deepslate_tile_wall":24,"minecraft:magma_block":1,"minecraft:short_grass":4,"minecraft:sea_lantern":8,"minecraft:polished_deepslate":58,"minecraft:leaf_litter":51,"minecraft:pale_oak_planks":60,"minecraft:grass_block":1,"minecraft:pale_oak_boat":372,"minecraft:birch_log":20,"minecraft:pumpkin":15,"minecraft:diamond_block":2,"minecraft:spider_eye":37,"minecraft:bone_meal":58,"minecraft:dark_oak_log":105,"minecraft:tipped_arrow":2,"minecraft:diorite":1104,"minecraft:pale_moss_block":1,"minecraft:crafting_table":22,"minecraft:oak_sapling":27,"minecraft:beef":40,"minecraft:wither_skeleton_skull":3,"minecraft:polished_deepslate_stairs":6,"minecraft:dark_oak_boat":1,"minecraft:music_disc_cat":1,"minecraft:glass_bottle":5,"minecraft:netherite_ingot":2,"minecraft:cocoa_beans":3,"minecraft:paper":4,"minecraft:gray_wool":1},"minecraft:mined":{"minecraft:torch":103,"minecraft:pale_oak_sapling":9,"minecraft:iron_trapdoor":5,"minecraft:birch_stairs":1,"minecraft:spruce_log":157,"minecraft:chest":28,"minecraft:smooth_basalt":12,"minecraft:pumpkin":15,"minecraft:netherrack":128,"minecraft:polished_andesite_stairs":1,"minecraft:amethyst_block":1,"minecraft:ochre_froglight":2,"minecraft:cherry_trapdoor":1,"minecraft:spruce_planks":15,"minecraft:polished_granite_slab":24,"minecraft:birch_log":20,"minecraft:oxeye_daisy":8,"minecraft:sweet_berry_bush":5,"minecraft:magma_block":1,"minecraft:obsidian":8,"minecraft:dark_oak_planks":6,"minecraft:waxed_oxidized_copper":3,"minecraft:waxed_weathered_copper_bulb":1,"minecraft:cave_vines":3,"minecraft:melon":20,"minecraft:pale_moss_carpet":1,"minecraft:stripped_spruce_log":85,"minecraft:grindstone":1,"minecraft:polished_diorite_slab":124,"minecraft:deepslate_bricks":8,"minecraft:pale_oak_sign":1,"minecraft:mushroom_stem":19,"minecraft:diamond_ore":11,"minecraft:wall_torch":103,"minecraft:fern":1,"minecraft:fire":6,"minecraft:deepslate_diamond_ore":631,"minecraft:potatoes":56,"minecraft:pale_oak_trapdoor":18,"minecraft:dripstone_block":45,"minecraft:dark_oak_door":8,"minecraft:deepslate_tiles":27,"minecraft:mangrove_propagule":1,"minecraft:oak_sapling":1,"minecraft:iron_ore":811,"minecraft:deepslate_brick_slab":36,"minecraft:beetroots":30,"minecraft:pale_moss_block":1,"minecraft:black_wall_banner":2,"minecraft:dark_oak_log":107,"minecraft:stripped_pale_oak_log":49,"minecraft:spruce_wall_sign":1,"minecraft:stone_slab":2,"minecraft:closed_eyeblossom":1,"minecraft:dandelion":36,"minecraft:glass":7,"minecraft:oak_planks":5,"minecraft:cobblestone":80,"minecraft:light_gray_stained_glass":15,"minecraft:pale_oak_fence":13,"minecraft:sugar_cane":99,"minecraft:diamond_block":2,"minecraft:red_mushroom_block":130,"minecraft:oak_wall_sign":1,"minecraft:cherry_leaves":63,"minecraft:oak_leaves":12,"minecraft:polished_diorite":45,"minecraft:furnace":24,"minecraft:brown_mushroom_block":78,"minecraft:brewing_stand":1,"minecraft:clay":51,"minecraft:spruce_stairs":5,"minecraft:pale_oak_wood":1,"minecraft:deepslate_coal_ore":5,"minecraft:tall_grass":83,"minecraft:waxed_copper_block":7,"minecraft:pointed_dripstone":29,"minecraft:deepslate_tile_slab":317,"minecraft:polished_tuff_slab":36,"minecraft:tall_seagrass":1,"minecraft:rail":4,"minecraft:cobbled_deepslate_slab":61,"minecraft:dirt":392,"minecraft:pale_oak_door":6,"minecraft:tripwire":4,"minecraft:sand":45,"minecraft:deepslate":9518,"minecraft:cherry_planks":9,"minecraft:snow":89,"minecraft:cherry_slab":10,"minecraft:spruce_sign":5,"minecraft:stonecutter":7,"minecraft:deepslate_tile_stairs":4,"minecraft:oak_log":36,"minecraft:polished_granite":7,"minecraft:pale_oak_stairs":1,"minecraft:cocoa":1,"minecraft:lapis_ore":20,"minecraft:black_bed":1,"minecraft:polished_diorite_stairs":2,"minecraft:cherry_log":22,"minecraft:sculk":10,"minecraft:spawner":1,"minecraft:sea_lantern":8,"minecraft:raw_copper_block":1,"minecraft:carrots":36,"minecraft:weeping_vines":1,"minecraft:gravel":333,"minecraft:short_grass":273,"minecraft:pale_oak_wall_sign":9,"minecraft:crafting_table":22,"minecraft:deepslate_redstone_ore":22,"minecraft:polished_deepslate_slab":28,"minecraft:copper_ore":18,"minecraft:raw_iron_block":8,"minecraft:firefly_bush":4,"minecraft:waxed_exposed_copper_bulb":1,"minecraft:gold_ore":3,"minecraft:andesite":1265,"minecraft:glowstone":101,"minecraft:blast_furnace":3,"minecraft:dark_oak_slab":9,"minecraft:deepslate_gold_ore":77,"minecraft:ice":202,"minecraft:nether_bricks":1,"minecraft:dark_oak_leaves":72,"minecraft:polished_andesite_slab":55,"minecraft:poppy":43,"minecraft:deepslate_lapis_ore":132,"minecraft:deepslate_iron_ore":1399,"minecraft:amethyst_cluster":11,"minecraft:polished_tuff_stairs":5,"minecraft:stone":3021,"minecraft:granite":880,"minecraft:bush":1,"minecraft:crimson_stem":8,"minecraft:coal_ore":452,"minecraft:sculk_sensor":4,"minecraft:diorite":1815,"minecraft:wheat":48,"minecraft:cherry_stairs":1,"minecraft:deepslate_brick_wall":3,"minecraft:mangrove_stairs":2,"minecraft:dark_oak_sign":1,"minecraft:smoker":1,"minecraft:polished_deepslate_stairs":6,"minecraft:polished_deepslate":61,"minecraft:cobbled_deepslate_stairs":7,"minecraft:soul_sand":53,"minecraft:polished_tuff_wall":9,"minecraft:powder_snow":15,"minecraft:snow_block":18,"minecraft:oak_stairs":19,"minecraft:nether_wart":13,"minecraft:grass_block":237,"minecraft:cobweb":21,"minecraft:spruce_leaves":231,"minecraft:chiseled_tuff_bricks":1,"minecraft:cobbled_deepslate":222,"minecraft:tuff":1493,"minecraft:polished_tuff":26,"minecraft:tuff_bricks":31,"minecraft:pale_oak_log":926,"minecraft:pale_oak_pressure_plate":9,"minecraft:pale_oak_leaves":126,"minecraft:deepslate_tile_wall":26,"minecraft:calcite":19,"minecraft:pale_oak_planks":61,"minecraft:polished_andesite":222,"minecraft:redstone_wire":12,"minecraft:crimson_planks":1},"minecraft:dropped":{"minecraft:lily_pad":2,"minecraft:dark_oak_sign":1,"minecraft:sugar":4,"minecraft:andesite":19,"minecraft:sweet_berries":86,"minecraft:magma_block":1,"minecraft:brewing_stand":1,"minecraft:spruce_button":10,"minecraft:gravel":79,"minecraft:bone":85,"minecraft:glass":1,"minecraft:ink_sac":5,"minecraft:poppy":12,"minecraft:glowstone":4,"minecraft:bowl":2,"minecraft:tuff_bricks":28,"minecraft:enchanted_book":7,"minecraft:spruce_sign":1,"minecraft:raw_gold":5,"minecraft:crossbow":1,"minecraft:oak_sapling":3,"minecraft:polished_tuff_slab":53,"minecraft:leather_chestplate":1,"minecraft:redstone":103,"minecraft:golden_carrot":93,"minecraft:tuff":255,"minecraft:book":4,"minecraft:polished_blackstone_pressure_plate":2,"minecraft:arrow":60,"minecraft:spruce_sapling":5,"minecraft:carrot":4,"minecraft:gunpowder":72,"minecraft:waxed_weathered_copper_bulb":1,"minecraft:gold_ingot":9,"minecraft:smooth_basalt":11,"minecraft:cooked_mutton":6,"minecraft:iron_pickaxe":4,"minecraft:diorite":400,"minecraft:tipped_arrow":3,"minecraft:rotten_flesh":3371,"minecraft:stone_shovel":1,"minecraft:torch":64,"minecraft:pale_oak_boat":8,"minecraft:stone_sword":4,"minecraft:bow":4,"minecraft:cherry_sapling":1,"minecraft:deepslate_tile_wall":41,"minecraft:bucket":2,"minecraft:dirt":12,"minecraft:raw_copper":4,"minecraft:melon_slice":2,"minecraft:ender_pearl":3,"minecraft:rail":8,"minecraft:coal":203,"minecraft:spruce_boat":2,"minecraft:honey_bottle":1,"minecraft:potato":24,"minecraft:glass_bottle":8,"minecraft:apple":74,"minecraft:nether_wart":24,"minecraft:wooden_pickaxe":1,"minecraft:quartz_block":1,"minecraft:raw_iron":65,"minecraft:lapis_lazuli":29,"minecraft:polished_deepslate_stairs":56,"minecraft:mutton":1,"minecraft:glow_ink_sac":7,"minecraft:iron_axe":4,"minecraft:diamond_shovel":2,"minecraft:iron_shovel":1,"minecraft:rabbit_hide":5,"minecraft:porkchop":15,"minecraft:wheat":5,"minecraft:spectral_arrow":2,"minecraft:cobbled_deepslate":3046,"minecraft:egg":1,"minecraft:wheat_seeds":65,"minecraft:iron_ingot":66,"minecraft:deepslate_brick_slab":47,"minecraft:paper":1,"minecraft:stone_pickaxe":6,"minecraft:shield":1,"minecraft:dark_oak_slab":57,"minecraft:calcite":28,"minecraft:polished_andesite_slab":70,"minecraft:diamond_pickaxe":6,"minecraft:string":55,"minecraft:clay_ball":341,"minecraft:stick":24,"minecraft:pale_oak_planks":7,"minecraft:phantom_membrane":7,"minecraft:pale_oak_fence":2,"minecraft:bread":1,"minecraft:ochre_froglight":6,"minecraft:spider_eye":30,"minecraft:snowball":37,"minecraft:polished_tuff_wall":9,"minecraft:cobblestone":92,"minecraft:cherry_boat":1,"minecraft:pointed_dripstone":8,"minecraft:wooden_hoe":1,"minecraft:rabbit":2,"minecraft:stripped_pale_oak_log":1,"minecraft:diamond_axe":2,"minecraft:potion":15,"minecraft:white_wool":2,"minecraft:leather":11,"minecraft:polished_tuff_stairs":64,"minecraft:diamond_boots":1,"minecraft:diamond_chestplate":1,"minecraft:cherry_slab":1,"minecraft:granite":9,"minecraft:dripstone_block":22,"minecraft:diamond":34,"minecraft:feather":3,"minecraft:golden_sword":251,"minecraft:waxed_copper_block":6,"minecraft:suspicious_stew":6,"minecraft:bone_meal":9,"minecraft:netherite_sword":1,"minecraft:light_gray_stained_glass":67,"minecraft:leaf_litter":12,"minecraft:chicken":6,"minecraft:pale_oak_log":37,"minecraft:beef":9,"minecraft:flint":6,"minecraft:diamond_sword":4,"minecraft:gold_nugget":39,"minecraft:short_grass":4,"minecraft:netherite_upgrade_smithing_template":2,"minecraft:mushroom_stew":1,"minecraft:writable_book":2,"minecraft:pale_oak_trapdoor":1,"minecraft:cod":1,"minecraft:gray_wool":1,"minecraft:pale_oak_sign":5},"minecraft:used":{"minecraft:polished_tuff":464,"minecraft:iron_axe":1085,"minecraft:leaf_litter":1,"minecraft:polished_blackstone_pressure_plate":1,"minecraft:stone_slab":53,"minecraft:birch_sign":1,"minecraft:white_banner":4,"minecraft:pale_oak_wood":2,"minecraft:polished_tuff_slab":325,"minecraft:diamond_sword":2392,"minecraft:cobbled_deepslate_slab":174,"minecraft:black_banner":1,"minecraft:cherry_planks":36,"minecraft:potato":55,"minecraft:campfire":1,"minecraft:wheat_seeds":56,"minecraft:glow_berries":6,"minecraft:glass_bottle":15,"minecraft:mushroom_stew":189,"minecraft:glass":7,"minecraft:oak_sign":3,"minecraft:polished_diorite_stairs":4,"minecraft:cherry_pressure_plate":4,"minecraft:dark_oak_stairs":8,"minecraft:lantern":1,"minecraft:cooked_porkchop":37,"minecraft:granite":94,"minecraft:iron_shovel":231,"minecraft:deepslate_tile_slab":1607,"minecraft:chiseled_tuff_bricks":1,"minecraft:pale_oak_sign":69,"minecraft:polished_tuff_stairs":109,"minecraft:stripped_pale_oak_log":6,"minecraft:oak_log":3,"minecraft:sea_lantern":24,"minecraft:stonecutter":8,"minecraft:polished_deepslate_slab":240,"minecraft:grindstone":1,"minecraft:diamond_axe":1372,"minecraft:pale_oak_door":21,"minecraft:white_carpet":3,"minecraft:nether_wart":13,"minecraft:cherry_slab":166,"minecraft:poppy":2,"minecraft:snowball":81,"minecraft:beetroot_seeds":46,"minecraft:pale_oak_stairs":10,"minecraft:stone_pickaxe":1916,"minecraft:dandelion":1,"minecraft:pointed_dripstone":2,"minecraft:bow":2,"minecraft:polished_granite_stairs":2,"minecraft:cobbled_deepslate_stairs":9,"minecraft:cobbled_deepslate":2734,"minecraft:netherrack":127,"minecraft:spruce_boat":29,"minecraft:suspicious_stew":1,"minecraft:polished_diorite":306,"minecraft:deepslate_brick_slab":112,"minecraft:diamond_shovel":463,"minecraft:pale_oak_trapdoor":128,"minecraft:stone_shovel":524,"minecraft:writable_book":8,"minecraft:bone_meal":165,"minecraft:item_frame":14,"minecraft:dark_oak_planks":12,"minecraft:glowstone":42,"minecraft:dirt":348,"minecraft:written_book":10,"minecraft:polished_granite":75,"minecraft:dark_oak_sign":2,"minecraft:stripped_spruce_log":15,"minecraft:wind_charge":14,"minecraft:spruce_planks":8,"minecraft:dark_oak_door":10,"minecraft:tropical_fish":1,"minecraft:polished_granite_slab":341,"minecraft:pale_oak_fence":104,"minecraft:mangrove_planks":4,"minecraft:bucket":83,"minecraft:spyglass":24,"minecraft:iron_trapdoor":21,"minecraft:splash_potion":10,"minecraft:deepslate_tiles":328,"minecraft:dripstone_block":2,"minecraft:cocoa_beans":1,"minecraft:oak_planks":22,"minecraft:pale_oak_pressure_plate":13,"minecraft:oak_sapling":7,"minecraft:flower_pot":4,"minecraft:sugar_cane":14,"minecraft:dropper":1,"minecraft:stone_axe":319,"minecraft:oak_fence":5,"minecraft:diamond_block":2,"minecraft:nether_bricks":1,"minecraft:string":4,"minecraft:netherite_sword":252,"minecraft:shield":55,"minecraft:spruce_stairs":3,"minecraft:iron_pickaxe":2835,"minecraft:andesite":19,"minecraft:polished_deepslate":286,"minecraft:pale_oak_sapling":89,"minecraft:dark_oak_log":342,"minecraft:firework_rocket":22,"minecraft:iron_sword":126,"minecraft:golden_carrot":414,"minecraft:milk_bucket":1,"minecraft:cherry_sapling":1,"minecraft:closed_eyeblossom":1,"minecraft:deepslate_bricks":38,"minecraft:verdant_froglight":16,"minecraft:mangrove_trapdoor":1,"minecraft:cooked_mutton":2,"minecraft:diamond_pickaxe":19082,"minecraft:crimson_planks":33,"minecraft:ladder":40,"minecraft:ochre_froglight":18,"minecraft:polished_tuff_wall":9,"minecraft:crossbow":8,"minecraft:blast_furnace":1,"minecraft:tuff":359,"minecraft:brewing_stand":2,"minecraft:stone_sword":325,"minecraft:smooth_stone":79,"minecraft:piston":2,"minecraft:sweet_berries":33,"minecraft:polished_deepslate_stairs":18,"minecraft:pale_oak_slab":12,"minecraft:diorite":68,"minecraft:redstone":32,"minecraft:pale_oak_boat":379,"minecraft:wooden_pickaxe":3,"minecraft:tuff_brick_slab":7,"minecraft:pale_oak_planks":1184,"minecraft:cobblestone":384,"minecraft:stone":58,"minecraft:golden_apple":2,"minecraft:polished_andesite":675,"minecraft:raw_iron_block":1,"minecraft:carrot":36,"minecraft:cherry_stairs":13,"minecraft:pale_oak_button":1,"minecraft:crafting_table":39,"minecraft:spruce_sign":6,"minecraft:light_gray_stained_glass":72,"minecraft:potion":31,"minecraft:white_bed":2,"minecraft:gold_block":22,"minecraft:diamond_boots":2,"minecraft:polished_diorite_slab":789,"minecraft:scaffolding":1,"minecraft:smoker":4,"minecraft:cherry_trapdoor":6,"minecraft:pale_oak_hanging_sign":1,"minecraft:birch_stairs":9,"minecraft:melon_slice":3,"minecraft:stone_hoe":1,"minecraft:spruce_log":204,"minecraft:water_bucket":83,"minecraft:soul_sand":4,"minecraft:deepslate_tile_wall":108,"minecraft:turtle_egg":1,"minecraft:wither_skeleton_skull":3,"minecraft:pale_oak_log":459,"minecraft:deepslate_brick_wall":3,"minecraft:furnace":48,"minecraft:bread":2,"minecraft:torch":351,"minecraft:black_bed":1,"minecraft:pale_moss_block":1,"minecraft:wheat":1,"minecraft:chicken":1,"minecraft:wooden_hoe":17,"minecraft:mangrove_stairs":2,"minecraft:gravel":67,"minecraft:oak_stairs":35,"minecraft:cherry_log":5,"minecraft:cooked_beef":31,"minecraft:snow_block":16,"minecraft:deepslate_tile_stairs":82,"minecraft:ender_chest":1,"minecraft:flint_and_steel":7,"minecraft:chest":68,"minecraft:cauldron":9,"minecraft:polished_andesite_stairs":3,"minecraft:spruce_sapling":24,"minecraft:polished_andesite_slab":509,"minecraft:egg":113,"minecraft:ender_pearl":2}},"DataVersion":4440}