{"stats":{"minecraft:killed_by":{"minecraft:player":6,"minecraft:creeper":1,"minecraft:enderman":1,"minecraft:husk":1,"minecraft:zombie":3},"minecraft:custom":{"minecraft:eat_cake_slice":4,"minecraft:time_since_rest":4832,"minecraft:talked_to_villager":52,"minecraft:leave_game":42,"minecraft:damage_taken":19232,"minecraft:mob_kills":138,"minecraft:boat_one_cm":74374,"minecraft:time_since_death":4807,"minecraft:open_enderchest":20,"minecraft:interact_with_furnace":149,"minecraft:interact_with_smithing_table":1,"minecraft:sleep_in_bed":38,"minecraft:inspect_dispenser":6,"minecraft:swim_one_cm":30456,"minecraft:total_world_time":938689,"minecraft:crouch_one_cm":19316,"minecraft:climb_one_cm":146246,"minecraft:deaths":38,"minecraft:interact_with_stonecutter":2,"minecraft:player_kills":4,"minecraft:animals_bred":8,"minecraft:traded_with_villager":115,"minecraft:damage_blocked_by_shield":1996,"minecraft:interact_with_crafting_table":76,"minecraft:walk_one_cm":8078903,"minecraft:walk_under_water_one_cm":73474,"minecraft:interact_with_lectern":19,"minecraft:damage_dealt":24170,"minecraft:play_time":938689,"minecraft:jump":22473,"minecraft:drop":282,"minecraft:open_barrel":46,"minecraft:sprint_one_cm":7753865,"minecraft:open_chest":493,"minecraft:inspect_hopper":3,"minecraft:interact_with_smoker":1,"minecraft:fall_one_cm":664368,"minecraft:fly_one_cm":4792351,"minecraft:interact_with_anvil":2,"minecraft:walk_on_water_one_cm":191710,"minecraft:sneak_time":4263},"minecraft:broken":{"minecraft:iron_helmet":1,"minecraft:stone_shovel":17,"minecraft:iron_chestplate":1,"minecraft:iron_axe":1,"minecraft:iron_leggings":1,"minecraft:iron_shovel":2,"minecraft:stone_axe":1,"minecraft:iron_pickaxe":3,"minecraft:stone_sword":1,"minecraft:stone_pickaxe":4,"minecraft:iron_boots":1,"minecraft:iron_sword":2},"minecraft:crafted":{"minecraft:stone_shovel":16,"minecraft:writable_book":1,"minecraft:stone_pickaxe":4,"minecraft:book":4,"minecraft:iron_chestplate":1,"minecraft:iron_boots":1,"minecraft:glass_pane":16,"minecraft:stick":80,"minecraft:cooked_beef":4,"minecraft:black_dye":2,"minecraft:spruce_sign":3,"minecraft:cooked_porkchop":3,"minecraft:pumpkin_seeds":4,"minecraft:iron_helmet":1,"minecraft:diamond_pickaxe":1,"minecraft:chest":1,"minecraft:bookshelf":1,"minecraft:diamond_chestplate":1,"minecraft:diamond_sword":1,"minecraft:air":0,"minecraft:apple":128,"minecraft:emerald":82,"minecraft:wheat":81,"minecraft:paper":30,"minecraft:bucket":1,"minecraft:furnace":3,"minecraft:pale_oak_planks":8,"minecraft:iron_ingot":139,"minecraft:diamond_shovel":1,"minecraft:beetroot_soup":4,"minecraft:bread":247,"minecraft:glass":1,"minecraft:hay_block":14,"minecraft:crafting_table":4,"minecraft:iron_hoe":1,"minecraft:torch":124,"minecraft:bowl":4,"minecraft:shield":1,"minecraft:oak_planks":48,"minecraft:spruce_planks":52,"minecraft:iron_pickaxe":3,"minecraft:iron_shovel":2,"minecraft:iron_sword":2,"minecraft:shears":1,"minecraft:black_wool":2,"minecraft:iron_axe":1,"minecraft:iron_leggings":1,"minecraft:cobblestone_stairs":120},"minecraft:killed":{"minecraft:slime":21,"minecraft:pillager":1,"minecraft:stray":1,"minecraft:skeleton":36,"minecraft:iron_golem":1,"minecraft:pig":1,"minecraft:witch":1,"minecraft:spider":7,"minecraft:zombie":21,"minecraft:husk":16,"minecraft:creeper":5,"minecraft:chicken":12,"minecraft:enderman":1,"minecraft:squid":1,"minecraft:drowned":1,"minecraft:cow":3,"minecraft:breeze":3},"minecraft:picked_up":{"minecraft:poisonous_potato":5,"minecraft:name_tag":2,"minecraft:sweet_berries":406,"minecraft:cobblestone":719,"minecraft:flint":3,"minecraft:sugar_cane":226,"minecraft:redstone":173,"minecraft:bone":23,"minecraft:diamond_shovel":1,"minecraft:firefly_bush":2,"minecraft:melon_slice":6,"minecraft:slime_ball":13,"minecraft:diamond":50,"minecraft:granite":50,"minecraft:sugar":1,"minecraft:ink_sac":3,"minecraft:charcoal":13,"minecraft:bow":2,"minecraft:smooth_basalt":2,"minecraft:arrow":26,"minecraft:iron_ingot":31,"minecraft:raw_gold":9,"minecraft:azalea":1,"minecraft:deepslate_bricks":1,"minecraft:chiseled_quartz_block":2,"minecraft:beetroot":633,"minecraft:spruce_planks":3,"minecraft:dirt":2055,"minecraft:blue_egg":16,"minecraft:torch":33,"minecraft:cherry_log":19,"minecraft:cobblestone_stairs":4,"minecraft:spruce_log":6,"minecraft:cactus_flower":1,"minecraft:coal":81,"minecraft:oak_log":13,"minecraft:sand":95,"minecraft:furnace":7,"minecraft:wheat_seeds":2007,"minecraft:quartz":64,"minecraft:egg":28,"minecraft:diamond_sword":1,"minecraft:birch_sapling":1,"minecraft:poppy":1,"minecraft:white_wool":6,"minecraft:feather":9,"minecraft:potion":4,"minecraft:snowball":12,"minecraft:beetroot_seeds":1844,"minecraft:diamond_hoe":1,"minecraft:string":19,"minecraft:stone_bricks":12,"minecraft:writable_book":2,"minecraft:amethyst_shard":138,"minecraft:sandstone":39,"minecraft:pale_oak_trapdoor":2,"minecraft:diamond_axe":8,"minecraft:carrot":2058,"minecraft:breeze_rod":5,"minecraft:black_concrete":13,"minecraft:leather":3,"minecraft:stone_pickaxe":1,"minecraft:baked_potato":34,"minecraft:melon_seeds":2,"minecraft:oak_leaves":47,"minecraft:porkchop":3,"minecraft:spruce_sign":1,"minecraft:stick":35,"minecraft:bamboo":1,"minecraft:black_wool":57,"minecraft:chicken":12,"minecraft:cookie":1,"minecraft:cooked_chicken":1,"minecraft:raw_iron":170,"minecraft:cobbled_deepslate":119,"minecraft:honeycomb":114,"minecraft:glowstone_dust":1,"minecraft:pumpkin_seeds":12,"minecraft:amethyst_block":6,"minecraft:wheat":816,"minecraft:cherry_planks":2,"minecraft:gunpowder":9,"minecraft:pale_oak_slab":2,"minecraft:gravel":11,"minecraft:tuff":30,"minecraft:leaf_litter":1488,"minecraft:potato":890,"minecraft:grass_block":1,"minecraft:lapis_lazuli":41,"minecraft:pumpkin":21,"minecraft:spider_eye":2,"minecraft:bone_meal":26,"minecraft:tipped_arrow":1,"minecraft:diorite":14,"minecraft:cobweb":13,"minecraft:cherry_sapling":3,"minecraft:crafting_table":7,"minecraft:raw_copper":61,"minecraft:oak_sapling":12,"minecraft:beef":6,"minecraft:rotten_flesh":38,"minecraft:written_book":1,"minecraft:apple":3,"minecraft:dark_oak_boat":3,"minecraft:calcite":3,"minecraft:cocoa_beans":39,"minecraft:melon":72},"minecraft:mined":{"minecraft:torch":5,"minecraft:redstone_ore":22,"minecraft:cherry_log":12,"minecraft:spawner":2,"minecraft:spruce_log":7,"minecraft:vine":1,"minecraft:smooth_basalt":1,"minecraft:pumpkin":24,"minecraft:black_concrete":1,"minecraft:carrots":560,"minecraft:gravel":15,"minecraft:short_grass":10,"minecraft:amethyst_block":6,"minecraft:spruce_planks":3,"minecraft:crafting_table":7,"minecraft:melon_stem":1,"minecraft:deepslate_redstone_ore":19,"minecraft:leaf_litter":606,"minecraft:sweet_berry_bush":9,"minecraft:copper_ore":20,"minecraft:sandstone":2,"minecraft:melon":73,"minecraft:birch_leaves":22,"minecraft:deepslate_gold_ore":8,"minecraft:ice":1,"minecraft:budding_amethyst":1,"minecraft:wall_torch":9,"minecraft:fire":4,"minecraft:deepslate_diamond_ore":5,"minecraft:deepslate_lapis_ore":1,"minecraft:deepslate_iron_ore":21,"minecraft:potatoes":247,"minecraft:amethyst_cluster":36,"minecraft:azalea":1,"minecraft:iron_ore":152,"minecraft:stone":847,"minecraft:beetroots":664,"minecraft:glass_pane":2,"minecraft:granite":50,"minecraft:cobblestone_stairs":4,"minecraft:coal_ore":80,"minecraft:diorite":17,"minecraft:wheat":878,"minecraft:cobblestone":11,"minecraft:sugar_cane":349,"minecraft:cherry_leaves":122,"minecraft:oak_leaves":259,"minecraft:furnace":7,"minecraft:deepslate_copper_ore":1,"minecraft:deepslate_coal_ore":1,"minecraft:cactus_flower":1,"minecraft:dirt":1547,"minecraft:grass_block":1618,"minecraft:cobweb":28,"minecraft:medium_amethyst_bud":1,"minecraft:spruce_leaves":11,"minecraft:cobbled_deepslate":21,"minecraft:tuff":38,"minecraft:deepslate":121,"minecraft:sand":11,"minecraft:calcite":1,"minecraft:spruce_sign":1,"minecraft:oak_log":13,"minecraft:cocoa":13,"minecraft:lapis_ore":5},"minecraft:dropped":{"minecraft:diamond_shovel":1,"minecraft:sugar":1,"minecraft:oak_planks":2,"minecraft:oak_leaves":47,"minecraft:wheat":3,"minecraft:gravel":1,"minecraft:cobbled_deepslate":24,"minecraft:poppy":1,"minecraft:cobweb":13,"minecraft:wheat_seeds":442,"minecraft:iron_ingot":78,"minecraft:breeze_rod":2,"minecraft:beetroot_soup":1,"minecraft:paper":1,"minecraft:stone_pickaxe":2,"minecraft:oak_sapling":6,"minecraft:cooked_chicken":1,"minecraft:name_tag":3,"minecraft:oak_log":11,"minecraft:grass_block":1,"minecraft:string":16,"minecraft:stick":1,"minecraft:carrot":1,"minecraft:bread":21,"minecraft:spider_eye":2,"minecraft:smooth_basalt":1,"minecraft:diorite":13,"minecraft:golden_apple":1,"minecraft:tipped_arrow":1,"minecraft:rotten_flesh":34,"minecraft:cobblestone":64,"minecraft:spruce_planks":4,"minecraft:cobblestone_stairs":46,"minecraft:pumpkin_seeds":18,"minecraft:cherry_sapling":2,"minecraft:potion":1,"minecraft:white_wool":3,"minecraft:dirt":436,"minecraft:black_wool":62,"minecraft:leather":1,"minecraft:sand":2,"minecraft:cherry_log":10,"minecraft:diamond":9,"minecraft:poisonous_potato":2,"minecraft:birch_sapling":1,"minecraft:bamboo":1,"minecraft:leaf_litter":901,"minecraft:chicken":1,"minecraft:written_book":1,"minecraft:diamond_sword":1,"minecraft:raw_iron":1,"minecraft:cookie":1,"minecraft:slime_ball":13,"minecraft:glass_pane":9,"minecraft:amethyst_shard":130,"minecraft:writable_book":3},"minecraft:used":{"minecraft:stone_axe":72,"minecraft:iron_axe":184,"minecraft:diamond_hoe":129,"minecraft:shield":26,"minecraft:iron_pickaxe":751,"minecraft:melon":1,"minecraft:diamond_sword":245,"minecraft:potato":268,"minecraft:iron_sword":391,"minecraft:wheat_seeds":1053,"minecraft:cherry_sapling":1,"minecraft:glow_berries":16,"minecraft:cactus_flower":1,"minecraft:glass_bottle":2,"minecraft:diamond_pickaxe":226,"minecraft:beetroot":46,"minecraft:glass_pane":7,"minecraft:cooked_porkchop":3,"minecraft:granite":7,"minecraft:azalea":1,"minecraft:tuff":23,"minecraft:iron_shovel":502,"minecraft:stone_sword":88,"minecraft:sweet_berries":503,"minecraft:diorite":1,"minecraft:firefly_bush":2,"minecraft:poisonous_potato":1,"minecraft:cobblestone":81,"minecraft:diamond_axe":72,"minecraft:carrot":722,"minecraft:crafting_table":10,"minecraft:spruce_sign":4,"minecraft:snowball":12,"minecraft:beetroot_seeds":841,"minecraft:potion":2,"minecraft:stone_pickaxe":533,"minecraft:bow":3,"minecraft:baked_potato":33,"minecraft:cobbled_deepslate":31,"minecraft:apple":4,"minecraft:diamond_shovel":452,"minecraft:melon_slice":5,"minecraft:stone_shovel":2238,"minecraft:black_concrete":2,"minecraft:iron_hoe":2,"minecraft:rotten_flesh":1,"minecraft:water_bucket":27,"minecraft:writable_book":13,"minecraft:smooth_basalt":1,"minecraft:melon_seeds":1,"minecraft:furnace":10,"minecraft:blue_egg":1,"minecraft:torch":177,"minecraft:bread":184,"minecraft:dirt":574,"minecraft:written_book":14,"minecraft:honey_bottle":1,"minecraft:wheat":6,"minecraft:sand":9,"minecraft:cobblestone_stairs":38,"minecraft:spruce_planks":1,"minecraft:beetroot_soup":3,"minecraft:shears":117,"minecraft:cooked_beef":3,"minecraft:bucket":27,"minecraft:amethyst_block":6,"minecraft:dark_oak_boat":2,"minecraft:chest":1,"minecraft:iron_helmet":2,"minecraft:cocoa_beans":13,"minecraft:oak_planks":14,"minecraft:egg":69,"minecraft:sugar_cane":12,"minecraft:sandstone":19}},"DataVersion":4440}