{"stats":{"minecraft:killed":{"minecraft:creeper":1},"minecraft:used":{"minecraft:stone_axe":4,"minecraft:stone_sword":17,"minecraft:cooked_mutton":1,"minecraft:stone_pickaxe":7,"minecraft:dirt":3},"minecraft:mined":{"minecraft:short_grass":10,"minecraft:tall_grass":23,"minecraft:dark_oak_leaves":1,"minecraft:dark_oak_log":4,"minecraft:dirt":4,"minecraft:grass_block":7,"minecraft:copper_ore":3,"minecraft:stone":3},"minecraft:crafted":{"minecraft:dark_oak_planks":16,"minecraft:copper_ingot":1,"minecraft:crafting_table":1},"minecraft:killed_by":{"minecraft:silverfish":1},"minecraft:picked_up":{"minecraft:dirt":11,"minecraft:cobblestone":3,"minecraft:wheat_seeds":1,"minecraft:gunpowder":1,"minecraft:raw_copper":11,"minecraft:dark_oak_log":4},"minecraft:custom":{"minecraft:interact_with_crafting_table":1,"minecraft:time_since_rest":7168,"minecraft:walk_one_cm":193165,"minecraft:leave_game":1,"minecraft:mob_kills":1,"minecraft:damage_taken":350,"minecraft:damage_dealt":200,"minecraft:play_time":7629,"minecraft:jump":398,"minecraft:time_since_death":7136,"minecraft:interact_with_furnace":9,"minecraft:sprint_one_cm":23875,"minecraft:open_chest":11,"minecraft:fall_one_cm":12603,"minecraft:total_world_time":7629,"minecraft:fly_one_cm":58279,"minecraft:crouch_one_cm":1701,"minecraft:sneak_time":181,"minecraft:deaths":1}},"DataVersion":4440}