{"stats":{"minecraft:killed_by":{"minecraft:skeleton":1,"minecraft:player":4,"minecraft:creaking":1,"minecraft:zombie":1},"minecraft:custom":{"minecraft:time_since_rest":16020,"minecraft:talked_to_villager":37,"minecraft:leave_game":19,"minecraft:damage_taken":17061,"minecraft:mob_kills":2011,"minecraft:boat_one_cm":248912,"minecraft:time_since_death":16009,"minecraft:open_enderchest":2,"minecraft:interact_with_furnace":74,"minecraft:sleep_in_bed":3,"minecraft:interact_with_smithing_table":1,"minecraft:inspect_dispenser":1,"minecraft:swim_one_cm":225814,"minecraft:total_world_time":2194884,"minecraft:crouch_one_cm":132906,"minecraft:deaths":19,"minecraft:climb_one_cm":100710,"minecraft:player_kills":7,"minecraft:enchant_item":21,"minecraft:traded_with_villager":243,"minecraft:interact_with_crafting_table":25,"minecraft:inspect_dropper":28,"minecraft:walk_one_cm":1589068,"minecraft:horse_one_cm":24409,"minecraft:walk_under_water_one_cm":88808,"minecraft:damage_dealt":151874,"minecraft:interact_with_lectern":8,"minecraft:play_time":2194884,"minecraft:jump":14947,"minecraft:drop":156,"minecraft:open_barrel":63,"minecraft:sprint_one_cm":2114038,"minecraft:open_chest":298,"minecraft:inspect_hopper":10,"minecraft:fall_one_cm":444701,"minecraft:fly_one_cm":4168844,"minecraft:interact_with_anvil":7,"minecraft:walk_on_water_one_cm":27894,"minecraft:sneak_time":38091,"minecraft:interact_with_grindstone":13},"minecraft:crafted":{"minecraft:diamond_boots":1,"minecraft:netherite_ingot":18,"minecraft:map":9,"minecraft:stick":80,"minecraft:white_wool":144,"minecraft:diamond":36,"minecraft:compass":9,"minecraft:diamond_axe":1,"minecraft:diamond_pickaxe":1,"minecraft:chest":2,"minecraft:bookshelf":1,"minecraft:diamond_chestplate":1,"minecraft:diamond_sword":3,"minecraft:air":0,"minecraft:bow":12,"minecraft:emerald":224,"minecraft:paper":75,"minecraft:flint_and_steel":1,"minecraft:oak_boat":1,"minecraft:item_frame":9,"minecraft:iron_ingot":6,"minecraft:diamond_helmet":1,"minecraft:crafting_table":1,"minecraft:diamond_leggings":1,"minecraft:white_bed":13,"minecraft:enchanted_book":6,"minecraft:oak_planks":24,"minecraft:spruce_planks":100,"minecraft:birch_sign":3},"minecraft:killed":{"minecraft:zombie":19,"minecraft:slime":37,"minecraft:zombified_piglin":3,"minecraft:skeleton":8,"minecraft:creeper":5,"minecraft:hoglin":13,"minecraft:pig":2,"minecraft:cow":5,"minecraft:witch":1,"minecraft:piglin":23,"minecraft:spider":1887},"minecraft:picked_up":{"minecraft:carrot":945,"minecraft:spruce_sapling":6,"minecraft:cobblestone":65,"minecraft:white_bed":3,"minecraft:fishing_rod":1,"minecraft:sugar_cane":77,"minecraft:leather":18,"minecraft:bone":21,"minecraft:gold_nugget":52,"minecraft:clay_ball":12,"minecraft:armadillo_scute":1,"minecraft:moss_carpet":11,"minecraft:diamond":39,"minecraft:slime_ball":46,"minecraft:granite":17,"minecraft:book":3,"minecraft:stick":8,"minecraft:moss_block":2,"minecraft:cooked_porkchop":70,"minecraft:bow":12,"minecraft:smooth_basalt":2,"minecraft:arrow":23,"minecraft:cooked_chicken":2,"minecraft:raw_iron":105,"minecraft:cobbled_deepslate":84,"minecraft:crossbow":2,"minecraft:raw_gold":41,"minecraft:azalea":2,"minecraft:pumpkin_seeds":1,"minecraft:firework_rocket":63,"minecraft:nether_brick":1,"minecraft:wheat":19,"minecraft:gunpowder":5,"minecraft:blackstone":53,"minecraft:spruce_planks":4,"minecraft:netherrack":1225,"minecraft:dirt":22,"minecraft:basalt":64,"minecraft:magma_block":13,"minecraft:gravel":2,"minecraft:bread":7,"minecraft:spruce_log":26,"minecraft:oak_log":6,"minecraft:wheat_seeds":50,"minecraft:shield":1,"minecraft:lapis_lazuli":26,"minecraft:diamond_block":4,"minecraft:spider_eye":1314,"minecraft:quartz":305,"minecraft:egg":2,"minecraft:oak_boat":19,"minecraft:cooked_beef":19,"minecraft:potion":9,"minecraft:crafting_table":1,"minecraft:snowball":1,"minecraft:andesite":13,"minecraft:rotten_flesh":20,"minecraft:ancient_debris":74,"minecraft:string":2628,"minecraft:stone_bricks":4,"minecraft:glass_bottle":1,"minecraft:obsidian":12,"minecraft:amethyst_shard":60,"minecraft:filled_map":1},"minecraft:mined":{"minecraft:spruce_log":25,"minecraft:nether_quartz_ore":428,"minecraft:smooth_basalt":1,"minecraft:netherrack":9527,"minecraft:carrots":257,"minecraft:gravel":2,"minecraft:amethyst_block":1,"minecraft:spruce_planks":2,"minecraft:crafting_table":1,"minecraft:magma_block":12,"minecraft:obsidian":12,"minecraft:blackstone":95,"minecraft:gold_ore":2,"minecraft:birch_leaves":2,"minecraft:andesite":20,"minecraft:packed_ice":1,"minecraft:moss_block":2,"minecraft:deepslate_gold_ore":16,"minecraft:budding_amethyst":1,"minecraft:fire":50,"minecraft:deepslate_lapis_ore":1,"minecraft:deepslate_diamond_ore":5,"minecraft:deepslate_iron_ore":1,"minecraft:amethyst_cluster":12,"minecraft:iron_ore":46,"minecraft:stone":102,"minecraft:stone_bricks":4,"minecraft:granite":24,"minecraft:wheat":20,"minecraft:diorite":5,"minecraft:ancient_debris":74,"minecraft:cobblestone":1,"minecraft:sugar_cane":57,"minecraft:white_bed":1,"minecraft:oak_leaves":1,"minecraft:clay":3,"minecraft:bookshelf":1,"minecraft:tall_grass":3,"minecraft:wildflowers":1,"minecraft:dirt":13,"minecraft:grass_block":17,"minecraft:cobweb":1,"minecraft:spruce_leaves":4,"minecraft:tuff":5,"minecraft:basalt":253,"minecraft:nether_gold_ore":11,"minecraft:deepslate":55,"minecraft:oak_log":6,"minecraft:lapis_ore":2},"minecraft:dropped":{"minecraft:azalea":2,"minecraft:rotten_flesh":18,"minecraft:cobblestone":6,"minecraft:spruce_planks":3,"minecraft:magma_block":12,"minecraft:wheat":19,"minecraft:bow":12,"minecraft:oak_boat":1,"minecraft:basalt":64,"minecraft:gravel":2,"minecraft:diamond_axe":1,"minecraft:cobbled_deepslate":80,"minecraft:bone":9,"minecraft:potion":34,"minecraft:dirt":7,"minecraft:firework_rocket":63,"minecraft:leather":4,"minecraft:sugar_cane":2,"minecraft:obsidian":2,"minecraft:wheat_seeds":30,"minecraft:flint_and_steel":1,"minecraft:quartz":256,"minecraft:blackstone":53,"minecraft:granite":5,"minecraft:moss_carpet":4,"minecraft:moss_block":2,"minecraft:shield":1,"minecraft:netherite_ingot":1,"minecraft:crossbow":2,"minecraft:cooked_chicken":1,"minecraft:glass_bottle":15,"minecraft:redstone":6,"minecraft:stone_bricks":4,"minecraft:string":37,"minecraft:birch_sign":1,"minecraft:clay_ball":12,"minecraft:stick":8,"minecraft:arrow":9,"minecraft:spruce_sapling":3,"minecraft:gold_nugget":52,"minecraft:carrot":24,"minecraft:spruce_log":1,"minecraft:gunpowder":3,"minecraft:bread":1,"minecraft:spider_eye":281,"minecraft:netherrack":519,"minecraft:smooth_basalt":2},"minecraft:used":{"minecraft:stone_axe":8,"minecraft:cobbled_deepslate":1,"minecraft:netherrack":330,"minecraft:andesite":13,"minecraft:moss_carpet":7,"minecraft:diamond_sword":2614,"minecraft:oak_boat":18,"minecraft:wheat_seeds":20,"minecraft:stone_shovel":1,"minecraft:water_bucket":96,"minecraft:glass_bottle":1,"minecraft:writable_book":3,"minecraft:diamond_pickaxe":10731,"minecraft:bookshelf":1,"minecraft:nether_brick":1,"minecraft:crossbow":1,"minecraft:cooked_porkchop":45,"minecraft:bread":6,"minecraft:granite":12,"minecraft:magma_block":1,"minecraft:dirt":15,"minecraft:fishing_rod":18,"minecraft:obsidian":10,"minecraft:stone_sword":4,"minecraft:spruce_planks":2,"minecraft:cooked_chicken":1,"minecraft:cobblestone":41,"minecraft:diamond_chestplate":1,"minecraft:deepslate_gold_ore":16,"minecraft:cooked_beef":2,"minecraft:diamond_axe":29,"minecraft:carrot":548,"minecraft:flint_and_steel":1,"minecraft:bucket":97,"minecraft:crafting_table":2,"minecraft:gold_ore":2,"minecraft:chest":2,"minecraft:splash_potion":2,"minecraft:snowball":4,"minecraft:potion":42,"minecraft:spruce_sapling":3,"minecraft:egg":2,"minecraft:white_bed":14}},"DataVersion":4440}