{"stats":{"minecraft:killed_by":{"minecraft:skeleton":3,"minecraft:witch":1,"minecraft:player":5,"minecraft:zombie_villager":2,"minecraft:enderman":1,"minecraft:iron_golem":4,"minecraft:zombie":9},"minecraft:custom":{"minecraft:time_since_rest":79596,"minecraft:leave_game":71,"minecraft:boat_one_cm":732945,"minecraft:damage_absorbed":40,"minecraft:time_since_death":79562,"minecraft:interact_with_furnace":428,"minecraft:happy_ghast_one_cm":6329417,"minecraft:total_world_time":3346353,"minecraft:crouch_one_cm":509612,"minecraft:climb_one_cm":949399,"minecraft:deaths":73,"minecraft:interact_with_stonecutter":11,"minecraft:fish_caught":2,"minecraft:animals_bred":221,"minecraft:traded_with_villager":2960,"minecraft:damage_blocked_by_shield":3540,"minecraft:interact_with_crafting_table":666,"minecraft:walk_one_cm":13973100,"minecraft:walk_under_water_one_cm":544728,"minecraft:horse_one_cm":6907100,"minecraft:damage_dealt":308337,"minecraft:play_time":3346353,"minecraft:jump":102485,"minecraft:play_record":2,"minecraft:sprint_one_cm":15379888,"minecraft:fill_cauldron":1,"minecraft:inspect_hopper":53,"minecraft:fly_one_cm":19533903,"minecraft:walk_on_water_one_cm":361583,"minecraft:interact_with_blast_furnace":9,"minecraft:interact_with_grindstone":33,"minecraft:talked_to_villager":2593,"minecraft:damage_taken":81469,"minecraft:mob_kills":1899,"minecraft:open_enderchest":5,"minecraft:damage_dealt_absorbed":34,"minecraft:interact_with_brewingstand":27,"minecraft:interact_with_smithing_table":4,"minecraft:sleep_in_bed":10,"minecraft:inspect_dispenser":55,"minecraft:swim_one_cm":820402,"minecraft:pot_flower":2,"minecraft:player_kills":4,"minecraft:interact_with_loom":4,"minecraft:interact_with_campfire":4,"minecraft:interact_with_lectern":3,"minecraft:drop":615,"minecraft:use_cauldron":5,"minecraft:open_barrel":198,"minecraft:open_chest":5667,"minecraft:interact_with_smoker":1,"minecraft:fall_one_cm":3325641,"minecraft:tune_noteblock":1,"minecraft:interact_with_anvil":51,"minecraft:sneak_time":84924},"minecraft:broken":{"minecraft:stone_shovel":24,"minecraft:wooden_axe":4,"minecraft:iron_axe":1,"minecraft:fishing_rod":1,"minecraft:stone_hoe":2,"minecraft:golden_boots":1,"minecraft:stone_axe":20,"minecraft:stone_sword":2,"minecraft:stone_pickaxe":41,"minecraft:wooden_shovel":4},"minecraft:crafted":{"minecraft:stone_sword":2,"minecraft:wooden_axe":4,"minecraft:firework_rocket":1623,"minecraft:wind_charge":32,"minecraft:nether_brick":191,"minecraft:arrow":432,"minecraft:gold_ingot":109,"minecraft:book":21,"minecraft:iron_chestplate":2,"minecraft:birch_trapdoor":2,"minecraft:clock":7,"minecraft:leather_chestplate":3,"minecraft:cherry_sign":9,"minecraft:oak_fence":48,"minecraft:lever":9,"minecraft:diamond_pickaxe":1,"minecraft:chest":68,"minecraft:iron_block":558,"minecraft:bookshelf":35,"minecraft:stone_slab":18,"minecraft:repeater":5,"minecraft:bucket":1,"minecraft:cherry_fence":3,"minecraft:daylight_detector":1,"minecraft:ladder":105,"minecraft:nether_brick_slab":4,"minecraft:item_frame":1,"minecraft:cauldron":2,"minecraft:stone_hoe":7,"minecraft:dispenser":2,"minecraft:sticky_piston":1,"minecraft:white_stained_glass":8,"minecraft:glass":303,"minecraft:oak_sign":9,"minecraft:spruce_fence":3,"minecraft:oak_trapdoor":114,"minecraft:soul_torch":4,"minecraft:sugar":33,"minecraft:deepslate_tiles":320,"minecraft:firework_star":3668,"minecraft:yellow_dye":846,"minecraft:comparator":2,"minecraft:green_dye":85,"minecraft:cooked_mutton":135,"minecraft:ward_armor_trim_smithing_template":6,"minecraft:spruce_door":6,"minecraft:iron_boots":11,"minecraft:smooth_stone":7,"minecraft:charcoal":100,"minecraft:cooked_beef":113,"minecraft:blue_dye":1,"minecraft:oak_slab":264,"minecraft:yellow_bed":7,"minecraft:golden_carrot":2,"minecraft:spruce_sign":9,"minecraft:cherry_planks":296,"minecraft:wooden_shovel":4,"minecraft:paper":849,"minecraft:armor_stand":3,"minecraft:furnace":6,"minecraft:grindstone":5,"minecraft:iron_ingot":1743,"minecraft:lead":10,"minecraft:diamond_helmet":3,"minecraft:tripwire_hook":2,"minecraft:stone":125,"minecraft:blaze_powder":10,"minecraft:diamond_leggings":3,"minecraft:enchanted_book":42,"minecraft:shield":1,"minecraft:stone_axe":23,"minecraft:observer":9,"minecraft:birch_sign":3,"minecraft:name_tag":2,"minecraft:iron_axe":15,"minecraft:piston":16,"minecraft:spruce_button":3,"minecraft:golden_apple":11,"minecraft:diamond_boots":6,"minecraft:polished_deepslate_wall":1,"minecraft:smithing_table":1,"minecraft:powered_rail":6,"minecraft:cherry_boat":5,"minecraft:popped_chorus_fruit":1,"minecraft:white_harness":1,"minecraft:soul_lantern":3,"minecraft:leather_leggings":2,"minecraft:stick":6155,"minecraft:deepslate_bricks":20,"minecraft:nether_brick_stairs":4,"minecraft:smooth_stone_slab":6,"minecraft:minecart":6,"minecraft:cherry_slab":6,"minecraft:cooked_porkchop":5,"minecraft:iron_helmet":1,"minecraft:diamond_axe":2,"minecraft:light_gray_dye":2,"minecraft:air":0,"minecraft:bone_meal":2274,"minecraft:spyglass":1,"minecraft:oak_boat":5,"minecraft:chainmail_boots":12,"minecraft:glass_bottle":12,"minecraft:red_dye":4305,"minecraft:blast_furnace":1,"minecraft:redstone_torch":16,"minecraft:oak_button":64,"minecraft:nether_brick_wall":2,"minecraft:bundle":2,"minecraft:oak_planks":4988,"minecraft:gold_nugget":18,"minecraft:cooked_cod":1,"minecraft:rail":16,"minecraft:iron_sword":12,"minecraft:fishing_rod":1,"minecraft:shears":3,"minecraft:iron_shovel":1,"minecraft:polished_deepslate":2144,"minecraft:white_banner":1,"minecraft:stone_shovel":30,"minecraft:white_dye":34,"minecraft:lantern":88,"minecraft:chainmail_helmet":12,"minecraft:polished_deepslate_stairs":8,"minecraft:cooked_chicken":25,"minecraft:birch_planks":328,"minecraft:hopper":24,"minecraft:chainmail_leggings":1,"minecraft:stone_pickaxe":45,"minecraft:anvil":2,"minecraft:lime_dye":44,"minecraft:nether_bricks":47,"minecraft:emerald_block":88,"minecraft:wooden_pickaxe":4,"minecraft:spruce_slab":12,"minecraft:oak_door":6,"minecraft:oak_fence_gate":15,"minecraft:composter":3,"minecraft:chain":6,"minecraft:fermented_spider_eye":5,"minecraft:diamond_chestplate":2,"minecraft:diamond_sword":5,"minecraft:iron_nugget":94,"minecraft:yellow_wool":10,"minecraft:emerald":3411,"minecraft:cherry_trapdoor":6,"minecraft:birch_boat":5,"minecraft:black_bed":4,"minecraft:spruce_trapdoor":8,"minecraft:spruce_boat":2,"minecraft:golden_boots":2,"minecraft:copper_ingot":13,"minecraft:bread":515,"minecraft:crafting_table":9,"minecraft:torch":216,"minecraft:end_rod":4,"minecraft:birch_slab":6,"minecraft:saddle":1,"minecraft:crossbow":20,"minecraft:spruce_planks":216,"minecraft:lectern":3,"minecraft:iron_pickaxe":4,"minecraft:iron_leggings":2},"minecraft:killed":{"minecraft:slime":21,"minecraft:pillager":7,"minecraft:stray":1,"minecraft:skeleton":305,"minecraft:pig":4,"minecraft:iron_golem":23,"minecraft:witch":8,"minecraft:villager":1,"minecraft:spider":110,"minecraft:happy_ghast":1,"minecraft:zombie":475,"minecraft:creeper":473,"minecraft:zombie_villager":11,"minecraft:chicken":35,"minecraft:sheep":112,"minecraft:enderman":24,"minecraft:drowned":4,"minecraft:polar_bear":1,"minecraft:cow":60,"minecraft:breeze":2},"minecraft:picked_up":{"minecraft:sweet_berries":2435,"minecraft:cobblestone":1869,"minecraft:minecart":30,"minecraft:sugar_cane":120,"minecraft:bone":572,"minecraft:acacia_sapling":2,"minecraft:rose_bush":1378,"minecraft:cooked_mutton":37,"minecraft:waxed_copper_grate":2,"minecraft:iron_bars":2,"minecraft:iron_sword":4,"minecraft:pitcher_plant":5,"minecraft:blaze_rod":5,"minecraft:emerald":88,"minecraft:book":96,"minecraft:armor_stand":6,"minecraft:ink_sac":129,"minecraft:wildflowers":860,"minecraft:spectral_arrow":18,"minecraft:bow":47,"minecraft:birch_boat":40,"minecraft:arrow":574,"minecraft:stone_shovel":1,"minecraft:iron_ingot":159,"minecraft:lilac":28,"minecraft:cactus":227,"minecraft:spruce_slab":8,"minecraft:crossbow":3,"minecraft:azalea":1,"minecraft:golden_leggings":5,"minecraft:dandelion":24,"minecraft:firework_rocket":186,"minecraft:mutton":145,"minecraft:diamond_leggings":2,"minecraft:polished_blackstone_bricks":2,"minecraft:bamboo_stairs":50,"minecraft:oxeye_daisy":10,"minecraft:daylight_detector":1,"minecraft:oak_log":1679,"minecraft:sand":89,"minecraft:furnace":2,"minecraft:wheat_seeds":4817,"minecraft:black_bed":5,"minecraft:oak_door":6,"minecraft:sniffer_egg":5,"minecraft:leather_leggings":2,"minecraft:firework_star":15,"minecraft:music_disc_13":1,"minecraft:egg":124,"minecraft:diamond_sword":19,"minecraft:red_mushroom":2,"minecraft:snowball":117,"minecraft:blast_furnace":3,"minecraft:oak_sign":7,"minecraft:ender_pearl":21,"minecraft:string":231,"minecraft:smithing_table":1,"minecraft:stone_bricks":2,"minecraft:obsidian":1,"minecraft:leather_boots":1,"minecraft:writable_book":1,"minecraft:polished_basalt":2,"minecraft:polished_diorite":1,"minecraft:chain":4,"minecraft:cornflower":6,"minecraft:comparator":1,"minecraft:enchanted_book":11,"minecraft:oak_fence_gate":6,"minecraft:spruce_sapling":4,"minecraft:bucket":4,"minecraft:leather":52,"minecraft:cherry_fence":2,"minecraft:honey_bottle":1,"minecraft:lead":192,"minecraft:brown_mushroom":46,"minecraft:moss_carpet":2,"minecraft:music_disc_blocks":1,"minecraft:music_disc_tears":3,"minecraft:peony":179,"minecraft:scaffolding":75,"minecraft:porkchop":4,"minecraft:dropper":1,"minecraft:spruce_sign":8,"minecraft:stick":550,"minecraft:polished_tuff":4,"minecraft:bamboo":13,"minecraft:diamond_boots":1,"minecraft:cooked_porkchop":103,"minecraft:raw_iron":72,"minecraft:diamond_chestplate":2,"minecraft:music_disc_far":1,"minecraft:nether_brick":6,"minecraft:leather_helmet":5,"minecraft:cherry_boat":10,"minecraft:spruce_door":2,"minecraft:cherry_planks":129,"minecraft:chest":24,"minecraft:quartz_pillar":7,"minecraft:lectern":644,"minecraft:yellow_bed":24,"minecraft:netherrack":19,"minecraft:gravel":58,"minecraft:deepslate_tile_stairs":1,"minecraft:tuff":129,"minecraft:potato":3,"minecraft:shield":2,"minecraft:lapis_lazuli":28,"minecraft:trial_key":2,"minecraft:oak_boat":8,"minecraft:pufferfish":1,"minecraft:cherry_sapling":42,"minecraft:oak_planks":251,"minecraft:raw_copper":32,"minecraft:dispenser":2,"minecraft:rotten_flesh":989,"minecraft:written_book":2,"minecraft:apple":70,"minecraft:cherry_trapdoor":1,"minecraft:iron_nugget":2,"minecraft:iron_door":1,"minecraft:nether_brick_wall":2,"minecraft:polished_andesite":17,"minecraft:glass":71,"minecraft:composter":10,"minecraft:music_disc_ward":1,"minecraft:flint":8,"minecraft:polished_deepslate_wall":7,"minecraft:redstone":112,"minecraft:birch_slab":5,"minecraft:glow_berries":8,"minecraft:firefly_bush":1,"minecraft:lantern":35,"minecraft:diamond":85,"minecraft:slime_ball":78,"minecraft:granite":11,"minecraft:spruce_button":12,"minecraft:nether_wart":69,"minecraft:powered_rail":14,"minecraft:charcoal":4,"minecraft:spruce_boat":16,"minecraft:cobbled_deepslate_stairs":3,"minecraft:gold_block":70,"minecraft:spyglass":2,"minecraft:observer":11,"minecraft:hay_block":4,"minecraft:polished_blackstone_brick_stairs":2,"minecraft:raw_gold":31,"minecraft:deepslate_bricks":2,"minecraft:polished_blackstone":21,"minecraft:torchflower":1,"minecraft:spruce_planks":47,"minecraft:dirt":2951,"minecraft:rail":5,"minecraft:diamond_helmet":1,"minecraft:golden_boots":3,"minecraft:azure_bluet":7,"minecraft:torch":221,"minecraft:diamond_pickaxe":1,"minecraft:pitcher_pod":6,"minecraft:cherry_log":78,"minecraft:bread":38,"minecraft:iron_boots":10,"minecraft:spruce_log":29,"minecraft:cactus_flower":32,"minecraft:coal":51,"minecraft:oak_fence":15,"minecraft:birch_planks":42,"minecraft:splash_potion":1,"minecraft:cherry_leaves":15,"minecraft:iron_pickaxe":1,"minecraft:ochre_froglight":10,"minecraft:music_disc_mall":2,"minecraft:nether_bricks":69,"minecraft:hopper":9,"minecraft:birch_sapling":54,"minecraft:poppy":44,"minecraft:cooked_beef":2,"minecraft:white_wool":270,"minecraft:feather":27,"minecraft:soul_lantern":13,"minecraft:potion":4,"minecraft:spruce_fence":2,"minecraft:fletching_table":2,"minecraft:andesite":49,"minecraft:lily_of_the_valley":5,"minecraft:rabbit_foot":1,"minecraft:nether_brick_slab":12,"minecraft:ladder":18,"minecraft:amethyst_shard":116,"minecraft:sandstone":2,"minecraft:filled_map":1,"minecraft:dark_oak_door":2,"minecraft:soul_sand":27,"minecraft:diamond_axe":2,"minecraft:carrot":226,"minecraft:breeze_rod":8,"minecraft:black_concrete":5,"minecraft:stone_slab":3,"minecraft:water_bucket":1,"minecraft:stone_pickaxe":3,"minecraft:cod":1,"minecraft:gold_ingot":72,"minecraft:baked_potato":7,"minecraft:oak_leaves":1,"minecraft:golden_apple":8,"minecraft:oak_trapdoor":31,"minecraft:fire_charge":1,"minecraft:black_wool":58,"minecraft:chicken":36,"minecraft:leather_chestplate":5,"minecraft:nether_brick_stairs":3,"minecraft:golden_chestplate":3,"minecraft:honey_block":1,"minecraft:repeater":2,"minecraft:cooked_chicken":44,"minecraft:grindstone":28,"minecraft:kelp":1,"minecraft:cobbled_deepslate":1825,"minecraft:glowstone_dust":6,"minecraft:pumpkin_seeds":3,"minecraft:music_disc_lava_chicken":1,"minecraft:stone_axe":2,"minecraft:amethyst_block":11,"minecraft:wheat":1699,"minecraft:cherry_slab":22,"minecraft:gunpowder":1115,"minecraft:spruce_trapdoor":8,"minecraft:deepslate_tile_wall":7,"minecraft:magma_block":1,"minecraft:lever":32,"minecraft:light_gray_wool":132,"minecraft:polished_deepslate":601,"minecraft:leaf_litter":294,"minecraft:birch_trapdoor":5,"minecraft:soul_torch":1,"minecraft:grass_block":59,"minecraft:birch_log":124,"minecraft:mud":12,"minecraft:music_disc_stal":1,"minecraft:torchflower_seeds":7,"minecraft:piston":17,"minecraft:spider_eye":131,"minecraft:bone_meal":140,"minecraft:diorite":39,"minecraft:golden_helmet":3,"minecraft:crafting_table":13,"minecraft:oak_sapling":928,"minecraft:beef":113,"minecraft:polished_deepslate_stairs":28,"minecraft:yellow_wool":48,"minecraft:music_disc_cat":1,"minecraft:glass_bottle":4,"minecraft:oak_slab":231,"minecraft:dried_ghast":1,"minecraft:paper":55},"minecraft:mined":{"minecraft:torch":90,"minecraft:comparator":1,"minecraft:lever":28,"minecraft:dispenser":2,"minecraft:oak_fence_gate":7,"minecraft:spruce_log":30,"minecraft:chest":24,"minecraft:cherry_fence":2,"minecraft:oak_sign":1,"minecraft:netherrack":21,"minecraft:black_concrete":5,"minecraft:amethyst_block":11,"minecraft:ochre_froglight":17,"minecraft:brown_mushroom":2,"minecraft:cherry_trapdoor":1,"minecraft:bamboo_stairs":54,"minecraft:spruce_planks":41,"minecraft:birch_log":119,"minecraft:oxeye_daisy":10,"minecraft:sweet_berry_bush":299,"minecraft:magma_block":1,"minecraft:farmland":1,"minecraft:obsidian":3,"minecraft:cave_vines":3,"minecraft:sandstone":2,"minecraft:piston":17,"minecraft:grindstone":28,"minecraft:deepslate_bricks":2,"minecraft:iron_door":1,"minecraft:birch_leaves":23,"minecraft:oak_fence":15,"minecraft:repeater":2,"minecraft:gold_block":51,"minecraft:mushroom_stem":25,"minecraft:bamboo":3,"minecraft:wall_torch":96,"minecraft:yellow_bed":24,"minecraft:fire":1,"minecraft:smithing_table":1,"minecraft:deepslate_diamond_ore":67,"minecraft:polished_blackstone":41,"minecraft:oak_sapling":26,"minecraft:azalea":1,"minecraft:azure_bluet":8,"minecraft:iron_ore":31,"minecraft:chain":4,"minecraft:spruce_wall_sign":7,"minecraft:stone_slab":2,"minecraft:dandelion":25,"minecraft:glass":6,"minecraft:lily_of_the_valley":1,"minecraft:oak_planks":222,"minecraft:cobblestone":369,"minecraft:sugar_cane":100,"minecraft:lantern":3,"minecraft:kelp":3,"minecraft:nether_brick_wall":2,"minecraft:red_mushroom_block":7,"minecraft:oak_wall_sign":5,"minecraft:birch_sapling":5,"minecraft:cherry_leaves":41,"minecraft:scaffolding":109,"minecraft:oak_leaves":753,"minecraft:polished_diorite":1,"minecraft:furnace":2,"minecraft:birch_slab":5,"minecraft:brown_mushroom_block":135,"minecraft:fletching_table":2,"minecraft:powered_rail":13,"minecraft:deepslate_copper_ore":6,"minecraft:spruce_button":4,"minecraft:iron_bars":2,"minecraft:wildflowers":2,"minecraft:tall_grass":103,"minecraft:torchflower":1,"minecraft:tall_seagrass":13,"minecraft:rail":5,"minecraft:dirt":2587,"minecraft:tripwire":1,"minecraft:hopper":9,"minecraft:moss_carpet":2,"minecraft:spruce_door":1,"minecraft:ladder":17,"minecraft:sand":147,"minecraft:deepslate":1763,"minecraft:cherry_planks":129,"minecraft:snow":124,"minecraft:seagrass":17,"minecraft:cherry_slab":22,"minecraft:spruce_sign":1,"minecraft:deepslate_tile_stairs":1,"minecraft:oak_log":1683,"minecraft:oak_door":3,"minecraft:black_bed":5,"minecraft:mud":12,"minecraft:cherry_log":79,"minecraft:sculk":3,"minecraft:carrots":48,"minecraft:oak_slab":164,"minecraft:lectern":644,"minecraft:gravel":91,"minecraft:short_grass":423,"minecraft:waxed_copper_grate":2,"minecraft:light_blue_stained_glass":3,"minecraft:dirt_path":1,"minecraft:crafting_table":13,"minecraft:deepslate_redstone_ore":9,"minecraft:leaf_litter":36,"minecraft:lilac":1,"minecraft:black_wool":3,"minecraft:copper_ore":4,"minecraft:firefly_bush":1,"minecraft:nether_brick_slab":12,"minecraft:gold_ore":5,"minecraft:nether_brick_stairs":3,"minecraft:andesite":66,"minecraft:cave_vines_plant":2,"minecraft:blast_furnace":3,"minecraft:deepslate_gold_ore":26,"minecraft:ice":3,"minecraft:budding_amethyst":9,"minecraft:nether_bricks":74,"minecraft:polished_basalt":2,"minecraft:poppy":4,"minecraft:deepslate_lapis_ore":4,"minecraft:cactus":151,"minecraft:deepslate_iron_ore":41,"minecraft:birch_planks":53,"minecraft:amethyst_cluster":26,"minecraft:yellow_wool":4,"minecraft:stone":2602,"minecraft:birch_trapdoor":5,"minecraft:stone_bricks":2,"minecraft:dropper":1,"minecraft:granite":17,"minecraft:spruce_fence":2,"minecraft:bush":5,"minecraft:coal_ore":55,"minecraft:sculk_sensor":21,"minecraft:diorite":66,"minecraft:wheat":1755,"minecraft:hay_block":4,"minecraft:spruce_trapdoor":8,"minecraft:oak_trapdoor":31,"minecraft:white_stained_glass":5,"minecraft:polished_deepslate_stairs":12,"minecraft:pitcher_plant":4,"minecraft:polished_deepslate":478,"minecraft:composter":9,"minecraft:bookshelf":32,"minecraft:cobbled_deepslate_stairs":2,"minecraft:soul_sand":29,"minecraft:cactus_flower":5,"minecraft:polished_blackstone_bricks":2,"minecraft:daylight_detector":1,"minecraft:nether_wart":22,"minecraft:observer":11,"minecraft:polished_deepslate_wall":9,"minecraft:grass_block":2008,"minecraft:cobweb":1,"minecraft:peony":1,"minecraft:spruce_leaves":4,"minecraft:cobbled_deepslate":228,"minecraft:tuff":140,"minecraft:polished_tuff":4,"minecraft:white_wool":1,"minecraft:deepslate_tile_wall":7,"minecraft:spruce_slab":8,"minecraft:soul_lantern":11,"minecraft:polished_andesite":17,"minecraft:cornflower":6,"minecraft:pitcher_crop":2,"minecraft:quartz_pillar":7,"minecraft:redstone_wire":25},"minecraft:dropped":{"minecraft:pitcher_plant":3,"minecraft:sweet_berries":67,"minecraft:nether_brick":1,"minecraft:spruce_button":1,"minecraft:gravel":3,"minecraft:bone":13,"minecraft:glass":136,"minecraft:ink_sac":104,"minecraft:poppy":25,"minecraft:enchanted_book":1,"minecraft:crossbow":32,"minecraft:oak_sapling":60,"minecraft:cooked_chicken":38,"minecraft:leather_chestplate":3,"minecraft:lilac":27,"minecraft:tuff":8,"minecraft:book":3,"minecraft:birch_sign":2,"minecraft:oak_slab":226,"minecraft:arrow":19,"minecraft:carrot":101,"minecraft:gold_ingot":72,"minecraft:stone_axe":2,"minecraft:iron_pickaxe":1,"minecraft:diorite":8,"minecraft:golden_apple":8,"minecraft:rotten_flesh":81,"minecraft:stone_shovel":2,"minecraft:leather_leggings":1,"minecraft:bow":15,"minecraft:cherry_sapling":6,"minecraft:pufferfish":1,"minecraft:bucket":1,"minecraft:dirt":256,"minecraft:golden_chestplate":1,"minecraft:cherry_sign":1,"minecraft:emerald":33,"minecraft:peony":176,"minecraft:birch_trapdoor":1,"minecraft:cooked_beef":2,"minecraft:polished_deepslate":129,"minecraft:golden_helmet":2,"minecraft:spyglass":1,"minecraft:polished_deepslate_stairs":15,"minecraft:cooked_porkchop":146,"minecraft:pitcher_pod":1,"minecraft:azalea":1,"minecraft:blaze_rod":5,"minecraft:powered_rail":1,"minecraft:wheat":7,"minecraft:lead":1,"minecraft:chainmail_helmet":1,"minecraft:cobbled_deepslate":194,"minecraft:egg":1,"minecraft:wheat_seeds":357,"minecraft:iron_nugget":2,"minecraft:piston":1,"minecraft:stone_pickaxe":6,"minecraft:shield":1,"minecraft:acacia_sapling":2,"minecraft:yellow_wool":9,"minecraft:diamond_pickaxe":1,"minecraft:string":10,"minecraft:golden_boots":1,"minecraft:oak_sign":1,"minecraft:stick":4,"minecraft:bread":143,"minecraft:spider_eye":6,"minecraft:iron_boots":10,"minecraft:oak_door":3,"minecraft:ladder":1,"minecraft:leather_helmet":3,"minecraft:cobblestone":64,"minecraft:blue_dye":1,"minecraft:spruce_planks":5,"minecraft:pumpkin_seeds":3,"minecraft:diamond_axe":1,"minecraft:potion":2,"minecraft:diamond_helmet":2,"minecraft:firework_rocket":340,"minecraft:diamond_boots":5,"minecraft:diamond_chestplate":2,"minecraft:gold_block":17,"minecraft:diamond_leggings":3,"minecraft:splash_potion":1,"minecraft:chainmail_boots":1,"minecraft:granite":2,"minecraft:moss_carpet":1,"minecraft:birch_log":5,"minecraft:wildflowers":28,"minecraft:birch_sapling":15,"minecraft:water_bucket":1,"minecraft:leaf_litter":64,"minecraft:flint":1,"minecraft:diamond_sword":22,"minecraft:iron_sword":10,"minecraft:firework_star":1,"minecraft:oak_trapdoor":1,"minecraft:light_gray_dye":1,"minecraft:honey_block":1},"minecraft:used":{"minecraft:diamond_helmet":2,"minecraft:daylight_detector":2,"minecraft:cactus":139,"minecraft:birch_sign":1,"minecraft:white_banner":1,"minecraft:mud":12,"minecraft:diamond_sword":4389,"minecraft:cherry_planks":135,"minecraft:wheat_seeds":2880,"minecraft:glass":72,"minecraft:polished_blackstone":10,"minecraft:hay_block":4,"minecraft:cherry_boat":12,"minecraft:oak_log":324,"minecraft:spruce_slab":12,"minecraft:diamond_axe":488,"minecraft:poppy":1,"minecraft:snowball":14,"minecraft:armor_stand":9,"minecraft:bow":45,"minecraft:chainmail_helmet":1,"minecraft:iron_leggings":2,"minecraft:cobbled_deepslate":380,"minecraft:polished_diorite":1,"minecraft:quartz_pillar":39,"minecraft:leather_chestplate":14,"minecraft:stone_shovel":3591,"minecraft:fletching_table":2,"minecraft:anvil":2,"minecraft:light_blue_stained_glass":3,"minecraft:written_book":9,"minecraft:sand":44,"minecraft:wind_charge":18,"minecraft:bamboo_stairs":107,"minecraft:pitcher_plant":6,"minecraft:chainmail_boots":1,"minecraft:shears":28,"minecraft:bucket":224,"minecraft:nether_brick_slab":21,"minecraft:porkchop":1,"minecraft:oak_sapling":416,"minecraft:yellow_wool":20,"minecraft:iron_door":1,"minecraft:chainmail_leggings":1,"minecraft:oak_fence":39,"minecraft:oak_trapdoor":137,"minecraft:grass_block":6,"minecraft:nether_bricks":354,"minecraft:string":1,"minecraft:wildflowers":1,"minecraft:cherry_leaves":15,"minecraft:shield":51,"minecraft:birch_slab":5,"minecraft:iron_pickaxe":716,"minecraft:andesite":19,"minecraft:polished_deepslate":2337,"minecraft:bamboo":1,"minecraft:firework_rocket":49,"minecraft:iron_sword":2,"minecraft:oak_boat":11,"minecraft:peony":2,"minecraft:deepslate_bricks":2,"minecraft:cactus_flower":7,"minecraft:cooked_mutton":172,"minecraft:cookie":14,"minecraft:ochre_froglight":49,"minecraft:stone_bricks":2,"minecraft:minecart":3,"minecraft:smooth_stone":1,"minecraft:birch_trapdoor":5,"minecraft:diorite":7,"minecraft:redstone":73,"minecraft:wooden_pickaxe":30,"minecraft:white_stained_glass":5,"minecraft:spruce_door":5,"minecraft:wooden_shovel":241,"minecraft:cobblestone":830,"minecraft:diamond_chestplate":1,"minecraft:cherry_sign":9,"minecraft:stone":3,"minecraft:golden_apple":1,"minecraft:chain":10,"minecraft:crafting_table":19,"minecraft:spruce_sign":17,"minecraft:red_dye":6,"minecraft:iron_chestplate":4,"minecraft:spruce_trapdoor":15,"minecraft:potion":12,"minecraft:air":10,"minecraft:baked_potato":2,"minecraft:chorus_fruit":12,"minecraft:apple":37,"minecraft:scaffolding":242,"minecraft:moss_carpet":1,"minecraft:sniffer_egg":3,"minecraft:stone_hoe":435,"minecraft:black_concrete":5,"minecraft:water_bucket":220,"minecraft:soul_sand":29,"minecraft:deepslate_tile_wall":15,"minecraft:bread":406,"minecraft:torch":403,"minecraft:black_bed":9,"minecraft:gravel":29,"minecraft:nether_brick_stairs":6,"minecraft:cooked_chicken":170,"minecraft:white_wool":1,"minecraft:nether_brick_wall":4,"minecraft:comparator":2,"minecraft:deepslate_tile_stairs":1,"minecraft:sculk_sensor":10,"minecraft:chest":68,"minecraft:cauldron":2,"minecraft:birch_sapling":22,"minecraft:iron_axe":510,"minecraft:leaf_litter":16,"minecraft:repeater":5,"minecraft:stone_slab":3,"minecraft:pitcher_pod":2,"minecraft:glow_berries":11,"minecraft:sticky_piston":1,"minecraft:glass_bottle":32,"minecraft:wooden_axe":237,"minecraft:oak_sign":15,"minecraft:golden_boots":1,"minecraft:lantern":27,"minecraft:cooked_porkchop":236,"minecraft:soul_lantern":16,"minecraft:iron_shovel":125,"minecraft:firefly_bush":1,"minecraft:black_wool":16,"minecraft:smithing_table":2,"minecraft:grindstone":32,"minecraft:nether_wart":24,"minecraft:cherry_slab":27,"minecraft:stone_pickaxe":5638,"minecraft:dandelion":2,"minecraft:oak_door":6,"minecraft:torchflower":1,"minecraft:netherrack":22,"minecraft:lilac":1,"minecraft:spruce_boat":17,"minecraft:yellow_bed":31,"minecraft:dried_ghast":1,"minecraft:fire_charge":1,"minecraft:birch_planks":68,"minecraft:rotten_flesh":18,"minecraft:writable_book":2,"minecraft:bone_meal":2512,"minecraft:item_frame":1,"minecraft:dirt":3187,"minecraft:fishing_rod":19,"minecraft:spruce_planks":45,"minecraft:dark_oak_door":4,"minecraft:leather_boots":3,"minecraft:dispenser":3,"minecraft:rose_bush":1,"minecraft:cooked_cod":1,"minecraft:rail":6,"minecraft:iron_bars":2,"minecraft:polished_basalt":2,"minecraft:lectern":647,"minecraft:spyglass":258,"minecraft:powered_rail":19,"minecraft:splash_potion":14,"minecraft:oak_planks":1269,"minecraft:end_rod":1,"minecraft:sugar_cane":18,"minecraft:dropper":1,"minecraft:trial_key":2,"minecraft:stone_axe":2811,"minecraft:spruce_fence":3,"minecraft:polished_deepslate_wall":71,"minecraft:observer":20,"minecraft:leather_leggings":7,"minecraft:cherry_sapling":3,"minecraft:bookshelf":32,"minecraft:diamond_pickaxe":180,"minecraft:ladder":84,"minecraft:crossbow":207,"minecraft:magma_block":1,"minecraft:blast_furnace":4,"minecraft:tuff":37,"minecraft:stone_sword":324,"minecraft:piston":33,"minecraft:sweet_berries":2338,"minecraft:lava_bucket":1,"minecraft:polished_deepslate_stairs":36,"minecraft:oak_slab":237,"minecraft:brown_mushroom":5,"minecraft:hopper":34,"minecraft:polished_andesite":12,"minecraft:carrot":150,"minecraft:birch_boat":41,"minecraft:oak_fence_gate":17,"minecraft:gold_block":98,"minecraft:diamond_boots":2,"minecraft:cherry_trapdoor":7,"minecraft:cherry_fence":3,"minecraft:furnace":7,"minecraft:lever":40,"minecraft:polished_blackstone_bricks":2,"minecraft:bundle":1,"minecraft:spruce_button":12,"minecraft:composter":13,"minecraft:cherry_log":4,"minecraft:cooked_beef":113,"minecraft:flint_and_steel":1,"minecraft:iron_helmet":1,"minecraft:spruce_sapling":1,"minecraft:egg":8,"minecraft:ender_pearl":11,"minecraft:leather_helmet":2}},"DataVersion":4440}