{"stats":{"minecraft:killed_by":{"minecraft:bogged":1,"minecraft:player":4,"minecraft:creeper":1,"minecraft:zombified_piglin":3,"minecraft:enderman":1,"minecraft:spider":1,"minecraft:warden":1,"minecraft:zombie":4,"minecraft:piglin_brute":1,"minecraft:skeleton":3,"minecraft:witch":2,"minecraft:hoglin":2,"minecraft:piglin":1,"minecraft:slime":1,"minecraft:drowned":4,"minecraft:cave_spider":5},"minecraft:custom":{"minecraft:eat_cake_slice":3,"minecraft:time_since_rest":302651,"minecraft:leave_game":113,"minecraft:boat_one_cm":356233,"minecraft:damage_absorbed":80,"minecraft:time_since_death":302634,"minecraft:interact_with_furnace":292,"minecraft:happy_ghast_one_cm":66914486,"minecraft:total_world_time":8961166,"minecraft:crouch_one_cm":970986,"minecraft:raid_win":1,"minecraft:climb_one_cm":489698,"minecraft:deaths":86,"minecraft:interact_with_stonecutter":110,"minecraft:fish_caught":36,"minecraft:animals_bred":86,"minecraft:minecart_one_cm":860,"minecraft:traded_with_villager":682,"minecraft:damage_blocked_by_shield":31626,"minecraft:interact_with_crafting_table":683,"minecraft:inspect_dropper":52,"minecraft:walk_one_cm":27840104,"minecraft:walk_under_water_one_cm":1526922,"minecraft:horse_one_cm":784875,"minecraft:damage_dealt":608970,"minecraft:play_time":8961166,"minecraft:jump":86919,"minecraft:play_record":7,"minecraft:sprint_one_cm":14974252,"minecraft:fill_cauldron":6,"minecraft:inspect_hopper":313,"minecraft:fly_one_cm":19208809,"minecraft:walk_on_water_one_cm":1293033,"minecraft:interact_with_blast_furnace":92,"minecraft:interact_with_grindstone":32,"minecraft:talked_to_villager":600,"minecraft:damage_taken":72696,"minecraft:mob_kills":7258,"minecraft:open_enderchest":316,"minecraft:interact_with_brewingstand":14,"minecraft:interact_with_smithing_table":9,"minecraft:sleep_in_bed":14,"minecraft:inspect_dispenser":116,"minecraft:swim_one_cm":2148199,"minecraft:player_kills":4,"minecraft:enchant_item":30,"minecraft:interact_with_loom":20,"minecraft:interact_with_campfire":26,"minecraft:play_noteblock":12,"minecraft:interact_with_lectern":22,"minecraft:drop":890,"minecraft:use_cauldron":15,"minecraft:interact_with_cartography_table":5,"minecraft:bell_ring":214815,"minecraft:open_barrel":711,"minecraft:open_chest":5205,"minecraft:interact_with_smoker":111,"minecraft:fall_one_cm":2587168,"minecraft:tune_noteblock":40,"minecraft:interact_with_anvil":48,"minecraft:sneak_time":242408},"minecraft:broken":{"minecraft:stone_shovel":11,"minecraft:iron_helmet":1,"minecraft:iron_chestplate":1,"minecraft:iron_hoe":1,"minecraft:iron_leggings":1,"minecraft:iron_shovel":3,"minecraft:bow":1,"minecraft:stone_axe":3,"minecraft:iron_pickaxe":14,"minecraft:stone_sword":22,"minecraft:stone_pickaxe":24,"minecraft:iron_boots":1,"minecraft:wooden_axe":1,"minecraft:iron_axe":1,"minecraft:stone_hoe":4,"minecraft:wooden_sword":1,"minecraft:wooden_pickaxe":1,"minecraft:iron_sword":1},"minecraft:crafted":{"minecraft:birch_button":1,"minecraft:dripstone_block":3,"minecraft:wooden_sword":1,"minecraft:andesite_wall":12,"minecraft:nether_brick":1,"minecraft:jack_o_lantern":227,"minecraft:diamond_pickaxe":3,"minecraft:bordure_indented_banner_pattern":1,"minecraft:bookshelf":1,"minecraft:blue_carpet":3,"minecraft:bow":12,"minecraft:ender_pearl":2,"minecraft:repeater":11,"minecraft:bucket":4,"minecraft:ladder":108,"minecraft:stone_hoe":7,"minecraft:leather_helmet":4,"minecraft:crafter":1,"minecraft:oak_sign":6,"minecraft:cobblestone_slab":2,"minecraft:spruce_fence":156,"minecraft:oak_trapdoor":14,"minecraft:glow_item_frame":16,"minecraft:bamboo_sign":6,"minecraft:sugar":23,"minecraft:redstone_block":5,"minecraft:comparator":11,"minecraft:iron_boots":1,"minecraft:stonecutter":2,"minecraft:oak_slab":54,"minecraft:golden_carrot":3,"minecraft:armor_stand":2,"minecraft:furnace":13,"minecraft:diamond_helmet":1,"minecraft:resin_bricks":32,"minecraft:candle":64,"minecraft:light_gray_bed":3,"minecraft:diamond_leggings":1,"minecraft:enchanted_book":27,"minecraft:baked_potato":777,"minecraft:deepslate_brick_slab":318,"minecraft:observer":6,"minecraft:iron_axe":1,"minecraft:cobblestone_stairs":32,"minecraft:diamond_boots":1,"minecraft:mud_brick_stairs":2,"minecraft:writable_book":3,"minecraft:stick":8450,"minecraft:smooth_stone_slab":6,"minecraft:ender_chest":2,"minecraft:black_dye":24,"minecraft:cooked_porkchop":92,"minecraft:iron_helmet":2,"minecraft:polished_andesite":4,"minecraft:light_gray_dye":1,"minecraft:bone_meal":1116,"minecraft:snow_block":1179,"minecraft:glass_bottle":123,"minecraft:yellow_carpet":3,"minecraft:blast_furnace":2,"minecraft:loom":1,"minecraft:slime_block":78,"minecraft:resin_brick_slab":64,"minecraft:iron_sword":1,"minecraft:fishing_rod":1,"minecraft:smoker":3,"minecraft:stone_shovel":11,"minecraft:cooked_chicken":3,"minecraft:stone_pickaxe":24,"minecraft:emerald_block":1,"minecraft:wooden_pickaxe":1,"minecraft:fermented_spider_eye":8,"minecraft:diamond_chestplate":1,"minecraft:black_bed":3,"minecraft:spruce_boat":6,"minecraft:white_carpet":3,"minecraft:crafting_table":13,"minecraft:crossbow":1,"minecraft:spruce_planks":6796,"minecraft:iron_leggings":1,"minecraft:stone_sword":53,"minecraft:wooden_axe":1,"minecraft:orange_carpet":15,"minecraft:mace":1,"minecraft:gold_ingot":161,"minecraft:book":27,"minecraft:iron_chestplate":1,"minecraft:crimson_planks":44,"minecraft:resin_brick":192,"minecraft:lever":4,"minecraft:stone_bricks":16,"minecraft:chest":147,"minecraft:iron_block":69,"minecraft:stone_slab":6,"minecraft:mud_brick_slab":26,"minecraft:flint_and_steel":3,"minecraft:item_frame":18,"minecraft:cauldron":4,"minecraft:jukebox":2,"minecraft:dispenser":12,"minecraft:diamond_shovel":1,"minecraft:glass":201,"minecraft:bell":1,"minecraft:iron_hoe":4,"minecraft:brush":1,"minecraft:brewing_stand":2,"minecraft:campfire":7,"minecraft:polished_basalt":3,"minecraft:blue_bed":1,"minecraft:yellow_dye":28,"minecraft:hopper_minecart":2,"minecraft:spruce_door":21,"minecraft:bone_block":1,"minecraft:polished_granite_slab":18,"minecraft:smooth_stone":72,"minecraft:charcoal":669,"minecraft:diamond":9,"minecraft:blue_dye":4,"minecraft:yellow_bed":3,"minecraft:resin_block":21,"minecraft:spruce_sign":3,"minecraft:barrel":20,"minecraft:iron_bars":16,"minecraft:apple":12,"minecraft:polished_granite":12,"minecraft:raw_iron":9,"minecraft:paper":273,"minecraft:pale_oak_button":1,"minecraft:tinted_glass":10,"minecraft:grindstone":3,"minecraft:iron_ingot":805,"minecraft:cartography_table":2,"minecraft:lead":10,"minecraft:scaffolding":600,"minecraft:redstone_lamp":1,"minecraft:tripwire_hook":6,"minecraft:stone":11,"minecraft:blaze_powder":26,"minecraft:beehive":9,"minecraft:shield":3,"minecraft:stone_axe":4,"minecraft:black_concrete_powder":8,"minecraft:bamboo_planks":24,"minecraft:black_wool":2,"minecraft:name_tag":1,"minecraft:spruce_button":11,"minecraft:spruce_fence_gate":288,"minecraft:smithing_table":1,"minecraft:powered_rail":54,"minecraft:ender_eye":2,"minecraft:resin_clump":189,"minecraft:map":17,"minecraft:deepslate_bricks":780,"minecraft:stone_brick_slab":10,"minecraft:minecart":4,"minecraft:pumpkin_seeds":4,"minecraft:diamond_axe":1,"minecraft:cobblestone_wall":38,"minecraft:black_banner":5,"minecraft:orange_wool":1,"minecraft:air":0,"minecraft:red_harness":1,"minecraft:redstone":32,"minecraft:oak_boat":1,"minecraft:deepslate_tile_slab":88,"minecraft:red_dye":9,"minecraft:redstone_torch":61,"minecraft:written_book":2,"minecraft:bamboo_raft":2,"minecraft:oak_planks":936,"minecraft:white_concrete_powder":448,"minecraft:melon_seeds":37,"minecraft:rail":64,"minecraft:skull_banner_pattern":1,"minecraft:shears":48,"minecraft:iron_shovel":3,"minecraft:polished_deepslate":1432,"minecraft:white_dye":85,"minecraft:lantern":64,"minecraft:hopper":45,"minecraft:note_block":3,"minecraft:anvil":3,"minecraft:spruce_slab":444,"minecraft:oak_door":6,"minecraft:oak_fence_gate":19,"minecraft:light_blue_dye":6,"minecraft:tuff_bricks":15,"minecraft:glowstone":2,"minecraft:composter":6,"minecraft:polished_tuff_slab":156,"minecraft:diamond_sword":2,"minecraft:golden_sword":1,"minecraft:bamboo_block":12,"minecraft:emerald":575,"minecraft:mud_bricks":128,"minecraft:spruce_trapdoor":62,"minecraft:orange_dye":16,"minecraft:copper_ingot":180,"minecraft:packed_mud":128,"minecraft:bread":70,"minecraft:deepslate_tile_wall":13,"minecraft:torch":1280,"minecraft:white_bed":1,"minecraft:polished_andesite_slab":6,"minecraft:polished_deepslate_slab":552,"minecraft:dropper":4,"minecraft:orange_harness":1,"minecraft:lectern":1,"minecraft:iron_pickaxe":21},"minecraft:killed":{"minecraft:zombified_piglin":44,"minecraft:stray":919,"minecraft:piglin":22,"minecraft:vindicator":3,"minecraft:bat":1,"minecraft:silverfish":48,"minecraft:zombie":1884,"minecraft:glow_squid":20,"minecraft:zombie_villager":4,"minecraft:chicken":8,"minecraft:squid":14,"minecraft:drowned":434,"minecraft:cow":19,"minecraft:slime":835,"minecraft:pillager":1,"minecraft:skeleton":418,"minecraft:iron_golem":3,"minecraft:witch":3,"minecraft:spider":88,"minecraft:strider":1,"minecraft:bogged":159,"minecraft:husk":6,"minecraft:wither_skeleton":215,"minecraft:cave_spider":1560,"minecraft:creeper":11,"minecraft:hoglin":114,"minecraft:enderman":3,"minecraft:magma_cube":72,"minecraft:ghast":9,"minecraft:breeze":8,"minecraft:blaze":39},"minecraft:picked_up":{"minecraft:cobblestone_wall":1,"minecraft:music_disc_wait":11,"minecraft:sweet_berries":475,"minecraft:smooth_stone_slab":1,"minecraft:cherry_sign":2,"minecraft:cobblestone":6401,"minecraft:shears":2,"minecraft:minecart":49,"minecraft:saddle":8,"minecraft:bee_nest":2,"minecraft:sugar_cane":304,"minecraft:stripped_dark_oak_log":25,"minecraft:hopper_minecart":1,"minecraft:bone":1272,"minecraft:gold_ore":2,"minecraft:acacia_sapling":6,"minecraft:rose_bush":13,"minecraft:diamond_shovel":1,"minecraft:clay_ball":278,"minecraft:stripped_spruce_log":19,"minecraft:iron_bars":5,"minecraft:white_banner":1,"minecraft:blaze_rod":38,"minecraft:emerald":136,"minecraft:chainmail_chestplate":2,"minecraft:pale_oak_sapling":26,"minecraft:deepslate_diamond_ore":17,"minecraft:book":2,"minecraft:ink_sac":32,"minecraft:light_blue_wool":2,"minecraft:crimson_fungus":10,"minecraft:andesite_wall":12,"minecraft:wildflowers":3,"minecraft:shroomlight":54,"minecraft:bow":57,"minecraft:arrow":664,"minecraft:smooth_basalt":100,"minecraft:iron_ingot":95,"minecraft:pale_oak_stairs":1,"minecraft:cactus":11,"minecraft:spruce_slab":38,"minecraft:crossbow":1,"minecraft:heavy_core":1,"minecraft:azalea":2,"minecraft:golden_leggings":5,"minecraft:dandelion":30,"minecraft:pale_oak_fence":5,"minecraft:music_disc_chirp":8,"minecraft:nautilus_shell":18,"minecraft:mutton":4,"minecraft:golden_carrot":14,"minecraft:music_disc_11":2,"minecraft:mud_brick_slab":30,"minecraft:stonecutter":5,"minecraft:crimson_nylium":29,"minecraft:crimson_stem":58,"minecraft:cobblestone_stairs":5,"minecraft:cartography_table":1,"minecraft:oxeye_daisy":2,"minecraft:oak_stairs":2,"minecraft:oak_log":219,"minecraft:sand":700,"minecraft:furnace":6,"minecraft:wheat_seeds":1501,"minecraft:iron_ore":8,"minecraft:oak_door":2,"minecraft:leather_leggings":1,"minecraft:music_disc_13":1,"minecraft:quartz":114,"minecraft:egg":123,"minecraft:diamond_sword":2,"minecraft:warped_wart_block":214,"minecraft:closed_eyeblossom":2,"minecraft:red_mushroom":33,"minecraft:snowball":4892,"minecraft:blast_furnace":1,"minecraft:loom":1,"minecraft:dried_kelp":1,"minecraft:chiseled_tuff_bricks":53,"minecraft:oak_sign":5,"minecraft:chainmail_boots":1,"minecraft:ender_pearl":4,"minecraft:string":374,"minecraft:golden_sword":5,"minecraft:stone_bricks":37,"minecraft:obsidian":26,"minecraft:leather_boots":3,"minecraft:writable_book":1,"minecraft:polished_basalt":23,"minecraft:white_carpet":1,"minecraft:nether_wart_block":19,"minecraft:cornflower":4,"minecraft:comparator":4,"minecraft:warped_fungus":8,"minecraft:ender_chest":3,"minecraft:acacia_trapdoor":23,"minecraft:enchanted_book":2,"minecraft:gray_carpet":2,"minecraft:oak_fence_gate":2,"minecraft:spruce_sapling":289,"minecraft:iron_block":1,"minecraft:spruce_fence_gate":31,"minecraft:tripwire_hook":29,"minecraft:glowstone":6,"minecraft:flowering_azalea":1,"minecraft:white_bed":6,"minecraft:fishing_rod":4,"minecraft:leather":222,"minecraft:honey_bottle":5,"minecraft:lead":50,"minecraft:brown_mushroom":41,"minecraft:mud_bricks":89,"minecraft:sculk_vein":1,"minecraft:ghast_tear":6,"minecraft:music_disc_tears":21,"minecraft:birch_button":1,"minecraft:scaffolding":227,"minecraft:porkchop":210,"minecraft:dropper":15,"minecraft:carved_pumpkin":248,"minecraft:spruce_sign":8,"minecraft:deepslate_lapis_ore":20,"minecraft:music_disc_precipice":21,"minecraft:stick":289,"minecraft:white_concrete":701,"minecraft:redstone_torch":2,"minecraft:bamboo":716,"minecraft:deepslate_redstone_ore":11,"minecraft:player_head":12,"minecraft:moss_block":63,"minecraft:cooked_porkchop":295,"minecraft:iron_axe":1,"minecraft:deepslate":7904,"minecraft:cauldron":4,"minecraft:budding_amethyst":64,"minecraft:item_frame":11,"minecraft:raw_iron":944,"minecraft:music_disc_far":7,"minecraft:mossy_cobblestone":117,"minecraft:black_concrete_powder":2,"minecraft:leather_helmet":16,"minecraft:spruce_door":17,"minecraft:chest":58,"minecraft:lectern":216,"minecraft:yellow_bed":1,"minecraft:diamond_horse_armor":1,"minecraft:netherrack":1374,"minecraft:crimson_planks":19,"minecraft:red_wool":25,"minecraft:pale_oak_slab":5,"minecraft:trident":4,"minecraft:note_block":8,"minecraft:stone":3325,"minecraft:gravel":881,"minecraft:bell":8,"minecraft:tuff":1531,"minecraft:phantom_membrane":2,"minecraft:redstone_block":1,"minecraft:cooked_cod":4,"minecraft:potato":775,"minecraft:shield":1,"minecraft:lapis_lazuli":802,"minecraft:ominous_bottle":4,"minecraft:trial_key":9,"minecraft:black_banner":10,"minecraft:oak_boat":3,"minecraft:cobweb":8,"minecraft:pufferfish":5,"minecraft:cherry_sapling":10,"minecraft:oak_planks":58,"minecraft:raw_copper":303,"minecraft:dispenser":2,"minecraft:purple_bed":2,"minecraft:rotten_flesh":1801,"minecraft:written_book":1,"minecraft:apple":11,"minecraft:calcite":257,"minecraft:jukebox":10,"minecraft:tropical_fish":1,"minecraft:brush":2,"minecraft:poisonous_potato":3,"minecraft:glow_item_frame":51,"minecraft:glass":182,"minecraft:composter":4,"minecraft:music_disc_ward":13,"minecraft:flint":162,"minecraft:polished_deepslate_wall":1,"minecraft:candle":1,"minecraft:warped_roots":99,"minecraft:redstone":465,"minecraft:deepslate_tiles":188,"minecraft:dark_oak_sign":1,"minecraft:redstone_lamp":1,"minecraft:flow_banner_pattern":2,"minecraft:glow_berries":28,"minecraft:lantern":42,"minecraft:melon_slice":32,"minecraft:diamond":246,"minecraft:slime_ball":1307,"minecraft:chipped_anvil":1,"minecraft:granite":563,"minecraft:stone_brick_slab":2,"minecraft:deepslate_iron_ore":28,"minecraft:lily_pad":4,"minecraft:crimson_roots":10,"minecraft:spruce_button":38,"minecraft:deepslate_brick_slab":91,"minecraft:flow_armor_trim_smithing_template":1,"minecraft:nether_wart":17,"minecraft:salmon":14,"minecraft:powered_rail":7,"minecraft:spruce_boat":10,"minecraft:magma_cream":30,"minecraft:bowl":1,"minecraft:observer":30,"minecraft:raw_gold":199,"minecraft:stone_sword":13,"minecraft:emerald_block":3,"minecraft:deepslate_bricks":375,"minecraft:spruce_planks":168,"minecraft:dirt":3184,"minecraft:basalt":230,"minecraft:blue_egg":1,"minecraft:rail":530,"minecraft:pale_oak_door":3,"minecraft:blue_wool":9,"minecraft:golden_boots":3,"minecraft:azure_bluet":1,"minecraft:torch":436,"minecraft:diamond_pickaxe":7,"minecraft:dripstone_block":29,"minecraft:cherry_log":15,"minecraft:cobbled_deepslate_wall":2,"minecraft:bread":26,"minecraft:stripped_birch_log":14,"minecraft:spruce_log":3234,"minecraft:cactus_flower":1,"minecraft:music_disc_strad":8,"minecraft:coal":684,"minecraft:oak_fence":21,"minecraft:music_disc_otherside":11,"minecraft:orange_carpet":1,"minecraft:iron_pickaxe":2,"minecraft:weeping_vines":2,"minecraft:music_disc_mall":13,"minecraft:nether_bricks":50,"minecraft:hopper":46,"minecraft:birch_sapling":10,"minecraft:poppy":18,"minecraft:cooked_beef":19,"minecraft:nether_star":1,"minecraft:white_wool":16,"minecraft:feather":7,"minecraft:jack_o_lantern":21,"minecraft:potion":9,"minecraft:spruce_fence":36,"minecraft:polished_granite":4,"minecraft:warped_nylium":43,"minecraft:light_gray_bed":1,"minecraft:rooted_dirt":2,"minecraft:andesite":429,"minecraft:deepslate_tile_slab":20,"minecraft:raw_iron_block":1,"minecraft:copper_ingot":45,"minecraft:resin_brick_slab":85,"minecraft:music_disc_mellohi":21,"minecraft:amethyst_shard":484,"minecraft:polished_granite_slab":11,"minecraft:filled_map":3,"minecraft:vine":1,"minecraft:coal_ore":29,"minecraft:soul_sand":518,"minecraft:diamond_axe":4,"minecraft:carrot":103,"minecraft:orange_wool":10,"minecraft:polished_deepslate_slab":610,"minecraft:soul_soil":140,"minecraft:breeze_rod":34,"minecraft:black_concrete":13,"minecraft:cracked_polished_blackstone_bricks":2,"minecraft:gold_nugget":81,"minecraft:resin_clump":103,"minecraft:water_bucket":1,"minecraft:cod":24,"minecraft:baked_potato":102,"minecraft:bolt_armor_trim_smithing_template":2,"minecraft:melon_seeds":6,"minecraft:glow_ink_sac":46,"minecraft:golden_apple":2,"minecraft:polished_tuff_slab":33,"minecraft:copper_ore":8,"minecraft:oak_trapdoor":14,"minecraft:black_wool":42,"minecraft:chicken":14,"minecraft:leather_chestplate":2,"minecraft:golden_chestplate":4,"minecraft:cooked_salmon":6,"minecraft:repeater":20,"minecraft:cooked_chicken":1,"minecraft:grindstone":2,"minecraft:kelp":162,"minecraft:cobbled_deepslate":9212,"minecraft:pointed_dripstone":74,"minecraft:glowstone_dust":129,"minecraft:pumpkin_seeds":970,"minecraft:music_disc_lava_chicken":25,"minecraft:jungle_sapling":4,"minecraft:amethyst_block":360,"minecraft:wheat":466,"minecraft:tuff_bricks":2,"minecraft:gunpowder":82,"minecraft:nether_gold_ore":2,"minecraft:spruce_trapdoor":94,"minecraft:blackstone":118,"minecraft:deepslate_tile_wall":124,"minecraft:pale_moss_carpet":1,"minecraft:magma_block":152,"minecraft:lever":16,"minecraft:white_concrete_powder":157,"minecraft:tinted_glass":3,"minecraft:light_gray_wool":10,"minecraft:amethyst_cluster":4,"minecraft:polished_deepslate":1003,"minecraft:leaf_litter":14,"minecraft:pale_oak_planks":12,"minecraft:nether_brick_fence":7,"minecraft:deepslate_gold_ore":17,"minecraft:grass_block":92,"minecraft:birch_log":18,"minecraft:music_disc_creator":8,"minecraft:mud":128,"minecraft:music_disc_stal":11,"minecraft:pumpkin":95,"minecraft:spider_eye":387,"minecraft:bone_meal":24,"minecraft:polished_blackstone_wall":1,"minecraft:tipped_arrow":351,"minecraft:diorite":433,"minecraft:campfire":6,"minecraft:pale_moss_block":1,"minecraft:golden_helmet":1,"minecraft:crafting_table":28,"minecraft:ominous_trial_key":3,"minecraft:oak_sapling":140,"minecraft:warped_stem":64,"minecraft:beef":43,"minecraft:wither_skeleton_skull":21,"minecraft:polished_deepslate_stairs":4,"minecraft:wind_charge":39,"minecraft:cobblestone_slab":21,"minecraft:yellow_wool":15,"minecraft:music_disc_cat":23,"minecraft:glass_bottle":1,"minecraft:crafter":2,"minecraft:oak_slab":55,"minecraft:dried_ghast":21,"minecraft:barrel":25,"minecraft:iron_hoe":1,"minecraft:paper":37,"minecraft:gray_wool":2},"minecraft:mined":{"minecraft:torch":112,"minecraft:note_block":8,"minecraft:lever":13,"minecraft:dispenser":2,"minecraft:oak_fence_gate":2,"minecraft:spruce_log":2999,"minecraft:nether_quartz_ore":64,"minecraft:chest":52,"minecraft:pumpkin":113,"minecraft:netherrack":2430,"minecraft:black_concrete":13,"minecraft:spruce_sapling":5,"minecraft:brown_mushroom":15,"minecraft:spruce_planks":102,"minecraft:polished_granite_slab":3,"minecraft:wither_skeleton_skull":5,"minecraft:birch_log":18,"minecraft:pale_hanging_moss":1,"minecraft:sweet_berry_bush":42,"minecraft:large_fern":45,"minecraft:orange_carpet":1,"minecraft:magma_block":180,"minecraft:beehive":2,"minecraft:redstone_lamp":1,"minecraft:blackstone":86,"minecraft:grindstone":1,"minecraft:deepslate_bricks":386,"minecraft:campfire":6,"minecraft:wall_torch":181,"minecraft:yellow_bed":1,"minecraft:fire":76,"minecraft:ender_chest":3,"minecraft:dripstone_block":29,"minecraft:deepslate_tiles":187,"minecraft:oak_sapling":4,"minecraft:azalea":2,"minecraft:azure_bluet":1,"minecraft:deepslate_brick_slab":86,"minecraft:black_wall_banner":3,"minecraft:spruce_wall_sign":5,"minecraft:dandelion":31,"minecraft:glass":178,"minecraft:tripwire_hook":4,"minecraft:white_concrete_powder":93,"minecraft:lantern":37,"minecraft:kelp":20,"minecraft:oak_wall_sign":2,"minecraft:birch_sapling":1,"minecraft:cherry_leaves":149,"minecraft:scaffolding":129,"minecraft:oak_leaves":398,"minecraft:rooted_dirt":2,"minecraft:resin_brick_slab":85,"minecraft:clay":44,"minecraft:rose_bush":13,"minecraft:deepslate_copper_ore":9,"minecraft:spruce_button":24,"minecraft:crimson_roots":9,"minecraft:jack_o_lantern":21,"minecraft:iron_bars":5,"minecraft:mud_bricks":55,"minecraft:tall_grass":102,"minecraft:deepslate_tile_slab":14,"minecraft:polished_tuff_slab":31,"minecraft:emerald_ore":4,"minecraft:chipped_anvil":1,"minecraft:acacia_trapdoor":24,"minecraft:pale_oak_door":1,"minecraft:crimson_fungus":7,"minecraft:tripwire":18,"minecraft:medium_amethyst_bud":2,"minecraft:soul_fire":11,"minecraft:spruce_door":9,"minecraft:sand":1403,"minecraft:stripped_birch_log":14,"minecraft:seagrass":2,"minecraft:stonecutter":5,"minecraft:gray_carpet":1,"minecraft:lapis_ore":22,"minecraft:mud":64,"minecraft:warped_roots":89,"minecraft:vine":1,"minecraft:carrots":17,"minecraft:lectern":216,"minecraft:weeping_vines":1,"minecraft:short_grass":509,"minecraft:dirt_path":4,"minecraft:crafting_table":28,"minecraft:flowering_azalea":1,"minecraft:deepslate_redstone_ore":67,"minecraft:leaf_litter":4,"minecraft:redstone_wall_torch":1,"minecraft:copper_ore":49,"minecraft:raw_iron_block":1,"minecraft:blast_furnace":1,"minecraft:budding_amethyst":65,"minecraft:resin_clump":690,"minecraft:cauldron":4,"minecraft:cactus":7,"minecraft:yellow_wool":4,"minecraft:stone_bricks":38,"minecraft:dropper":15,"minecraft:bush":5,"minecraft:crimson_stem":58,"minecraft:wheat":476,"minecraft:oak_trapdoor":19,"minecraft:dried_ghast":16,"minecraft:bee_nest":3,"minecraft:soul_sand":752,"minecraft:soul_soil":145,"minecraft:snow_block":1222,"minecraft:barrel":30,"minecraft:mossy_cobblestone":117,"minecraft:nether_wart":8,"minecraft:grass_block":1006,"minecraft:stone_brick_slab":2,"minecraft:tuff_bricks":2,"minecraft:pale_oak_leaves":278,"minecraft:deepslate_tile_wall":113,"minecraft:calcite":276,"minecraft:spruce_slab":32,"minecraft:andesite_wall":12,"minecraft:emerald_block":1,"minecraft:jukebox":11,"minecraft:cherry_sign":1,"minecraft:comparator":3,"minecraft:pale_oak_sapling":2,"minecraft:smooth_basalt":104,"minecraft:amethyst_block":370,"minecraft:weeping_vines_plant":4,"minecraft:stripped_dark_oak_log":25,"minecraft:crafter":2,"minecraft:oxeye_daisy":2,"minecraft:farmland":1,"minecraft:obsidian":27,"minecraft:melon":6,"minecraft:pale_moss_carpet":1,"minecraft:white_concrete":396,"minecraft:stripped_spruce_log":19,"minecraft:nether_wart_block":107,"minecraft:birch_leaves":70,"minecraft:oak_fence":20,"minecraft:smooth_stone_slab":1,"minecraft:repeater":20,"minecraft:moss_block":43,"minecraft:bamboo":104,"minecraft:nether_brick_fence":10,"minecraft:fern":104,"minecraft:kelp_plant":50,"minecraft:deepslate_diamond_ore":125,"minecraft:potatoes":195,"minecraft:warped_stem":65,"minecraft:iron_ore":344,"minecraft:pumpkin_stem":10,"minecraft:nether_sprouts":50,"minecraft:pale_moss_block":1,"minecraft:mud_brick_slab":30,"minecraft:podzol":315,"minecraft:closed_eyeblossom":2,"minecraft:oak_planks":58,"minecraft:cobblestone":932,"minecraft:pale_oak_fence":3,"minecraft:tinted_glass":4,"minecraft:sugar_cane":307,"minecraft:spruce_fence_gate":32,"minecraft:light_gray_bed":1,"minecraft:shroomlight":45,"minecraft:furnace":6,"minecraft:powered_rail":6,"minecraft:black_banner":7,"minecraft:wildflowers":1,"minecraft:cartography_table":1,"minecraft:pointed_dripstone":60,"minecraft:purple_bed":2,"minecraft:tall_seagrass":7,"minecraft:rail":414,"minecraft:dirt":2470,"minecraft:cobblestone_wall":1,"minecraft:wither_skeleton_wall_skull":7,"minecraft:hopper":49,"minecraft:basalt":232,"minecraft:deepslate":17081,"minecraft:snow":135,"minecraft:oak_log":218,"minecraft:oak_door":2,"minecraft:redstone_ore":8,"minecraft:cherry_log":15,"minecraft:warped_wart_block":218,"minecraft:warped_nylium":46,"minecraft:oak_slab":54,"minecraft:small_amethyst_bud":1,"minecraft:gravel":1666,"minecraft:loom":1,"minecraft:cracked_polished_blackstone_bricks":41,"minecraft:melon_stem":2,"minecraft:polished_deepslate_slab":333,"minecraft:gold_ore":16,"minecraft:pale_oak_slab":1,"minecraft:andesite":634,"minecraft:glowstone":6,"minecraft:redstone_block":1,"minecraft:deepslate_gold_ore":109,"minecraft:ice":1,"minecraft:acacia_sapling":2,"minecraft:nether_bricks":61,"minecraft:polished_basalt":23,"minecraft:warped_fungus":8,"minecraft:poppy":8,"minecraft:deepslate_lapis_ore":66,"minecraft:deepslate_iron_ore":212,"minecraft:amethyst_cluster":30,"minecraft:stone":10967,"minecraft:granite":708,"minecraft:cobblestone_stairs":5,"minecraft:spruce_fence":36,"minecraft:coal_ore":239,"minecraft:diorite":509,"minecraft:spruce_trapdoor":94,"minecraft:polished_blackstone_wall":1,"minecraft:white_bed":6,"minecraft:polished_deepslate_stairs":1,"minecraft:cherry_sapling":1,"minecraft:cobbled_deepslate_wall":2,"minecraft:polished_deepslate":843,"minecraft:composter":4,"minecraft:sculk_vein":1,"minecraft:white_carpet":1,"minecraft:candle":1,"minecraft:black_concrete_powder":2,"minecraft:crimson_nylium":42,"minecraft:powder_snow":20,"minecraft:gilded_blackstone":1,"minecraft:polished_blackstone_bricks":48,"minecraft:oak_stairs":2,"minecraft:observer":30,"minecraft:polished_deepslate_wall":1,"minecraft:cobweb":39,"minecraft:spruce_leaves":242,"minecraft:chiseled_tuff_bricks":53,"minecraft:cobbled_deepslate":342,"minecraft:carved_pumpkin":249,"minecraft:tuff":1519,"minecraft:nether_gold_ore":5,"minecraft:pale_oak_planks":6,"minecraft:cobblestone_slab":18,"minecraft:cornflower":4,"minecraft:bell":8,"minecraft:redstone_wire":30,"minecraft:dead_bush":1,"minecraft:crimson_planks":24},"minecraft:dropped":{"minecraft:soul_soil":34,"minecraft:andesite":5,"minecraft:cracked_polished_blackstone_bricks":2,"minecraft:crimson_roots":2,"minecraft:gravel":11,"minecraft:bone":58,"minecraft:poppy":2,"minecraft:cobweb":8,"minecraft:grindstone":1,"minecraft:blackstone":25,"minecraft:spruce_sign":1,"minecraft:pumpkin":3,"minecraft:crossbow":1,"minecraft:filled_map":1,"minecraft:polished_tuff_slab":1,"minecraft:glowstone_dust":1,"minecraft:grass_block":192,"minecraft:tuff":11,"minecraft:scaffolding":12,"minecraft:arrow":565,"minecraft:gunpowder":8,"minecraft:cactus_flower":1,"minecraft:deepslate":36,"minecraft:iron_pickaxe":2,"minecraft:diorite":1,"minecraft:tipped_arrow":366,"minecraft:rotten_flesh":97,"minecraft:torch":4,"minecraft:bow":8,"minecraft:cooked_cod":4,"minecraft:dirt":384,"minecraft:stone":70,"minecraft:golden_chestplate":1,"minecraft:sand":3,"minecraft:chest":2,"minecraft:shears":1,"minecraft:diamond_horse_armor":1,"minecraft:coal":8,"minecraft:spruce_boat":1,"minecraft:potato":481,"minecraft:glass_bottle":3,"minecraft:glow_item_frame":7,"minecraft:raw_iron":10,"minecraft:slime_ball":198,"minecraft:golden_helmet":2,"minecraft:netherrack":93,"minecraft:polished_deepslate_stairs":3,"minecraft:cooked_porkchop":12,"minecraft:music_disc_cat":1,"minecraft:lead":2,"minecraft:basalt":5,"minecraft:cobbled_deepslate":45,"minecraft:music_disc_lava_chicken":1,"minecraft:egg":7,"minecraft:wheat_seeds":5,"minecraft:iron_ingot":3,"minecraft:flint_and_steel":1,"minecraft:deepslate_brick_slab":1,"minecraft:spruce_trapdoor":1,"minecraft:paper":5,"minecraft:shield":1,"minecraft:warped_roots":1,"minecraft:diamond_pickaxe":4,"minecraft:string":344,"minecraft:golden_boots":1,"minecraft:oak_sign":1,"minecraft:stick":8,"minecraft:coal_ore":5,"minecraft:pale_oak_planks":6,"minecraft:cooked_salmon":3,"minecraft:bread":66,"minecraft:spider_eye":13,"minecraft:snowball":2,"minecraft:leather_helmet":12,"minecraft:melon_seeds":5,"minecraft:pointed_dripstone":5,"minecraft:spruce_planks":57,"minecraft:leather_boots":1,"minecraft:diamond_axe":2,"minecraft:red_mushroom":1,"minecraft:dried_ghast":3,"minecraft:iron_hoe":1,"minecraft:granite":26,"minecraft:dripstone_block":3,"minecraft:white_concrete":64,"minecraft:diamond":43,"minecraft:feather":1,"minecraft:golden_sword":2,"minecraft:bone_meal":13,"minecraft:water_bucket":2,"minecraft:leaf_litter":5,"minecraft:chicken":2,"minecraft:beef":7,"minecraft:flint":8,"minecraft:diamond_sword":2,"minecraft:polished_deepslate_slab":5,"minecraft:golden_leggings":2,"minecraft:spruce_door":1,"minecraft:salmon":3,"minecraft:amethyst_shard":192,"minecraft:writable_book":1,"minecraft:cod":4,"minecraft:white_concrete_powder":320,"minecraft:shroomlight":9,"minecraft:magma_cream":1},"minecraft:used":{"minecraft:diamond_helmet":8,"minecraft:kelp":48,"minecraft:cactus":11,"minecraft:cartography_table":3,"minecraft:polished_tuff_slab":141,"minecraft:diamond_sword":7568,"minecraft:campfire":9,"minecraft:wheat_seeds":926,"minecraft:glass":212,"minecraft:bamboo_raft":2,"minecraft:brush":2526,"minecraft:crimson_stem":9,"minecraft:deepslate_tile_slab":427,"minecraft:yellow_carpet":3,"minecraft:coal_ore":6,"minecraft:crafter":3,"minecraft:oak_log":3,"minecraft:spruce_slab":421,"minecraft:stonecutter":7,"minecraft:gray_carpet":2,"minecraft:polished_deepslate_slab":1444,"minecraft:light_gray_bed":4,"minecraft:diamond_axe":4120,"minecraft:white_carpet":4,"minecraft:poppy":11,"minecraft:snowball":40,"minecraft:pale_oak_stairs":1,"minecraft:moss_block":20,"minecraft:hopper_minecart":6,"minecraft:calcite":46,"minecraft:pointed_dripstone":60,"minecraft:armor_stand":2,"minecraft:bow":182,"minecraft:loom":2,"minecraft:cobbled_deepslate":2083,"minecraft:andesite_wall":17,"minecraft:mossy_cobblestone":12,"minecraft:deepslate_brick_slab":408,"minecraft:stone_shovel":1460,"minecraft:anvil":3,"minecraft:spruce_fence_gate":296,"minecraft:melon_seeds":37,"minecraft:goat_horn":16,"minecraft:budding_amethyst":8,"minecraft:written_book":14,"minecraft:cooked_salmon":3,"minecraft:sand":85,"minecraft:redstone_block":4,"minecraft:wind_charge":8,"minecraft:polished_granite_slab":13,"minecraft:shears":271,"minecraft:nether_wart_block":6,"minecraft:bucket":370,"minecraft:warped_nylium":43,"minecraft:blue_carpet":3,"minecraft:oak_sapling":86,"minecraft:yellow_wool":4,"minecraft:smooth_stone_slab":7,"minecraft:oak_fence":21,"minecraft:oak_trapdoor":33,"minecraft:grass_block":128,"minecraft:nether_bricks":47,"minecraft:string":36,"minecraft:emerald_block":2,"minecraft:shield":329,"minecraft:deepslate":6349,"minecraft:iron_pickaxe":4443,"minecraft:andesite":281,"minecraft:polished_deepslate":951,"minecraft:pale_oak_sapling":25,"minecraft:bamboo":47,"minecraft:iron_sword":229,"minecraft:oak_boat":4,"minecraft:golden_carrot":16,"minecraft:stone_brick_slab":22,"minecraft:deepslate_bricks":1577,"minecraft:shroomlight":45,"minecraft:rooted_dirt":2,"minecraft:stone_bricks":108,"minecraft:blue_wool":1,"minecraft:minecart":11,"minecraft:diorite":150,"minecraft:redstone":89,"minecraft:wooden_pickaxe":59,"minecraft:pumpkin_seeds":46,"minecraft:spruce_door":35,"minecraft:diamond_leggings":1,"minecraft:bee_nest":3,"minecraft:pale_oak_planks":2,"minecraft:cobblestone":3265,"minecraft:diamond_chestplate":1,"minecraft:cherry_sign":2,"minecraft:stone":1031,"minecraft:golden_apple":2,"minecraft:axolotl_bucket":5,"minecraft:pale_oak_button":1,"minecraft:crafting_table":36,"minecraft:stripped_birch_log":14,"minecraft:spruce_sign":7,"minecraft:spruce_trapdoor":176,"minecraft:red_mushroom":1,"minecraft:potion":73,"minecraft:tuff_bricks":83,"minecraft:air":64,"minecraft:bone_block":1,"minecraft:glow_item_frame":67,"minecraft:baked_potato":814,"minecraft:apple":13,"minecraft:scaffolding":777,"minecraft:smoker":3,"minecraft:soul_soil":106,"minecraft:stone_hoe":620,"minecraft:black_concrete":13,"minecraft:spruce_log":81,"minecraft:pumpkin":78,"minecraft:water_bucket":338,"minecraft:soul_sand":81,"minecraft:deepslate_tile_wall":538,"minecraft:bread":26,"minecraft:torch":1353,"minecraft:black_bed":3,"minecraft:cobblestone_stairs":49,"minecraft:deepslate_redstone_ore":8,"minecraft:resin_clump":1,"minecraft:gravel":120,"minecraft:chipped_anvil":1,"minecraft:cooked_chicken":5,"minecraft:white_wool":1,"minecraft:redstone_lamp":2,"minecraft:comparator":15,"minecraft:snow_block":175,"minecraft:amethyst_block":199,"minecraft:chest":154,"minecraft:cauldron":8,"minecraft:deepslate_iron_ore":28,"minecraft:birch_sapling":6,"minecraft:iron_axe":219,"minecraft:leaf_litter":8,"minecraft:repeater":21,"minecraft:stone_slab":4,"minecraft:player_head":5,"minecraft:ominous_trial_key":4,"minecraft:iron_block":56,"minecraft:black_banner":13,"minecraft:potato":242,"minecraft:sculk_vein":1,"minecraft:glow_berries":21,"minecraft:glass_bottle":75,"minecraft:wooden_axe":61,"minecraft:oak_sign":10,"minecraft:beehive":9,"minecraft:salmon":1,"minecraft:black_concrete_powder":4,"minecraft:lantern":106,"minecraft:cooked_porkchop":230,"minecraft:granite":233,"minecraft:iron_shovel":750,"minecraft:chiseled_tuff_bricks":378,"minecraft:mud_bricks":132,"minecraft:smithing_table":1,"minecraft:warped_roots":9,"minecraft:tinted_glass":14,"minecraft:grindstone":4,"minecraft:pale_oak_door":3,"minecraft:nether_gold_ore":2,"minecraft:nether_wart":15,"minecraft:blackstone":35,"minecraft:candle":13,"minecraft:jukebox":13,"minecraft:stone_pickaxe":3162,"minecraft:dandelion":2,"minecraft:oak_door":8,"minecraft:netherrack":927,"minecraft:spruce_boat":13,"minecraft:yellow_bed":4,"minecraft:diamond_shovel":6283,"minecraft:dried_ghast":3,"minecraft:deepslate_diamond_ore":17,"minecraft:rotten_flesh":214,"minecraft:writable_book":12,"minecraft:bone_meal":857,"minecraft:item_frame":3,"minecraft:glowstone":7,"minecraft:acacia_sapling":10,"minecraft:blue_egg":1,"minecraft:dirt":2791,"minecraft:honey_bottle":2,"minecraft:fishing_rod":49,"minecraft:obsidian":10,"minecraft:dark_oak_sign":1,"minecraft:stripped_spruce_log":14,"minecraft:salmon_bucket":1,"minecraft:spruce_planks":347,"minecraft:leather_boots":1,"minecraft:dispenser":14,"minecraft:crimson_fungus":4,"minecraft:tropical_fish":1,"minecraft:rose_bush":13,"minecraft:basalt":111,"minecraft:birch_log":7,"minecraft:rail":455,"minecraft:iron_bars":15,"minecraft:pale_oak_fence":5,"minecraft:deepslate_gold_ore":16,"minecraft:polished_basalt":414,"minecraft:nether_brick_fence":7,"minecraft:lectern":217,"minecraft:powered_rail":62,"minecraft:splash_potion":2,"minecraft:orange_carpet":16,"minecraft:deepslate_tiles":383,"minecraft:dripstone_block":29,"minecraft:resin_brick_slab":111,"minecraft:oak_planks":368,"minecraft:sugar_cane":61,"minecraft:dropper":19,"minecraft:iron_ore":1,"minecraft:warped_wart_block":92,"minecraft:trial_key":8,"minecraft:stone_axe":449,"minecraft:spruce_fence":186,"minecraft:polished_deepslate_wall":13,"minecraft:mud_brick_slab":56,"minecraft:mud_brick_stairs":4,"minecraft:observer":36,"minecraft:birch_button":2,"minecraft:milk_bucket":1,"minecraft:cherry_sapling":6,"minecraft:purple_bed":2,"minecraft:closed_eyeblossom":2,"minecraft:diamond_pickaxe":34270,"minecraft:crimson_planks":51,"minecraft:wooden_sword":62,"minecraft:ladder":79,"minecraft:bamboo_sign":6,"minecraft:stripped_dark_oak_log":23,"minecraft:crossbow":155,"minecraft:magma_block":100,"minecraft:blast_furnace":3,"minecraft:cobbled_deepslate_wall":2,"minecraft:azalea":2,"minecraft:tuff":564,"minecraft:brewing_stand":2,"minecraft:jack_o_lantern":248,"minecraft:stone_sword":2926,"minecraft:sweet_berries":851,"minecraft:lava_bucket":21,"minecraft:polished_deepslate_stairs":13,"minecraft:cobblestone_wall":45,"minecraft:pale_oak_slab":5,"minecraft:ominous_bottle":1,"minecraft:oak_slab":108,"minecraft:mace":38,"minecraft:hopper":92,"minecraft:carrot":18,"minecraft:note_block":10,"minecraft:oak_fence_gate":21,"minecraft:white_bed":7,"minecraft:polished_blackstone_wall":1,"minecraft:diamond_boots":3,"minecraft:acacia_trapdoor":28,"minecraft:trident":711,"minecraft:iron_hoe":736,"minecraft:deepslate_lapis_ore":20,"minecraft:wither_skeleton_skull":19,"minecraft:bell":9,"minecraft:smooth_basalt":26,"minecraft:amethyst_cluster":4,"minecraft:white_concrete_powder":221,"minecraft:furnace":14,"minecraft:blue_bed":1,"minecraft:barrel":50,"minecraft:wheat":8,"minecraft:lever":22,"minecraft:white_concrete":588,"minecraft:warped_fungus":6,"minecraft:dried_kelp":1,"minecraft:tripwire_hook":30,"minecraft:cobblestone_slab":21,"minecraft:spruce_button":36,"minecraft:composter":10,"minecraft:oak_stairs":2,"minecraft:crimson_nylium":16,"minecraft:cherry_log":3,"minecraft:cooked_beef":11,"minecraft:ender_chest":5,"minecraft:flint_and_steel":16,"minecraft:redstone_torch":7,"minecraft:carved_pumpkin":21,"minecraft:pale_moss_carpet":1,"minecraft:spruce_sapling":177,"minecraft:polished_andesite_slab":1,"minecraft:egg":134,"minecraft:azure_bluet":1}},"DataVersion":4440}