{"stats":{"minecraft:killed_by":{"minecraft:blaze":1},"minecraft:custom":{"minecraft:talked_to_villager":1465,"minecraft:time_since_rest":331590,"minecraft:leave_game":40,"minecraft:damage_taken":21604,"minecraft:mob_kills":589,"minecraft:boat_one_cm":193170,"minecraft:interact_with_beacon":1,"minecraft:time_since_death":410445,"minecraft:open_enderchest":134,"minecraft:interact_with_brewingstand":1,"minecraft:interact_with_furnace":463,"minecraft:interact_with_smithing_table":10,"minecraft:sleep_in_bed":4,"minecraft:inspect_dispenser":48,"minecraft:happy_ghast_one_cm":145189,"minecraft:swim_one_cm":2032329,"minecraft:total_world_time":1653437,"minecraft:crouch_one_cm":761298,"minecraft:climb_one_cm":37953,"minecraft:deaths":7,"minecraft:interact_with_stonecutter":4,"minecraft:player_kills":1,"minecraft:enchant_item":20,"minecraft:traded_with_villager":4339,"minecraft:interact_with_crafting_table":293,"minecraft:inspect_dropper":1,"minecraft:walk_one_cm":8080666,"minecraft:walk_under_water_one_cm":834077,"minecraft:horse_one_cm":230,"minecraft:interact_with_lectern":10,"minecraft:damage_dealt":102947,"minecraft:play_time":1653437,"minecraft:jump":49017,"minecraft:drop":931,"minecraft:bell_ring":18,"minecraft:open_barrel":124,"minecraft:sprint_one_cm":7778563,"minecraft:open_chest":2662,"minecraft:fill_cauldron":1,"minecraft:inspect_hopper":1,"minecraft:interact_with_smoker":40,"minecraft:fall_one_cm":1964376,"minecraft:fly_one_cm":13499286,"minecraft:interact_with_anvil":36,"minecraft:walk_on_water_one_cm":795917,"minecraft:sneak_time":65866,"minecraft:interact_with_blast_furnace":150,"minecraft:interact_with_grindstone":4},"minecraft:broken":{"minecraft:iron_shovel":1,"minecraft:iron_pickaxe":3,"minecraft:stone_sword":1,"minecraft:stone_pickaxe":3,"minecraft:shears":1,"minecraft:diamond_hoe":1},"minecraft:crafted":{"minecraft:firework_rocket":21,"minecraft:arrow":736,"minecraft:jack_o_lantern":26,"minecraft:gold_ingot":307,"minecraft:book":2,"minecraft:iron_chestplate":1,"minecraft:glass_pane":48,"minecraft:cookie":26,"minecraft:resin_brick":81,"minecraft:clock":1,"minecraft:netherite_sword":1,"minecraft:deepslate_tile_stairs":188,"minecraft:polished_diorite_stairs":12,"minecraft:stone_bricks":132,"minecraft:diamond_pickaxe":3,"minecraft:chest":260,"minecraft:iron_block":313,"minecraft:bookshelf":84,"minecraft:stone_slab":126,"minecraft:dark_oak_wood":3,"minecraft:orange_stained_glass":40,"minecraft:bow":4,"minecraft:ender_pearl":64,"minecraft:acacia_planks":60,"minecraft:bucket":2,"minecraft:flint_and_steel":1,"minecraft:ladder":66,"minecraft:dark_oak_planks":1164,"minecraft:cauldron":2,"minecraft:stone_hoe":8,"minecraft:dispenser":1,"minecraft:diamond_shovel":1,"minecraft:white_stained_glass":16,"minecraft:glass":608,"minecraft:cobblestone_slab":156,"minecraft:spruce_fence":90,"minecraft:suspicious_stew":15,"minecraft:brewing_stand":6,"minecraft:cobbled_deepslate_slab":12,"minecraft:deepslate_tiles":1564,"minecraft:cobbled_deepslate_stairs":40,"minecraft:stone_stairs":64,"minecraft:campfire":41,"minecraft:redstone_block":53,"minecraft:pale_oak_wood":3,"minecraft:firework_star":56,"minecraft:smooth_quartz":32,"minecraft:netherite_upgrade_smithing_template":24,"minecraft:polished_basalt":684,"minecraft:yellow_dye":30,"minecraft:polished_diorite":244,"minecraft:coal_block":10,"minecraft:spruce_door":9,"minecraft:dark_oak_fence_gate":2,"minecraft:iron_boots":9,"minecraft:acacia_trapdoor":20,"minecraft:polished_granite_slab":48,"minecraft:smooth_stone":1433,"minecraft:charcoal":61,"minecraft:cooked_beef":0,"minecraft:golden_carrot":384,"minecraft:fletching_table":3,"minecraft:spruce_sign":18,"minecraft:cherry_planks":4,"minecraft:barrel":32,"minecraft:netherite_axe":1,"minecraft:iron_bars":16,"minecraft:apple":80,"minecraft:polished_granite":64,"minecraft:raw_iron":266,"minecraft:paper":93,"minecraft:furnace":41,"minecraft:iron_ingot":2024,"minecraft:pale_oak_trapdoor":18,"minecraft:diamond_hoe":1,"minecraft:dark_oak_slab":30,"minecraft:diamond_helmet":2,"minecraft:resin_bricks":52,"minecraft:redstone_lamp":10,"minecraft:stone":36,"minecraft:raw_iron_block":31,"minecraft:blaze_powder":18,"minecraft:experience_bottle":13,"minecraft:diamond_leggings":2,"minecraft:enchanted_book":41,"minecraft:baked_potato":204,"minecraft:deepslate_brick_slab":24,"minecraft:spruce_stairs":28,"minecraft:stone_axe":10,"minecraft:pale_oak_stairs":24,"minecraft:observer":4,"minecraft:polished_granite_stairs":4,"minecraft:netherite_pickaxe":1,"minecraft:name_tag":3,"minecraft:iron_axe":8,"minecraft:tipped_arrow":300,"minecraft:spruce_button":1,"minecraft:chainmail_chestplate":8,"minecraft:golden_apple":2,"minecraft:spruce_fence_gate":33,"minecraft:diamond_boots":2,"minecraft:polished_deepslate_wall":180,"minecraft:smithing_table":165,"minecraft:raw_gold_block":24,"minecraft:powered_rail":6,"minecraft:ender_eye":18,"minecraft:white_harness":1,"minecraft:stick":88502,"minecraft:white_stained_glass_pane":16,"minecraft:deepslate_bricks":1836,"minecraft:gray_carpet":3,"minecraft:compass":7,"minecraft:smooth_stone_slab":120,"minecraft:ender_chest":2,"minecraft:minecart":5,"minecraft:diamond_axe":6,"minecraft:lightning_rod":16,"minecraft:polished_andesite":128,"minecraft:air":0,"minecraft:redstone":4,"minecraft:bone_meal":591,"minecraft:oak_boat":1,"minecraft:snow_block":2,"minecraft:deepslate_tile_slab":186,"minecraft:chainmail_boots":12,"minecraft:glass_bottle":162,"minecraft:red_dye":220,"minecraft:blast_furnace":4,"minecraft:quartz_block":32,"minecraft:redstone_torch":38,"minecraft:lapis_lazuli":24,"minecraft:oak_planks":2364,"minecraft:orange_stained_glass_pane":8,"minecraft:rail":32,"minecraft:fishing_rod":1,"minecraft:shears":1,"minecraft:iron_shovel":3,"minecraft:polished_deepslate":5256,"minecraft:smoker":2,"minecraft:white_dye":76,"minecraft:lantern":348,"minecraft:polished_deepslate_stairs":812,"minecraft:birch_planks":32,"minecraft:stone_pickaxe":4,"minecraft:smooth_quartz_stairs":4,"minecraft:anvil":9,"minecraft:netherite_ingot":8,"minecraft:emerald_block":39,"minecraft:spruce_slab":222,"minecraft:glowstone":67,"minecraft:composter":1,"minecraft:polished_tuff_slab":570,"minecraft:diamond_chestplate":2,"minecraft:diamond_sword":1,"minecraft:polished_tuff":284,"minecraft:iron_nugget":495,"minecraft:emerald":3215,"minecraft:netherite_scrap":34,"minecraft:birch_boat":1,"minecraft:pale_oak_planks":144,"minecraft:spruce_trapdoor":372,"minecraft:orange_dye":58,"minecraft:polished_diorite_slab":24,"minecraft:spruce_boat":16,"minecraft:deepslate_brick_stairs":20,"minecraft:copper_ingot":99,"minecraft:bread":21,"minecraft:deepslate_tile_wall":54,"minecraft:crafting_table":16,"minecraft:dried_ghast":1,"minecraft:spruce_pressure_plate":1,"minecraft:torch":412,"minecraft:polished_deepslate_slab":1182,"minecraft:crossbow":14,"minecraft:raw_gold":216,"minecraft:spruce_planks":45576,"minecraft:lectern":5,"minecraft:iron_pickaxe":6,"minecraft:resin_brick_stairs":20,"minecraft:iron_leggings":1},"minecraft:killed":{"minecraft:slime":24,"minecraft:skeleton":51,"minecraft:pig":1,"minecraft:iron_golem":3,"minecraft:witch":1,"minecraft:skeleton_horse":1,"minecraft:piglin":8,"minecraft:bat":8,"minecraft:spider":14,"minecraft:salmon":1,"minecraft:zombie":97,"minecraft:bogged":24,"minecraft:wither_skeleton":128,"minecraft:creeper":31,"minecraft:zombie_villager":1,"minecraft:hoglin":4,"minecraft:sheep":2,"minecraft:enderman":1,"minecraft:squid":1,"minecraft:drowned":88,"minecraft:cow":3,"minecraft:magma_cube":10,"minecraft:ghast":23,"minecraft:blaze":54},"minecraft:picked_up":{"minecraft:cobblestone_wall":1,"minecraft:sweet_berries":5,"minecraft:pale_oak_log":86,"minecraft:smooth_stone_slab":15,"minecraft:cobblestone":1755,"minecraft:minecart":37,"minecraft:sugar_cane":191,"minecraft:stripped_dark_oak_log":9,"minecraft:bone":462,"minecraft:acacia_sapling":6,"minecraft:rose_bush":152,"minecraft:stripped_spruce_log":35,"minecraft:blaze_rod":81,"minecraft:emerald":62,"minecraft:chainmail_chestplate":1,"minecraft:pale_oak_sapling":24,"minecraft:book":99,"minecraft:ink_sac":11,"minecraft:wildflowers":30,"minecraft:shroomlight":26,"minecraft:bow":9,"minecraft:birch_boat":1,"minecraft:arrow":263,"minecraft:smooth_basalt":16,"minecraft:iron_ingot":27,"minecraft:spruce_slab":14,"minecraft:crossbow":11,"minecraft:azalea":2,"minecraft:dandelion":3,"minecraft:nautilus_shell":3,"minecraft:mutton":3,"minecraft:golden_carrot":1,"minecraft:cartography_table":1,"minecraft:oak_log":689,"minecraft:sand":5,"minecraft:furnace":6,"minecraft:wheat_seeds":11,"minecraft:iron_ore":21,"minecraft:quartz":1547,"minecraft:egg":64,"minecraft:iron_leggings":1,"minecraft:red_mushroom":1,"minecraft:snowball":33,"minecraft:blast_furnace":5,"minecraft:beetroot_seeds":2,"minecraft:ender_pearl":1,"minecraft:string":26,"minecraft:golden_sword":2,"minecraft:smithing_table":32,"minecraft:obsidian":21,"minecraft:polished_basalt":107,"minecraft:white_carpet":1,"minecraft:nether_wart_block":2,"minecraft:pale_oak_trapdoor":2,"minecraft:ender_chest":3,"minecraft:dark_oak_slab":4,"minecraft:acacia_trapdoor":1,"minecraft:spruce_sapling":1364,"minecraft:glowstone":72,"minecraft:white_bed":2,"minecraft:bucket":1,"minecraft:leather":12,"minecraft:birch_sign":1,"minecraft:lead":3,"minecraft:stripped_cherry_log":1,"minecraft:ghast_tear":24,"minecraft:music_disc_tears":8,"minecraft:netherite_upgrade_smithing_template":1,"minecraft:porkchop":12,"minecraft:carved_pumpkin":28,"minecraft:spruce_sign":25,"minecraft:stick":1209,"minecraft:redstone_torch":10,"minecraft:iron_axe":2,"minecraft:deepslate":13,"minecraft:cauldron":1,"minecraft:cookie":324,"minecraft:budding_amethyst":44,"minecraft:raw_iron":592,"minecraft:lapis_ore":5,"minecraft:mossy_cobblestone":59,"minecraft:spruce_door":4,"minecraft:chest":32,"minecraft:lectern":171,"minecraft:cobbled_deepslate_slab":14,"minecraft:netherrack":1914,"minecraft:trident":4,"minecraft:stone":5909,"minecraft:gravel":281,"minecraft:bell":1,"minecraft:deepslate_tile_stairs":29,"minecraft:tuff":236,"minecraft:phantom_membrane":5,"minecraft:potato":3971,"minecraft:lapis_lazuli":173,"minecraft:spruce_stairs":1,"minecraft:trial_key":2,"minecraft:oak_boat":10,"minecraft:pufferfish":1,"minecraft:cherry_sapling":36,"minecraft:oak_planks":14,"minecraft:flint_and_steel":1,"minecraft:raw_copper":231,"minecraft:dispenser":4,"minecraft:rotten_flesh":224,"minecraft:written_book":1,"minecraft:ancient_debris":39,"minecraft:apple":27,"minecraft:cracked_stone_bricks":1,"minecraft:poisonous_potato":14,"minecraft:name_tag":1,"minecraft:polished_andesite":9,"minecraft:brewing_stand":4,"minecraft:glass":48,"minecraft:composter":2,"minecraft:flint":37,"minecraft:polished_deepslate_wall":5,"minecraft:suspicious_stew":1,"minecraft:redstone":797,"minecraft:deepslate_tiles":95,"minecraft:firefly_bush":5,"minecraft:lantern":114,"minecraft:diamond":368,"minecraft:slime_ball":17,"minecraft:granite":223,"minecraft:smoker":2,"minecraft:dark_oak_sapling":111,"minecraft:stone_brick_slab":1,"minecraft:crimson_roots":6,"minecraft:spruce_button":3,"minecraft:deepslate_brick_slab":2,"minecraft:salmon":1,"minecraft:powered_rail":19,"minecraft:jungle_sign":1,"minecraft:charcoal":32,"minecraft:spruce_boat":8,"minecraft:magma_cream":6,"minecraft:bowl":1,"minecraft:observer":3,"minecraft:dark_oak_planks":13,"minecraft:raw_gold":318,"minecraft:stone_sword":14,"minecraft:acacia_log":15,"minecraft:deepslate_bricks":45,"minecraft:spruce_planks":370,"minecraft:dirt":422,"minecraft:basalt":1372,"minecraft:rail":465,"minecraft:bone_block":12,"minecraft:iron_shovel":3,"minecraft:azure_bluet":2,"minecraft:torch":104,"minecraft:cherry_log":53,"minecraft:bread":25,"minecraft:stripped_birch_log":6,"minecraft:spruce_log":13119,"minecraft:coal":1129,"minecraft:deepslate_brick_stairs":5,"minecraft:cherry_leaves":97,"minecraft:iron_pickaxe":2,"minecraft:weeping_vines":3,"minecraft:nether_bricks":4,"minecraft:birch_sapling":26,"minecraft:poppy":3,"minecraft:stone_hoe":8,"minecraft:cooked_beef":3,"minecraft:white_wool":4,"minecraft:spruce_fence":7,"minecraft:fletching_table":16,"minecraft:andesite":480,"minecraft:deepslate_tile_slab":33,"minecraft:raw_iron_block":5,"minecraft:copper_ingot":7,"minecraft:ladder":64,"minecraft:amethyst_shard":64,"minecraft:sandstone":1,"minecraft:coal_ore":11,"minecraft:soul_sand":3,"minecraft:diamond_axe":4,"minecraft:carrot":7011,"minecraft:polished_deepslate_slab":55,"minecraft:soul_soil":6,"minecraft:yellow_carpet":2,"minecraft:gold_nugget":846,"minecraft:stone_slab":27,"minecraft:resin_clump":896,"minecraft:stone_pickaxe":2,"minecraft:polished_diorite_stairs":1,"minecraft:cod":1,"minecraft:gold_ingot":1,"minecraft:baked_potato":2,"minecraft:glow_ink_sac":1,"minecraft:oak_leaves":1,"minecraft:polished_tuff_slab":196,"minecraft:copper_ore":32,"minecraft:black_wool":1,"minecraft:golden_chestplate":2,"minecraft:grindstone":1,"minecraft:cobbled_deepslate":6443,"minecraft:glowstone_dust":12,"minecraft:pumpkin_seeds":112,"minecraft:stone_axe":15,"minecraft:amethyst_block":418,"minecraft:wheat":3,"minecraft:damaged_anvil":1,"minecraft:gunpowder":85,"minecraft:spruce_trapdoor":279,"minecraft:blackstone":62,"minecraft:deepslate_tile_wall":2,"minecraft:magma_block":2,"minecraft:smooth_stone":47,"minecraft:amethyst_cluster":5,"minecraft:polished_deepslate":1115,"minecraft:leaf_litter":207,"minecraft:pale_oak_planks":3,"minecraft:diamond_ore":1,"minecraft:nether_brick_fence":4,"minecraft:grass_block":6,"minecraft:birch_log":73,"minecraft:pumpkin":3,"minecraft:spider_eye":25,"minecraft:bone_meal":2,"minecraft:dark_oak_log":721,"minecraft:tipped_arrow":150,"minecraft:diorite":503,"minecraft:campfire":1,"minecraft:orange_stained_glass":3,"minecraft:crafting_table":22,"minecraft:oak_sapling":173,"minecraft:beef":6,"minecraft:resin_brick":172,"minecraft:wither_skeleton_skull":8,"minecraft:polished_deepslate_stairs":165,"minecraft:cobblestone_slab":126,"minecraft:music_disc_cat":1,"minecraft:barrel":5,"minecraft:gray_wool":2},"minecraft:mined":{"minecraft:torch":53,"minecraft:dispenser":4,"minecraft:spruce_log":13161,"minecraft:nether_quartz_ore":682,"minecraft:chest":31,"minecraft:pumpkin":11,"minecraft:netherrack":4479,"minecraft:bone_block":12,"minecraft:amethyst_block":433,"minecraft:weeping_vines_plant":4,"minecraft:stripped_dark_oak_log":9,"minecraft:brown_mushroom":1,"minecraft:spruce_planks":357,"minecraft:birch_log":73,"minecraft:sweet_berry_bush":1,"minecraft:large_fern":10,"minecraft:magma_block":2,"minecraft:obsidian":21,"minecraft:dark_oak_planks":6,"minecraft:redstone_torch":1,"minecraft:sandstone":2,"minecraft:stripped_spruce_log":35,"minecraft:blackstone":75,"minecraft:grindstone":1,"minecraft:nether_wart_block":5,"minecraft:polished_diorite_slab":2,"minecraft:deepslate_bricks":21,"minecraft:birch_leaves":10,"minecraft:smooth_stone_slab":12,"minecraft:dark_oak_sapling":4,"minecraft:campfire":1,"minecraft:nether_brick_fence":5,"minecraft:diamond_ore":1,"minecraft:wall_torch":32,"minecraft:fern":2,"minecraft:fire":81,"minecraft:smithing_table":32,"minecraft:deepslate_diamond_ore":183,"minecraft:potatoes":488,"minecraft:ender_chest":3,"minecraft:pale_oak_trapdoor":1,"minecraft:deepslate_tiles":97,"minecraft:azalea":2,"minecraft:iron_ore":248,"minecraft:acacia_log":15,"minecraft:deepslate_brick_slab":2,"minecraft:dark_oak_log":723,"minecraft:spruce_wall_sign":4,"minecraft:stone_slab":2,"minecraft:dandelion":3,"minecraft:glass":214,"minecraft:oak_planks":1,"minecraft:cobblestone":506,"minecraft:sugar_cane":297,"minecraft:lantern":45,"minecraft:shroomlight":26,"minecraft:cherry_leaves":250,"minecraft:oak_leaves":175,"minecraft:furnace":6,"minecraft:brewing_stand":4,"minecraft:orange_stained_glass":3,"minecraft:spruce_stairs":1,"minecraft:fletching_table":16,"minecraft:powered_rail":13,"minecraft:deepslate_copper_ore":1,"minecraft:spruce_button":1,"minecraft:crimson_roots":2,"minecraft:cracked_stone_bricks":1,"minecraft:wildflowers":1,"minecraft:cartography_table":1,"minecraft:deepslate_tile_slab":30,"minecraft:polished_tuff_slab":2,"minecraft:tall_seagrass":40,"minecraft:rail":446,"minecraft:cobbled_deepslate_slab":9,"minecraft:dirt":394,"minecraft:cobblestone_wall":1,"minecraft:water_cauldron":1,"minecraft:soul_fire":1,"minecraft:basalt":1291,"minecraft:sand":10,"minecraft:stripped_birch_log":6,"minecraft:deepslate":7724,"minecraft:snow":24,"minecraft:seagrass":42,"minecraft:spruce_sign":21,"minecraft:deepslate_tile_stairs":31,"minecraft:oak_log":705,"minecraft:lapis_ore":10,"minecraft:polished_diorite_stairs":1,"minecraft:redstone_ore":16,"minecraft:cherry_log":53,"minecraft:carrots":981,"minecraft:lectern":171,"minecraft:gravel":2989,"minecraft:short_grass":18,"minecraft:red_mushroom":1,"minecraft:crafting_table":23,"minecraft:deepslate_redstone_ore":158,"minecraft:leaf_litter":34,"minecraft:polished_deepslate_slab":51,"minecraft:redstone_wall_torch":1,"minecraft:copper_ore":62,"minecraft:firefly_bush":5,"minecraft:smooth_stone":46,"minecraft:gold_ore":31,"minecraft:andesite":914,"minecraft:stripped_cherry_log":1,"minecraft:glowstone":74,"minecraft:blast_furnace":5,"minecraft:deepslate_gold_ore":115,"minecraft:acacia_sapling":1,"minecraft:budding_amethyst":44,"minecraft:nether_bricks":3,"minecraft:polished_basalt":118,"minecraft:dark_oak_leaves":730,"minecraft:jungle_wall_sign":1,"minecraft:deepslate_lapis_ore":16,"minecraft:deepslate_iron_ore":152,"minecraft:amethyst_cluster":5,"minecraft:stone":9324,"minecraft:deepslate_brick_stairs":5,"minecraft:granite":387,"minecraft:spruce_fence":6,"minecraft:coal_ore":481,"minecraft:diorite":1094,"minecraft:wheat":3,"minecraft:ancient_debris":39,"minecraft:spruce_trapdoor":26,"minecraft:white_bed":2,"minecraft:smoker":2,"minecraft:polished_deepslate_stairs":117,"minecraft:yellow_carpet":2,"minecraft:polished_deepslate":859,"minecraft:composter":2,"minecraft:bookshelf":33,"minecraft:soul_sand":3,"minecraft:crimson_nylium":51,"minecraft:soul_soil":8,"minecraft:glow_lichen":2,"minecraft:powder_snow":8,"minecraft:barrel":6,"minecraft:mossy_cobblestone":59,"minecraft:observer":3,"minecraft:polished_deepslate_wall":5,"minecraft:grass_block":678,"minecraft:stone_brick_slab":1,"minecraft:spruce_leaves":1090,"minecraft:cobbled_deepslate":78,"minecraft:carved_pumpkin":28,"minecraft:tuff":332,"minecraft:pale_oak_log":86,"minecraft:damaged_anvil":1,"minecraft:nether_gold_ore":105,"minecraft:pale_oak_leaves":77,"minecraft:deepslate_tile_wall":2,"minecraft:calcite":9,"minecraft:spruce_slab":2,"minecraft:pale_oak_planks":3,"minecraft:polished_andesite":8,"minecraft:cobblestone_slab":119,"minecraft:bell":1},"minecraft:dropped":{"minecraft:white_dye":4,"minecraft:andesite":50,"minecraft:oak_leaves":1,"minecraft:music_disc_tears":5,"minecraft:stripped_spruce_log":2,"minecraft:magma_block":2,"minecraft:oak_boat":2,"minecraft:crimson_roots":6,"minecraft:gravel":185,"minecraft:bone":36,"minecraft:glass":2,"minecraft:ink_sac":10,"minecraft:poppy":5,"minecraft:bowl":5,"minecraft:cobblestone_slab":15,"minecraft:blackstone":5,"minecraft:spruce_sign":5,"minecraft:polished_deepslate_wall":34,"minecraft:crossbow":25,"minecraft:azure_bluet":2,"minecraft:oak_sapling":29,"minecraft:polished_tuff_slab":78,"minecraft:glowstone_dust":4,"minecraft:name_tag":1,"minecraft:amethyst_block":127,"minecraft:redstone":46,"minecraft:golden_carrot":1,"minecraft:tuff":57,"minecraft:iron_leggings":2,"minecraft:arrow":138,"minecraft:spruce_sapling":144,"minecraft:carrot":6035,"minecraft:redstone_torch":34,"minecraft:spruce_log":1,"minecraft:gunpowder":15,"minecraft:deepslate":8,"minecraft:stone_axe":26,"minecraft:barrel":4,"minecraft:iron_pickaxe":5,"minecraft:baked_potato":3,"minecraft:diorite":149,"minecraft:tipped_arrow":240,"minecraft:rotten_flesh":169,"minecraft:stone_shovel":1,"minecraft:iron_chestplate":1,"minecraft:torch":42,"minecraft:stone_sword":14,"minecraft:birch_planks":20,"minecraft:bow":10,"minecraft:lantern":36,"minecraft:bucket":1,"minecraft:dirt":136,"minecraft:black_wool":1,"minecraft:stone":306,"minecraft:smooth_stone":1,"minecraft:golden_chestplate":2,"minecraft:sand":3,"minecraft:resin_clump":704,"minecraft:chest":1,"minecraft:deepslate_bricks":24,"minecraft:nether_brick_fence":2,"minecraft:emerald":59,"minecraft:rail":14,"minecraft:bookshelf":1,"minecraft:coal":6,"minecraft:spruce_boat":18,"minecraft:potato":3739,"minecraft:apple":34,"minecraft:stone_slab":74,"minecraft:stone_hoe":16,"minecraft:cookie":785,"minecraft:crafting_table":6,"minecraft:polished_deepslate":202,"minecraft:polished_granite_stairs":2,"minecraft:lapis_lazuli":51,"minecraft:netherrack":766,"minecraft:polished_deepslate_stairs":57,"minecraft:mutton":2,"minecraft:iron_axe":10,"minecraft:iron_shovel":5,"minecraft:oak_planks":19,"minecraft:porkchop":12,"minecraft:wheat":3,"minecraft:lead":1,"minecraft:basalt":99,"minecraft:cobbled_deepslate":1293,"minecraft:egg":19,"minecraft:spruce_fence_gate":3,"minecraft:sugar_cane":1,"minecraft:cobbled_deepslate_stairs":40,"minecraft:wheat_seeds":8,"minecraft:iron_ingot":65,"minecraft:flint_and_steel":1,"minecraft:compass":7,"minecraft:iron_nugget":7,"minecraft:spruce_trapdoor":4,"minecraft:stone_pickaxe":4,"minecraft:trident":1,"minecraft:dark_oak_slab":8,"minecraft:acacia_trapdoor":2,"minecraft:rose_bush":2,"minecraft:spruce_slab":12,"minecraft:polished_basalt":9,"minecraft:chainmail_chestplate":9,"minecraft:cherry_planks":4,"minecraft:copper_ingot":5,"minecraft:amethyst_cluster":5,"minecraft:dandelion":1,"minecraft:string":23,"minecraft:stick":379,"minecraft:orange_dye":1,"minecraft:bread":42,"minecraft:spider_eye":21,"minecraft:iron_boots":9,"minecraft:cobblestone":191,"minecraft:copper_ore":1,"minecraft:nautilus_shell":3,"minecraft:nether_wart_block":2,"minecraft:spruce_planks":21,"minecraft:pale_oak_sapling":8,"minecraft:pumpkin_seeds":84,"minecraft:resin_brick":172,"minecraft:diamond_axe":8,"minecraft:red_mushroom":1,"minecraft:weeping_vines":3,"minecraft:quartz":186,"minecraft:chainmail_boots":12,"minecraft:birch_boat":1,"minecraft:granite":25,"minecraft:cobbled_deepslate_slab":1,"minecraft:golden_sword":2,"minecraft:suspicious_stew":12,"minecraft:bone_meal":5,"minecraft:cherry_leaves":16,"minecraft:poisonous_potato":14,"minecraft:birch_sapling":4,"minecraft:jack_o_lantern":11,"minecraft:leaf_litter":166,"minecraft:deepslate_tiles":21,"minecraft:furnace":1,"minecraft:beef":2,"minecraft:flint":19,"minecraft:polished_deepslate_slab":2,"minecraft:pale_oak_wood":2,"minecraft:spruce_door":10,"minecraft:gold_nugget":32,"minecraft:spruce_fence":38,"minecraft:salmon":1,"minecraft:dark_oak_planks":42,"minecraft:pale_oak_trapdoor":2,"minecraft:cod":1,"minecraft:deepslate_tile_slab":2},"minecraft:used":{"minecraft:birch_sapling":3,"minecraft:leaf_litter":1,"minecraft:stone_slab":55,"minecraft:diamond_hoe":1565,"minecraft:spruce_pressure_plate":1,"minecraft:cartography_table":1,"minecraft:pale_oak_wood":1,"minecraft:iron_block":3,"minecraft:netherite_axe":11694,"minecraft:polished_tuff_slab":682,"minecraft:diamond_sword":1144,"minecraft:cobbled_deepslate_slab":17,"minecraft:potato":555,"minecraft:campfire":22,"minecraft:resin_brick_stairs":12,"minecraft:wheat_seeds":3,"minecraft:glass":285,"minecraft:orange_stained_glass_pane":3,"minecraft:polished_diorite_stairs":11,"minecraft:lantern":353,"minecraft:glass_pane":24,"minecraft:netherite_pickaxe":11250,"minecraft:granite":41,"minecraft:iron_shovel":255,"minecraft:deepslate_tile_slab":149,"minecraft:yellow_carpet":2,"minecraft:damaged_anvil":1,"minecraft:cracked_stone_bricks":1,"minecraft:smithing_table":194,"minecraft:spruce_slab":35,"minecraft:gray_carpet":3,"minecraft:polished_deepslate_slab":943,"minecraft:grindstone":1,"minecraft:diamond_axe":5101,"minecraft:smooth_quartz":2,"minecraft:white_carpet":1,"minecraft:blackstone":49,"minecraft:snowball":1,"minecraft:pale_oak_stairs":21,"minecraft:stone_pickaxe":394,"minecraft:bow":90,"minecraft:polished_granite_stairs":2,"minecraft:cobbled_deepslate":408,"minecraft:netherrack":940,"minecraft:spruce_boat":4,"minecraft:suspicious_stew":4,"minecraft:deepslate_brick_slab":6,"minecraft:diamond_shovel":3416,"minecraft:dried_ghast":1,"minecraft:lightning_rod":12,"minecraft:dark_oak_wood":1,"minecraft:pale_oak_trapdoor":18,"minecraft:stone_shovel":119,"minecraft:rotten_flesh":1,"minecraft:bone_meal":367,"minecraft:dark_oak_planks":20,"minecraft:orange_dye":1,"minecraft:fletching_table":18,"minecraft:glowstone":125,"minecraft:anvil":9,"minecraft:white_stained_glass_pane":4,"minecraft:spruce_fence_gate":24,"minecraft:acacia_sapling":3,"minecraft:dirt":293,"minecraft:written_book":1,"minecraft:fishing_rod":37,"minecraft:obsidian":3,"minecraft:stripped_spruce_log":3,"minecraft:dark_oak_sapling":64,"minecraft:redstone_block":1,"minecraft:spruce_planks":396,"minecraft:dispenser":5,"minecraft:rose_bush":3,"minecraft:polished_granite_slab":8,"minecraft:glow_ink_sac":1,"minecraft:basalt":193,"minecraft:birch_log":58,"minecraft:rail":521,"minecraft:iron_bars":8,"minecraft:polished_basalt":744,"minecraft:shears":234,"minecraft:nether_brick_fence":2,"minecraft:lectern":175,"minecraft:dark_oak_fence_gate":2,"minecraft:bucket":143,"minecraft:powered_rail":25,"minecraft:splash_potion":2,"minecraft:deepslate_tiles":1069,"minecraft:oak_planks":3,"minecraft:sugar_cane":2,"minecraft:iron_ore":18,"minecraft:smooth_stone_slab":114,"minecraft:trial_key":2,"minecraft:stone_axe":97,"minecraft:grass_block":6,"minecraft:spruce_fence":44,"minecraft:nether_bricks":4,"minecraft:polished_deepslate_wall":128,"minecraft:wildflowers":2,"minecraft:cherry_leaves":17,"minecraft:emerald_block":39,"minecraft:observer":6,"minecraft:netherite_sword":605,"minecraft:spruce_stairs":26,"minecraft:deepslate":5,"minecraft:iron_pickaxe":750,"minecraft:andesite":89,"minecraft:polished_deepslate":1510,"minecraft:pale_oak_sapling":8,"minecraft:dark_oak_log":392,"minecraft:firework_rocket":5,"minecraft:oak_boat":9,"minecraft:golden_carrot":319,"minecraft:cherry_sapling":4,"minecraft:stone_brick_slab":1,"minecraft:deepslate_bricks":199,"minecraft:bookshelf":74,"minecraft:diamond_pickaxe":20425,"minecraft:shroomlight":26,"minecraft:cookie":7,"minecraft:ladder":64,"minecraft:stone_bricks":100,"minecraft:stripped_dark_oak_log":4,"minecraft:resin_bricks":11,"minecraft:blast_furnace":9,"minecraft:tuff":55,"minecraft:minecart":25,"minecraft:brewing_stand":10,"minecraft:jack_o_lantern":15,"minecraft:stone_sword":101,"minecraft:smooth_stone":957,"minecraft:orange_stained_glass":39,"minecraft:lava_bucket":21,"minecraft:polished_deepslate_stairs":829,"minecraft:cobblestone_wall":1,"minecraft:diorite":30,"minecraft:spruce_door":3,"minecraft:pale_oak_planks":23,"minecraft:cobblestone":958,"minecraft:stone":775,"minecraft:polished_andesite":19,"minecraft:carrot":1087,"minecraft:crafting_table":31,"minecraft:stripped_birch_log":6,"minecraft:spruce_sign":29,"minecraft:birch_boat":1,"minecraft:spruce_trapdoor":405,"minecraft:white_bed":2,"minecraft:bone_block":6,"minecraft:acacia_trapdoor":19,"minecraft:baked_potato":203,"minecraft:trident":572,"minecraft:apple":6,"minecraft:polished_diorite_slab":14,"minecraft:smoker":4,"minecraft:soul_soil":4,"minecraft:spruce_log":1152,"minecraft:water_bucket":121,"minecraft:deepslate_tile_wall":46,"minecraft:netherite_boots":1,"minecraft:bell":1,"minecraft:pale_oak_log":28,"minecraft:furnace":19,"minecraft:bread":1,"minecraft:barrel":31,"minecraft:torch":285,"minecraft:dark_oak_slab":14,"minecraft:cobblestone_slab":247,"minecraft:spruce_button":4,"minecraft:gravel":21,"minecraft:composter":3,"minecraft:stone_stairs":36,"minecraft:deepslate_brick_stairs":21,"minecraft:redstone_lamp":10,"minecraft:cherry_log":16,"minecraft:cooked_beef":3,"minecraft:deepslate_tile_stairs":323,"minecraft:smooth_quartz_stairs":3,"minecraft:ender_chest":5,"minecraft:flint_and_steel":21,"minecraft:redstone_torch":14,"minecraft:amethyst_block":7,"minecraft:chest":269,"minecraft:cauldron":3,"minecraft:spruce_sapling":613,"minecraft:egg":14,"minecraft:sandstone":1,"minecraft:ender_pearl":34}},"DataVersion":4440}