{"stats":{"minecraft:killed_by":{"minecraft:player":5,"minecraft:zombie_villager":1,"minecraft:creeper":2,"minecraft:zombified_piglin":3,"minecraft:enderman":1,"minecraft:creaking":1,"minecraft:spider":1,"minecraft:wither_skeleton":2,"minecraft:zombie":7,"minecraft:skeleton":9,"minecraft:blaze":5,"minecraft:hoglin":1,"minecraft:piglin":2},"minecraft:custom":{"minecraft:eat_cake_slice":28,"minecraft:time_since_rest":67685,"minecraft:leave_game":79,"minecraft:boat_one_cm":473347,"minecraft:time_since_death":67666,"minecraft:interact_with_furnace":729,"minecraft:happy_ghast_one_cm":1449687,"minecraft:total_world_time":3542183,"minecraft:crouch_one_cm":2023174,"minecraft:raid_win":1,"minecraft:climb_one_cm":2205567,"minecraft:deaths":151,"minecraft:interact_with_stonecutter":13,"minecraft:animals_bred":70,"minecraft:minecart_one_cm":31647,"minecraft:traded_with_villager":296,"minecraft:damage_blocked_by_shield":21618,"minecraft:interact_with_crafting_table":1143,"minecraft:walk_one_cm":15243515,"minecraft:walk_under_water_one_cm":1037744,"minecraft:horse_one_cm":1507351,"minecraft:damage_dealt":342321,"minecraft:play_time":3542183,"minecraft:jump":72255,"minecraft:play_record":7,"minecraft:target_hit":5,"minecraft:sprint_one_cm":14255329,"minecraft:inspect_hopper":76,"minecraft:fly_one_cm":14996294,"minecraft:walk_on_water_one_cm":1316352,"minecraft:interact_with_blast_furnace":213,"minecraft:interact_with_grindstone":72,"minecraft:talked_to_villager":229,"minecraft:damage_taken":121141,"minecraft:mob_kills":5148,"minecraft:open_shulker_box":4,"minecraft:interact_with_beacon":20,"minecraft:open_enderchest":219,"minecraft:interact_with_brewingstand":14,"minecraft:interact_with_smithing_table":16,"minecraft:sleep_in_bed":2,"minecraft:inspect_dispenser":29,"minecraft:swim_one_cm":2459437,"minecraft:player_kills":2,"minecraft:enchant_item":79,"minecraft:interact_with_loom":3,"minecraft:interact_with_lectern":6,"minecraft:drop":1453,"minecraft:use_cauldron":33,"minecraft:open_barrel":292,"minecraft:open_chest":5185,"minecraft:interact_with_smoker":53,"minecraft:fall_one_cm":2951122,"minecraft:interact_with_anvil":43,"minecraft:sneak_time":321812},"minecraft:broken":{"minecraft:stone_shovel":21,"minecraft:iron_helmet":1,"minecraft:diamond_shovel":1,"minecraft:wooden_hoe":4,"minecraft:iron_shovel":12,"minecraft:stone_axe":16,"minecraft:iron_pickaxe":3,"minecraft:stone_sword":1,"minecraft:stone_pickaxe":7,"minecraft:iron_boots":1,"minecraft:wooden_axe":1,"minecraft:iron_axe":2,"minecraft:stone_hoe":5},"minecraft:crafted":{"minecraft:chest_minecart":3,"minecraft:muddy_mangrove_roots":1,"minecraft:melon":78,"minecraft:cherry_sign":9,"minecraft:oak_fence":3,"minecraft:diamond_pickaxe":11,"minecraft:bookshelf":18,"minecraft:bow":1,"minecraft:repeater":2,"minecraft:bucket":8,"minecraft:ladder":390,"minecraft:dark_oak_planks":7800,"minecraft:stone_hoe":9,"minecraft:cobblestone_slab":12,"minecraft:mangrove_planks":10238,"minecraft:mangrove_boat":2,"minecraft:suspicious_stew":2,"minecraft:wooden_hoe":6,"minecraft:oak_trapdoor":22,"minecraft:cobbled_deepslate_slab":178,"minecraft:cherry_door":3,"minecraft:sugar":2,"minecraft:redstone_block":7,"minecraft:firework_star":384,"minecraft:netherite_upgrade_smithing_template":14,"minecraft:mangrove_sign":45,"minecraft:cooked_mutton":34,"minecraft:iron_boots":1,"minecraft:white_wool":2,"minecraft:golden_carrot":69,"minecraft:cherry_planks":232,"minecraft:brick":209,"minecraft:cyan_concrete_powder":512,"minecraft:cake":6,"minecraft:furnace":23,"minecraft:dark_oak_slab":1222,"minecraft:diamond_helmet":1,"minecraft:diamond_leggings":2,"minecraft:enchanted_book":16,"minecraft:baked_potato":22,"minecraft:light_blue_carpet":3,"minecraft:observer":313,"minecraft:birch_stairs":116,"minecraft:birch_sign":3,"minecraft:iron_axe":10,"minecraft:piston":331,"minecraft:cobblestone_stairs":196,"minecraft:diamond_boots":1,"minecraft:writable_book":1,"minecraft:stick":3207,"minecraft:compass":60,"minecraft:ender_chest":1,"minecraft:cooked_porkchop":10,"minecraft:iron_helmet":1,"minecraft:dark_oak_button":24,"minecraft:bone_meal":7434,"minecraft:spyglass":3,"minecraft:snow_block":90,"minecraft:glass_bottle":12,"minecraft:mangrove_trapdoor":524,"minecraft:pale_oak_boat":3,"minecraft:slime_block":87,"minecraft:mangrove_slab":1054,"minecraft:stone_shovel":27,"minecraft:cooked_chicken":24,"minecraft:stone_pickaxe":22,"minecraft:mangrove_stairs":360,"minecraft:wooden_pickaxe":1,"minecraft:light_blue_concrete_powder":80,"minecraft:fermented_spider_eye":1,"minecraft:diamond_chestplate":1,"minecraft:crimson_sign":3,"minecraft:iron_nugget":54,"minecraft:netherite_scrap":28,"minecraft:wheat":749,"minecraft:spruce_boat":2,"minecraft:golden_boots":1,"minecraft:white_carpet":6,"minecraft:crafting_table":44,"minecraft:birch_slab":6,"minecraft:saddle":1,"minecraft:crossbow":2,"minecraft:spruce_planks":952,"minecraft:dried_kelp_block":3,"minecraft:iron_leggings":1,"minecraft:iron_trapdoor":2,"minecraft:stone_sword":1,"minecraft:wooden_axe":1,"minecraft:firework_rocket":288,"minecraft:gold_ingot":428,"minecraft:book":32,"minecraft:iron_chestplate":1,"minecraft:crimson_planks":224,"minecraft:glass_pane":32,"minecraft:cookie":144,"minecraft:lever":70,"minecraft:chest":443,"minecraft:iron_block":37,"minecraft:cyan_dye":80,"minecraft:acacia_planks":108,"minecraft:flint_and_steel":1,"minecraft:jungle_planks":144,"minecraft:pale_oak_door":9,"minecraft:item_frame":67,"minecraft:jukebox":2,"minecraft:dispenser":1,"minecraft:diamond_shovel":6,"minecraft:sticky_piston":31,"minecraft:pale_oak_sign":9,"minecraft:glass":549,"minecraft:birch_pressure_plate":1,"minecraft:brewing_stand":1,"minecraft:campfire":28,"minecraft:hopper_minecart":18,"minecraft:green_dye":40,"minecraft:coal_block":19,"minecraft:spruce_door":3,"minecraft:dark_oak_fence_gate":3,"minecraft:bone_block":672,"minecraft:dark_oak_boat":4,"minecraft:smooth_stone":31,"minecraft:charcoal":50,"minecraft:cooked_beef":37,"minecraft:diamond":54,"minecraft:blue_dye":78,"minecraft:spruce_sign":18,"minecraft:raw_iron":9,"minecraft:paper":1291,"minecraft:iron_ingot":2136,"minecraft:pale_oak_trapdoor":4,"minecraft:light_blue_wool":2,"minecraft:lead":8,"minecraft:tripwire_hook":2,"minecraft:stone":518,"minecraft:blaze_powder":126,"minecraft:spruce_stairs":8,"minecraft:shield":4,"minecraft:stone_axe":14,"minecraft:pale_oak_stairs":4,"minecraft:bamboo_planks":16,"minecraft:golden_apple":1,"minecraft:smithing_table":1,"minecraft:powered_rail":198,"minecraft:ender_eye":1,"minecraft:map":59,"minecraft:minecart":21,"minecraft:cherry_slab":102,"minecraft:pumpkin_seeds":44,"minecraft:diamond_axe":11,"minecraft:jungle_slab":126,"minecraft:air":0,"minecraft:redstone":45,"minecraft:oak_boat":2,"minecraft:pumpkin_pie":48,"minecraft:red_dye":449,"minecraft:pale_oak_slab":306,"minecraft:mangrove_fence":81,"minecraft:redstone_torch":76,"minecraft:lapis_lazuli":45,"minecraft:oak_planks":708,"minecraft:white_concrete_powder":1736,"minecraft:coal":171,"minecraft:melon_seeds":44,"minecraft:rail":592,"minecraft:slime_ball":556,"minecraft:shears":5,"minecraft:iron_shovel":14,"minecraft:white_dye":251,"minecraft:lantern":12,"minecraft:birch_planks":1897,"minecraft:hopper":347,"minecraft:anvil":1,"minecraft:mangrove_door":3,"minecraft:netherite_ingot":7,"minecraft:spruce_slab":30,"minecraft:oak_door":3,"minecraft:dark_oak_trapdoor":1170,"minecraft:light_blue_dye":30,"minecraft:composter":5,"minecraft:netherite_boots":1,"minecraft:diamond_sword":2,"minecraft:bamboo_block":8,"minecraft:dark_oak_door":3,"minecraft:emerald":279,"minecraft:light_blue_stained_glass_pane":32,"minecraft:mud_bricks":72,"minecraft:birch_boat":2,"minecraft:pale_oak_planks":1460,"minecraft:spruce_trapdoor":4,"minecraft:gold_block":29,"minecraft:packed_mud":80,"minecraft:brick_stairs":4,"minecraft:bread":712,"minecraft:dark_oak_sign":12,"minecraft:hay_block":81,"minecraft:fire_charge":372,"minecraft:bricks":38,"minecraft:torch":176,"minecraft:white_bed":85,"minecraft:dark_oak_fence":15,"minecraft:lectern":1,"minecraft:iron_pickaxe":8},"minecraft:killed":{"minecraft:zombified_piglin":26,"minecraft:stray":55,"minecraft:pig":14,"minecraft:mooshroom":30,"minecraft:piglin":46,"minecraft:vindicator":4,"minecraft:parrot":1,"minecraft:mule":1,"minecraft:bat":3,"minecraft:silverfish":7,"minecraft:salmon":1,"minecraft:zombie":1105,"minecraft:snow_golem":2,"minecraft:glow_squid":1,"minecraft:zombie_villager":13,"minecraft:chicken":75,"minecraft:squid":1,"minecraft:drowned":19,"minecraft:cow":36,"minecraft:wolf":1,"minecraft:armadillo":1,"minecraft:slime":92,"minecraft:pillager":5,"minecraft:skeleton":825,"minecraft:iron_golem":1,"minecraft:witch":11,"minecraft:frog":5,"minecraft:spider":62,"minecraft:horse":2,"minecraft:bogged":86,"minecraft:wither_skeleton":225,"minecraft:cave_spider":63,"minecraft:creeper":1890,"minecraft:hoglin":19,"minecraft:sheep":57,"minecraft:enderman":9,"minecraft:magma_cube":79,"minecraft:ghast":5,"minecraft:breeze":14,"minecraft:blaze":168},"minecraft:picked_up":{"minecraft:enchanting_table":1,"minecraft:pale_oak_log":3368,"minecraft:cherry_sign":9,"minecraft:cobblestone":2839,"minecraft:minecart":6,"minecraft:brick":4,"minecraft:saddle":1,"minecraft:bee_nest":19,"minecraft:sugar_cane":169,"minecraft:stripped_dark_oak_log":1,"minecraft:hopper_minecart":4,"minecraft:bone":999,"minecraft:cherry_door":13,"minecraft:acacia_sapling":12,"minecraft:rose_bush":17,"minecraft:yellow_harness":1,"minecraft:cooked_mutton":1,"minecraft:clay_ball":248,"minecraft:waxed_copper_grate":6,"minecraft:white_banner":10,"minecraft:blaze_rod":288,"minecraft:emerald":104,"minecraft:chainmail_chestplate":2,"minecraft:pale_oak_sapling":285,"minecraft:mangrove_trapdoor":13,"minecraft:book":14,"minecraft:ink_sac":4,"minecraft:wildflowers":359,"minecraft:shroomlight":1,"minecraft:spectral_arrow":71,"minecraft:bow":30,"minecraft:birch_boat":6,"minecraft:arrow":607,"minecraft:stone_shovel":5,"minecraft:iron_ingot":73,"minecraft:mangrove_door":3,"minecraft:cactus":9,"minecraft:spruce_slab":16,"minecraft:crossbow":6,"minecraft:azalea":4,"minecraft:brick_stairs":1,"minecraft:nautilus_shell":1,"minecraft:mutton":116,"minecraft:golden_carrot":2,"minecraft:crimson_nylium":2,"minecraft:crimson_stem":56,"minecraft:mangrove_leaves":39,"minecraft:oak_log":156,"minecraft:sand":1580,"minecraft:furnace":9,"minecraft:mangrove_boat":1,"minecraft:wheat_seeds":7191,"minecraft:quartz":569,"minecraft:egg":155,"minecraft:diamond_sword":2,"minecraft:warped_wart_block":1,"minecraft:red_mushroom":3,"minecraft:snowball":343,"minecraft:oak_sign":5,"minecraft:beetroot_seeds":1738,"minecraft:ender_pearl":21,"minecraft:string":147,"minecraft:smithing_table":2,"minecraft:obsidian":29,"minecraft:white_carpet":1,"minecraft:nether_wart_block":3,"minecraft:iron_helmet":1,"minecraft:warped_fungus":1,"minecraft:dark_oak_slab":38,"minecraft:enchanted_book":5,"minecraft:spruce_sapling":22,"minecraft:iron_block":10,"minecraft:glowstone":625,"minecraft:mangrove_log":613,"minecraft:flowering_azalea":6,"minecraft:white_bed":7,"minecraft:fishing_rod":1,"minecraft:bucket":2,"minecraft:guster_banner_pattern":1,"minecraft:leather":171,"minecraft:birch_sign":14,"minecraft:slime_block":89,"minecraft:honey_bottle":4,"minecraft:lead":64,"minecraft:brown_mushroom":3,"minecraft:mud_bricks":2,"minecraft:armadillo_scute":3,"minecraft:moss_carpet":306,"minecraft:ghast_tear":1,"minecraft:music_disc_tears":3,"minecraft:peony":3,"minecraft:netherite_upgrade_smithing_template":1,"minecraft:mangrove_slab":77,"minecraft:birch_stairs":7,"minecraft:porkchop":59,"minecraft:carved_pumpkin":38,"minecraft:spruce_sign":14,"minecraft:music_disc_precipice":1,"minecraft:stick":591,"minecraft:white_concrete":1837,"minecraft:redstone_torch":7,"minecraft:dark_oak_fence":3,"minecraft:wooden_sword":1,"minecraft:bamboo":75,"minecraft:turtle_egg":4,"minecraft:player_head":6,"minecraft:moss_block":283,"minecraft:cooked_porkchop":19,"minecraft:iron_axe":4,"minecraft:item_frame":65,"minecraft:raw_iron":1462,"minecraft:diamond_chestplate":1,"minecraft:muddy_mangrove_roots":2,"minecraft:mangrove_fence":2,"minecraft:nether_brick":45,"minecraft:white_dye":88,"minecraft:leather_helmet":1,"minecraft:cherry_boat":1,"minecraft:cherry_planks":27,"minecraft:chest":53,"minecraft:cobbled_deepslate_slab":67,"minecraft:dark_oak_trapdoor":78,"minecraft:netherrack":3728,"minecraft:crimson_planks":2,"minecraft:pale_oak_slab":151,"minecraft:beacon":1,"minecraft:trident":1,"minecraft:stone":56,"minecraft:gravel":1758,"minecraft:jungle_planks":1,"minecraft:tuff":44,"minecraft:potato":6047,"minecraft:shield":3,"minecraft:lapis_lazuli":549,"minecraft:jungle_log":53,"minecraft:stripped_pale_oak_log":42,"minecraft:ominous_bottle":1,"minecraft:trial_key":18,"minecraft:mangrove_sign":35,"minecraft:oak_boat":8,"minecraft:cherry_sapling":30,"minecraft:oak_planks":79,"minecraft:ice":1,"minecraft:flint_and_steel":1,"minecraft:raw_copper":263,"minecraft:rotten_flesh":716,"minecraft:written_book":6,"minecraft:ancient_debris":28,"minecraft:apple":37,"minecraft:calcite":4,"minecraft:iron_nugget":51,"minecraft:jukebox":3,"minecraft:mangrove_stairs":13,"minecraft:poisonous_potato":46,"minecraft:glass":433,"minecraft:composter":2,"minecraft:flint":206,"minecraft:redstone":744,"minecraft:dark_oak_sign":3,"minecraft:glow_berries":3,"minecraft:firefly_bush":23,"minecraft:lantern":6,"minecraft:melon_slice":4,"minecraft:diamond":274,"minecraft:slime_ball":117,"minecraft:granite":105,"minecraft:goat_horn":1,"minecraft:dark_oak_sapling":239,"minecraft:lily_pad":182,"minecraft:crimson_roots":11,"minecraft:spruce_button":2,"minecraft:flow_armor_trim_smithing_template":1,"minecraft:packed_ice":1110,"minecraft:powered_rail":12,"minecraft:charcoal":12,"minecraft:spruce_boat":6,"minecraft:gold_block":3,"minecraft:dark_oak_button":6,"minecraft:magma_cream":40,"minecraft:bowl":1,"minecraft:observer":36,"minecraft:dark_oak_planks":307,"minecraft:enchanted_golden_apple":1,"minecraft:hay_block":24,"minecraft:raw_gold":300,"minecraft:stone_sword":11,"minecraft:acacia_log":22,"minecraft:acacia_planks":14,"minecraft:beetroot":645,"minecraft:crying_obsidian":4,"minecraft:pale_oak_sign":17,"minecraft:spruce_planks":167,"minecraft:dirt":2748,"minecraft:basalt":38,"minecraft:blue_egg":2,"minecraft:rail":637,"minecraft:pale_oak_door":20,"minecraft:iron_shovel":2,"minecraft:torch":129,"minecraft:diamond_pickaxe":8,"minecraft:cherry_log":64,"minecraft:bread":49,"minecraft:iron_boots":1,"minecraft:spruce_log":225,"minecraft:coal":488,"minecraft:oak_fence":5,"minecraft:music_disc_otherside":2,"minecraft:birch_planks":21,"minecraft:splash_potion":1,"minecraft:seagrass":52,"minecraft:anvil":1,"minecraft:nether_bricks":8,"minecraft:hopper":96,"minecraft:birch_sapling":111,"minecraft:poppy":4,"minecraft:stone_hoe":1,"minecraft:light_blue_concrete":5,"minecraft:cooked_beef":6,"minecraft:white_wool":181,"minecraft:feather":77,"minecraft:mangrove_propagule":103,"minecraft:potion":7,"minecraft:spruce_fence":2,"minecraft:warped_nylium":2,"minecraft:andesite":93,"minecraft:lily_of_the_valley":10,"minecraft:mangrove_planks":927,"minecraft:raw_iron_block":1,"minecraft:copper_ingot":2,"minecraft:ladder":177,"minecraft:amethyst_shard":4,"minecraft:filled_map":9,"minecraft:vine":4,"minecraft:crimson_sign":1,"minecraft:soul_sand":16,"minecraft:carrot":4948,"minecraft:mangrove_roots":3251,"minecraft:breeze_rod":54,"minecraft:netherite_boots":1,"minecraft:gold_nugget":556,"minecraft:resin_clump":2,"minecraft:water_bucket":2,"minecraft:stone_pickaxe":2,"minecraft:cod":1,"minecraft:gold_ingot":584,"minecraft:baked_potato":14,"minecraft:bolt_armor_trim_smithing_template":1,"minecraft:melon_seeds":6,"minecraft:glow_ink_sac":3,"minecraft:waxed_oxidized_cut_copper":1,"minecraft:fire_charge":3,"minecraft:black_wool":2,"minecraft:chicken":86,"minecraft:cooked_chicken":6,"minecraft:grindstone":1,"minecraft:kelp":91,"minecraft:jungle_slab":91,"minecraft:cobbled_deepslate":1445,"minecraft:pointed_dripstone":10,"minecraft:glowstone_dust":3,"minecraft:pumpkin_seeds":86,"minecraft:music_disc_lava_chicken":2,"minecraft:wheat":2884,"minecraft:cyan_concrete_powder":1,"minecraft:tuff_bricks":5,"minecraft:map":29,"minecraft:cherry_slab":22,"minecraft:gunpowder":304,"minecraft:pumpkin_pie":4,"minecraft:blackstone":122,"minecraft:pale_moss_carpet":4,"minecraft:magma_block":47,"minecraft:lever":72,"minecraft:white_concrete_powder":75,"minecraft:smooth_stone":23,"minecraft:light_gray_wool":2,"minecraft:leaf_litter":7,"minecraft:pale_oak_planks":40,"minecraft:nether_brick_fence":2,"minecraft:grass_block":7,"minecraft:pale_oak_boat":3,"minecraft:birch_log":883,"minecraft:mud":2111,"minecraft:sticky_piston":16,"minecraft:compass":26,"minecraft:pumpkin":4,"minecraft:diamond_block":1,"minecraft:piston":39,"minecraft:spider_eye":75,"minecraft:bone_meal":6,"minecraft:dark_oak_log":2724,"minecraft:tipped_arrow":67,"minecraft:diorite":130,"minecraft:flower_pot":1,"minecraft:pale_moss_block":1,"minecraft:golden_helmet":2,"minecraft:crafting_table":77,"minecraft:ominous_trial_key":2,"minecraft:decorated_pot":15,"minecraft:oak_sapling":29,"minecraft:warped_stem":344,"minecraft:beef":189,"minecraft:wither_skeleton_skull":12,"minecraft:wind_charge":61,"minecraft:dark_oak_boat":17,"minecraft:music_disc_cat":1,"minecraft:glass_bottle":13,"minecraft:waxed_oxidized_copper":1,"minecraft:dried_ghast":1,"minecraft:barrel":3,"minecraft:cocoa_beans":12,"minecraft:paper":23,"minecraft:gray_wool":1},"minecraft:mined":{"minecraft:torch":54,"minecraft:mangrove_roots":1679,"minecraft:lever":19,"minecraft:birch_stairs":7,"minecraft:light_blue_stained_glass_pane":2,"minecraft:spruce_log":235,"minecraft:nether_quartz_ore":323,"minecraft:chest":44,"minecraft:pumpkin":4,"minecraft:netherrack":11154,"minecraft:waxed_oxidized_cut_copper":3,"minecraft:brown_mushroom":3,"minecraft:spruce_planks":175,"minecraft:birch_log":881,"minecraft:pale_hanging_moss":51,"minecraft:sweet_berry_bush":3,"minecraft:magma_block":55,"minecraft:dark_oak_planks":165,"minecraft:redstone_torch":4,"minecraft:blackstone":103,"minecraft:anvil":1,"minecraft:sticky_piston":16,"minecraft:grindstone":1,"minecraft:jungle_planks":1,"minecraft:pale_oak_sign":6,"minecraft:dark_oak_sapling":1,"minecraft:dark_oak_trapdoor":84,"minecraft:campfire":7,"minecraft:gold_block":3,"minecraft:diamond_ore":1,"minecraft:wall_torch":22,"minecraft:fire":1728,"minecraft:smithing_table":2,"minecraft:mangrove_planks":642,"minecraft:oak_sapling":1,"minecraft:azalea":8,"minecraft:acacia_log":22,"minecraft:dark_oak_log":2792,"minecraft:stripped_pale_oak_log":43,"minecraft:spruce_wall_sign":1,"minecraft:brick_stairs":1,"minecraft:glass":442,"minecraft:white_concrete_powder":15,"minecraft:lantern":5,"minecraft:kelp":1,"minecraft:oak_wall_sign":5,"minecraft:cherry_leaves":20,"minecraft:oak_leaves":94,"minecraft:brown_mushroom_block":1,"minecraft:mangrove_slab":65,"minecraft:clay":86,"minecraft:rose_bush":15,"minecraft:cyan_concrete_powder":1,"minecraft:dark_oak_button":1,"minecraft:crimson_roots":7,"minecraft:muddy_mangrove_roots":3,"minecraft:mud_bricks":1,"minecraft:tall_grass":92,"minecraft:waxed_copper_block":3,"minecraft:emerald_ore":1,"minecraft:lily_pad":128,"minecraft:cobbled_deepslate_slab":57,"minecraft:pale_oak_door":16,"minecraft:crimson_fungus":1,"minecraft:light_blue_concrete":5,"minecraft:medium_amethyst_bud":1,"minecraft:flower_pot":2,"minecraft:soul_fire":2,"minecraft:moss_carpet":28,"minecraft:sand":2247,"minecraft:stripped_birch_log":2,"minecraft:seagrass":43,"minecraft:crimson_wall_sign":1,"minecraft:spruce_sign":10,"minecraft:cocoa":4,"minecraft:lapis_ore":41,"minecraft:mud":1551,"minecraft:warped_roots":2,"minecraft:vine":563,"minecraft:carrots":1601,"minecraft:short_grass":421,"minecraft:red_mushroom":14,"minecraft:mangrove_wall_sign":1,"minecraft:sculk_catalyst":1,"minecraft:acacia_leaves":4,"minecraft:dirt_path":2,"minecraft:crafting_table":77,"minecraft:flowering_azalea":2,"minecraft:deepslate_redstone_ore":174,"minecraft:leaf_litter":17,"minecraft:redstone_wall_torch":3,"minecraft:copper_ore":35,"minecraft:raw_iron_block":1,"minecraft:smooth_stone":22,"minecraft:packed_ice":1149,"minecraft:cave_vines_plant":37,"minecraft:budding_amethyst":3,"minecraft:birch_door":1,"minecraft:cactus":1,"minecraft:iron_block":10,"minecraft:birch_planks":16,"minecraft:frogspawn":1,"minecraft:bush":19,"minecraft:crimson_stem":61,"minecraft:wheat":3396,"minecraft:mangrove_stairs":14,"minecraft:bee_nest":20,"minecraft:cherry_door":9,"minecraft:birch_sign":13,"minecraft:soul_sand":12,"minecraft:jungle_slab":107,"minecraft:enchanting_table":1,"minecraft:barrel":3,"minecraft:grass_block":2023,"minecraft:tuff_bricks":28,"minecraft:white_wool":2,"minecraft:pale_oak_leaves":312,"minecraft:calcite":5,"minecraft:spruce_slab":6,"minecraft:jukebox":3,"minecraft:cherry_sign":5,"minecraft:pale_oak_sapling":1,"minecraft:smooth_basalt":4,"minecraft:mangrove_fence":2,"minecraft:amethyst_block":2,"minecraft:weeping_vines_plant":5,"minecraft:birch_wall_sign":1,"minecraft:stripped_dark_oak_log":1,"minecraft:farmland":26,"minecraft:obsidian":23,"minecraft:waxed_oxidized_copper_grate":2,"minecraft:waxed_oxidized_copper":1,"minecraft:cave_vines":32,"minecraft:sandstone":28,"minecraft:melon":3,"minecraft:pale_moss_carpet":2,"minecraft:white_concrete":1842,"minecraft:piston":42,"minecraft:nether_wart_block":4,"minecraft:turtle_egg":4,"minecraft:birch_leaves":102,"minecraft:oak_fence":5,"minecraft:moss_block":222,"minecraft:bamboo":63,"minecraft:nether_brick_fence":3,"minecraft:decorated_pot":73,"minecraft:fern":22,"minecraft:kelp_plant":10,"minecraft:deepslate_diamond_ore":112,"minecraft:potatoes":1681,"minecraft:warped_stem":369,"minecraft:small_dripleaf":2,"minecraft:mangrove_propagule":15,"minecraft:iron_ore":415,"minecraft:beetroots":757,"minecraft:pale_moss_block":5,"minecraft:lily_of_the_valley":10,"minecraft:oak_planks":61,"minecraft:cobblestone":396,"minecraft:sugar_cane":196,"minecraft:shroomlight":1,"minecraft:mangrove_leaves":1860,"minecraft:red_mushroom_block":3,"minecraft:furnace":15,"minecraft:mangrove_trapdoor":12,"minecraft:powered_rail":19,"minecraft:wildflowers":165,"minecraft:pointed_dripstone":3,"minecraft:tall_seagrass":39,"minecraft:rail":26,"minecraft:dirt":3097,"minecraft:hopper":102,"minecraft:ladder":150,"minecraft:basalt":48,"minecraft:deepslate":1844,"minecraft:cherry_planks":47,"minecraft:snow":281,"minecraft:cherry_slab":21,"minecraft:oak_log":155,"minecraft:redstone_ore":22,"minecraft:cherry_log":64,"minecraft:sculk":25,"minecraft:spawner":2,"minecraft:warped_wart_block":6,"minecraft:warped_nylium":13,"minecraft:gravel":3072,"minecraft:waxed_copper_grate":13,"minecraft:pale_oak_wall_sign":10,"minecraft:melon_stem":1,"minecraft:jungle_log":53,"minecraft:firefly_bush":11,"minecraft:gold_ore":6,"minecraft:pale_oak_slab":306,"minecraft:andesite":152,"minecraft:glowstone":799,"minecraft:dark_oak_slab":38,"minecraft:deepslate_gold_ore":138,"minecraft:ice":2,"minecraft:nether_bricks":72,"minecraft:dark_oak_leaves":236,"minecraft:warped_fungus":1,"minecraft:poppy":2,"minecraft:deepslate_lapis_ore":54,"minecraft:deepslate_iron_ore":352,"minecraft:stone":4746,"minecraft:granite":127,"minecraft:cobblestone_stairs":1,"minecraft:spruce_fence":3,"minecraft:coal_ore":139,"minecraft:diorite":128,"minecraft:suspicious_sand":1,"minecraft:ancient_debris":28,"minecraft:hay_block":14,"minecraft:mangrove_door":2,"minecraft:white_bed":3,"minecraft:dark_oak_sign":1,"minecraft:cherry_sapling":6,"minecraft:mangrove_sign":31,"minecraft:composter":2,"minecraft:sculk_vein":3,"minecraft:bookshelf":2,"minecraft:slime_block":88,"minecraft:white_carpet":4,"minecraft:crimson_nylium":72,"minecraft:cherry_wall_sign":2,"minecraft:glow_lichen":2,"minecraft:dark_oak_fence":3,"minecraft:powder_snow":1,"minecraft:creaking_heart":1,"minecraft:potted_dead_bush":1,"minecraft:observer":40,"minecraft:mangrove_log":560,"minecraft:cobweb":50,"minecraft:peony":4,"minecraft:spruce_leaves":149,"minecraft:chiseled_tuff_bricks":2,"minecraft:cobbled_deepslate":99,"minecraft:carved_pumpkin":21,"minecraft:tuff":87,"minecraft:polished_tuff":1,"minecraft:pale_oak_log":3385,"minecraft:nether_gold_ore":75,"minecraft:pale_oak_planks":41,"minecraft:redstone_wire":95,"minecraft:crimson_planks":3,"minecraft:acacia_planks":14},"minecraft:dropped":{"minecraft:lily_pad":26,"minecraft:mangrove_stairs":3,"minecraft:white_dye":78,"minecraft:andesite":144,"minecraft:magma_block":46,"minecraft:mangrove_fence":23,"minecraft:wooden_sword":1,"minecraft:bone":70,"minecraft:glass":36,"minecraft:poppy":3,"minecraft:breeze_rod":14,"minecraft:blackstone":50,"minecraft:tuff_bricks":1,"minecraft:mangrove_log":1,"minecraft:beetroot":24,"minecraft:spruce_sign":6,"minecraft:raw_gold":1,"minecraft:mangrove_propagule":80,"minecraft:oak_sapling":4,"minecraft:mangrove_door":3,"minecraft:cooked_chicken":2,"minecraft:muddy_mangrove_roots":3,"minecraft:redstone":12,"minecraft:tuff":97,"minecraft:book":2,"minecraft:mud_bricks":1,"minecraft:white_bed":1,"minecraft:spruce_log":1,"minecraft:gunpowder":101,"minecraft:dried_kelp":1,"minecraft:gold_ingot":372,"minecraft:cooked_mutton":1,"minecraft:dark_oak_log":40,"minecraft:baked_potato":228,"minecraft:diorite":78,"minecraft:pale_moss_carpet":4,"minecraft:iron_helmet":2,"minecraft:torch":65,"minecraft:stone_sword":9,"minecraft:mud":124,"minecraft:leather_leggings":2,"minecraft:birch_planks":31,"minecraft:bow":127,"minecraft:lantern":1,"minecraft:bucket":1,"minecraft:black_wool":2,"minecraft:raw_copper":233,"minecraft:stone":61,"minecraft:crimson_planks":12,"minecraft:light_blue_stained_glass_pane":13,"minecraft:sand":111,"minecraft:chest":20,"minecraft:spruce_boat":1,"minecraft:mangrove_trapdoor":1,"minecraft:lever":54,"minecraft:decorated_pot":15,"minecraft:apple":21,"minecraft:bamboo":3,"minecraft:cooked_beef":4,"minecraft:mangrove_sign":16,"minecraft:wooden_pickaxe":1,"minecraft:cactus":3,"minecraft:raw_iron":33,"minecraft:item_frame":1,"minecraft:waxed_copper_grate":6,"minecraft:crafting_table":7,"minecraft:dark_oak_button":1,"minecraft:golden_helmet":5,"minecraft:netherrack":1768,"minecraft:flowering_azalea":2,"minecraft:mutton":5,"minecraft:cooked_porkchop":8,"minecraft:white_banner":5,"minecraft:iron_axe":2,"minecraft:iron_shovel":3,"minecraft:glow_berries":1,"minecraft:packed_ice":71,"minecraft:kelp":6,"minecraft:cobbled_deepslate":441,"minecraft:egg":2,"minecraft:sugar_cane":1,"minecraft:armadillo_scute":3,"minecraft:flint_and_steel":2,"minecraft:flower_pot":1,"minecraft:paper":11,"minecraft:stone_pickaxe":4,"minecraft:shield":4,"minecraft:dark_oak_slab":15,"minecraft:mangrove_planks":236,"minecraft:chainmail_chestplate":2,"minecraft:birch_slab":3,"minecraft:cherry_planks":4,"minecraft:calcite":4,"minecraft:player_head":17,"minecraft:white_carpet":3,"minecraft:string":114,"minecraft:golden_boots":1,"minecraft:seagrass":24,"minecraft:clay_ball":49,"minecraft:bread":389,"minecraft:spider_eye":42,"minecraft:firefly_bush":15,"minecraft:cobblestone":243,"minecraft:spruce_planks":50,"minecraft:leather_boots":2,"minecraft:cobblestone_stairs":7,"minecraft:lily_of_the_valley":10,"minecraft:potion":1,"minecraft:white_wool":7,"minecraft:leather":40,"minecraft:chainmail_boots":1,"minecraft:light_blue_concrete":2,"minecraft:moss_carpet":155,"minecraft:birch_log":6,"minecraft:cobbled_deepslate_slab":98,"minecraft:wildflowers":29,"minecraft:bone_meal":1,"minecraft:beetroot_seeds":1,"minecraft:birch_sapling":30,"minecraft:mangrove_slab":150,"minecraft:furnace":2,"minecraft:pale_oak_log":96,"minecraft:beef":33,"minecraft:snow_block":4,"minecraft:spruce_door":3,"minecraft:fishing_rod":1,"minecraft:dark_oak_planks":96,"minecraft:cake":2,"minecraft:pale_oak_trapdoor":3,"minecraft:gray_wool":1,"minecraft:shroomlight":1,"minecraft:dark_oak_sign":1,"minecraft:music_disc_tears":1,"minecraft:oak_boat":2,"minecraft:mangrove_roots":732,"minecraft:crimson_roots":11,"minecraft:ice":1,"minecraft:spruce_button":2,"minecraft:gravel":32,"minecraft:brick":4,"minecraft:bowl":3,"minecraft:enchanted_book":1,"minecraft:hopper_minecart":1,"minecraft:moss_block":30,"minecraft:nether_bricks":1,"minecraft:crossbow":4,"minecraft:filled_map":1,"minecraft:grass_block":3,"minecraft:birch_sign":3,"minecraft:crimson_nylium":1,"minecraft:arrow":641,"minecraft:spruce_sapling":1,"minecraft:carrot":427,"minecraft:tipped_arrow":16,"minecraft:rotten_flesh":2235,"minecraft:stone_shovel":7,"minecraft:chainmail_leggings":1,"minecraft:iron_chestplate":1,"minecraft:dirt":1422,"minecraft:smooth_stone":2,"minecraft:golden_chestplate":5,"minecraft:oak_fence":6,"minecraft:ender_pearl":3,"minecraft:rail":1,"minecraft:coal":27,"minecraft:potato":464,"minecraft:glass_bottle":9,"minecraft:stone_hoe":5,"minecraft:written_book":2,"minecraft:cherry_door":2,"minecraft:dried_kelp_block":3,"minecraft:vine":4,"minecraft:jungle_planks":1,"minecraft:lapis_lazuli":16,"minecraft:pale_oak_slab":8,"minecraft:slime_block":6,"minecraft:azalea":4,"minecraft:diamond_shovel":1,"minecraft:oak_planks":54,"minecraft:porkchop":14,"minecraft:wheat":28,"minecraft:lead":1,"minecraft:basalt":23,"minecraft:chainmail_helmet":3,"minecraft:wheat_seeds":1020,"minecraft:iron_ingot":53,"minecraft:dark_oak_boat":2,"minecraft:spruce_slab":16,"minecraft:jungle_slab":49,"minecraft:light_gray_wool":2,"minecraft:copper_ingot":2,"minecraft:oak_log":10,"minecraft:dark_oak_sapling":60,"minecraft:diamond_pickaxe":9,"minecraft:hay_block":25,"minecraft:stick":227,"minecraft:pale_oak_planks":8,"minecraft:bamboo_planks":5,"minecraft:waxed_oxidized_cut_copper":1,"minecraft:stripped_dark_oak_log":1,"minecraft:ladder":193,"minecraft:leather_helmet":10,"minecraft:melon_seeds":5,"minecraft:pointed_dripstone":2,"minecraft:wooden_hoe":2,"minecraft:wind_charge":27,"minecraft:red_mushroom":3,"minecraft:diamond_leggings":1,"minecraft:quartz":55,"minecraft:cherry_slab":7,"minecraft:birch_boat":3,"minecraft:granite":36,"minecraft:white_concrete":4,"minecraft:pale_oak_door":3,"minecraft:diamond":60,"minecraft:feather":11,"minecraft:poisonous_potato":25,"minecraft:water_bucket":2,"minecraft:light_blue_carpet":3,"minecraft:leaf_litter":7,"minecraft:chicken":8,"minecraft:mangrove_boat":1,"minecraft:flint":76,"minecraft:diamond_sword":2,"minecraft:golden_leggings":1,"minecraft:gold_nugget":16,"minecraft:turtle_egg":2,"minecraft:wither_skeleton_skull":1,"minecraft:pale_oak_sign":1,"minecraft:magma_cream":6},"minecraft:used":{"minecraft:diamond_helmet":2,"minecraft:kelp":2,"minecraft:birch_sign":15,"minecraft:mud":448,"minecraft:diamond_sword":3046,"minecraft:cobbled_deepslate_slab":305,"minecraft:mangrove_boat":2,"minecraft:cherry_planks":71,"minecraft:campfire":20,"minecraft:wheat_seeds":3590,"minecraft:brick_stairs":5,"minecraft:glass":1344,"minecraft:cherry_boat":1,"minecraft:jungle_log":17,"minecraft:stripped_pale_oak_log":2,"minecraft:oak_log":10,"minecraft:spruce_slab":11,"minecraft:diorite_wall":12,"minecraft:diamond_axe":3171,"minecraft:white_carpet":9,"minecraft:snowball":66,"minecraft:light_blue_concrete_powder":80,"minecraft:pale_oak_stairs":2,"minecraft:jungle_slab":109,"minecraft:moss_block":211,"minecraft:hopper_minecart":5,"minecraft:bow":1,"minecraft:cobbled_deepslate":827,"minecraft:cod":1,"minecraft:pale_oak_trapdoor":1,"minecraft:stone_shovel":3237,"minecraft:anvil":2,"minecraft:melon_seeds":19,"minecraft:mutton":18,"minecraft:goat_horn":46,"minecraft:written_book":12,"minecraft:sand":89,"minecraft:redstone_block":2,"minecraft:wind_charge":16,"minecraft:chest_minecart":3,"minecraft:glow_ink_sac":5,"minecraft:shears":220,"minecraft:mangrove_planks":5069,"minecraft:nether_wart_block":3,"minecraft:dark_oak_fence_gate":3,"minecraft:bucket":683,"minecraft:light_blue_concrete":3,"minecraft:cocoa_beans":12,"minecraft:warped_nylium":2,"minecraft:porkchop":15,"minecraft:oak_sapling":24,"minecraft:oak_fence":2,"minecraft:oak_trapdoor":22,"minecraft:grass_block":4,"minecraft:wildflowers":292,"minecraft:shield":211,"minecraft:birch_slab":3,"minecraft:iron_pickaxe":753,"minecraft:andesite":12,"minecraft:pale_oak_sapling":101,"minecraft:dark_oak_log":2,"minecraft:firework_rocket":136,"minecraft:oak_boat":8,"minecraft:golden_carrot":70,"minecraft:acacia_log":2,"minecraft:peony":8,"minecraft:cooked_mutton":34,"minecraft:cookie":143,"minecraft:minecart":2,"minecraft:packed_ice":21,"minecraft:smooth_stone":26,"minecraft:diorite":17,"minecraft:redstone":406,"minecraft:pale_oak_boat":6,"minecraft:wooden_pickaxe":5,"minecraft:tropical_fish_bucket":4,"minecraft:pumpkin_seeds":17,"minecraft:diamond_leggings":5,"minecraft:bee_nest":18,"minecraft:pale_oak_planks":485,"minecraft:cobblestone":1305,"minecraft:diamond_chestplate":2,"minecraft:cherry_sign":14,"minecraft:stone":306,"minecraft:light_blue_stained_glass_pane":19,"minecraft:crafting_table":105,"minecraft:spruce_sign":17,"minecraft:red_dye":1,"minecraft:spruce_trapdoor":3,"minecraft:potion":19,"minecraft:tuff_bricks":1,"minecraft:baked_potato":365,"minecraft:apple":19,"minecraft:moss_carpet":12,"minecraft:melon_slice":3,"minecraft:stone_hoe":847,"minecraft:spruce_log":5,"minecraft:pumpkin":20,"minecraft:water_bucket":607,"minecraft:soul_sand":4,"minecraft:netherite_boots":3,"minecraft:golden_helmet":3,"minecraft:cherry_door":14,"minecraft:bread":437,"minecraft:torch":166,"minecraft:pale_moss_block":1,"minecraft:chicken":1,"minecraft:cobblestone_stairs":125,"minecraft:gravel":44,"minecraft:cake":2,"minecraft:beacon":1,"minecraft:cooked_chicken":37,"minecraft:white_wool":2,"minecraft:snow_block":80,"minecraft:dark_oak_trapdoor":1112,"minecraft:dark_oak_boat":19,"minecraft:chest":119,"minecraft:enchanting_table":1,"minecraft:beef":27,"minecraft:birch_sapling":81,"minecraft:iron_axe":393,"minecraft:player_head":1,"minecraft:ominous_trial_key":2,"minecraft:iron_block":10,"minecraft:netherite_axe":9038,"minecraft:potato":2186,"minecraft:mangrove_slab":947,"minecraft:sticky_piston":16,"minecraft:glass_bottle":16,"minecraft:wooden_axe":59,"minecraft:jungle_planks":28,"minecraft:oak_sign":4,"minecraft:lantern":11,"minecraft:netherite_pickaxe":5846,"minecraft:cooked_porkchop":15,"minecraft:granite":70,"minecraft:dark_oak_button":36,"minecraft:iron_shovel":3190,"minecraft:bricks":34,"minecraft:pale_oak_sign":19,"minecraft:firefly_bush":3,"minecraft:crimson_sign":3,"minecraft:mud_bricks":43,"minecraft:smithing_table":3,"minecraft:grindstone":1,"minecraft:pale_oak_door":19,"minecraft:cherry_slab":106,"minecraft:blackstone":14,"minecraft:pumpkin_pie":1,"minecraft:beetroot_seeds":1058,"minecraft:jukebox":5,"minecraft:stone_pickaxe":1073,"minecraft:oak_door":1,"minecraft:mangrove_roots":121,"minecraft:acacia_planks":82,"minecraft:netherrack":3148,"minecraft:spruce_boat":5,"minecraft:suspicious_stew":2,"minecraft:diamond_shovel":4802,"minecraft:dried_ghast":1,"minecraft:cyan_concrete_powder":1,"minecraft:birch_planks":221,"minecraft:rotten_flesh":31,"minecraft:writable_book":19,"minecraft:bone_meal":501,"minecraft:item_frame":116,"minecraft:dark_oak_planks":2561,"minecraft:acacia_sapling":12,"minecraft:blue_egg":3,"minecraft:dirt":2434,"minecraft:honey_bottle":12,"minecraft:fishing_rod":14,"minecraft:obsidian":20,"minecraft:dark_oak_sign":11,"minecraft:salmon_bucket":10,"minecraft:tadpole_bucket":12,"minecraft:dark_oak_sapling":47,"minecraft:spruce_planks":621,"minecraft:dark_oak_door":1,"minecraft:dispenser":1,"minecraft:rose_bush":1,"minecraft:basalt":15,"minecraft:birch_log":82,"minecraft:rail":125,"minecraft:lectern":1,"minecraft:spyglass":626,"minecraft:powered_rail":96,"minecraft:splash_potion":1,"minecraft:oak_planks":473,"minecraft:sugar_cane":276,"minecraft:warped_wart_block":1,"minecraft:trial_key":13,"minecraft:stone_axe":1829,"minecraft:spruce_fence":2,"minecraft:observer":314,"minecraft:netherite_sword":2457,"minecraft:warped_stem":18,"minecraft:spruce_stairs":8,"minecraft:mangrove_sign":51,"minecraft:milk_bucket":2,"minecraft:cherry_sapling":17,"minecraft:mangrove_trapdoor":512,"minecraft:bookshelf":17,"minecraft:diamond_pickaxe":18636,"minecraft:crimson_planks":194,"minecraft:nether_brick":38,"minecraft:ladder":357,"minecraft:beetroot":19,"minecraft:crossbow":19,"minecraft:dark_oak_fence":16,"minecraft:magma_block":9,"minecraft:tuff":11,"minecraft:brewing_stand":1,"minecraft:stone_sword":157,"minecraft:piston":321,"minecraft:lava_bucket":9,"minecraft:mangrove_log":22,"minecraft:pale_oak_slab":323,"minecraft:ominous_bottle":1,"minecraft:hopper":434,"minecraft:mangrove_door":3,"minecraft:carrot":2220,"minecraft:birch_boat":5,"minecraft:netherite_chestplate":4,"minecraft:white_bed":91,"minecraft:gold_block":50,"minecraft:diamond_boots":2,"minecraft:netherite_helmet":1,"minecraft:trident":12,"minecraft:birch_stairs":123,"minecraft:blue_dye":1,"minecraft:white_dye":3,"minecraft:slime_block":108,"minecraft:turtle_egg":2,"minecraft:netherite_leggings":3,"minecraft:pale_oak_log":46,"minecraft:white_concrete_powder":1811,"minecraft:furnace":36,"minecraft:barrel":3,"minecraft:iron_boots":1,"minecraft:wheat":9,"minecraft:wooden_hoe":343,"minecraft:lever":39,"minecraft:dark_oak_slab":1183,"minecraft:white_concrete":428,"minecraft:mangrove_stairs":286,"minecraft:dried_kelp":51,"minecraft:cyan_dye":2,"minecraft:cobblestone_slab":12,"minecraft:composter":6,"minecraft:crimson_nylium":1,"minecraft:cherry_log":6,"minecraft:cooked_beef":51,"minecraft:ender_chest":1,"minecraft:flint_and_steel":60,"minecraft:redstone_torch":7,"minecraft:mangrove_fence":60,"minecraft:iron_helmet":3,"minecraft:mangrove_propagule":1,"minecraft:carved_pumpkin":38,"minecraft:birch_pressure_plate":1,"minecraft:spruce_sapling":20,"minecraft:egg":173,"minecraft:azure_bluet":4,"minecraft:ender_pearl":16}},"DataVersion":4440}