{"stats":{"minecraft:dropped":{"minecraft:diamond_shovel":1,"minecraft:andesite":34,"minecraft:sweet_berries":5,"minecraft:wheat":18,"minecraft:lead":1,"minecraft:netherite_helmet":1,"minecraft:gravel":38,"minecraft:cobbled_deepslate":629,"minecraft:netherite_chestplate":1,"minecraft:egg":11,"minecraft:sugar_cane":114,"minecraft:wheat_seeds":4,"minecraft:paper":1,"minecraft:spruce_sign":1,"minecraft:composter":1,"minecraft:moss_block":1,"minecraft:spruce_slab":2,"minecraft:oak_sapling":1,"minecraft:filled_map":1,"minecraft:cooked_chicken":1,"minecraft:light_gray_wool":2,"minecraft:player_head":3,"minecraft:copper_ingot":20,"minecraft:diamond_pickaxe":2,"minecraft:tuff":144,"minecraft:book":43,"minecraft:dandelion":14,"minecraft:string":1,"minecraft:netherite_leggings":1,"minecraft:oak_sign":1,"minecraft:stick":121,"minecraft:oak_slab":6,"minecraft:spruce_sapling":10,"minecraft:arrow":9,"minecraft:spider_eye":1,"minecraft:netherite_boots":1,"minecraft:stone_axe":3,"minecraft:barrel":1,"minecraft:cooked_mutton":14,"minecraft:oak_door":1,"minecraft:baked_potato":201,"minecraft:diorite":31,"minecraft:rotten_flesh":152,"minecraft:stone_shovel":1,"minecraft:cobblestone":83,"minecraft:stone_sword":5,"minecraft:torch":12,"minecraft:leather_boots":1,"minecraft:bow":1,"minecraft:diamond_axe":2,"minecraft:bucket":1,"minecraft:white_wool":9,"minecraft:dirt":259,"minecraft:black_wool":60,"minecraft:leather":24,"minecraft:raw_copper":3,"minecraft:stone":3,"minecraft:granite":6,"minecraft:shears":1,"minecraft:feather":63,"minecraft:coal":6,"minecraft:spruce_boat":1,"minecraft:glass_bottle":1,"minecraft:bone_meal":25,"minecraft:poisonous_potato":8,"minecraft:birch_sapling":8,"minecraft:brown_mushroom":1,"minecraft:apple":1,"minecraft:water_bucket":1,"minecraft:cooked_beef":48,"minecraft:stone_hoe":1,"minecraft:leaf_litter":1,"minecraft:oak_stairs":12,"minecraft:lapis_lazuli":198,"minecraft:writable_book":1,"minecraft:netherrack":3,"minecraft:gray_wool":26},"minecraft:custom":{"minecraft:time_since_rest":170531,"minecraft:talked_to_villager":2,"minecraft:leave_game":36,"minecraft:damage_taken":21437,"minecraft:mob_kills":1088,"minecraft:boat_one_cm":5555,"minecraft:time_since_death":170491,"minecraft:open_enderchest":8,"minecraft:interact_with_brewingstand":1,"minecraft:interact_with_furnace":821,"minecraft:sleep_in_bed":27,"minecraft:happy_ghast_one_cm":65016,"minecraft:swim_one_cm":330310,"minecraft:total_world_time":2159749,"minecraft:pot_flower":2,"minecraft:crouch_one_cm":286466,"minecraft:climb_one_cm":66726,"minecraft:deaths":30,"minecraft:interact_with_stonecutter":1,"minecraft:player_kills":1,"minecraft:enchant_item":9,"minecraft:damage_dealt_resisted":29,"minecraft:animals_bred":899,"minecraft:damage_blocked_by_shield":13812,"minecraft:interact_with_crafting_table":482,"minecraft:walk_one_cm":12274485,"minecraft:walk_under_water_one_cm":480811,"minecraft:horse_one_cm":1176,"minecraft:interact_with_lectern":45,"minecraft:damage_dealt":98518,"minecraft:play_time":2159749,"minecraft:jump":55778,"minecraft:play_record":2,"minecraft:drop":182,"minecraft:use_cauldron":3,"minecraft:open_barrel":2372,"minecraft:sprint_one_cm":9943450,"minecraft:open_chest":1196,"minecraft:inspect_hopper":11,"minecraft:interact_with_smoker":7,"minecraft:fall_one_cm":1179655,"minecraft:fly_one_cm":16671672,"minecraft:interact_with_anvil":1,"minecraft:walk_on_water_one_cm":218562,"minecraft:sneak_time":49031},"minecraft:crafted":{"minecraft:stone_sword":22,"minecraft:gold_ingot":45,"minecraft:book":47,"minecraft:iron_chestplate":1,"minecraft:birch_trapdoor":314,"minecraft:raw_copper_block":14,"minecraft:cherry_sign":3,"minecraft:birch_door":3,"minecraft:iron_block":3,"minecraft:chest":48,"minecraft:bookshelf":1,"minecraft:pale_oak_fence":21,"minecraft:bow":1,"minecraft:bucket":2,"minecraft:flint_and_steel":1,"minecraft:oak_stairs":20,"minecraft:item_frame":24,"minecraft:cauldron":6,"minecraft:jukebox":1,"minecraft:stone_hoe":6,"minecraft:white_stained_glass":136,"minecraft:glass":619,"minecraft:oak_sign":3,"minecraft:birch_pressure_plate":1,"minecraft:spruce_fence":81,"minecraft:cherry_door":9,"minecraft:sugar":70,"minecraft:campfire":7,"minecraft:redstone_block":37,"minecraft:cooked_mutton":158,"minecraft:iron_boots":1,"minecraft:smooth_stone":1,"minecraft:charcoal":9,"minecraft:cooked_beef":419,"minecraft:oak_slab":54,"minecraft:spruce_sign":51,"minecraft:cherry_planks":36,"minecraft:brick":6,"minecraft:barrel":47,"minecraft:cake":25,"minecraft:birch_hanging_sign":12,"minecraft:armor_stand":1,"minecraft:paper":204,"minecraft:furnace":36,"minecraft:iron_ingot":314,"minecraft:pale_oak_trapdoor":14,"minecraft:lead":8,"minecraft:scaffolding":60,"minecraft:stone":1,"minecraft:candle":29,"minecraft:beehive":6,"minecraft:spruce_stairs":16,"minecraft:baked_potato":608,"minecraft:shield":4,"minecraft:stone_axe":34,"minecraft:pale_oak_stairs":4,"minecraft:birch_stairs":40,"minecraft:birch_sign":9,"minecraft:spruce_button":45,"minecraft:spruce_fence_gate":4,"minecraft:cobblestone_stairs":4,"minecraft:writable_book":1,"minecraft:stick":360,"minecraft:cooked_porkchop":6,"minecraft:iron_helmet":1,"minecraft:air":0,"minecraft:bone_meal":195,"minecraft:raw_copper":126,"minecraft:lapis_block":22,"minecraft:glass_bottle":3,"minecraft:cherry_hanging_sign":12,"minecraft:red_dye":36,"minecraft:flower_pot":2,"minecraft:pale_oak_slab":6,"minecraft:oak_planks":176,"minecraft:melon_seeds":5,"minecraft:shears":4,"minecraft:polished_deepslate":64,"minecraft:stone_shovel":44,"minecraft:white_dye":45,"minecraft:lantern":36,"minecraft:polished_deepslate_stairs":20,"minecraft:cooked_chicken":405,"minecraft:birch_planks":2136,"minecraft:hopper":4,"minecraft:stone_pickaxe":63,"minecraft:anvil":1,"minecraft:spruce_slab":228,"minecraft:oak_fence_gate":1,"minecraft:glowstone":6,"minecraft:composter":1,"minecraft:chain":8,"minecraft:iron_nugget":432,"minecraft:birch_boat":2,"minecraft:black_carpet":57,"minecraft:pale_oak_planks":1016,"minecraft:black_bed":10,"minecraft:spruce_trapdoor":2,"minecraft:copper_ingot":378,"minecraft:white_carpet":31,"minecraft:bread":26,"minecraft:crafting_table":12,"minecraft:torch":252,"minecraft:white_bed":2,"minecraft:red_carpet":24,"minecraft:birch_slab":12,"minecraft:lectern":1,"minecraft:spruce_planks":1380,"minecraft:iron_pickaxe":1,"minecraft:copper_block":36,"minecraft:gray_bed":2,"minecraft:iron_leggings":1},"minecraft:killed_by":{"minecraft:player":1,"minecraft:creeper":1,"minecraft:hoglin":1,"minecraft:zombie":3},"minecraft:picked_up":{"minecraft:cobblestone_wall":5,"minecraft:sweet_berries":620,"minecraft:pale_oak_log":374,"minecraft:cherry_sign":1,"minecraft:shears":4,"minecraft:cobblestone":3529,"minecraft:sugar_cane":1130,"minecraft:bone":76,"minecraft:cherry_door":7,"minecraft:bamboo_door":2,"minecraft:rose_bush":1,"minecraft:diamond_shovel":1,"minecraft:clay_ball":6,"minecraft:stripped_spruce_log":1,"minecraft:iron_sword":1,"minecraft:emerald":10,"minecraft:pale_oak_sapling":52,"minecraft:ink_sac":6,"minecraft:wildflowers":6,"minecraft:bow":5,"minecraft:birch_boat":3,"minecraft:arrow":82,"minecraft:iron_ingot":3,"minecraft:lilac":1,"minecraft:pale_oak_stairs":6,"minecraft:spruce_slab":50,"minecraft:spore_blossom":2,"minecraft:azalea":44,"minecraft:golden_leggings":1,"minecraft:dandelion":64,"minecraft:pale_oak_fence":1,"minecraft:mutton":203,"minecraft:cobblestone_stairs":6,"minecraft:oak_log":156,"minecraft:sand":621,"minecraft:furnace":10,"minecraft:oak_door":1,"minecraft:wheat_seeds":6548,"minecraft:music_disc_13":1,"minecraft:quartz":1,"minecraft:egg":2201,"minecraft:red_mushroom":64,"minecraft:beetroot_seeds":717,"minecraft:oak_sign":11,"minecraft:ender_pearl":7,"minecraft:string":48,"minecraft:writable_book":3,"minecraft:leather_boots":1,"minecraft:white_carpet":16,"minecraft:cornflower":8,"minecraft:birch_door":2,"minecraft:spruce_sapling":448,"minecraft:spruce_fence_gate":9,"minecraft:flowering_azalea":30,"minecraft:white_bed":4,"minecraft:bucket":3,"minecraft:birch_sign":1,"minecraft:leather":144,"minecraft:lead":24,"minecraft:brown_mushroom":28,"minecraft:stripped_cherry_log":26,"minecraft:armadillo_scute":1,"minecraft:music_disc_blocks":4,"minecraft:peony":33,"minecraft:scaffolding":58,"minecraft:birch_stairs":7,"minecraft:porkchop":6,"minecraft:spruce_sign":15,"minecraft:stick":730,"minecraft:bamboo":159,"minecraft:player_head":4,"minecraft:moss_block":1,"minecraft:cauldron":2,"minecraft:cookie":16,"minecraft:red_carpet":4,"minecraft:item_frame":3,"minecraft:raw_iron":285,"minecraft:honeycomb":165,"minecraft:allium":1,"minecraft:oxidized_copper":15,"minecraft:netherite_leggings":1,"minecraft:chest":27,"minecraft:netherrack":3,"minecraft:crimson_planks":5,"minecraft:stone":10,"minecraft:gravel":127,"minecraft:cherry_hanging_sign":3,"minecraft:tuff":176,"minecraft:phantom_membrane":1,"minecraft:potato":2133,"minecraft:shield":2,"minecraft:lapis_lazuli":464,"minecraft:jungle_log":79,"minecraft:spruce_stairs":18,"minecraft:cherry_sapling":99,"minecraft:oak_planks":11,"minecraft:netherite_chestplate":1,"minecraft:raw_copper":420,"minecraft:rotten_flesh":167,"minecraft:written_book":1,"minecraft:apple":9,"minecraft:calcite":1,"minecraft:poisonous_potato":8,"minecraft:glass":30,"minecraft:composter":20,"minecraft:flint":18,"minecraft:candle":6,"minecraft:redstone":330,"minecraft:birch_slab":32,"minecraft:beehive":1,"minecraft:glow_berries":18,"minecraft:lantern":10,"minecraft:firefly_bush":13,"minecraft:melon_slice":153,"minecraft:diamond":35,"minecraft:granite":54,"minecraft:spruce_button":6,"minecraft:dark_oak_fence_gate":2,"minecraft:charcoal":2,"minecraft:spruce_boat":2,"minecraft:spyglass":1,"minecraft:raw_gold":66,"minecraft:stone_sword":3,"minecraft:beetroot":263,"minecraft:spruce_planks":104,"minecraft:dirt":3782,"minecraft:blue_egg":184,"minecraft:black_carpet":13,"minecraft:golden_boots":1,"minecraft:azure_bluet":1,"minecraft:torch":272,"minecraft:diamond_pickaxe":2,"minecraft:dripstone_block":4,"minecraft:cherry_log":145,"minecraft:bread":15,"minecraft:stripped_birch_log":12,"minecraft:spruce_log":1209,"minecraft:coal":636,"minecraft:oak_fence":18,"minecraft:birch_planks":187,"minecraft:hopper":13,"minecraft:birch_sapling":374,"minecraft:poppy":102,"minecraft:cooked_beef":24,"minecraft:white_wool":22,"minecraft:feather":396,"minecraft:potion":1,"minecraft:spruce_fence":170,"minecraft:andesite":109,"minecraft:lily_of_the_valley":43,"minecraft:copper_ingot":11,"minecraft:amethyst_shard":48,"minecraft:filled_map":1,"minecraft:diamond_axe":2,"minecraft:carrot":1140,"minecraft:netherite_boots":1,"minecraft:resin_clump":1,"minecraft:baked_potato":96,"minecraft:melon_seeds":2,"minecraft:black_wool":1109,"minecraft:chicken":387,"minecraft:cooked_chicken":6,"minecraft:cobbled_deepslate":1600,"minecraft:pointed_dripstone":1,"minecraft:glowstone_dust":26,"minecraft:pumpkin_seeds":15,"minecraft:jungle_sapling":6,"minecraft:wheat":2452,"minecraft:damaged_anvil":1,"minecraft:gunpowder":40,"minecraft:netherite_helmet":1,"minecraft:spruce_trapdoor":2,"minecraft:blackstone":10,"minecraft:light_gray_wool":17,"minecraft:polished_deepslate":6,"minecraft:leaf_litter":6539,"minecraft:birch_trapdoor":34,"minecraft:pale_oak_planks":640,"minecraft:grass_block":7,"minecraft:birch_log":848,"minecraft:pumpkin":35,"minecraft:spider_eye":6,"minecraft:bone_meal":307,"minecraft:diorite":31,"minecraft:golden_helmet":1,"minecraft:crafting_table":56,"minecraft:oak_sapling":85,"minecraft:beef":419,"minecraft:polished_deepslate_stairs":4,"minecraft:glass_bottle":2,"minecraft:barrel":11,"minecraft:paper":3,"minecraft:cocoa_beans":127,"minecraft:gray_wool":93},"minecraft:broken":{"minecraft:stone_shovel":43,"minecraft:shield":1,"minecraft:stone_hoe":3,"minecraft:stone_axe":31,"minecraft:stone_sword":6,"minecraft:stone_pickaxe":62,"minecraft:shears":2},"minecraft:mined":{"minecraft:spore_blossom":2,"minecraft:torch":148,"minecraft:pale_oak_sapling":8,"minecraft:birch_stairs":7,"minecraft:spruce_log":1145,"minecraft:nether_quartz_ore":1,"minecraft:chest":28,"minecraft:oak_sign":4,"minecraft:pumpkin":41,"minecraft:netherrack":2,"minecraft:spruce_sapling":5,"minecraft:dark_oak_fence_gate":2,"minecraft:brown_mushroom":27,"minecraft:spruce_planks":104,"minecraft:birch_log":847,"minecraft:sweet_berry_bush":64,"minecraft:large_fern":58,"minecraft:beehive":1,"minecraft:farmland":15,"minecraft:cave_vines":1,"minecraft:melon":35,"minecraft:stripped_spruce_log":1,"minecraft:blackstone":10,"minecraft:birch_leaves":360,"minecraft:oak_fence":18,"minecraft:campfire":1,"minecraft:moss_block":4,"minecraft:bamboo":36,"minecraft:diamond_ore":6,"minecraft:wall_torch":16,"minecraft:fern":244,"minecraft:fire":1,"minecraft:black_carpet":13,"minecraft:deepslate_diamond_ore":27,"minecraft:potatoes":590,"minecraft:dripstone_block":5,"minecraft:oak_sapling":9,"minecraft:azalea":39,"minecraft:azure_bluet":1,"minecraft:pumpkin_stem":11,"minecraft:iron_ore":182,"minecraft:beetroots":274,"minecraft:spruce_wall_sign":3,"minecraft:dandelion":49,"minecraft:glass":24,"minecraft:lily_of_the_valley":42,"minecraft:oak_planks":11,"minecraft:cobblestone":128,"minecraft:pale_oak_fence":1,"minecraft:sugar_cane":961,"minecraft:spruce_fence_gate":9,"minecraft:lantern":10,"minecraft:birch_sapling":6,"minecraft:cherry_leaves":13,"minecraft:scaffolding":24,"minecraft:oak_leaves":38,"minecraft:furnace":10,"minecraft:birch_slab":32,"minecraft:spruce_stairs":18,"minecraft:rose_bush":1,"minecraft:deepslate_copper_ore":32,"minecraft:deepslate_coal_ore":5,"minecraft:tall_grass":83,"minecraft:wildflowers":2,"minecraft:pointed_dripstone":1,"minecraft:tall_seagrass":1,"minecraft:cobblestone_wall":5,"minecraft:dirt":1808,"minecraft:tripwire":1,"minecraft:hopper":13,"minecraft:stripped_birch_log":12,"minecraft:deepslate":1500,"minecraft:sand":768,"minecraft:spruce_sign":2,"minecraft:oak_log":148,"minecraft:pale_oak_stairs":6,"minecraft:cocoa":42,"minecraft:lapis_ore":16,"minecraft:oak_door":1,"minecraft:redstone_ore":5,"minecraft:cherry_log":148,"minecraft:carrots":309,"minecraft:gravel":209,"minecraft:short_grass":784,"minecraft:red_mushroom":64,"minecraft:red_carpet":4,"minecraft:dirt_path":6,"minecraft:crafting_table":54,"minecraft:flowering_azalea":30,"minecraft:melon_stem":1,"minecraft:deepslate_redstone_ore":67,"minecraft:leaf_litter":2944,"minecraft:lilac":1,"minecraft:jungle_log":79,"minecraft:copper_ore":86,"minecraft:firefly_bush":12,"minecraft:gold_ore":9,"minecraft:andesite":219,"minecraft:stripped_cherry_log":26,"minecraft:glowstone":10,"minecraft:deepslate_gold_ore":57,"minecraft:birch_door":2,"minecraft:resin_clump":1,"minecraft:cauldron":2,"minecraft:poppy":101,"minecraft:deepslate_lapis_ore":23,"minecraft:deepslate_iron_ore":63,"minecraft:birch_planks":195,"minecraft:amethyst_cluster":12,"minecraft:allium":1,"minecraft:jungle_leaves":5,"minecraft:stone":4980,"minecraft:birch_trapdoor":34,"minecraft:granite":71,"minecraft:cobblestone_stairs":6,"minecraft:spruce_fence":170,"minecraft:bush":10,"minecraft:coal_ore":569,"minecraft:diorite":54,"minecraft:wheat":2370,"minecraft:spruce_trapdoor":2,"minecraft:white_bed":4,"minecraft:bee_nest":1,"minecraft:white_stained_glass":1,"minecraft:cherry_sapling":3,"minecraft:polished_deepslate_stairs":4,"minecraft:birch_sign":1,"minecraft:cherry_door":7,"minecraft:polished_deepslate":6,"minecraft:composter":19,"minecraft:white_carpet":16,"minecraft:candle":3,"minecraft:crimson_nylium":1,"minecraft:powder_snow":1,"minecraft:barrel":11,"minecraft:player_head":1,"minecraft:cherry_hanging_sign":1,"minecraft:grass_block":3325,"minecraft:peony":18,"minecraft:spruce_leaves":453,"minecraft:cobbled_deepslate":19,"minecraft:tuff":170,"minecraft:pale_oak_log":366,"minecraft:damaged_anvil":1,"minecraft:pale_oak_leaves":222,"minecraft:spruce_slab":50,"minecraft:pale_oak_planks":579,"minecraft:cornflower":8,"minecraft:cherry_sign":1,"minecraft:dead_bush":3,"minecraft:crimson_planks":5},"minecraft:killed":{"minecraft:skeleton":78,"minecraft:fox":2,"minecraft:pig":4,"minecraft:witch":1,"minecraft:bat":3,"minecraft:spider":38,"minecraft:zombie":249,"minecraft:cave_spider":1,"minecraft:creeper":34,"minecraft:zombie_villager":10,"minecraft:chicken":361,"minecraft:enderman":11,"minecraft:sheep":87,"minecraft:squid":5,"minecraft:drowned":2,"minecraft:cow":179,"minecraft:wolf":4},"minecraft:used":{"minecraft:birch_sapling":302,"minecraft:birch_door":4,"minecraft:leaf_litter":1258,"minecraft:player_head":1,"minecraft:birch_sign":10,"minecraft:potato":619,"minecraft:campfire":7,"minecraft:wheat_seeds":4703,"minecraft:glass_bottle":2,"minecraft:black_carpet":29,"minecraft:glass":492,"minecraft:oak_sign":10,"minecraft:beehive":7,"minecraft:golden_boots":1,"minecraft:lantern":46,"minecraft:cooked_porkchop":6,"minecraft:damaged_anvil":1,"minecraft:cherry_hanging_sign":13,"minecraft:red_carpet":16,"minecraft:firefly_bush":13,"minecraft:black_wool":2,"minecraft:jungle_log":38,"minecraft:oak_log":8,"minecraft:spruce_slab":165,"minecraft:white_carpet":43,"minecraft:poppy":35,"minecraft:blackstone":10,"minecraft:candle":35,"minecraft:beetroot_seeds":318,"minecraft:pale_oak_stairs":7,"minecraft:jukebox":1,"minecraft:dandelion":24,"minecraft:stone_pickaxe":8190,"minecraft:pointed_dripstone":7,"minecraft:armor_stand":1,"minecraft:bow":6,"minecraft:iron_leggings":2,"minecraft:cobbled_deepslate":638,"minecraft:pale_oak_trapdoor":13,"minecraft:golden_leggings":1,"minecraft:stone_shovel":5828,"minecraft:birch_planks":1238,"minecraft:writable_book":14,"minecraft:bone_meal":398,"minecraft:item_frame":26,"minecraft:glowstone":6,"minecraft:anvil":1,"minecraft:spruce_fence_gate":11,"minecraft:melon_seeds":5,"minecraft:blue_egg":135,"minecraft:dirt":3149,"minecraft:written_book":9,"minecraft:stripped_spruce_log":1,"minecraft:spruce_planks":32,"minecraft:birch_log":14,"minecraft:pale_oak_fence":21,"minecraft:shears":56,"minecraft:lectern":1,"minecraft:dark_oak_fence_gate":2,"minecraft:bucket":170,"minecraft:spyglass":57,"minecraft:dripstone_block":30,"minecraft:cocoa_beans":108,"minecraft:oak_planks":43,"minecraft:oak_sapling":34,"minecraft:flower_pot":2,"minecraft:sugar_cane":129,"minecraft:stone_axe":4423,"minecraft:oak_fence":11,"minecraft:grass_block":1,"minecraft:spruce_fence":226,"minecraft:string":1,"minecraft:shield":190,"minecraft:birch_slab":44,"minecraft:iron_pickaxe":204,"minecraft:spruce_stairs":30,"minecraft:andesite":5,"minecraft:polished_deepslate":40,"minecraft:bamboo":10,"minecraft:pale_oak_sapling":43,"minecraft:milk_bucket":3,"minecraft:cherry_sapling":35,"minecraft:peony":33,"minecraft:cooked_mutton":31,"minecraft:stone_sword":2052,"minecraft:sweet_berries":351,"minecraft:lava_bucket":6,"minecraft:polished_deepslate_stairs":24,"minecraft:cobblestone_wall":3,"minecraft:pale_oak_slab":6,"minecraft:birch_trapdoor":348,"minecraft:gray_bed":2,"minecraft:oak_slab":48,"minecraft:pumpkin_seeds":1,"minecraft:white_stained_glass":105,"minecraft:pale_oak_planks":1465,"minecraft:cobblestone":531,"minecraft:cherry_sign":1,"minecraft:hopper":13,"minecraft:axolotl_bucket":1,"minecraft:carrot":331,"minecraft:crafting_table":64,"minecraft:spruce_sign":64,"minecraft:birch_boat":4,"minecraft:spruce_trapdoor":4,"minecraft:iron_chestplate":3,"minecraft:potion":1,"minecraft:oak_fence_gate":1,"minecraft:white_bed":6,"minecraft:baked_potato":187,"minecraft:apple":1,"minecraft:scaffolding":113,"minecraft:birch_stairs":45,"minecraft:spruce_log":86,"minecraft:stone_hoe":521,"minecraft:spore_blossom":2,"minecraft:water_bucket":162,"minecraft:golden_helmet":1,"minecraft:cherry_door":15,"minecraft:furnace":45,"minecraft:barrel":57,"minecraft:torch":453,"minecraft:bread":24,"minecraft:iron_boots":2,"minecraft:black_bed":10,"minecraft:jungle_sapling":4,"minecraft:cobblestone_stairs":16,"minecraft:spruce_button":51,"minecraft:bamboo_door":2,"minecraft:resin_clump":1,"minecraft:gravel":9,"minecraft:cake":25,"minecraft:composter":20,"minecraft:cooked_chicken":204,"minecraft:lily_of_the_valley":33,"minecraft:oak_stairs":8,"minecraft:cherry_log":45,"minecraft:cooked_beef":67,"minecraft:birch_hanging_sign":12,"minecraft:flint_and_steel":11,"minecraft:chest":68,"minecraft:iron_helmet":1,"minecraft:birch_pressure_plate":1,"minecraft:cauldron":8,"minecraft:spruce_sapling":376,"minecraft:egg":2269}},"DataVersion":4440}