{"stats":{"minecraft:killed_by":{"minecraft:player":1,"minecraft:creeper":1,"minecraft:endermite":4,"minecraft:zombie":2},"minecraft:custom":{"minecraft:eat_cake_slice":1,"minecraft:time_since_rest":36088,"minecraft:talked_to_villager":4,"minecraft:leave_game":13,"minecraft:damage_taken":27422,"minecraft:mob_kills":267,"minecraft:boat_one_cm":582364,"minecraft:interact_with_beacon":3,"minecraft:time_since_death":36070,"minecraft:open_enderchest":1,"minecraft:interact_with_furnace":258,"minecraft:sleep_in_bed":8,"minecraft:swim_one_cm":514142,"minecraft:total_world_time":696465,"minecraft:crouch_one_cm":93197,"minecraft:climb_one_cm":212168,"minecraft:deaths":17,"minecraft:interact_with_stonecutter":24,"minecraft:fish_caught":3,"minecraft:damage_dealt_resisted":46,"minecraft:interact_with_crafting_table":156,"minecraft:inspect_dropper":3,"minecraft:walk_one_cm":5906400,"minecraft:walk_under_water_one_cm":168808,"minecraft:horse_one_cm":9566,"minecraft:interact_with_lectern":37,"minecraft:damage_dealt":38790,"minecraft:play_time":696465,"minecraft:jump":30088,"minecraft:play_record":5,"minecraft:drop":149,"minecraft:use_cauldron":2,"minecraft:open_barrel":22,"minecraft:sprint_one_cm":3171398,"minecraft:open_chest":735,"minecraft:inspect_hopper":3,"minecraft:interact_with_smoker":1,"minecraft:fall_one_cm":973124,"minecraft:tune_noteblock":8,"minecraft:fly_one_cm":7529631,"minecraft:interact_with_anvil":1,"minecraft:walk_on_water_one_cm":167451,"minecraft:sneak_time":14406,"minecraft:interact_with_blast_furnace":12,"minecraft:interact_with_grindstone":1},"minecraft:broken":{"minecraft:stone_shovel":10,"minecraft:iron_axe":3,"minecraft:wooden_axe":1,"minecraft:stone_axe":2,"minecraft:iron_pickaxe":1,"minecraft:stone_sword":1,"minecraft:stone_pickaxe":36,"minecraft:wooden_shovel":1},"minecraft:crafted":{"minecraft:stone_sword":1,"minecraft:wooden_axe":2,"minecraft:diamond_boots":1,"minecraft:gold_ingot":24,"minecraft:book":5,"minecraft:stick":947,"minecraft:cooked_porkchop":9,"minecraft:stone_bricks":28,"minecraft:pumpkin_seeds":28,"minecraft:diamond_pickaxe":1,"minecraft:chest":30,"minecraft:cobblestone_wall":33,"minecraft:air":0,"minecraft:bucket":2,"minecraft:flint_and_steel":1,"minecraft:bone_meal":12,"minecraft:spyglass":1,"minecraft:oak_boat":2,"minecraft:jungle_planks":584,"minecraft:ladder":252,"minecraft:dark_oak_planks":372,"minecraft:cauldron":1,"minecraft:jukebox":1,"minecraft:stone_hoe":1,"minecraft:red_dye":3,"minecraft:glass":46,"minecraft:oak_sign":6,"minecraft:jungle_door":6,"minecraft:redstone_torch":4,"minecraft:wooden_hoe":2,"minecraft:oak_trapdoor":4,"minecraft:oak_planks":112,"minecraft:cooked_cod":1,"minecraft:enchanting_table":1,"minecraft:melon_seeds":4,"minecraft:cobbled_deepslate_stairs":256,"minecraft:stone_stairs":1,"minecraft:fishing_rod":1,"minecraft:stone_shovel":10,"minecraft:cooked_chicken":1,"minecraft:birch_planks":124,"minecraft:stone_pickaxe":36,"minecraft:cooked_mutton":39,"minecraft:smooth_stone":35,"minecraft:cooked_beef":11,"minecraft:stonecutter":1,"minecraft:spruce_sign":6,"minecraft:cherry_planks":24,"minecraft:diamond_chestplate":1,"minecraft:wooden_shovel":1,"minecraft:diamond_sword":1,"minecraft:dark_oak_door":3,"minecraft:paper":15,"minecraft:stone_brick_stairs":1,"minecraft:furnace":13,"minecraft:birch_boat":2,"minecraft:pale_oak_planks":56,"minecraft:gold_block":2,"minecraft:iron_ingot":49,"minecraft:jungle_sign":18,"minecraft:copper_ingot":31,"minecraft:white_carpet":3,"minecraft:diamond_helmet":1,"minecraft:bread":30,"minecraft:dark_oak_sign":3,"minecraft:stone":277,"minecraft:tnt":1,"minecraft:crafting_table":15,"minecraft:diamond_leggings":1,"minecraft:torch":372,"minecraft:white_bed":3,"minecraft:red_carpet":3,"minecraft:spruce_stairs":108,"minecraft:stone_axe":3,"minecraft:spruce_planks":1376,"minecraft:iron_pickaxe":1,"minecraft:birch_sign":3,"minecraft:iron_axe":4,"minecraft:chiseled_stone_bricks":2},"minecraft:killed":{"minecraft:pillager":8,"minecraft:skeleton":34,"minecraft:pig":44,"minecraft:witch":2,"minecraft:spider":15,"minecraft:salmon":7,"minecraft:zombie":75,"minecraft:bogged":1,"minecraft:creeper":7,"minecraft:chicken":7,"minecraft:enderman":1,"minecraft:sheep":37,"minecraft:creaking":1,"minecraft:drowned":1,"minecraft:cow":23},"minecraft:picked_up":{"minecraft:cobblestone_wall":23,"minecraft:name_tag":1,"minecraft:sweet_berries":213,"minecraft:pale_oak_log":88,"minecraft:cobblestone":1444,"minecraft:brick":12,"minecraft:glass":22,"minecraft:flint":5,"minecraft:sugar_cane":51,"minecraft:redstone":161,"minecraft:bone":52,"minecraft:dark_oak_sign":2,"minecraft:acacia_sapling":4,"minecraft:cooked_mutton":1,"minecraft:glow_berries":12,"minecraft:clay_ball":328,"minecraft:firefly_bush":11,"minecraft:melon_slice":30,"minecraft:diamond":46,"minecraft:white_banner":1,"minecraft:granite":139,"minecraft:dark_oak_sapling":14,"minecraft:emerald":4,"minecraft:lily_pad":18,"minecraft:pale_oak_sapling":9,"minecraft:sugar":2,"minecraft:jungle_door":2,"minecraft:salmon":8,"minecraft:jungle_sign":7,"minecraft:wildflowers":6,"minecraft:cobbled_deepslate_stairs":9,"minecraft:gold_block":2,"minecraft:bow":2,"minecraft:birch_boat":19,"minecraft:smooth_basalt":2,"minecraft:arrow":49,"minecraft:iron_ingot":1,"minecraft:dark_oak_planks":46,"minecraft:cactus":6,"minecraft:chest_minecart":6,"minecraft:raw_gold":24,"minecraft:azalea":2,"minecraft:deepslate_bricks":2,"minecraft:mutton":60,"minecraft:beetroot":8,"minecraft:spruce_planks":120,"minecraft:dirt":239,"minecraft:rail":33,"minecraft:stonecutter":2,"minecraft:torch":177,"minecraft:cherry_log":42,"minecraft:cobblestone_stairs":8,"minecraft:bread":10,"minecraft:spruce_log":478,"minecraft:cactus_flower":2,"minecraft:music_disc_strad":1,"minecraft:coal":253,"minecraft:oak_log":28,"minecraft:oak_fence":6,"minecraft:birch_planks":27,"minecraft:sand":1472,"minecraft:furnace":1,"minecraft:wheat_seeds":331,"minecraft:music_disc_13":4,"minecraft:egg":13,"minecraft:milk_bucket":1,"minecraft:waxed_copper_block":61,"minecraft:birch_sapling":6,"minecraft:cooked_beef":11,"minecraft:white_wool":53,"minecraft:feather":5,"minecraft:mangrove_propagule":2,"minecraft:potion":1,"minecraft:snowball":25,"minecraft:chiseled_tuff_bricks":6,"minecraft:andesite":124,"minecraft:beetroot_seeds":28,"minecraft:oak_sign":1,"minecraft:string":26,"minecraft:stone_bricks":19,"minecraft:obsidian":83,"minecraft:writable_book":2,"minecraft:ladder":1,"minecraft:amethyst_shard":52,"minecraft:sandstone":5,"minecraft:filled_map":1,"minecraft:dark_oak_door":2,"minecraft:carrot":1,"minecraft:spruce_sapling":176,"minecraft:rabbit":1,"minecraft:flowering_azalea":4,"minecraft:white_bed":4,"minecraft:fishing_rod":1,"minecraft:leather":32,"minecraft:lead":1,"minecraft:brown_mushroom":1,"minecraft:resin_clump":1,"minecraft:water_bucket":1,"minecraft:stone_pickaxe":5,"minecraft:wooden_axe":1,"minecraft:cod":2,"minecraft:melon_seeds":1,"minecraft:golden_apple":1,"minecraft:porkchop":54,"minecraft:waxed_oxidized_cut_copper":2,"minecraft:spruce_sign":1,"minecraft:oak_trapdoor":4,"minecraft:stick":150,"minecraft:polished_tuff":4,"minecraft:bamboo":7,"minecraft:black_wool":4,"minecraft:chicken":9,"minecraft:moss_block":2,"minecraft:cooked_porkchop":41,"minecraft:cooked_chicken":1,"minecraft:raw_iron":49,"minecraft:cobbled_deepslate":1997,"minecraft:pointed_dripstone":12,"minecraft:waxed_oxidized_copper_grate":14,"minecraft:dead_bush":1,"minecraft:stone_axe":1,"minecraft:jungle_sapling":39,"minecraft:mossy_cobblestone":10,"minecraft:amethyst_block":84,"minecraft:wheat":117,"minecraft:tuff_bricks":133,"minecraft:cherry_planks":6,"minecraft:gunpowder":19,"minecraft:chest":15,"minecraft:pink_petals":24,"minecraft:netherrack":4,"minecraft:stone":60,"minecraft:gravel":34,"minecraft:smooth_stone":25,"minecraft:light_gray_wool":5,"minecraft:jungle_planks":51,"minecraft:tuff":87,"minecraft:polished_deepslate":2,"minecraft:leaf_litter":62,"minecraft:pale_oak_planks":35,"minecraft:potato":23,"minecraft:grass_block":1,"minecraft:birch_log":32,"minecraft:music_disc_creator":1,"minecraft:lapis_lazuli":68,"minecraft:pumpkin":15,"minecraft:spider_eye":5,"minecraft:jungle_log":316,"minecraft:spruce_stairs":26,"minecraft:bone_meal":1,"minecraft:dark_oak_log":129,"minecraft:activator_rail":1,"minecraft:tipped_arrow":1,"minecraft:ominous_bottle":1,"minecraft:diorite":31,"minecraft:oak_boat":9,"minecraft:flower_pot":1,"minecraft:cherry_sapling":40,"minecraft:oak_planks":12,"minecraft:crafting_table":24,"minecraft:raw_copper":196,"minecraft:oak_sapling":14,"minecraft:stone_brick_stairs":43,"minecraft:beef":42,"minecraft:rotten_flesh":105,"minecraft:written_book":6,"minecraft:apple":6,"minecraft:cobblestone_slab":9,"minecraft:jukebox":2,"minecraft:calcite":140,"minecraft:waxed_oxidized_copper":4,"minecraft:cocoa_beans":12,"minecraft:gray_wool":2},"minecraft:mined":{"minecraft:torch":39,"minecraft:dark_oak_wall_sign":1,"minecraft:spruce_log":483,"minecraft:chest":12,"minecraft:smooth_basalt":2,"minecraft:pumpkin":17,"minecraft:netherrack":13,"minecraft:waxed_oxidized_cut_copper":6,"minecraft:amethyst_block":42,"minecraft:brown_mushroom":1,"minecraft:spruce_planks":73,"minecraft:birch_log":32,"minecraft:sweet_berry_bush":1,"minecraft:large_fern":4,"minecraft:obsidian":90,"minecraft:farmland":1,"minecraft:dark_oak_planks":47,"minecraft:waxed_oxidized_copper_grate":8,"minecraft:sandstone":2,"minecraft:melon":7,"minecraft:deepslate_bricks":2,"minecraft:birch_leaves":24,"minecraft:oak_fence":6,"minecraft:jungle_planks":43,"minecraft:moss_block":1,"minecraft:bamboo":1,"minecraft:gold_block":2,"minecraft:wall_torch":106,"minecraft:fern":1,"minecraft:decorated_pot":2,"minecraft:stone_brick_stairs":43,"minecraft:deepslate_diamond_ore":45,"minecraft:potatoes":8,"minecraft:dark_oak_door":2,"minecraft:mangrove_propagule":1,"minecraft:azalea":1,"minecraft:iron_ore":35,"minecraft:beetroots":9,"minecraft:dark_oak_log":129,"minecraft:glass":1,"minecraft:oak_planks":13,"minecraft:cobblestone":41,"minecraft:sugar_cane":51,"minecraft:mangrove_leaves":3,"minecraft:oak_wall_sign":1,"minecraft:cherry_leaves":29,"minecraft:oak_leaves":71,"minecraft:furnace":1,"minecraft:clay":44,"minecraft:spruce_stairs":26,"minecraft:deepslate_copper_ore":3,"minecraft:tall_grass":3,"minecraft:waxed_copper_block":27,"minecraft:wildflowers":3,"minecraft:pointed_dripstone":10,"minecraft:tall_seagrass":2,"minecraft:lily_pad":10,"minecraft:rail":33,"minecraft:dirt":108,"minecraft:jungle_door":2,"minecraft:tripwire":1,"minecraft:pink_petals":8,"minecraft:ladder":1,"minecraft:deepslate":3033,"minecraft:sand":1173,"minecraft:cherry_planks":6,"minecraft:snow":15,"minecraft:seagrass":1,"minecraft:stonecutter":2,"minecraft:oak_log":31,"minecraft:cocoa":5,"minecraft:cherry_log":42,"minecraft:vine":44,"minecraft:gravel":120,"minecraft:short_grass":4,"minecraft:waxed_copper_grate":1,"minecraft:acacia_leaves":11,"minecraft:dirt_path":6,"minecraft:crafting_table":22,"minecraft:flowering_azalea":2,"minecraft:deepslate_redstone_ore":37,"minecraft:leaf_litter":10,"minecraft:jungle_log":321,"minecraft:copper_ore":68,"minecraft:firefly_bush":11,"minecraft:smooth_stone":1,"minecraft:andesite":221,"minecraft:deepslate_gold_ore":24,"minecraft:budding_amethyst":4,"minecraft:dark_oak_leaves":135,"minecraft:jungle_wall_sign":5,"minecraft:deepslate_lapis_ore":11,"minecraft:cactus":2,"minecraft:deepslate_iron_ore":14,"minecraft:birch_planks":14,"minecraft:amethyst_cluster":13,"minecraft:jungle_leaves":151,"minecraft:stone":2485,"minecraft:stone_bricks":4,"minecraft:granite":214,"minecraft:coal_ore":249,"minecraft:diorite":43,"minecraft:wheat":118,"minecraft:oak_trapdoor":4,"minecraft:white_bed":5,"minecraft:dark_oak_sign":1,"minecraft:cherry_sapling":1,"minecraft:light_gray_wool":1,"minecraft:cobbled_deepslate_stairs":9,"minecraft:glow_lichen":1,"minecraft:powder_snow":31,"minecraft:waxed_chiseled_copper":1,"minecraft:creaking_heart":1,"minecraft:potted_dead_bush":1,"minecraft:mossy_cobblestone":7,"minecraft:grass_block":183,"minecraft:cobweb":2,"minecraft:spruce_leaves":154,"minecraft:chiseled_tuff_bricks":5,"minecraft:cobbled_deepslate":27,"minecraft:white_wool":6,"minecraft:tuff":159,"minecraft:tuff_bricks":66,"minecraft:pale_oak_log":44,"minecraft:pale_oak_leaves":2,"minecraft:calcite":70,"minecraft:pale_oak_planks":36,"minecraft:jukebox":2},"minecraft:dropped":{"minecraft:sweet_berries":68,"minecraft:mossy_cobblestone":3,"minecraft:gravel":2,"minecraft:cobbled_deepslate":73,"minecraft:bone":4,"minecraft:brick":4,"minecraft:egg":9,"minecraft:wheat_seeds":3,"minecraft:tuff_bricks":23,"minecraft:paper":1,"minecraft:stone_pickaxe":6,"minecraft:oak_sapling":2,"minecraft:light_gray_wool":2,"minecraft:jungle_sign":2,"minecraft:redstone":4,"minecraft:tuff":54,"minecraft:oak_sign":4,"minecraft:stick":27,"minecraft:arrow":13,"minecraft:dead_bush":1,"minecraft:wooden_axe":1,"minecraft:bread":1,"minecraft:spider_eye":3,"minecraft:waxed_oxidized_cut_copper":1,"minecraft:stone_axe":1,"minecraft:cooked_mutton":1,"minecraft:rotten_flesh":14,"minecraft:cobblestone":29,"minecraft:sandstone":5,"minecraft:stone_sword":1,"minecraft:jungle_log":1,"minecraft:birch_planks":13,"minecraft:bow":1,"minecraft:rabbit":1,"minecraft:white_wool":5,"minecraft:dirt":11,"minecraft:leather":4,"minecraft:raw_copper":10,"minecraft:obsidian":6,"minecraft:granite":5,"minecraft:oak_fence":6,"minecraft:diamond":3,"minecraft:feather":2,"minecraft:waxed_copper_block":8,"minecraft:wildflowers":4,"minecraft:birch_sapling":4,"minecraft:water_bucket":1,"minecraft:cooked_beef":11,"minecraft:leaf_litter":59,"minecraft:chicken":3,"minecraft:flint":3,"minecraft:jungle_door":2,"minecraft:fishing_rod":1,"minecraft:crafting_table":4,"minecraft:jungle_planks":11,"minecraft:writable_book":2,"minecraft:gray_wool":2,"minecraft:mutton":3,"minecraft:cooked_porkchop":1},"minecraft:used":{"minecraft:polished_tuff":4,"minecraft:iron_axe":970,"minecraft:diamond_helmet":1,"minecraft:stone_slab":12,"minecraft:cactus":1,"minecraft:birch_sign":3,"minecraft:white_banner":1,"minecraft:diamond_sword":525,"minecraft:cherry_planks":6,"minecraft:potato":9,"minecraft:wheat_seeds":142,"minecraft:glow_berries":14,"minecraft:wooden_axe":84,"minecraft:glass":24,"minecraft:jungle_planks":109,"minecraft:oak_sign":3,"minecraft:cooked_porkchop":48,"minecraft:granite":3,"minecraft:chiseled_tuff_bricks":6,"minecraft:red_carpet":3,"minecraft:firefly_bush":11,"minecraft:stonecutter":3,"minecraft:snowball":7,"minecraft:beetroot_seeds":13,"minecraft:jukebox":3,"minecraft:stone_pickaxe":4765,"minecraft:pointed_dripstone":4,"minecraft:cobbled_deepslate_stairs":247,"minecraft:cobbled_deepslate":226,"minecraft:netherrack":2,"minecraft:cod":1,"minecraft:pink_petals":24,"minecraft:mossy_cobblestone":7,"minecraft:stone_shovel":1392,"minecraft:birch_planks":84,"minecraft:writable_book":7,"minecraft:bone_meal":11,"minecraft:dark_oak_planks":393,"minecraft:melon_seeds":5,"minecraft:mutton":7,"minecraft:dirt":145,"minecraft:written_book":16,"minecraft:fishing_rod":28,"minecraft:obsidian":73,"minecraft:dark_oak_sign":2,"minecraft:sand":3,"minecraft:bamboo_hanging_sign":2,"minecraft:spruce_planks":828,"minecraft:dark_oak_door":4,"minecraft:chest_minecart":4,"minecraft:birch_log":1,"minecraft:cooked_cod":1,"minecraft:rail":18,"minecraft:waxed_oxidized_copper_grate":4,"minecraft:stone_brick_stairs":112,"minecraft:bucket":108,"minecraft:spyglass":166,"minecraft:cocoa_beans":4,"minecraft:oak_planks":45,"minecraft:porkchop":24,"minecraft:sugar_cane":23,"minecraft:stone_axe":368,"minecraft:oak_trapdoor":8,"minecraft:string":1,"minecraft:jungle_sign":23,"minecraft:iron_pickaxe":250,"minecraft:spruce_stairs":86,"minecraft:andesite":82,"minecraft:jungle_door":3,"minecraft:pale_oak_sapling":1,"minecraft:dark_oak_log":9,"minecraft:tnt":1,"minecraft:waxed_copper_block":2,"minecraft:oak_boat":10,"minecraft:milk_bucket":2,"minecraft:cherry_sapling":3,"minecraft:deepslate_bricks":2,"minecraft:diamond_pickaxe":2219,"minecraft:cooked_mutton":39,"minecraft:ladder":253,"minecraft:stone_bricks":46,"minecraft:light_gray_wool":1,"minecraft:tuff":9,"minecraft:stone_sword":254,"minecraft:smooth_stone":12,"minecraft:sweet_berries":146,"minecraft:lava_bucket":35,"minecraft:cobblestone_wall":10,"minecraft:diorite":7,"minecraft:pumpkin_seeds":4,"minecraft:pale_oak_planks":36,"minecraft:cobblestone":245,"minecraft:wooden_shovel":60,"minecraft:stone":92,"minecraft:crafting_table":29,"minecraft:spruce_sign":8,"minecraft:birch_boat":19,"minecraft:potion":1,"minecraft:tuff_bricks":17,"minecraft:white_bed":7,"minecraft:gold_block":4,"minecraft:waxed_oxidized_copper":4,"minecraft:apple":3,"minecraft:melon_slice":5,"minecraft:spruce_log":6,"minecraft:stone_hoe":29,"minecraft:water_bucket":68,"minecraft:furnace":13,"minecraft:torch":547,"minecraft:bread":39,"minecraft:chiseled_stone_bricks":2,"minecraft:jungle_sapling":39,"minecraft:chicken":1,"minecraft:wooden_hoe":28,"minecraft:cobblestone_slab":3,"minecraft:gravel":9,"minecraft:stone_stairs":6,"minecraft:cooked_chicken":2,"minecraft:white_wool":6,"minecraft:cherry_log":2,"minecraft:waxed_oxidized_cut_copper":1,"minecraft:cooked_beef":11,"minecraft:flint_and_steel":2,"minecraft:redstone_torch":4,"minecraft:chest":43,"minecraft:cauldron":1,"minecraft:enchanting_table":1,"minecraft:beef":30,"minecraft:spruce_sapling":2,"minecraft:egg":3}},"DataVersion":4440}