{"stats":{"minecraft:custom":{"minecraft:time_since_rest":1227,"minecraft:walk_one_cm":24949,"minecraft:leave_game":2,"minecraft:damage_taken":210,"minecraft:play_time":3684,"minecraft:damage_dealt":0,"minecraft:jump":187,"minecraft:time_since_death":1201,"minecraft:sprint_one_cm":22100,"minecraft:fall_one_cm":2000,"minecraft:total_world_time":3684,"minecraft:fly_one_cm":40010,"minecraft:crouch_one_cm":51,"minecraft:sneak_time":92,"minecraft:deaths":1,"minecraft:damage_dealt_resisted":570},"minecraft:picked_up":{"minecraft:leaf_litter":2,"minecraft:birch_log":6,"minecraft:white_wool":1,"minecraft:mutton":2},"minecraft:used":{"minecraft:stone_axe":8,"minecraft:stone_sword":32},"minecraft:mined":{"minecraft:leaf_litter":1,"minecraft:birch_log":7}},"DataVersion":4440}