{"stats":{"minecraft:killed_by":{"minecraft:skeleton":1,"minecraft:player":2,"minecraft:creaking":1,"minecraft:hoglin":1,"minecraft:zombie":2},"minecraft:custom":{"minecraft:time_since_rest":1088,"minecraft:talked_to_villager":22,"minecraft:leave_game":42,"minecraft:damage_taken":17138,"minecraft:mob_kills":44,"minecraft:interact_with_beacon":1,"minecraft:time_since_death":1075,"minecraft:open_enderchest":4,"minecraft:interact_with_furnace":47,"minecraft:sleep_in_bed":5,"minecraft:happy_ghast_one_cm":434165,"minecraft:swim_one_cm":76213,"minecraft:total_world_time":486015,"minecraft:crouch_one_cm":96271,"minecraft:deaths":20,"minecraft:climb_one_cm":6179,"minecraft:interact_with_stonecutter":9,"minecraft:interact_with_crafting_table":66,"minecraft:walk_one_cm":2574125,"minecraft:horse_one_cm":636,"minecraft:walk_under_water_one_cm":60945,"minecraft:damage_dealt":7912,"minecraft:interact_with_lectern":17,"minecraft:play_time":486015,"minecraft:jump":16426,"minecraft:drop":39,"minecraft:open_barrel":88,"minecraft:sprint_one_cm":2837178,"minecraft:open_chest":702,"minecraft:interact_with_smoker":13,"minecraft:fall_one_cm":665378,"minecraft:fly_one_cm":3833357,"minecraft:interact_with_anvil":1,"minecraft:walk_on_water_one_cm":36147,"minecraft:sneak_time":18886,"minecraft:interact_with_blast_furnace":14,"minecraft:interact_with_grindstone":2},"minecraft:broken":{"minecraft:diamond_pickaxe":4},"minecraft:crafted":{"minecraft:blue_bed":2,"minecraft:lantern":17,"minecraft:gold_ingot":23,"minecraft:book":2,"minecraft:spruce_door":3,"minecraft:iron_chestplate":1,"minecraft:stick":8,"minecraft:smooth_stone":18,"minecraft:spruce_slab":126,"minecraft:cooked_beef":8,"minecraft:painting":1,"minecraft:smooth_stone_slab":6,"minecraft:spruce_sign":9,"minecraft:diamond_axe":1,"minecraft:barrel":5,"minecraft:diamond_pickaxe":1,"minecraft:chest":13,"minecraft:chain":13,"minecraft:blue_carpet":18,"minecraft:blue_stained_glass":8,"minecraft:iron_nugget":171,"minecraft:air":0,"minecraft:armor_stand":1,"minecraft:paper":12,"minecraft:bucket":1,"minecraft:furnace":12,"minecraft:spruce_trapdoor":36,"minecraft:iron_ingot":64,"minecraft:deepslate_brick_stairs":60,"minecraft:white_carpet":12,"minecraft:bread":1,"minecraft:glass":22,"minecraft:stone":18,"minecraft:blast_furnace":4,"minecraft:crafting_table":1,"minecraft:torch":28,"minecraft:spruce_fence":33,"minecraft:spruce_stairs":124,"minecraft:oak_planks":4,"minecraft:spruce_planks":968,"minecraft:coal":27,"minecraft:shears":1,"minecraft:diamond_block":17,"minecraft:white_banner":3,"minecraft:smoker":4,"minecraft:coarse_dirt":36,"minecraft:spruce_fence_gate":1},"minecraft:killed":{"minecraft:zombie":19,"minecraft:skeleton":6,"minecraft:wither_skeleton":2,"minecraft:creeper":1,"minecraft:cow":4,"minecraft:drowned":2,"minecraft:piglin":5,"minecraft:blaze":1,"minecraft:silverfish":3},"minecraft:picked_up":{"minecraft:carrot":163,"minecraft:spruce_sapling":142,"minecraft:cobblestone":548,"minecraft:brick":6,"minecraft:flint":14,"minecraft:deepslate_brick_wall":9,"minecraft:flow_pottery_sherd":1,"minecraft:sugar_cane":12,"minecraft:leather":4,"minecraft:bone":3,"minecraft:redstone":87,"minecraft:deepslate_tiles":1,"minecraft:lead":1,"minecraft:lantern":12,"minecraft:diamond":68,"minecraft:granite":2,"minecraft:blaze_rod":1,"minecraft:emerald":1,"minecraft:deepslate_brick_slab":93,"minecraft:spruce_sign":8,"minecraft:waxed_oxidized_cut_copper":1,"minecraft:light_blue_wool":4,"minecraft:stick":97,"minecraft:polished_tuff":6,"minecraft:painting":11,"minecraft:black_wool":10,"minecraft:arrow":7,"minecraft:iron_ingot":128,"minecraft:raw_iron":66,"minecraft:spruce_slab":31,"minecraft:cobbled_deepslate":39,"minecraft:pointed_dripstone":3,"minecraft:raw_gold":23,"minecraft:pale_oak_fence":1,"minecraft:deepslate_bricks":4,"minecraft:wheat":3,"minecraft:tuff_bricks":7,"minecraft:spruce_door":6,"minecraft:gunpowder":2,"minecraft:chest":3,"minecraft:spruce_trapdoor":11,"minecraft:blackstone":1707,"minecraft:spruce_planks":48,"minecraft:spruce_leaves":4,"minecraft:netherrack":2186,"minecraft:dirt":486,"minecraft:basalt":9,"minecraft:waxed_oxidized_chiseled_copper":1,"minecraft:coarse_dirt":3,"minecraft:magma_block":3,"minecraft:blue_wool":9,"minecraft:gravel":3,"minecraft:golden_boots":1,"minecraft:smooth_stone":2,"minecraft:light_gray_wool":15,"minecraft:torch":55,"minecraft:diamond_pickaxe":1,"minecraft:mangrove_leaves":7,"minecraft:dripstone_block":1,"minecraft:spruce_log":692,"minecraft:tuff":97,"minecraft:polished_deepslate":1,"minecraft:leaf_litter":22,"minecraft:coal":267,"minecraft:potato":41,"minecraft:sand":22,"minecraft:furnace":1,"minecraft:wheat_seeds":12,"minecraft:deepslate_brick_stairs":20,"minecraft:lapis_lazuli":80,"minecraft:spruce_stairs":45,"minecraft:quartz":323,"minecraft:diorite":1,"minecraft:waxed_copper_block":1,"minecraft:cobweb":52,"minecraft:poppy":1,"minecraft:white_wool":6,"minecraft:oak_planks":7,"minecraft:potion":1,"minecraft:spruce_fence":10,"minecraft:crafting_table":1,"minecraft:andesite":1,"minecraft:rotten_flesh":25,"minecraft:beef":8,"minecraft:ancient_debris":8,"minecraft:writable_book":2,"minecraft:blue_carpet":6,"minecraft:white_carpet":12,"minecraft:blue_bed":1,"minecraft:chain":7,"minecraft:gray_wool":20},"minecraft:mined":{"minecraft:torch":18,"minecraft:spawner":2,"minecraft:spruce_log":699,"minecraft:nether_quartz_ore":326,"minecraft:chest":3,"minecraft:netherrack":9076,"minecraft:carrots":44,"minecraft:spruce_sapling":1,"minecraft:waxed_oxidized_cut_copper":1,"minecraft:gravel":9,"minecraft:short_grass":1,"minecraft:spruce_planks":49,"minecraft:crafting_table":1,"minecraft:deepslate_redstone_ore":20,"minecraft:leaf_litter":4,"minecraft:magma_block":9,"minecraft:large_fern":9,"minecraft:coarse_dirt":3,"minecraft:blue_bed":1,"minecraft:blackstone":1790,"minecraft:smooth_stone":2,"minecraft:deepslate_bricks":4,"minecraft:gold_ore":5,"minecraft:andesite":1,"minecraft:deepslate_gold_ore":19,"minecraft:wall_torch":4,"minecraft:fern":7,"minecraft:decorated_pot":2,"minecraft:blue_carpet":6,"minecraft:fire":9,"minecraft:poppy":1,"minecraft:deepslate_lapis_ore":14,"minecraft:deepslate_diamond_ore":6,"minecraft:deepslate_iron_ore":13,"minecraft:potatoes":14,"minecraft:dripstone_block":3,"minecraft:deepslate_tiles":1,"minecraft:iron_ore":54,"minecraft:stone":1673,"minecraft:deepslate_brick_slab":69,"minecraft:deepslate_brick_stairs":21,"minecraft:granite":4,"minecraft:spruce_fence":10,"minecraft:chain":7,"minecraft:podzol":6,"minecraft:coal_ore":273,"minecraft:wheat":3,"minecraft:diorite":3,"minecraft:ancient_debris":8,"minecraft:oak_planks":7,"minecraft:cobblestone":56,"minecraft:spruce_trapdoor":11,"minecraft:pale_oak_fence":1,"minecraft:sugar_cane":6,"minecraft:deepslate_brick_wall":9,"minecraft:lantern":11,"minecraft:mangrove_leaves":19,"minecraft:oak_leaves":1,"minecraft:furnace":1,"minecraft:polished_deepslate":1,"minecraft:spruce_stairs":48,"minecraft:white_carpet":12,"minecraft:waxed_oxidized_chiseled_copper":1,"minecraft:waxed_copper_block":1,"minecraft:pointed_dripstone":1,"minecraft:dirt":198,"minecraft:grass_block":660,"minecraft:cobweb":52,"minecraft:spruce_leaves":145,"minecraft:cobbled_deepslate":3,"minecraft:polished_tuff":6,"minecraft:tuff_bricks":8,"minecraft:tuff":104,"minecraft:spruce_door":1,"minecraft:basalt":14,"minecraft:nether_gold_ore":2,"minecraft:deepslate":37,"minecraft:sand":29,"minecraft:spruce_slab":28,"minecraft:spruce_sign":1},"minecraft:dropped":{"minecraft:waxed_copper_block":1,"minecraft:rotten_flesh":7,"minecraft:polished_tuff":6,"minecraft:glass_bottle":1,"minecraft:netherite_scrap":11,"minecraft:andesite":1,"minecraft:spruce_planks":1,"minecraft:waxed_oxidized_chiseled_copper":1,"minecraft:basalt":9,"minecraft:diamond_pickaxe":1,"minecraft:tuff":4,"minecraft:cobbled_deepslate":6,"minecraft:dirt":1,"minecraft:carrot":3,"minecraft:smooth_stone":3,"minecraft:iron_nugget":6,"minecraft:tuff_bricks":7,"minecraft:chain":1,"minecraft:waxed_oxidized_cut_copper":1,"minecraft:netherrack":674},"minecraft:used":{"minecraft:stone_axe":5,"minecraft:polished_tuff":156,"minecraft:painting":12,"minecraft:spruce_fence":38,"minecraft:blue_banner":1,"minecraft:iron_pickaxe":105,"minecraft:spruce_stairs":168,"minecraft:polished_deepslate":1,"minecraft:white_banner":3,"minecraft:diamond_sword":10,"minecraft:potato":45,"minecraft:wheat_seeds":3,"minecraft:deepslate_bricks":96,"minecraft:diamond_pickaxe":13598,"minecraft:glass":6,"minecraft:lantern":27,"minecraft:magma_block":3,"minecraft:blast_furnace":4,"minecraft:coarse_dirt":14,"minecraft:tuff":1,"minecraft:stone_sword":26,"minecraft:smooth_stone":2,"minecraft:spruce_door":9,"minecraft:cobblestone":181,"minecraft:spruce_slab":80,"minecraft:chain":15,"minecraft:diamond_axe":1155,"minecraft:carrot":505,"minecraft:crafting_table":2,"minecraft:white_carpet":20,"minecraft:spruce_sign":13,"minecraft:spruce_trapdoor":47,"minecraft:blue_stained_glass":1,"minecraft:iron_chestplate":1,"minecraft:potion":1,"minecraft:armor_stand":1,"minecraft:spruce_hanging_sign":1,"minecraft:cobbled_deepslate":4,"minecraft:netherrack":219,"minecraft:smoker":4,"minecraft:deepslate_brick_slab":286,"minecraft:diamond_shovel":926,"minecraft:spruce_log":75,"minecraft:stone_shovel":22,"minecraft:writable_book":7,"minecraft:bone_meal":2,"minecraft:spruce_fence_gate":1,"minecraft:deepslate_brick_wall":163,"minecraft:furnace":5,"minecraft:bread":20,"minecraft:blue_bed":3,"minecraft:barrel":5,"minecraft:torch":57,"minecraft:written_book":6,"minecraft:dirt":268,"minecraft:spruce_leaves":2,"minecraft:spruce_planks":442,"minecraft:cobweb":7,"minecraft:gravel":2,"minecraft:deepslate_brick_stairs":115,"minecraft:pale_oak_fence":1,"minecraft:shears":70,"minecraft:cooked_beef":8,"minecraft:bucket":1,"minecraft:chest":12,"minecraft:deepslate_tiles":1,"minecraft:oak_planks":9,"minecraft:blue_carpet":22,"minecraft:spruce_sapling":76}},"DataVersion":4440}