{"stats":{"minecraft:killed_by":{"minecraft:player":1,"minecraft:creaking":1,"minecraft:warden":1},"minecraft:custom":{"minecraft:time_since_rest":25982,"minecraft:talked_to_villager":1,"minecraft:leave_game":35,"minecraft:damage_taken":20045,"minecraft:mob_kills":1227,"minecraft:boat_one_cm":362262,"minecraft:time_since_death":25763,"minecraft:open_enderchest":105,"minecraft:interact_with_brewingstand":91,"minecraft:interact_with_furnace":321,"minecraft:interact_with_smithing_table":7,"minecraft:sleep_in_bed":8,"minecraft:inspect_dispenser":4,"minecraft:happy_ghast_one_cm":12184,"minecraft:swim_one_cm":395115,"minecraft:total_world_time":920977,"minecraft:crouch_one_cm":475464,"minecraft:climb_one_cm":136124,"minecraft:deaths":15,"minecraft:interact_with_stonecutter":22,"minecraft:player_kills":1,"minecraft:enchant_item":32,"minecraft:animals_bred":5,"minecraft:damage_blocked_by_shield":6088,"minecraft:interact_with_crafting_table":140,"minecraft:inspect_dropper":2,"minecraft:walk_one_cm":5284330,"minecraft:walk_under_water_one_cm":309107,"minecraft:horse_one_cm":8058,"minecraft:interact_with_lectern":1,"minecraft:damage_dealt":132024,"minecraft:play_time":920977,"minecraft:jump":38335,"minecraft:play_record":2,"minecraft:drop":341,"minecraft:open_barrel":109,"minecraft:sprint_one_cm":4143078,"minecraft:open_chest":1235,"minecraft:fill_cauldron":19,"minecraft:inspect_hopper":44,"minecraft:interact_with_smoker":40,"minecraft:fall_one_cm":1109177,"minecraft:fly_one_cm":8053872,"minecraft:interact_with_anvil":14,"minecraft:walk_on_water_one_cm":588334,"minecraft:sneak_time":48923,"minecraft:interact_with_blast_furnace":45,"minecraft:interact_with_grindstone":12},"minecraft:broken":{"minecraft:stone_shovel":2,"minecraft:iron_axe":2,"minecraft:iron_hoe":2,"minecraft:iron_leggings":1,"minecraft:iron_shovel":7,"minecraft:iron_pickaxe":8,"minecraft:stone_pickaxe":3,"minecraft:shears":1,"minecraft:diamond_hoe":1},"minecraft:crafted":{"minecraft:diamond_boots":1,"minecraft:gold_ingot":62,"minecraft:book":22,"minecraft:white_harness":1,"minecraft:birch_trapdoor":2,"minecraft:clock":1,"minecraft:stick":628,"minecraft:netherite_sword":1,"minecraft:diamond_axe":2,"minecraft:diamond_pickaxe":2,"minecraft:chest":44,"minecraft:pale_oak_fence":87,"minecraft:stone_slab":144,"minecraft:air":0,"minecraft:bucket":2,"minecraft:flint_and_steel":2,"minecraft:bone_meal":243,"minecraft:ladder":189,"minecraft:oak_stairs":28,"minecraft:dark_oak_planks":368,"minecraft:item_frame":1,"minecraft:cauldron":3,"minecraft:jukebox":1,"minecraft:stone_hoe":1,"minecraft:glass_bottle":63,"minecraft:glass":243,"minecraft:oak_sign":6,"minecraft:pale_oak_slab":24,"minecraft:quartz_block":64,"minecraft:iron_hoe":2,"minecraft:oak_button":52,"minecraft:oak_trapdoor":2,"minecraft:oak_planks":212,"minecraft:brewing_stand":2,"minecraft:gold_nugget":18,"minecraft:white_concrete_powder":368,"minecraft:sugar":13,"minecraft:stone_stairs":76,"minecraft:iron_shovel":8,"minecraft:iron_sword":3,"minecraft:shears":2,"minecraft:smoker":1,"minecraft:netherite_upgrade_smithing_template":10,"minecraft:stone_shovel":3,"minecraft:white_dye":63,"minecraft:lantern":32,"minecraft:netherite_helmet":1,"minecraft:birch_planks":120,"minecraft:stone_pickaxe":7,"minecraft:spruce_door":3,"minecraft:anvil":1,"minecraft:netherite_ingot":4,"minecraft:spruce_slab":18,"minecraft:oak_fence_gate":2,"minecraft:spruce_sign":3,"minecraft:barrel":4,"minecraft:composter":1,"minecraft:fermented_spider_eye":8,"minecraft:netherite_boots":2,"minecraft:diamond_chestplate":1,"minecraft:diamond_sword":1,"minecraft:golden_leggings":1,"minecraft:iron_nugget":261,"minecraft:emerald":27,"minecraft:netherite_scrap":19,"minecraft:paper":66,"minecraft:stone_brick_stairs":28,"minecraft:furnace":3,"minecraft:pale_oak_planks":828,"minecraft:spruce_trapdoor":196,"minecraft:spruce_boat":2,"minecraft:netherite_leggings":1,"minecraft:iron_ingot":117,"minecraft:diamond_hoe":2,"minecraft:lead":2,"minecraft:dark_oak_slab":30,"minecraft:diamond_helmet":1,"minecraft:bread":2,"minecraft:scaffolding":60,"minecraft:stone":277,"minecraft:crafting_table":9,"minecraft:netherite_chestplate":2,"minecraft:diamond_leggings":1,"minecraft:torch":320,"minecraft:spruce_stairs":32,"minecraft:baked_potato":510,"minecraft:birch_slab":6,"minecraft:tuff_brick_stairs":4,"minecraft:shield":4,"minecraft:spruce_planks":760,"minecraft:iron_pickaxe":10,"minecraft:netherite_pickaxe":1,"minecraft:birch_sign":6,"minecraft:iron_axe":6,"minecraft:spruce_button":3},"minecraft:killed":{"minecraft:slime":146,"minecraft:stray":130,"minecraft:skeleton":90,"minecraft:piglin":4,"minecraft:bat":1,"minecraft:silverfish":438,"minecraft:spider":42,"minecraft:zombie":200,"minecraft:cave_spider":59,"minecraft:glow_squid":1,"minecraft:rabbit":1,"minecraft:creeper":28,"minecraft:chicken":1,"minecraft:enderman":5,"minecraft:hoglin":1,"minecraft:squid":3,"minecraft:drowned":23,"minecraft:cow":6,"minecraft:breeze":30},"minecraft:picked_up":{"minecraft:tropical_fish":2,"minecraft:poisonous_potato":4,"minecraft:sweet_berries":71,"minecraft:pale_oak_log":341,"minecraft:stone_button":2,"minecraft:brewing_stand":1,"minecraft:cobblestone":889,"minecraft:saddle":1,"minecraft:flint":31,"minecraft:sugar_cane":107,"minecraft:redstone":58,"minecraft:bone":179,"minecraft:dark_oak_sign":2,"minecraft:birch_slab":1,"minecraft:flow_banner_pattern":1,"minecraft:glow_berries":7,"minecraft:clay_ball":112,"minecraft:iron_bars":1,"minecraft:slime_ball":110,"minecraft:iron_sword":1,"minecraft:diamond":59,"minecraft:granite":59,"minecraft:stone_brick_slab":4,"minecraft:emerald":69,"minecraft:chainmail_chestplate":1,"minecraft:pale_oak_sapling":34,"minecraft:flow_armor_trim_smithing_template":4,"minecraft:nether_wart":68,"minecraft:ink_sac":13,"minecraft:armor_stand":1,"minecraft:wildflowers":4,"minecraft:spruce_boat":21,"minecraft:bow":1,"minecraft:arrow":190,"minecraft:iron_ingot":8,"minecraft:dark_oak_planks":9,"minecraft:spruce_slab":2,"minecraft:enchanted_golden_apple":1,"minecraft:spore_blossom":4,"minecraft:crossbow":1,"minecraft:raw_gold":48,"minecraft:mace":1,"minecraft:dandelion":1,"minecraft:emerald_block":3,"minecraft:pale_oak_fence":2,"minecraft:mossy_stone_bricks":2,"minecraft:golden_carrot":9,"minecraft:iron_chestplate":1,"minecraft:spruce_planks":49,"minecraft:dirt":508,"minecraft:basalt":361,"minecraft:golden_boots":2,"minecraft:torch":139,"minecraft:dripstone_block":1,"minecraft:bread":4,"minecraft:spruce_log":234,"minecraft:iron_boots":1,"minecraft:oak_stairs":11,"minecraft:coal":321,"minecraft:oak_log":152,"minecraft:stone_stairs":14,"minecraft:sand":444,"minecraft:furnace":3,"minecraft:wheat_seeds":252,"minecraft:quartz":420,"minecraft:iron_leggings":1,"minecraft:waxed_copper_block":6,"minecraft:red_bed":1,"minecraft:birch_sapling":4,"minecraft:poppy":3,"minecraft:cooked_beef":13,"minecraft:white_wool":46,"minecraft:potion":20,"minecraft:spruce_fence":14,"minecraft:red_mushroom":2,"minecraft:snowball":5,"minecraft:chiseled_tuff_bricks":20,"minecraft:oak_button":4,"minecraft:andesite":52,"minecraft:oak_sign":8,"minecraft:mangrove_planks":5,"minecraft:diamond_hoe":1,"minecraft:ender_pearl":2,"minecraft:string":90,"minecraft:copper_ingot":1,"minecraft:obsidian":65,"minecraft:nether_wart_block":1,"minecraft:amethyst_shard":76,"minecraft:waxed_chiseled_copper":1,"minecraft:iron_helmet":1,"minecraft:soul_sand":21,"minecraft:enchanted_book":3,"minecraft:spruce_sapling":74,"minecraft:soul_soil":6,"minecraft:mangrove_log":1,"minecraft:breeze_rod":42,"minecraft:birch_sign":1,"minecraft:leather":5,"minecraft:honey_bottle":1,"minecraft:gold_nugget":290,"minecraft:stone_slab":1,"minecraft:lead":1,"minecraft:brown_mushroom":35,"minecraft:water_bucket":2,"minecraft:baked_potato":51,"minecraft:scaffolding":33,"minecraft:mangrove_slab":1,"minecraft:glow_ink_sac":3,"minecraft:oak_leaves":147,"minecraft:golden_apple":1,"minecraft:porkchop":8,"minecraft:waxed_oxidized_cut_copper":5,"minecraft:oak_trapdoor":6,"minecraft:stick":102,"minecraft:polished_tuff":6,"minecraft:white_concrete":395,"minecraft:redstone_torch":1,"minecraft:bamboo":81,"minecraft:black_wool":14,"minecraft:chicken":3,"minecraft:cooked_porkchop":7,"minecraft:cauldron":1,"minecraft:cooked_chicken":3,"minecraft:item_frame":1,"minecraft:stone_brick_wall":4,"minecraft:raw_iron":205,"minecraft:cobbled_deepslate":1184,"minecraft:pointed_dripstone":51,"minecraft:dead_bush":3,"minecraft:wheat":88,"minecraft:tuff_bricks":383,"minecraft:cherry_boat":26,"minecraft:spruce_door":2,"minecraft:gunpowder":14,"minecraft:chest":1,"minecraft:spruce_trapdoor":39,"minecraft:blackstone":355,"minecraft:deepslate_tile_wall":1,"minecraft:blaze_powder":9,"minecraft:netherrack":4575,"minecraft:pale_oak_slab":17,"minecraft:trident":2,"minecraft:magma_block":1,"minecraft:white_concrete_powder":7,"minecraft:waxed_exposed_copper_bulb":1,"minecraft:clock":1,"minecraft:gravel":228,"minecraft:tuff":1282,"minecraft:leaf_litter":611,"minecraft:phantom_membrane":2,"minecraft:pale_oak_planks":5,"minecraft:potato":1047,"minecraft:birch_log":30,"minecraft:music_disc_creator":3,"minecraft:lapis_lazuli":178,"minecraft:spider_eye":23,"minecraft:spruce_stairs":12,"minecraft:bone_meal":12,"minecraft:tipped_arrow":78,"minecraft:ominous_bottle":4,"minecraft:trial_key":6,"minecraft:diorite":32,"minecraft:flower_pot":1,"minecraft:oak_planks":14,"minecraft:crafting_table":16,"minecraft:ominous_trial_key":9,"minecraft:raw_copper":16,"minecraft:oak_sapling":42,"minecraft:red_candle":3,"minecraft:stone_brick_stairs":10,"minecraft:beef":7,"minecraft:rotten_flesh":213,"minecraft:wind_charge":84,"minecraft:ancient_debris":21,"minecraft:apple":6,"minecraft:jukebox":1,"minecraft:waxed_oxidized_copper":1,"minecraft:barrel":2,"minecraft:iron_hoe":1},"minecraft:mined":{"minecraft:spore_blossom":4,"minecraft:torch":36,"minecraft:dark_oak_wall_sign":1,"minecraft:pale_oak_sapling":3,"minecraft:spruce_log":241,"minecraft:nether_quartz_ore":439,"minecraft:chest":1,"minecraft:netherrack":9929,"minecraft:waxed_oxidized_cut_copper":3,"minecraft:amethyst_block":1,"minecraft:oak_button":2,"minecraft:brown_mushroom":40,"minecraft:spruce_planks":52,"minecraft:birch_log":31,"minecraft:sweet_berry_bush":15,"minecraft:large_fern":47,"minecraft:magma_block":1,"minecraft:obsidian":67,"minecraft:dark_oak_planks":10,"minecraft:waxed_oxidized_copper":7,"minecraft:cave_vines":1,"minecraft:white_concrete":396,"minecraft:blackstone":386,"minecraft:sculk_shrieker":28,"minecraft:bamboo":24,"minecraft:wall_torch":26,"minecraft:fern":68,"minecraft:fire":47,"minecraft:stone_brick_stairs":10,"minecraft:mangrove_planks":13,"minecraft:deepslate_diamond_ore":46,"minecraft:potatoes":314,"minecraft:dripstone_block":2,"minecraft:iron_ore":92,"minecraft:podzol":1,"minecraft:stone_slab":1,"minecraft:red_candle":1,"minecraft:glass":1,"minecraft:oak_planks":12,"minecraft:light_gray_stained_glass":8,"minecraft:cobblestone":209,"minecraft:pale_oak_fence":2,"minecraft:sugar_cane":115,"minecraft:white_concrete_powder":7,"minecraft:mangrove_leaves":3,"minecraft:oak_wall_sign":2,"minecraft:scaffolding":39,"minecraft:oak_leaves":260,"minecraft:furnace":3,"minecraft:birch_slab":1,"minecraft:brewing_stand":1,"minecraft:clay":26,"minecraft:spruce_stairs":12,"minecraft:iron_bars":1,"minecraft:tall_grass":11,"minecraft:waxed_copper_block":8,"minecraft:wildflowers":2,"minecraft:pointed_dripstone":2,"minecraft:tall_seagrass":1,"minecraft:dirt":298,"minecraft:water_cauldron":1,"minecraft:flower_pot":1,"minecraft:spruce_door":1,"minecraft:ladder":1,"minecraft:basalt":380,"minecraft:deepslate":1265,"minecraft:sand":890,"minecraft:seagrass":5,"minecraft:oak_log":156,"minecraft:lapis_ore":1,"minecraft:sculk":7702,"minecraft:red_bed":1,"minecraft:vine":13,"minecraft:gravel":371,"minecraft:short_grass":126,"minecraft:red_mushroom":2,"minecraft:sculk_catalyst":53,"minecraft:crafting_table":16,"minecraft:deepslate_redstone_ore":13,"minecraft:leaf_litter":184,"minecraft:black_wool":16,"minecraft:copper_ore":8,"minecraft:stone_brick_wall":4,"minecraft:waxed_exposed_copper_bulb":1,"minecraft:gold_ore":1,"minecraft:pale_oak_slab":21,"minecraft:andesite":71,"minecraft:deepslate_gold_ore":47,"minecraft:poppy":1,"minecraft:deepslate_lapis_ore":25,"minecraft:deepslate_iron_ore":119,"minecraft:amethyst_cluster":23,"minecraft:stone":1203,"minecraft:granite":93,"minecraft:spruce_fence":13,"minecraft:bush":1,"minecraft:coal_ore":225,"minecraft:diorite":49,"minecraft:sculk_sensor":394,"minecraft:wheat":94,"minecraft:ancient_debris":19,"minecraft:spruce_trapdoor":41,"minecraft:oak_trapdoor":6,"minecraft:birch_sign":1,"minecraft:sculk_vein":1822,"minecraft:soul_sand":25,"minecraft:soul_soil":6,"minecraft:powder_snow":18,"minecraft:waxed_chiseled_copper":1,"minecraft:barrel":2,"minecraft:oak_stairs":11,"minecraft:potted_dead_bush":1,"minecraft:nether_wart":23,"minecraft:big_dripleaf":1,"minecraft:mangrove_log":1,"minecraft:grass_block":667,"minecraft:cobweb":4,"minecraft:stone_brick_slab":3,"minecraft:spruce_leaves":94,"minecraft:chiseled_tuff_bricks":24,"minecraft:cobbled_deepslate":48,"minecraft:white_wool":47,"minecraft:tuff":1333,"minecraft:polished_tuff":8,"minecraft:tuff_bricks":408,"minecraft:stone_button":1,"minecraft:pale_oak_log":349,"minecraft:nether_gold_ore":87,"minecraft:pale_oak_leaves":16,"minecraft:deepslate_tile_wall":1,"minecraft:spruce_slab":3,"minecraft:pale_oak_planks":17,"minecraft:jukebox":1,"minecraft:dead_bush":2,"minecraft:stone_stairs":14},"minecraft:dropped":{"minecraft:soul_soil":6,"minecraft:andesite":16,"minecraft:magma_block":1,"minecraft:tropical_fish":2,"minecraft:gravel":31,"minecraft:bone":17,"minecraft:ink_sac":3,"minecraft:blackstone":206,"minecraft:tuff_bricks":20,"minecraft:mangrove_log":1,"minecraft:oak_sapling":5,"minecraft:soul_sand":17,"minecraft:cooked_chicken":2,"minecraft:redstone":14,"minecraft:tuff":45,"minecraft:birch_sign":4,"minecraft:spruce_stairs":6,"minecraft:arrow":52,"minecraft:dead_bush":3,"minecraft:gunpowder":10,"minecraft:stone_axe":1,"minecraft:baked_potato":2,"minecraft:diorite":17,"minecraft:tipped_arrow":47,"minecraft:rotten_flesh":83,"minecraft:stone_shovel":1,"minecraft:ancient_debris":2,"minecraft:iron_helmet":1,"minecraft:iron_chestplate":1,"minecraft:stone_sword":1,"minecraft:torch":25,"minecraft:birch_planks":3,"minecraft:bow":1,"minecraft:dirt":7,"minecraft:raw_copper":7,"minecraft:obsidian":5,"minecraft:honey_bottle":1,"minecraft:birch_trapdoor":1,"minecraft:brown_mushroom":1,"minecraft:cooked_beef":1,"minecraft:stone_hoe":1,"minecraft:slime_ball":110,"minecraft:pale_oak_slab":12,"minecraft:netherrack":3883,"minecraft:iron_axe":2,"minecraft:oak_planks":8,"minecraft:porkchop":8,"minecraft:red_candle":3,"minecraft:wheat":5,"minecraft:basalt":361,"minecraft:cobbled_deepslate":356,"minecraft:sugar_cane":6,"minecraft:wheat_seeds":52,"minecraft:flint_and_steel":1,"minecraft:waxed_chiseled_copper":1,"minecraft:spruce_trapdoor":3,"minecraft:flower_pot":1,"minecraft:stone_pickaxe":3,"minecraft:spruce_slab":5,"minecraft:mangrove_planks":4,"minecraft:chainmail_chestplate":1,"minecraft:string":65,"minecraft:golden_boots":2,"minecraft:stick":4,"minecraft:phantom_membrane":1,"minecraft:bread":3,"minecraft:spider_eye":15,"minecraft:waxed_oxidized_cut_copper":5,"minecraft:iron_boots":1,"minecraft:diamond_hoe":1,"minecraft:mossy_stone_bricks":2,"minecraft:ladder":25,"minecraft:oak_button":1,"minecraft:cobblestone":86,"minecraft:pointed_dripstone":49,"minecraft:spruce_planks":10,"minecraft:nether_wart_block":1,"minecraft:pale_oak_sapling":4,"minecraft:wind_charge":38,"minecraft:red_mushroom":1,"minecraft:potion":17,"minecraft:leather":1,"minecraft:iron_hoe":1,"minecraft:tuff_brick_stairs":3,"minecraft:quartz":43,"minecraft:granite":5,"minecraft:dripstone_block":1,"minecraft:diamond":12,"minecraft:wildflowers":4,"minecraft:poisonous_potato":3,"minecraft:birch_sapling":4,"minecraft:waxed_oxidized_copper":1,"minecraft:water_bucket":1,"minecraft:chiseled_tuff_bricks":1,"minecraft:leaf_litter":323,"minecraft:chicken":2,"minecraft:beef":3,"minecraft:flint":18,"minecraft:iron_sword":1,"minecraft:spruce_door":4,"minecraft:oak_trapdoor":2,"minecraft:gold_nugget":45,"minecraft:spruce_fence":10},"minecraft:used":{"minecraft:polished_tuff":70,"minecraft:stone_brick_wall":44,"minecraft:iron_axe":956,"minecraft:leaf_litter":250,"minecraft:stone_slab":73,"minecraft:diamond_hoe":9653,"minecraft:ominous_trial_key":9,"minecraft:birch_sign":3,"minecraft:diamond_sword":1158,"minecraft:potato":486,"minecraft:wheat_seeds":191,"minecraft:glow_berries":7,"minecraft:glass_bottle":11,"minecraft:glass":191,"minecraft:oak_sign":7,"minecraft:lantern":16,"minecraft:netherite_pickaxe":7807,"minecraft:cooked_porkchop":7,"minecraft:granite":54,"minecraft:iron_shovel":1857,"minecraft:chiseled_tuff_bricks":85,"minecraft:waxed_exposed_copper_bulb":1,"minecraft:cherry_boat":25,"minecraft:black_wool":18,"minecraft:oak_log":3,"minecraft:spruce_slab":1,"minecraft:diamond_axe":886,"minecraft:nether_wart":41,"minecraft:blackstone":7,"minecraft:snowball":5,"minecraft:jukebox":2,"minecraft:stone_pickaxe":614,"minecraft:armor_stand":1,"minecraft:bow":1,"minecraft:cobbled_deepslate":460,"minecraft:netherrack":547,"minecraft:spruce_boat":23,"minecraft:stone_shovel":403,"minecraft:birch_planks":2,"minecraft:bone_meal":191,"minecraft:item_frame":2,"minecraft:dark_oak_planks":7,"minecraft:anvil":1,"minecraft:dirt":498,"minecraft:obsidian":69,"minecraft:dark_oak_sign":3,"minecraft:wind_charge":12,"minecraft:spruce_planks":113,"minecraft:glow_ink_sac":3,"minecraft:iron_bars":9,"minecraft:pale_oak_fence":26,"minecraft:shears":300,"minecraft:mangrove_planks":13,"minecraft:stone_brick_stairs":38,"minecraft:bucket":856,"minecraft:oak_planks":10,"minecraft:sugar_cane":48,"minecraft:trial_key":6,"minecraft:stone_axe":73,"minecraft:oak_trapdoor":6,"minecraft:spruce_fence":4,"minecraft:netherite_sword":426,"minecraft:shield":66,"minecraft:birch_slab":2,"minecraft:iron_pickaxe":2266,"minecraft:spruce_stairs":34,"minecraft:andesite":7,"minecraft:pale_oak_sapling":30,"minecraft:dark_oak_log":2,"minecraft:waxed_copper_block":3,"minecraft:iron_sword":408,"minecraft:milk_bucket":48,"minecraft:stone_brick_slab":20,"minecraft:diamond_pickaxe":6471,"minecraft:ladder":80,"minecraft:stone_bricks":4,"minecraft:crossbow":38,"minecraft:tuff_brick_stairs":1,"minecraft:tuff":178,"minecraft:brewing_stand":3,"minecraft:stone_sword":96,"minecraft:sweet_berries":8,"minecraft:red_bed":1,"minecraft:pale_oak_slab":5,"minecraft:birch_trapdoor":1,"minecraft:ominous_bottle":3,"minecraft:tropical_fish_bucket":1,"minecraft:brown_mushroom":4,"minecraft:spruce_door":1,"minecraft:mace":14,"minecraft:pale_oak_planks":223,"minecraft:cobblestone":360,"minecraft:stone":25,"minecraft:axolotl_bucket":8,"minecraft:crafting_table":24,"minecraft:spruce_sign":1,"minecraft:spruce_trapdoor":214,"minecraft:red_mushroom":1,"minecraft:potion":17,"minecraft:oak_fence_gate":2,"minecraft:tuff_bricks":1162,"minecraft:baked_potato":555,"minecraft:scaffolding":84,"minecraft:smoker":1,"minecraft:spruce_log":9,"minecraft:stone_hoe":123,"minecraft:iron_hoe":499,"minecraft:spore_blossom":4,"minecraft:water_bucket":847,"minecraft:soul_sand":18,"minecraft:deepslate_tile_wall":62,"minecraft:furnace":6,"minecraft:white_concrete_powder":375,"minecraft:barrel":4,"minecraft:torch":397,"minecraft:bread":3,"minecraft:oak_button":52,"minecraft:white_concrete":292,"minecraft:stone_button":2,"minecraft:spruce_button":2,"minecraft:composter":1,"minecraft:stone_stairs":86,"minecraft:cooked_chicken":1,"minecraft:white_wool":53,"minecraft:oak_stairs":23,"minecraft:cooked_beef":12,"minecraft:flint_and_steel":26,"minecraft:redstone_torch":1,"minecraft:chest":10,"minecraft:cauldron":4,"minecraft:spruce_sapling":47}},"DataVersion":4440}