{"stats":{"minecraft:killed_by":{"minecraft:piglin_brute":1,"minecraft:skeleton":1,"minecraft:player":15,"minecraft:endermite":3,"minecraft:zombie":1},"minecraft:custom":{"minecraft:pig_one_cm":27835,"minecraft:time_since_rest":605,"minecraft:leave_game":40,"minecraft:damage_taken":25401,"minecraft:mob_kills":169,"minecraft:boat_one_cm":475096,"minecraft:damage_absorbed":90,"minecraft:time_since_death":594,"minecraft:interact_with_furnace":86,"minecraft:sleep_in_bed":12,"minecraft:inspect_dispenser":3,"minecraft:happy_ghast_one_cm":8099,"minecraft:swim_one_cm":250872,"minecraft:total_world_time":896801,"minecraft:crouch_one_cm":82304,"minecraft:climb_one_cm":102222,"minecraft:deaths":48,"minecraft:player_kills":9,"minecraft:animals_bred":17,"minecraft:damage_blocked_by_shield":1780,"minecraft:interact_with_crafting_table":141,"minecraft:walk_one_cm":2805741,"minecraft:walk_under_water_one_cm":141549,"minecraft:horse_one_cm":419,"minecraft:damage_dealt":32157,"minecraft:play_time":896801,"minecraft:jump":16622,"minecraft:play_record":1,"minecraft:drop":426,"minecraft:bell_ring":4,"minecraft:open_barrel":71,"minecraft:sprint_one_cm":3124677,"minecraft:open_chest":378,"minecraft:inspect_hopper":1,"minecraft:interact_with_smoker":10,"minecraft:fall_one_cm":380263,"minecraft:fly_one_cm":3839842,"minecraft:interact_with_anvil":19,"minecraft:walk_on_water_one_cm":218754,"minecraft:sneak_time":16728,"minecraft:interact_with_blast_furnace":3},"minecraft:broken":{"minecraft:iron_helmet":1,"minecraft:iron_leggings":1,"minecraft:stone_hoe":1,"minecraft:stone_axe":1,"minecraft:stone_pickaxe":2,"minecraft:iron_boots":1},"minecraft:crafted":{"minecraft:cooked_salmon":1,"minecraft:diamond_boots":1,"minecraft:spruce_hanging_sign":6,"minecraft:gold_ingot":81,"minecraft:book":3,"minecraft:map":3,"minecraft:stick":140,"minecraft:compass":2,"minecraft:minecart":2,"minecraft:cooked_porkchop":5,"minecraft:iron_helmet":1,"minecraft:diamond_axe":2,"minecraft:iron_block":6,"minecraft:diamond_pickaxe":2,"minecraft:chest":5,"minecraft:air":0,"minecraft:bucket":1,"minecraft:flint_and_steel":1,"minecraft:bone_meal":15,"minecraft:ladder":27,"minecraft:item_frame":4,"minecraft:stone_hoe":1,"minecraft:blast_furnace":1,"minecraft:mangrove_planks":112,"minecraft:iron_hoe":1,"minecraft:spruce_fence":3,"minecraft:mangrove_boat":1,"minecraft:enchanting_table":1,"minecraft:rail":16,"minecraft:iron_shovel":1,"minecraft:shears":2,"minecraft:smoker":1,"minecraft:lantern":1,"minecraft:hopper_minecart":2,"minecraft:hopper":2,"minecraft:stone_pickaxe":3,"minecraft:spruce_door":3,"minecraft:iron_boots":1,"minecraft:anvil":1,"minecraft:smooth_stone":3,"minecraft:spruce_slab":12,"minecraft:charcoal":4,"minecraft:wooden_pickaxe":1,"minecraft:spruce_sign":3,"minecraft:chain":2,"minecraft:diamond_chestplate":1,"minecraft:dried_kelp":42,"minecraft:diamond_sword":1,"minecraft:iron_nugget":18,"minecraft:wheat":9,"minecraft:paper":75,"minecraft:furnace":1,"minecraft:spruce_boat":1,"minecraft:iron_ingot":137,"minecraft:golden_boots":1,"minecraft:lead":4,"minecraft:diamond_helmet":1,"minecraft:bread":250,"minecraft:stone":4,"minecraft:hay_block":3,"minecraft:crafting_table":1,"minecraft:diamond_leggings":1,"minecraft:torch":8,"minecraft:white_bed":1,"minecraft:spruce_stairs":8,"minecraft:clay":2,"minecraft:shield":1,"minecraft:stone_axe":1,"minecraft:spruce_planks":176,"minecraft:iron_pickaxe":2,"minecraft:iron_axe":2,"minecraft:iron_leggings":1},"minecraft:killed":{"minecraft:pillager":1,"minecraft:skeleton":42,"minecraft:tropical_fish":1,"minecraft:pig":2,"minecraft:piglin_brute":2,"minecraft:witch":2,"minecraft:piglin":2,"minecraft:bat":2,"minecraft:wandering_trader":1,"minecraft:silverfish":13,"minecraft:spider":4,"minecraft:salmon":1,"minecraft:zombie":25,"minecraft:bogged":1,"minecraft:wither_skeleton":1,"minecraft:trader_llama":1,"minecraft:cave_spider":38,"minecraft:rabbit":2,"minecraft:creeper":5,"minecraft:hoglin":6,"minecraft:cow":2,"minecraft:magma_cube":1,"minecraft:ghast":1,"minecraft:breeze":11},"minecraft:picked_up":{"minecraft:name_tag":1,"minecraft:sweet_berries":4,"minecraft:enchanting_table":1,"minecraft:shears":1,"minecraft:cobblestone":697,"minecraft:brick":42,"minecraft:flint":10,"minecraft:sugar_cane":183,"minecraft:hopper_minecart":4,"minecraft:glow_lichen":6,"minecraft:redstone":4,"minecraft:bone":17,"minecraft:flow_banner_pattern":3,"minecraft:glow_berries":13,"minecraft:clay_ball":84,"minecraft:firefly_bush":5,"minecraft:stripped_spruce_log":6,"minecraft:diamond":56,"minecraft:granite":2,"minecraft:emerald":19,"minecraft:lily_pad":9,"minecraft:crimson_roots":5,"minecraft:flow_armor_trim_smithing_template":1,"minecraft:book":18,"minecraft:salmon":1,"minecraft:crimson_fungus":1,"minecraft:spruce_boat":27,"minecraft:gold_block":16,"minecraft:bow":1,"minecraft:arrow":25,"minecraft:iron_ingot":36,"minecraft:mangrove_door":1,"minecraft:spruce_slab":3,"minecraft:enchanted_golden_apple":2,"minecraft:crossbow":1,"minecraft:hay_block":3,"minecraft:raw_gold":5,"minecraft:azalea":2,"minecraft:firework_rocket":1,"minecraft:golden_carrot":3,"minecraft:spruce_planks":6,"minecraft:polished_blackstone_bricks":30,"minecraft:dirt":71,"minecraft:basalt":43,"minecraft:blue_egg":2,"minecraft:rail":16,"minecraft:rabbit_hide":2,"minecraft:bone_block":6,"minecraft:diamond_helmet":1,"minecraft:torch":29,"minecraft:diamond_pickaxe":1,"minecraft:mangrove_leaves":4,"minecraft:spruce_log":57,"minecraft:coal":114,"minecraft:sand":2,"minecraft:furnace":4,"minecraft:wheat_seeds":2070,"minecraft:quartz":2,"minecraft:egg":5,"minecraft:nether_bricks":5,"minecraft:diamond_sword":1,"minecraft:hopper":2,"minecraft:cooked_beef":27,"minecraft:white_wool":4,"minecraft:potion":2,"minecraft:snowball":110,"minecraft:andesite":18,"minecraft:mangrove_planks":16,"minecraft:rabbit_foot":1,"minecraft:ender_pearl":1,"minecraft:string":34,"minecraft:stone_bricks":4,"minecraft:obsidian":20,"minecraft:amethyst_shard":64,"minecraft:diamond_axe":1,"minecraft:spruce_sapling":2,"minecraft:rabbit":2,"minecraft:iron_block":1,"minecraft:scrape_pottery_sherd":1,"minecraft:mangrove_roots":8,"minecraft:soul_soil":6,"minecraft:mangrove_log":32,"minecraft:flowering_azalea":6,"minecraft:breeze_rod":15,"minecraft:white_bed":3,"minecraft:flow_pottery_sherd":1,"minecraft:leather":7,"minecraft:cracked_polished_blackstone_bricks":2,"minecraft:honey_bottle":1,"minecraft:gold_nugget":37,"minecraft:lead":11,"minecraft:wooden_axe":1,"minecraft:cod":1,"minecraft:moss_carpet":24,"minecraft:baked_potato":4,"minecraft:golden_apple":1,"minecraft:carved_pumpkin":1,"minecraft:porkchop":20,"minecraft:spruce_sign":2,"minecraft:stick":5,"minecraft:dark_oak_fence":8,"minecraft:leather_chestplate":1,"minecraft:nether_brick_stairs":1,"minecraft:moss_block":2,"minecraft:item_frame":2,"minecraft:raw_iron":124,"minecraft:cobbled_deepslate":176,"minecraft:diamond_chestplate":1,"minecraft:pumpkin_seeds":4,"minecraft:stone_axe":1,"minecraft:wheat":816,"minecraft:leather_helmet":1,"minecraft:tuff_bricks":11,"minecraft:map":1,"minecraft:gunpowder":4,"minecraft:blackstone":1,"minecraft:netherrack":196,"minecraft:short_grass":4,"minecraft:gravel":28,"minecraft:cooked_cod":1,"minecraft:potato":60,"minecraft:shield":2,"minecraft:pumpkin":1,"minecraft:spider_eye":4,"minecraft:spruce_stairs":3,"minecraft:bone_meal":4,"minecraft:tipped_arrow":4,"minecraft:ominous_bottle":1,"minecraft:trial_key":2,"minecraft:diorite":6,"minecraft:crafting_table":11,"minecraft:ominous_trial_key":6,"minecraft:beef":4,"minecraft:rotten_flesh":8,"minecraft:written_book":3,"minecraft:cake":1,"minecraft:wind_charge":48,"minecraft:music_disc_cat":1,"minecraft:glass_bottle":6,"minecraft:dried_ghast":18,"minecraft:iron_hoe":1,"minecraft:paper":37},"minecraft:mined":{"minecraft:torch":7,"minecraft:mangrove_roots":9,"minecraft:spruce_log":57,"minecraft:nether_quartz_ore":6,"minecraft:smooth_basalt":1,"minecraft:netherrack":275,"minecraft:bone_block":6,"minecraft:amethyst_block":1,"minecraft:oak_button":1,"minecraft:sweet_berry_bush":1,"minecraft:obsidian":20,"minecraft:cave_vines":1,"minecraft:stripped_spruce_log":6,"minecraft:blackstone":5,"minecraft:moss_block":2,"minecraft:gold_block":16,"minecraft:diamond_ore":3,"minecraft:wall_torch":18,"minecraft:fern":2,"minecraft:decorated_pot":13,"minecraft:fire":17,"minecraft:mangrove_planks":18,"minecraft:deepslate_diamond_ore":46,"minecraft:potatoes":19,"minecraft:mangrove_propagule":1,"minecraft:iron_ore":69,"minecraft:podzol":3,"minecraft:oak_planks":1,"minecraft:light_gray_stained_glass":2,"minecraft:cobblestone":35,"minecraft:sugar_cane":135,"minecraft:mangrove_leaves":32,"minecraft:furnace":4,"minecraft:clay":33,"minecraft:spruce_stairs":3,"minecraft:crimson_roots":8,"minecraft:tall_grass":148,"minecraft:waxed_copper_block":2,"minecraft:lily_pad":2,"minecraft:rail":2,"minecraft:dirt":34,"minecraft:crimson_fungus":1,"minecraft:hopper":2,"minecraft:soul_fire":1,"minecraft:moss_carpet":3,"minecraft:basalt":50,"minecraft:deepslate":199,"minecraft:sand":1,"minecraft:snow":98,"minecraft:spruce_sign":2,"minecraft:vine":23,"minecraft:gravel":45,"minecraft:short_grass":75,"minecraft:waxed_copper_grate":2,"minecraft:cracked_polished_blackstone_bricks":9,"minecraft:crafting_table":11,"minecraft:copper_ore":9,"minecraft:firefly_bush":10,"minecraft:gold_ore":5,"minecraft:nether_brick_stairs":1,"minecraft:andesite":55,"minecraft:cave_vines_plant":2,"minecraft:ice":4,"minecraft:nether_bricks":5,"minecraft:deepslate_iron_ore":57,"minecraft:amethyst_cluster":29,"minecraft:stone":580,"minecraft:stone_bricks":4,"minecraft:granite":26,"minecraft:coal_ore":30,"minecraft:diorite":15,"minecraft:wheat":810,"minecraft:hay_block":2,"minecraft:dried_ghast":18,"minecraft:mangrove_door":1,"minecraft:white_bed":3,"minecraft:soul_sand":1,"minecraft:bookshelf":6,"minecraft:crimson_nylium":1,"minecraft:soul_soil":6,"minecraft:glow_lichen":6,"minecraft:dark_oak_fence":7,"minecraft:enchanting_table":1,"minecraft:polished_blackstone_bricks":34,"minecraft:mangrove_log":32,"minecraft:grass_block":42,"minecraft:cobweb":8,"minecraft:spruce_leaves":8,"minecraft:chiseled_tuff_bricks":2,"minecraft:cobbled_deepslate":7,"minecraft:carved_pumpkin":1,"minecraft:white_wool":3,"minecraft:tuff":26,"minecraft:polished_tuff":2,"minecraft:tuff_bricks":11,"minecraft:nether_gold_ore":10,"minecraft:calcite":1,"minecraft:spruce_slab":3,"minecraft:dead_bush":1},"minecraft:dropped":{"minecraft:lily_pad":1,"minecraft:iron_axe":2,"minecraft:glow_berries":4,"minecraft:andesite":10,"minecraft:wheat":6,"minecraft:flow_banner_pattern":1,"minecraft:mangrove_roots":4,"minecraft:lead":1,"minecraft:basalt":6,"minecraft:crimson_roots":5,"minecraft:gravel":15,"minecraft:cobbled_deepslate":52,"minecraft:bone":1,"minecraft:sugar_cane":8,"minecraft:wheat_seeds":242,"minecraft:iron_ingot":31,"minecraft:flint_and_steel":1,"minecraft:tuff_bricks":9,"minecraft:paper":50,"minecraft:moss_block":1,"minecraft:shield":1,"minecraft:mangrove_planks":13,"minecraft:mangrove_door":1,"minecraft:name_tag":1,"minecraft:diamond_pickaxe":1,"minecraft:golden_boots":1,"minecraft:polished_blackstone_bricks":7,"minecraft:clay_ball":20,"minecraft:stick":14,"minecraft:arrow":6,"minecraft:crimson_fungus":1,"minecraft:white_bed":1,"minecraft:dried_kelp":29,"minecraft:wooden_axe":1,"minecraft:gunpowder":2,"minecraft:bread":41,"minecraft:spider_eye":2,"minecraft:firefly_bush":2,"minecraft:stone_axe":1,"minecraft:iron_pickaxe":2,"minecraft:snowball":80,"minecraft:leather_helmet":1,"minecraft:spruce_hanging_sign":5,"minecraft:baked_potato":4,"minecraft:tipped_arrow":3,"minecraft:rotten_flesh":4,"minecraft:cobblestone":288,"minecraft:iron_chestplate":1,"minecraft:torch":3,"minecraft:bow":1,"minecraft:dried_ghast":4,"minecraft:potion":1,"minecraft:golden_axe":1,"minecraft:dirt":10,"minecraft:leather":2,"minecraft:iron_hoe":1,"minecraft:obsidian":4,"minecraft:diamond_chestplate":1,"minecraft:gold_block":8,"minecraft:moss_carpet":6,"minecraft:shears":2,"minecraft:diamond":17,"minecraft:emerald":6,"minecraft:rail":14,"minecraft:coal":10,"minecraft:spruce_boat":1,"minecraft:honey_bottle":3,"minecraft:glass_bottle":5,"minecraft:stone_bricks":4,"minecraft:cooked_beef":4,"minecraft:beef":4,"minecraft:mangrove_boat":1,"minecraft:diamond_sword":1,"minecraft:flint":6,"minecraft:raw_iron":1,"minecraft:short_grass":4,"minecraft:netherite_upgrade_smithing_template":1,"minecraft:golden_helmet":1,"minecraft:amethyst_shard":64,"minecraft:netherrack":31,"minecraft:cod":1,"minecraft:cooked_porkchop":2},"minecraft:used":{"minecraft:iron_axe":145,"minecraft:ominous_trial_key":5,"minecraft:clay":2,"minecraft:diamond_sword":139,"minecraft:potato":60,"minecraft:wheat_seeds":1100,"minecraft:glow_berries":18,"minecraft:wooden_axe":12,"minecraft:golden_boots":1,"minecraft:lantern":1,"minecraft:cooked_porkchop":7,"minecraft:granite":2,"minecraft:iron_shovel":170,"minecraft:hay_block":2,"minecraft:firefly_bush":3,"minecraft:spruce_slab":10,"minecraft:diamond_axe":829,"minecraft:blackstone":1,"minecraft:hopper_minecart":4,"minecraft:stone_pickaxe":297,"minecraft:spruce_hanging_sign":1,"minecraft:cobbled_deepslate":55,"minecraft:netherrack":101,"minecraft:mangrove_roots":1,"minecraft:spruce_boat":27,"minecraft:dried_ghast":12,"minecraft:bone_meal":16,"minecraft:item_frame":7,"minecraft:anvil":1,"minecraft:blue_egg":2,"minecraft:dirt":59,"minecraft:written_book":5,"minecraft:honey_bottle":2,"minecraft:cooked_salmon":1,"minecraft:obsidian":10,"minecraft:glow_lichen":4,"minecraft:sand":2,"minecraft:wind_charge":21,"minecraft:spruce_planks":64,"minecraft:basalt":37,"minecraft:cooked_cod":1,"minecraft:rail":2,"minecraft:shears":14,"minecraft:mangrove_planks":26,"minecraft:bucket":159,"minecraft:porkchop":2,"minecraft:sugar_cane":21,"minecraft:trial_key":1,"minecraft:stone_axe":80,"minecraft:spruce_fence":1,"minecraft:nether_bricks":4,"minecraft:shield":23,"minecraft:iron_pickaxe":14,"minecraft:spruce_stairs":7,"minecraft:andesite":8,"minecraft:firework_rocket":1,"minecraft:golden_carrot":3,"minecraft:diamond_pickaxe":1366,"minecraft:crossbow":4,"minecraft:dark_oak_fence":3,"minecraft:blast_furnace":1,"minecraft:sweet_berries":4,"minecraft:lava_bucket":1,"minecraft:diorite":6,"minecraft:ominous_bottle":1,"minecraft:wooden_pickaxe":30,"minecraft:spruce_door":1,"minecraft:cobblestone":195,"minecraft:diamond_chestplate":1,"minecraft:hopper":2,"minecraft:golden_apple":3,"minecraft:axolotl_bucket":2,"minecraft:crafting_table":11,"minecraft:spruce_sign":4,"minecraft:potion":1,"minecraft:white_bed":3,"minecraft:bone_block":6,"minecraft:smoker":1,"minecraft:soul_soil":6,"minecraft:spruce_log":7,"minecraft:stone_hoe":134,"minecraft:pumpkin":1,"minecraft:iron_hoe":204,"minecraft:rabbit":2,"minecraft:water_bucket":156,"minecraft:furnace":2,"minecraft:torch":31,"minecraft:bread":146,"minecraft:iron_boots":1,"minecraft:polished_blackstone_bricks":9,"minecraft:dried_kelp":13,"minecraft:gravel":5,"minecraft:cooked_beef":11,"minecraft:flint_and_steel":4,"minecraft:cracked_polished_blackstone_bricks":2,"minecraft:chest":3,"minecraft:iron_helmet":1,"minecraft:egg":5,"minecraft:leather_helmet":1}},"DataVersion":4440}