{"stats":{"minecraft:dropped":{"minecraft:rotten_flesh":1,"minecraft:stone_shovel":1,"minecraft:bone_meal":1,"minecraft:stone_sword":1,"minecraft:stone_axe":1,"minecraft:stone_pickaxe":1,"minecraft:diamond_sword":1},"minecraft:picked_up":{"minecraft:enchanted_book":1,"minecraft:carrot":50,"minecraft:spruce_sapling":2,"minecraft:dirt":9,"minecraft:cobblestone":87,"minecraft:diamond_helmet":1,"minecraft:white_bed":1,"minecraft:leather":2,"minecraft:spruce_log":7,"minecraft:coal":18,"minecraft:potato":1,"minecraft:diamond":32,"minecraft:scaffolding":3,"minecraft:spider_eye":1,"minecraft:bone_meal":1,"minecraft:diamond_sword":2,"minecraft:stick":1,"minecraft:diamond_boots":1,"minecraft:bow":1,"minecraft:crafting_table":1,"minecraft:rotten_flesh":1,"minecraft:beef":1,"minecraft:cobbled_deepslate":6,"minecraft:diamond_chestplate":1,"minecraft:spruce_door":1,"minecraft:diamond_leggings":1},"minecraft:custom":{"minecraft:time_since_rest":8438,"minecraft:leave_game":5,"minecraft:damage_taken":11405,"minecraft:mob_kills":2,"minecraft:boat_one_cm":861,"minecraft:damage_absorbed":40,"minecraft:time_since_death":8430,"minecraft:total_world_time":35638,"minecraft:crouch_one_cm":10030,"minecraft:deaths":13,"minecraft:climb_one_cm":21525,"minecraft:damage_dealt_resisted":147,"minecraft:interact_with_crafting_table":8,"minecraft:walk_one_cm":340355,"minecraft:horse_one_cm":2772,"minecraft:walk_under_water_one_cm":2566,"minecraft:play_time":35638,"minecraft:damage_dealt":314,"minecraft:jump":2974,"minecraft:drop":7,"minecraft:open_barrel":7,"minecraft:sprint_one_cm":335397,"minecraft:open_chest":92,"minecraft:interact_with_smoker":3,"minecraft:fall_one_cm":128783,"minecraft:fly_one_cm":796981,"minecraft:walk_on_water_one_cm":1981,"minecraft:sneak_time":656,"minecraft:interact_with_blast_furnace":1},"minecraft:killed_by":{"minecraft:player":1,"minecraft:silverfish":2,"minecraft:creaking":2},"minecraft:crafted":{"minecraft:iron_ingot":90,"minecraft:spruce_door":3,"minecraft:iron_chestplate":1,"minecraft:iron_boots":1,"minecraft:crafting_table":1,"minecraft:stick":8,"minecraft:spruce_sign":3,"minecraft:iron_helmet":1,"minecraft:chest":2,"minecraft:spruce_planks":44,"minecraft:iron_pickaxe":1,"minecraft:iron_shovel":1,"minecraft:iron_sword":1,"minecraft:iron_axe":1,"minecraft:iron_leggings":1},"minecraft:killed":{"minecraft:mooshroom":1,"minecraft:spider":1},"minecraft:used":{"minecraft:stone_axe":4,"minecraft:iron_axe":16,"minecraft:stone_sword":5,"minecraft:cobbled_deepslate":3,"minecraft:iron_pickaxe":144,"minecraft:spruce_door":2,"minecraft:diamond_sword":11,"minecraft:potato":1,"minecraft:iron_sword":2,"minecraft:cobblestone":28,"minecraft:stone_shovel":1,"minecraft:golden_apple":3,"minecraft:carrot":29,"minecraft:crafting_table":2,"minecraft:spyglass":34,"minecraft:chest":2,"minecraft:spruce_sign":3,"minecraft:beef":1,"minecraft:white_bed":1,"minecraft:stone_pickaxe":41,"minecraft:dirt":5,"minecraft:iron_shovel":5},"minecraft:mined":{"minecraft:powder_snow":3,"minecraft:spruce_door":1,"minecraft:deepslate":10,"minecraft:dirt":11,"minecraft:spruce_log":7,"minecraft:crafting_table":1,"minecraft:mycelium":3,"minecraft:coal_ore":18,"minecraft:cobblestone":4,"minecraft:stone":153,"minecraft:soul_fire":1,"minecraft:white_bed":1}},"DataVersion":4440}