{"stats":{"minecraft:killed_by":{"minecraft:player":23,"minecraft:enderman":2,"minecraft:creaking":1,"minecraft:stray":1,"minecraft:piglin":1,"minecraft:warden":2,"minecraft:zombie":4},"minecraft:custom":{"minecraft:eat_cake_slice":2,"minecraft:time_since_rest":1427150,"minecraft:leave_game":80,"minecraft:boat_one_cm":3395989,"minecraft:damage_absorbed":41,"minecraft:time_since_death":1427132,"minecraft:interact_with_furnace":201,"minecraft:happy_ghast_one_cm":3524630,"minecraft:total_world_time":7803962,"minecraft:crouch_one_cm":1232303,"minecraft:raid_win":2,"minecraft:climb_one_cm":272208,"minecraft:deaths":68,"minecraft:interact_with_stonecutter":34,"minecraft:fish_caught":213,"minecraft:damage_dealt_resisted":31,"minecraft:animals_bred":325,"minecraft:minecart_one_cm":31860,"minecraft:traded_with_villager":18,"minecraft:damage_blocked_by_shield":7876,"minecraft:interact_with_crafting_table":547,"minecraft:inspect_dropper":72,"minecraft:walk_one_cm":25893155,"minecraft:walk_under_water_one_cm":827827,"minecraft:horse_one_cm":103515,"minecraft:damage_dealt":495017,"minecraft:play_time":7803962,"minecraft:jump":101595,"minecraft:play_record":32,"minecraft:target_hit":10,"minecraft:sprint_one_cm":21778723,"minecraft:fill_cauldron":3,"minecraft:inspect_hopper":237,"minecraft:fly_one_cm":17714786,"minecraft:walk_on_water_one_cm":504917,"minecraft:interact_with_grindstone":63,"minecraft:talked_to_villager":76,"minecraft:damage_taken":79526,"minecraft:mob_kills":9604,"minecraft:open_shulker_box":2,"minecraft:interact_with_beacon":11,"minecraft:open_enderchest":82,"minecraft:interact_with_brewingstand":8,"minecraft:interact_with_smithing_table":20,"minecraft:sleep_in_bed":16,"minecraft:inspect_dispenser":105,"minecraft:swim_one_cm":619373,"minecraft:pot_flower":1,"minecraft:player_kills":11,"minecraft:enchant_item":104,"minecraft:interact_with_loom":1,"minecraft:play_noteblock":47,"minecraft:interact_with_lectern":79,"minecraft:drop":3666,"minecraft:use_cauldron":73,"minecraft:open_barrel":575,"minecraft:open_chest":6962,"minecraft:fall_one_cm":4140216,"minecraft:tune_noteblock":18,"minecraft:interact_with_anvil":74,"minecraft:sneak_time":255457,"minecraft:raid_trigger":1},"minecraft:broken":{"minecraft:stone_shovel":1,"minecraft:iron_helmet":1,"minecraft:iron_pickaxe":2,"minecraft:stone_sword":1,"minecraft:stone_pickaxe":11,"minecraft:iron_boots":1,"minecraft:leather_chestplate":1},"minecraft:crafted":{"minecraft:quartz_slab":16,"minecraft:wind_charge":1796,"minecraft:waxed_oxidized_cut_copper":64,"minecraft:oak_fence":6,"minecraft:painting":2,"minecraft:smooth_quartz_slab":30,"minecraft:diamond_pickaxe":3,"minecraft:bookshelf":23,"minecraft:dark_oak_wood":45,"minecraft:bow":2,"minecraft:repeater":37,"minecraft:bucket":31,"minecraft:ladder":45,"minecraft:dark_oak_planks":812,"minecraft:yellow_stained_glass":8,"minecraft:white_stained_glass":8,"minecraft:oak_sign":9,"minecraft:cobblestone_slab":90,"minecraft:spruce_fence":15,"minecraft:wooden_hoe":1,"minecraft:cobbled_deepslate_slab":282,"minecraft:redstone_block":75,"minecraft:comparator":8,"minecraft:cooked_mutton":34,"minecraft:ward_armor_trim_smithing_template":2,"minecraft:iron_door":6,"minecraft:iron_boots":1,"minecraft:chiseled_polished_blackstone":21,"minecraft:stonecutter":2,"minecraft:cherry_planks":304,"minecraft:brick":16,"minecraft:armor_stand":3,"minecraft:furnace":19,"minecraft:waxed_cut_copper_stairs":28,"minecraft:black_stained_glass_pane":224,"minecraft:diamond_helmet":3,"minecraft:waxed_oxidized_cut_copper_stairs":40,"minecraft:raw_iron_block":9,"minecraft:diamond_leggings":2,"minecraft:enchanted_book":4,"minecraft:baked_potato":248,"minecraft:clay":84,"minecraft:observer":9,"minecraft:iron_axe":1,"minecraft:polished_blackstone_stairs":256,"minecraft:piston":32,"minecraft:cobblestone_stairs":108,"minecraft:cooked_salmon":16,"minecraft:diamond_boots":4,"minecraft:spruce_hanging_sign":6,"minecraft:writable_book":22,"minecraft:raw_gold_block":15,"minecraft:cherry_boat":1,"minecraft:soul_lantern":36,"minecraft:stick":812,"minecraft:white_stained_glass_pane":16,"minecraft:smooth_stone_slab":12,"minecraft:black_dye":46,"minecraft:cooked_porkchop":3,"minecraft:iron_helmet":1,"minecraft:spruce_chest_boat":2,"minecraft:bolt_armor_trim_smithing_template":2,"minecraft:polished_andesite":24,"minecraft:light_gray_dye":21,"minecraft:bone_meal":2013,"minecraft:spyglass":1,"minecraft:polished_blackstone_brick_stairs":132,"minecraft:stone_button":10,"minecraft:yellow_stained_glass_pane":16,"minecraft:flower_pot":1,"minecraft:light_gray_stained_glass":24,"minecraft:slime_block":28,"minecraft:iron_sword":1,"minecraft:fishing_rod":10,"minecraft:cyan_terracotta":48,"minecraft:stone_pickaxe":10,"minecraft:smooth_quartz_stairs":48,"minecraft:emerald_block":7,"minecraft:red_stained_glass_pane":32,"minecraft:light_gray_concrete_powder":32,"minecraft:polished_blackstone":976,"minecraft:iron_nugget":351,"minecraft:cherry_trapdoor":4,"minecraft:stone_brick_stairs":128,"minecraft:black_carpet":15,"minecraft:black_bed":10,"minecraft:spruce_boat":15,"minecraft:crafting_table":32,"minecraft:spruce_pressure_plate":5,"minecraft:polished_blackstone_brick_slab":30,"minecraft:birch_slab":18,"minecraft:saddle":2,"minecraft:raw_gold":135,"minecraft:spruce_planks":2946,"minecraft:iron_leggings":2,"minecraft:gold_ingot":44,"minecraft:book":93,"minecraft:iron_chestplate":1,"minecraft:glass_pane":192,"minecraft:polished_blackstone_bricks":120,"minecraft:birch_trapdoor":6,"minecraft:lever":3,"minecraft:stone_bricks":2368,"minecraft:chest":153,"minecraft:iron_block":598,"minecraft:stone_slab":90,"minecraft:cyan_dye":6,"minecraft:waxed_cut_copper_slab":126,"minecraft:flint_and_steel":1,"minecraft:pale_oak_door":3,"minecraft:item_frame":7,"minecraft:cauldron":1,"minecraft:jukebox":2,"minecraft:dispenser":8,"minecraft:diamond_shovel":2,"minecraft:sticky_piston":34,"minecraft:glass":12,"minecraft:brush":1,"minecraft:polished_blackstone_slab":156,"minecraft:soul_torch":172,"minecraft:campfire":38,"minecraft:yellow_dye":2,"minecraft:polished_diorite":16,"minecraft:spruce_door":9,"minecraft:bone_block":189,"minecraft:smooth_stone":3,"minecraft:charcoal":30,"minecraft:diamond":72,"minecraft:blue_dye":4,"minecraft:spruce_sign":68,"minecraft:barrel":21,"minecraft:red_stained_glass":16,"minecraft:waxed_cut_copper":84,"minecraft:iron_bars":16,"minecraft:raw_iron":90,"minecraft:paper":258,"minecraft:grindstone":1,"minecraft:iron_ingot":1097,"minecraft:pale_oak_trapdoor":26,"minecraft:tuff_brick_slab":18,"minecraft:lead":158,"minecraft:scaffolding":150,"minecraft:redstone_lamp":5,"minecraft:stone":46,"minecraft:spruce_stairs":266,"minecraft:shield":3,"minecraft:black_concrete_powder":192,"minecraft:diamond_block":43,"minecraft:black_stained_glass":88,"minecraft:spruce_button":8,"minecraft:golden_apple":2,"minecraft:smithing_table":1,"minecraft:gray_dye":8,"minecraft:stone_brick_slab":138,"minecraft:cherry_slab":12,"minecraft:diamond_axe":1,"minecraft:cobblestone_wall":36,"minecraft:air":0,"minecraft:redstone":504,"minecraft:red_dye":2,"minecraft:pale_oak_slab":48,"minecraft:quartz_block":102,"minecraft:redstone_torch":186,"minecraft:written_book":1,"minecraft:oak_button":1,"minecraft:bundle":4,"minecraft:oak_planks":212,"minecraft:cooked_cod":56,"minecraft:light_gray_stained_glass_pane":64,"minecraft:blue_stained_glass_pane":16,"minecraft:shears":1,"minecraft:iron_shovel":1,"minecraft:andesite":64,"minecraft:white_dye":17,"minecraft:lantern":1,"minecraft:birch_planks":56,"minecraft:hopper":97,"minecraft:note_block":1,"minecraft:anvil":3,"minecraft:netherite_ingot":1,"minecraft:spruce_slab":408,"minecraft:glowstone":5,"minecraft:composter":3,"minecraft:chain":6,"minecraft:diamond_sword":6,"minecraft:blue_stained_glass":8,"minecraft:emerald":144,"minecraft:pale_oak_planks":68,"minecraft:spruce_trapdoor":134,"minecraft:gold_block":23,"minecraft:chiseled_bookshelf":2,"minecraft:copper_ingot":93,"minecraft:bread":39,"minecraft:dark_oak_sign":162,"minecraft:torch":164,"minecraft:dropper":23,"minecraft:lectern":1,"minecraft:iron_pickaxe":11},"minecraft:killed":{"minecraft:zombified_piglin":39,"minecraft:stray":210,"minecraft:pig":2,"minecraft:mooshroom":24,"minecraft:piglin":5,"minecraft:zoglin":20,"minecraft:vindicator":13,"minecraft:ravager":3,"minecraft:bat":11,"minecraft:silverfish":6038,"minecraft:zombie":257,"minecraft:snow_golem":1,"minecraft:zombie_villager":4,"minecraft:chicken":19,"minecraft:squid":46,"minecraft:drowned":3,"minecraft:cow":71,"minecraft:wolf":1,"minecraft:slime":331,"minecraft:pillager":88,"minecraft:skeleton":803,"minecraft:iron_golem":1,"minecraft:witch":6,"minecraft:spider":153,"minecraft:allay":1,"minecraft:bogged":11,"minecraft:wither":1,"minecraft:husk":490,"minecraft:cave_spider":236,"minecraft:creeper":21,"minecraft:hoglin":1,"minecraft:sheep":141,"minecraft:enderman":2,"minecraft:vex":3,"minecraft:ghast":2,"minecraft:breeze":243},"minecraft:picked_up":{"minecraft:enchanting_table":2,"minecraft:sweet_berries":120,"minecraft:pale_oak_log":20,"minecraft:smooth_stone_slab":5,"minecraft:cobblestone":2204,"minecraft:brick":8,"minecraft:gold_ore":6,"minecraft:rose_bush":3,"minecraft:cooked_mutton":368,"minecraft:clay_ball":72,"minecraft:waxed_copper_grate":766,"minecraft:white_banner":12,"minecraft:emerald":273,"minecraft:chainmail_chestplate":1,"minecraft:pale_oak_sapling":7,"minecraft:redstone_ore":5,"minecraft:sugar":10,"minecraft:ink_sac":149,"minecraft:waxed_cut_copper_stairs":7,"minecraft:large_amethyst_bud":8,"minecraft:cherry_button":1,"minecraft:chainmail_helmet":1,"minecraft:birch_boat":6,"minecraft:arrow":1670,"minecraft:smooth_basalt":240,"minecraft:cactus":4,"minecraft:dandelion":1,"minecraft:lava_bucket":2,"minecraft:mutton":38,"minecraft:golden_carrot":64,"minecraft:iron_chestplate":2,"minecraft:polished_blackstone_bricks":114,"minecraft:brown_wool":2,"minecraft:rabbit_hide":2,"minecraft:stonecutter":3,"minecraft:oak_log":180,"minecraft:sand":423,"minecraft:furnace":8,"minecraft:wheat_seeds":2302,"minecraft:black_bed":7,"minecraft:iron_ore":28,"minecraft:leather_leggings":8,"minecraft:white_shulker_box":1,"minecraft:egg":8,"minecraft:yellow_stained_glass_pane":1,"minecraft:red_mushroom":29,"minecraft:snowball":48,"minecraft:ender_pearl":2,"minecraft:string":494,"minecraft:stone_bricks":1246,"minecraft:obsidian":20,"minecraft:leather_boots":4,"minecraft:waxed_copper_bulb":18,"minecraft:comparator":2,"minecraft:ender_chest":11,"minecraft:spruce_sapling":182,"minecraft:exposed_copper_bulb":1,"minecraft:slime_block":18,"minecraft:cherry_fence":1,"minecraft:honey_bottle":21,"minecraft:cyan_terracotta":1,"minecraft:glass_pane":1,"minecraft:scaffolding":60,"minecraft:spruce_sign":51,"minecraft:deepslate_lapis_ore":16,"minecraft:stick":250,"minecraft:bamboo":71,"minecraft:deepslate_redstone_ore":1,"minecraft:smooth_quartz_slab":43,"minecraft:iron_axe":3,"minecraft:deepslate":5238,"minecraft:item_frame":48,"minecraft:raw_iron":208,"minecraft:spruce_hanging_sign":4,"minecraft:waxed_oxidized_copper_grate":50,"minecraft:lapis_ore":1,"minecraft:oxidized_copper_grate":1,"minecraft:black_concrete_powder":15,"minecraft:leather_helmet":5,"minecraft:cherry_planks":25,"minecraft:cobbled_deepslate_slab":460,"minecraft:netherrack":4,"minecraft:pale_oak_slab":8,"minecraft:wither_rose":4,"minecraft:stone":8410,"minecraft:gravel":288,"minecraft:waxed_oxidized_copper_door":1,"minecraft:oxidized_copper_bulb":9,"minecraft:shield":10,"minecraft:cherry_sapling":358,"minecraft:brown_egg":1,"minecraft:netherite_chestplate":2,"minecraft:dispenser":1,"minecraft:red_candle":15,"minecraft:rotten_flesh":1481,"minecraft:written_book":1,"minecraft:polished_blackstone_brick_wall":3,"minecraft:apple":17,"minecraft:iron_nugget":8,"minecraft:jukebox":2,"minecraft:waxed_weathered_copper_bulb":12,"minecraft:black_stained_glass_pane":11,"minecraft:tropical_fish":9,"minecraft:light_blue_dye":2,"minecraft:polished_andesite":2,"minecraft:brewing_stand":3,"minecraft:glass":32,"minecraft:composter":12,"minecraft:candle":5,"minecraft:redstone":355,"minecraft:deepslate_tiles":96,"minecraft:music_disc_creator_music_box":1,"minecraft:birch_slab":25,"minecraft:glow_berries":1,"minecraft:diamond":184,"minecraft:slime_ball":430,"minecraft:granite":304,"minecraft:dark_oak_sapling":6,"minecraft:stone_brick_slab":16,"minecraft:lily_pad":1,"minecraft:crimson_roots":1,"minecraft:packed_ice":1,"minecraft:charcoal":34,"minecraft:gold_block":104,"minecraft:observer":6,"minecraft:smooth_quartz_stairs":20,"minecraft:enchanted_golden_apple":24,"minecraft:chiseled_sandstone":2,"minecraft:polished_blackstone_brick_stairs":2,"minecraft:raw_gold":161,"minecraft:deepslate_bricks":3,"minecraft:polished_blackstone":690,"minecraft:crying_obsidian":2,"minecraft:pale_oak_sign":1,"minecraft:spruce_planks":1093,"minecraft:polished_blackstone_slab":15,"minecraft:dirt":707,"minecraft:light_gray_stained_glass_pane":2,"minecraft:bone_block":60,"minecraft:torch":299,"minecraft:cherry_log":495,"minecraft:bread":50,"minecraft:coal":104,"minecraft:snow":2,"minecraft:splash_potion":27,"minecraft:light_gray_stained_glass":14,"minecraft:anvil":7,"minecraft:wooden_hoe":1,"minecraft:waxed_copper_block":530,"minecraft:poppy":6,"minecraft:soul_lantern":1,"minecraft:potion":53,"minecraft:spruce_fence":7,"minecraft:polished_blackstone_stairs":6,"minecraft:deepslate_tile_slab":88,"minecraft:mycelium":11,"minecraft:ladder":4,"minecraft:coal_ore":55,"minecraft:weathered_copper_bulb":1,"minecraft:breeze_rod":1190,"minecraft:gold_nugget":29,"minecraft:stone_slab":21,"minecraft:water_bucket":4,"minecraft:cod":221,"minecraft:baked_potato":269,"minecraft:melon_seeds":1,"minecraft:copper_block":1,"minecraft:oak_leaves":24,"minecraft:waxed_oxidized_cut_copper":36,"minecraft:copper_ore":23,"minecraft:resin_block":1,"minecraft:fire_charge":1,"minecraft:golden_chestplate":7,"minecraft:honey_block":1,"minecraft:pointed_dripstone":60,"minecraft:glowstone_dust":4,"minecraft:pumpkin_seeds":1,"minecraft:wheat":903,"minecraft:map":21,"minecraft:tuff_brick_slab":17,"minecraft:damaged_anvil":5,"minecraft:cherry_slab":7,"minecraft:gunpowder":50,"minecraft:blackstone":85,"minecraft:waxed_cut_copper_slab":121,"minecraft:lever":10,"minecraft:amethyst_cluster":155,"minecraft:sea_lantern":2,"minecraft:leaf_litter":152,"minecraft:grass_block":6,"minecraft:pale_oak_boat":5,"minecraft:music_disc_creator":5,"minecraft:piston":9,"minecraft:bone_meal":64,"minecraft:campfire":7,"minecraft:decorated_pot":16,"minecraft:oak_sapling":14,"minecraft:wither_skeleton_skull":6,"minecraft:cake":1,"minecraft:wind_charge":225,"minecraft:cocoa_beans":6,"minecraft:deepslate_copper_ore":18,"minecraft:cobblestone_wall":16,"minecraft:cherry_sign":1,"minecraft:minecart":3,"minecraft:small_amethyst_bud":2,"minecraft:saddle":14,"minecraft:bee_nest":2,"minecraft:sugar_cane":234,"minecraft:bone":1243,"minecraft:quartz_slab":10,"minecraft:waxed_oxidized_cut_copper_slab":9,"minecraft:stripped_spruce_log":14,"minecraft:iron_sword":1,"minecraft:deepslate_diamond_ore":41,"minecraft:book":6,"minecraft:armor_stand":23,"minecraft:light_gray_concrete":12,"minecraft:wildflowers":18,"minecraft:bow":45,"minecraft:iron_ingot":71,"minecraft:spruce_slab":184,"minecraft:crossbow":18,"minecraft:golden_leggings":6,"minecraft:firework_rocket":124,"minecraft:nautilus_shell":17,"minecraft:waxed_cut_copper":40,"minecraft:black_dye":18,"minecraft:cobblestone_stairs":69,"minecraft:oxeye_daisy":1,"minecraft:quartz":351,"minecraft:diamond_sword":11,"minecraft:dried_kelp":4,"minecraft:chiseled_tuff_bricks":268,"minecraft:oak_button":1,"minecraft:oak_sign":4,"minecraft:green_bed":1,"minecraft:dark_oak_wood":32,"minecraft:golden_sword":18,"minecraft:smithing_table":2,"minecraft:writable_book":8,"minecraft:polished_diorite":2,"minecraft:nether_wart_block":1,"minecraft:pale_oak_trapdoor":2,"minecraft:chain":13,"minecraft:cornflower":1,"minecraft:enchanted_book":24,"minecraft:iron_block":306,"minecraft:spruce_fence_gate":5,"minecraft:tripwire_hook":2,"minecraft:white_bed":2,"minecraft:fishing_rod":9,"minecraft:bucket":1,"minecraft:guster_banner_pattern":2,"minecraft:leather":358,"minecraft:cyan_wool":1,"minecraft:lead":270,"minecraft:wooden_axe":1,"minecraft:armadillo_scute":2,"minecraft:ghast_tear":1,"minecraft:music_disc_tears":25,"minecraft:porkchop":3,"minecraft:dropper":3,"minecraft:white_concrete":1,"minecraft:redstone_torch":42,"minecraft:polished_tuff":350,"minecraft:cooked_porkchop":2114,"minecraft:cauldron":19,"minecraft:cookie":16,"minecraft:budding_amethyst":13,"minecraft:red_carpet":27,"minecraft:diamond_chestplate":6,"minecraft:dead_bush":1,"minecraft:mossy_cobblestone":12,"minecraft:netherite_leggings":2,"minecraft:cherry_boat":4,"minecraft:spruce_door":4,"minecraft:chest":102,"minecraft:pink_petals":8,"minecraft:beacon":2,"minecraft:note_block":1,"minecraft:waxed_exposed_copper_bulb":5,"minecraft:waxed_oxidized_copper_trapdoor":26,"minecraft:quartz_block":27,"minecraft:tuff":407,"minecraft:phantom_membrane":20,"minecraft:potato":606,"minecraft:terracotta":5,"minecraft:lapis_lazuli":146,"minecraft:spruce_stairs":178,"minecraft:ominous_bottle":17,"minecraft:trial_key":90,"minecraft:waxed_oxidized_cut_copper_stairs":73,"minecraft:pufferfish":27,"minecraft:oak_planks":244,"minecraft:raw_copper":109,"minecraft:stone_brick_stairs":66,"minecraft:purple_bed":1,"minecraft:cherry_trapdoor":4,"minecraft:calcite":637,"minecraft:iron_door":10,"minecraft:poisonous_potato":3,"minecraft:name_tag":8,"minecraft:glow_item_frame":1,"minecraft:stone_button":13,"minecraft:music_disc_ward":4,"minecraft:flint":74,"minecraft:glow_lichen":38,"minecraft:dark_oak_sign":15,"minecraft:flow_banner_pattern":7,"minecraft:firefly_bush":2,"minecraft:lantern":1,"minecraft:chipped_anvil":3,"minecraft:echo_shard":192,"minecraft:deepslate_iron_ore":74,"minecraft:spruce_button":7,"minecraft:flow_armor_trim_smithing_template":9,"minecraft:nether_wart":41,"minecraft:salmon":65,"minecraft:ward_armor_trim_smithing_template":1,"minecraft:spruce_boat":74,"minecraft:bowl":2,"minecraft:dark_oak_planks":43,"minecraft:chest_minecart":1,"minecraft:emerald_block":23,"minecraft:beetroot":240,"minecraft:rail":8,"minecraft:blue_wool":39,"minecraft:diamond_helmet":1,"minecraft:black_carpet":3,"minecraft:iron_shovel":3,"minecraft:diamond_pickaxe":3,"minecraft:dripstone_block":29,"minecraft:spruce_log":705,"minecraft:stone_stairs":9,"minecraft:oak_fence":17,"minecraft:birch_planks":85,"minecraft:smooth_quartz":91,"minecraft:andesite_stairs":1,"minecraft:hopper":31,"minecraft:cooked_beef":490,"minecraft:polished_blackstone_brick_slab":7,"minecraft:nether_star":1,"minecraft:white_wool":6,"minecraft:feather":14,"minecraft:red_glazed_terracotta":3,"minecraft:rooted_dirt":8,"minecraft:andesite":321,"minecraft:raw_iron_block":1,"minecraft:copper_ingot":1,"minecraft:amethyst_shard":176,"minecraft:waxed_chiseled_copper":23,"minecraft:filled_map":35,"minecraft:soul_sand":59,"minecraft:diamond_axe":4,"minecraft:carrot":178,"minecraft:rabbit":2,"minecraft:black_concrete":166,"minecraft:cracked_polished_blackstone_bricks":3,"minecraft:medium_amethyst_bud":7,"minecraft:netherite_boots":2,"minecraft:allay_spawn_egg":8,"minecraft:chiseled_tuff":6,"minecraft:gold_ingot":3,"minecraft:copper_grate":1,"minecraft:glow_ink_sac":3,"minecraft:golden_apple":3,"minecraft:polished_tuff_slab":1,"minecraft:painting":9,"minecraft:deepslate_coal_ore":30,"minecraft:black_wool":175,"minecraft:chicken":2,"minecraft:leather_chestplate":5,"minecraft:repeater":54,"minecraft:cooked_chicken":20,"minecraft:grindstone":2,"minecraft:kelp":53,"minecraft:cobbled_deepslate":2759,"minecraft:amethyst_block":579,"minecraft:tuff_bricks":1389,"minecraft:netherite_helmet":1,"minecraft:spruce_trapdoor":88,"minecraft:chainmail_leggings":3,"minecraft:white_stained_glass":1,"minecraft:polished_deepslate":5,"minecraft:birch_trapdoor":4,"minecraft:soul_torch":3,"minecraft:pale_oak_planks":40,"minecraft:deepslate_gold_ore":63,"minecraft:birch_log":23,"minecraft:sticky_piston":44,"minecraft:diamond_block":22,"minecraft:spider_eye":240,"minecraft:dark_oak_log":40,"minecraft:tipped_arrow":247,"minecraft:diorite":222,"minecraft:wooden_pickaxe":3,"minecraft:spruce_chest_boat":3,"minecraft:golden_helmet":7,"minecraft:crafting_table":32,"minecraft:ominous_trial_key":106,"minecraft:beef":3,"minecraft:cobblestone_slab":91,"minecraft:glass_bottle":19,"minecraft:oak_slab":1,"minecraft:blue_bed":1,"minecraft:waxed_oxidized_copper":206,"minecraft:barrel":17,"minecraft:paper":10},"minecraft:mined":{"minecraft:torch":159,"minecraft:dark_oak_wall_sign":5,"minecraft:note_block":1,"minecraft:lever":9,"minecraft:dispenser":1,"minecraft:spruce_log":705,"minecraft:nether_quartz_ore":83,"minecraft:chest":102,"minecraft:netherrack":15,"minecraft:suspicious_gravel":1,"minecraft:black_concrete":172,"minecraft:beacon":2,"minecraft:spruce_sapling":3,"minecraft:bone_block":11,"minecraft:waxed_oxidized_cut_copper":42,"minecraft:oxidized_cut_copper_stairs":1,"minecraft:spruce_planks":820,"minecraft:honey_block":1,"minecraft:birch_log":1,"minecraft:sweet_berry_bush":19,"minecraft:large_fern":7,"minecraft:smooth_quartz":95,"minecraft:dark_oak_planks":17,"minecraft:redstone_torch":5,"minecraft:blue_bed":1,"minecraft:waxed_weathered_copper_bulb":13,"minecraft:blackstone":37,"minecraft:anvil":5,"minecraft:sticky_piston":39,"minecraft:grindstone":2,"minecraft:deepslate_bricks":4,"minecraft:pale_oak_sign":1,"minecraft:campfire":9,"minecraft:gold_block":104,"minecraft:polished_blackstone_brick_slab":9,"minecraft:diamond_ore":4,"minecraft:wall_torch":55,"minecraft:copper_grate":1,"minecraft:fire":344,"minecraft:smithing_table":2,"minecraft:ender_chest":9,"minecraft:polished_blackstone":721,"minecraft:dripstone_block":40,"minecraft:deepslate_tiles":36,"minecraft:polished_blackstone_slab":15,"minecraft:spruce_hanging_sign":3,"minecraft:glass_pane":2,"minecraft:dark_oak_log":37,"minecraft:chain":21,"minecraft:spruce_wall_sign":5,"minecraft:stone_slab":19,"minecraft:dandelion":1,"minecraft:glass":36,"minecraft:diamond_block":15,"minecraft:kelp":68,"minecraft:waxed_oxidized_copper_trapdoor":28,"minecraft:cherry_leaves":34,"minecraft:scaffolding":41,"minecraft:oak_leaves":48,"minecraft:rooted_dirt":8,"minecraft:birch_slab":12,"minecraft:brewing_stand":3,"minecraft:clay":18,"minecraft:spruce_stairs":111,"minecraft:rose_bush":2,"minecraft:chiseled_sandstone":3,"minecraft:deepslate_copper_ore":25,"minecraft:spruce_button":5,"minecraft:large_amethyst_bud":7,"minecraft:tall_grass":3,"minecraft:waxed_copper_block":562,"minecraft:deepslate_tile_slab":97,"minecraft:polished_tuff_slab":6,"minecraft:chipped_anvil":3,"minecraft:cobbled_deepslate_slab":385,"minecraft:tripwire":2,"minecraft:pink_petals":9,"minecraft:medium_amethyst_bud":7,"minecraft:flower_pot":2,"minecraft:soul_fire":3,"minecraft:spruce_door":3,"minecraft:sand":38,"minecraft:white_banner":3,"minecraft:quartz_block":28,"minecraft:seagrass":4,"minecraft:spruce_sign":31,"minecraft:oxidized_copper":2,"minecraft:stonecutter":3,"minecraft:waxed_cut_copper_slab":121,"minecraft:lapis_ore":18,"minecraft:oxidized_copper_trapdoor":1,"minecraft:black_bed":7,"minecraft:sea_lantern":2,"minecraft:terracotta":4,"minecraft:carrots":46,"minecraft:weathered_copper_bulb":1,"minecraft:short_grass":31,"minecraft:red_mushroom":21,"minecraft:dirt_path":1,"minecraft:infested_stone":4,"minecraft:crafting_table":35,"minecraft:deepslate_redstone_ore":18,"minecraft:leaf_litter":30,"minecraft:redstone_wall_torch":8,"minecraft:copper_ore":54,"minecraft:raw_iron_block":1,"minecraft:waxed_exposed_copper_bulb":7,"minecraft:black_stained_glass_pane":10,"minecraft:oxidized_copper_grate":1,"minecraft:cyan_terracotta":1,"minecraft:budding_amethyst":16,"minecraft:light_gray_stained_glass_pane":3,"minecraft:cauldron":17,"minecraft:cactus":3,"minecraft:polished_blackstone_brick_wall":3,"minecraft:iron_block":245,"minecraft:birch_planks":87,"minecraft:birch_trapdoor":5,"minecraft:stone_bricks":713,"minecraft:dropper":1,"minecraft:bush":1,"minecraft:wheat":913,"minecraft:bee_nest":2,"minecraft:white_stained_glass":1,"minecraft:soul_sand":8,"minecraft:barrel":18,"minecraft:mossy_cobblestone":4,"minecraft:nether_wart":14,"minecraft:grass_block":174,"minecraft:stone_brick_slab":16,"minecraft:smooth_quartz_slab":40,"minecraft:tuff_bricks":1521,"minecraft:damaged_anvil":5,"minecraft:calcite":514,"minecraft:spruce_slab":126,"minecraft:emerald_block":16,"minecraft:jukebox":3,"minecraft:cherry_sign":1,"minecraft:polished_blackstone_stairs":6,"minecraft:comparator":2,"minecraft:smooth_basalt":289,"minecraft:cherry_fence":6,"minecraft:oak_sign":1,"minecraft:waxed_oxidized_cut_copper_stairs":87,"minecraft:amethyst_block":319,"minecraft:oak_button":2,"minecraft:oxidized_cut_copper":2,"minecraft:cherry_trapdoor":4,"minecraft:oxeye_daisy":1,"minecraft:obsidian":18,"minecraft:waxed_oxidized_copper_grate":76,"minecraft:waxed_oxidized_copper":236,"minecraft:cave_vines":2,"minecraft:white_concrete":1,"minecraft:piston":9,"minecraft:stripped_spruce_log":14,"minecraft:iron_door":10,"minecraft:birch_leaves":1,"minecraft:oak_fence":33,"minecraft:repeater":47,"minecraft:bamboo":15,"minecraft:waxed_cut_copper_stairs":8,"minecraft:infested_cobblestone":1,"minecraft:decorated_pot":45,"minecraft:fern":1,"minecraft:stone_brick_stairs":53,"minecraft:kelp_plant":17,"minecraft:black_carpet":3,"minecraft:deepslate_diamond_ore":73,"minecraft:potatoes":133,"minecraft:pale_oak_trapdoor":2,"minecraft:light_gray_concrete":12,"minecraft:pink_bed":1,"minecraft:copper_block":1,"minecraft:iron_ore":123,"minecraft:podzol":1,"minecraft:red_candle":5,"minecraft:oak_planks":274,"minecraft:cobblestone":454,"minecraft:light_gray_stained_glass":22,"minecraft:tuff_brick_slab":3,"minecraft:sugar_cane":176,"minecraft:spruce_fence_gate":5,"minecraft:polished_diorite":2,"minecraft:furnace":8,"minecraft:quartz_slab":10,"minecraft:deepslate_coal_ore":29,"minecraft:waxed_cut_copper":44,"minecraft:wildflowers":2,"minecraft:pointed_dripstone":21,"minecraft:purple_bed":1,"minecraft:rail":2,"minecraft:dirt":1320,"minecraft:cobblestone_wall":16,"minecraft:hopper":31,"minecraft:oxidized_copper_bulb":9,"minecraft:ladder":12,"minecraft:deepslate":9767,"minecraft:cherry_planks":34,"minecraft:snow":149,"minecraft:cherry_slab":4,"minecraft:oak_log":175,"minecraft:infested_deepslate":6,"minecraft:yellow_stained_glass_pane":1,"minecraft:redstone_ore":15,"minecraft:cherry_log":500,"minecraft:sculk":12,"minecraft:spawner":1,"minecraft:waxed_oxidized_cut_copper_slab":12,"minecraft:polished_blackstone_brick_stairs":2,"minecraft:brown_wool":1,"minecraft:oak_slab":1,"minecraft:small_amethyst_bud":2,"minecraft:exposed_copper_bulb":1,"minecraft:gravel":353,"minecraft:waxed_copper_grate":849,"minecraft:red_carpet":27,"minecraft:cracked_polished_blackstone_bricks":3,"minecraft:lilac":2,"minecraft:black_wool":2,"minecraft:firefly_bush":1,"minecraft:gold_ore":22,"minecraft:chiseled_tuff":12,"minecraft:pale_oak_slab":8,"minecraft:andesite":1056,"minecraft:chiseled_bookshelf":1,"minecraft:deepslate_gold_ore":133,"minecraft:ice":5,"minecraft:dark_oak_leaves":5,"minecraft:poppy":1,"minecraft:deepslate_lapis_ore":20,"minecraft:deepslate_iron_ore":151,"minecraft:waxed_copper_bulb":19,"minecraft:green_bed":1,"minecraft:amethyst_cluster":47,"minecraft:stone":17709,"minecraft:granite":784,"minecraft:cobblestone_stairs":70,"minecraft:spruce_fence":11,"minecraft:coal_ore":151,"minecraft:diorite":634,"minecraft:spruce_trapdoor":73,"minecraft:white_bed":2,"minecraft:dark_oak_sign":1,"minecraft:cherry_sapling":10,"minecraft:polished_deepslate":5,"minecraft:composter":12,"minecraft:bookshelf":1,"minecraft:slime_block":11,"minecraft:candle":3,"minecraft:black_concrete_powder":15,"minecraft:glow_lichen":37,"minecraft:polished_blackstone_bricks":120,"minecraft:waxed_chiseled_copper":33,"minecraft:creaking_heart":1,"minecraft:red_glazed_terracotta":5,"minecraft:observer":6,"minecraft:cobweb":115,"minecraft:spruce_leaves":136,"minecraft:smooth_quartz_stairs":22,"minecraft:chiseled_tuff_bricks":288,"minecraft:cobbled_deepslate":767,"minecraft:tuff":710,"minecraft:polished_tuff":372,"minecraft:stone_button":6,"minecraft:cherry_button":1,"minecraft:pale_oak_log":20,"minecraft:pale_oak_planks":53,"minecraft:polished_andesite":2,"minecraft:cobblestone_slab":108,"minecraft:cornflower":1,"minecraft:redstone_wire":209},"minecraft:dropped":{"minecraft:andesite":97,"minecraft:sweet_berries":42,"minecraft:vex_armor_trim_smithing_template":3,"minecraft:stripped_spruce_log":4,"minecraft:nether_brick":50,"minecraft:bone":650,"minecraft:brown_egg":1,"minecraft:poppy":1601,"minecraft:cobblestone_slab":6,"minecraft:breeze_rod":57,"minecraft:blackstone":113,"minecraft:tuff_bricks":60,"minecraft:spruce_sign":8,"minecraft:raw_gold":7,"minecraft:oak_sapling":40,"minecraft:cooked_chicken":2,"minecraft:name_tag":1,"minecraft:amethyst_block":313,"minecraft:redstone":19,"minecraft:golden_carrot":7,"minecraft:tuff":221,"minecraft:book":2,"minecraft:milk_bucket":3,"minecraft:iron_leggings":4,"minecraft:deepslate_coal_ore":15,"minecraft:scaffolding":172,"minecraft:gunpowder":8,"minecraft:dried_kelp":33,"minecraft:waxed_weathered_copper_bulb":1,"minecraft:smooth_basalt":1,"minecraft:stone_axe":2,"minecraft:cooked_mutton":41,"minecraft:glow_lichen":10,"minecraft:iron_pickaxe":2,"minecraft:dark_oak_log":15,"minecraft:bone_block":33,"minecraft:baked_potato":76,"minecraft:diorite":46,"minecraft:iron_helmet":2,"minecraft:torch":25,"minecraft:stone_sword":2,"minecraft:leather_leggings":6,"minecraft:bow":19,"minecraft:pufferfish":3,"minecraft:bucket":1,"minecraft:black_wool":73,"minecraft:raw_copper":80,"minecraft:stone":1716,"minecraft:sand":29,"minecraft:chest":2,"minecraft:stone_brick_stairs":20,"minecraft:shears":1,"minecraft:ender_chest":2,"minecraft:spruce_boat":15,"minecraft:decorated_pot":10,"minecraft:apple":1,"minecraft:stone_slab":5,"minecraft:cooked_beef":75,"minecraft:iron_block":92,"minecraft:wooden_pickaxe":1,"minecraft:item_frame":5,"minecraft:dropper":2,"minecraft:waxed_copper_grate":37,"minecraft:slime_ball":70,"minecraft:golden_helmet":5,"minecraft:cooked_porkchop":2283,"minecraft:white_banner":3,"minecraft:glow_ink_sac":1,"minecraft:iron_axe":5,"minecraft:tripwire_hook":1,"minecraft:iron_shovel":5,"minecraft:glow_berries":1,"minecraft:packed_ice":5,"minecraft:iron_door":1,"minecraft:tuff_brick_slab":14,"minecraft:cobbled_deepslate":5309,"minecraft:egg":124,"minecraft:spruce_fence_gate":3,"minecraft:sugar_cane":32,"minecraft:chain":2,"minecraft:paper":15,"minecraft:deepslate_iron_ore":1,"minecraft:stone_pickaxe":2,"minecraft:shield":9,"minecraft:white_shulker_box":1,"minecraft:calcite":265,"minecraft:nether_star":1,"minecraft:amethyst_cluster":142,"minecraft:string":288,"minecraft:golden_boots":1,"minecraft:polished_blackstone_bricks":60,"minecraft:oak_sign":1,"minecraft:mycelium":11,"minecraft:bread":15,"minecraft:spider_eye":111,"minecraft:cobblestone":90,"minecraft:copper_ore":7,"minecraft:spruce_planks":94,"minecraft:leather_boots":3,"minecraft:potion":14,"minecraft:diamond_helmet":1,"minecraft:white_wool":2,"minecraft:leather":134,"minecraft:diamond_chestplate":1,"minecraft:waxed_oxidized_cut_copper_slab":1,"minecraft:splash_potion":2,"minecraft:moss_carpet":1,"minecraft:cobbled_deepslate_slab":87,"minecraft:large_amethyst_bud":1,"minecraft:waxed_copper_block":48,"minecraft:wildflowers":3,"minecraft:bone_meal":102,"minecraft:stone_button":1,"minecraft:chiseled_tuff_bricks":21,"minecraft:deepslate_tiles":63,"minecraft:iron_sword":1,"minecraft:pink_petals":3,"minecraft:fishing_rod":10,"minecraft:amethyst_shard":35,"minecraft:writable_book":3,"minecraft:stone_stairs":9,"minecraft:echo_shard":128,"minecraft:dark_oak_sign":1,"minecraft:waxed_oxidized_copper_grate":29,"minecraft:crimson_roots":1,"minecraft:tropical_fish":1,"minecraft:gravel":55,"minecraft:ink_sac":1,"minecraft:netherite_chestplate":1,"minecraft:enchanted_book":2,"minecraft:moss_block":1,"minecraft:crossbow":19,"minecraft:soul_sand":4,"minecraft:filled_map":18,"minecraft:diamond_block":1,"minecraft:black_bed":1,"minecraft:polished_tuff_slab":1,"minecraft:leather_chestplate":3,"minecraft:bush":1,"minecraft:spruce_stairs":42,"minecraft:arrow":1743,"minecraft:spruce_sapling":22,"minecraft:carrot":97,"minecraft:redstone_torch":13,"minecraft:deepslate":3780,"minecraft:dead_bush":1,"minecraft:enchanted_golden_apple":18,"minecraft:barrel":1,"minecraft:tipped_arrow":567,"minecraft:rotten_flesh":963,"minecraft:stone_shovel":1,"minecraft:candle":2,"minecraft:chainmail_leggings":3,"minecraft:iron_chestplate":1,"minecraft:ominous_trial_key":59,"minecraft:cherry_sapling":53,"minecraft:dirt":135,"minecraft:black_dye":18,"minecraft:golden_chestplate":6,"minecraft:blue_wool":27,"minecraft:waxed_oxidized_cut_copper_stairs":10,"minecraft:cherry_sign":1,"minecraft:oak_fence":10,"minecraft:ender_pearl":10,"minecraft:emerald":56,"minecraft:honey_bottle":1,"minecraft:potato":146,"minecraft:glass_bottle":18,"minecraft:stone_hoe":1,"minecraft:silence_armor_trim_smithing_template":1,"minecraft:written_book":3,"minecraft:waxed_exposed_copper_bulb":2,"minecraft:lapis_lazuli":36,"minecraft:deepslate_copper_ore":4,"minecraft:oak_planks":9,"minecraft:mossy_cobblestone":4,"minecraft:lead":43,"minecraft:chainmail_helmet":2,"minecraft:wheat_seeds":822,"minecraft:iron_ingot":59,"minecraft:spruce_slab":69,"minecraft:polished_tuff":61,"minecraft:light_gray_wool":1,"minecraft:dark_oak_sapling":11,"minecraft:diamond_pickaxe":3,"minecraft:deepslate_lapis_ore":1,"minecraft:hopper":1,"minecraft:snow":2,"minecraft:stick":31,"minecraft:coal_ore":5,"minecraft:pale_oak_planks":2,"minecraft:waxed_oxidized_cut_copper":1,"minecraft:iron_boots":1,"minecraft:leather_helmet":4,"minecraft:melon_seeds":1,"minecraft:red_carpet":2,"minecraft:pointed_dripstone":5,"minecraft:nautilus_shell":15,"minecraft:nether_wart_block":1,"minecraft:wooden_hoe":2,"minecraft:waxed_cut_copper_slab":27,"minecraft:rabbit":1,"minecraft:resin_brick":2,"minecraft:wind_charge":110,"minecraft:red_mushroom":17,"minecraft:firework_rocket":508,"minecraft:iron_hoe":1,"minecraft:cherry_slab":4,"minecraft:granite":55,"minecraft:cherry_log":382,"minecraft:ward_armor_trim_smithing_template":9,"minecraft:diamond":25,"minecraft:feather":8,"minecraft:golden_sword":20,"minecraft:brown_wool":2,"minecraft:dispenser":1,"minecraft:cherry_leaves":2,"minecraft:poisonous_potato":1,"minecraft:waxed_oxidized_copper":21,"minecraft:water_bucket":3,"minecraft:chiseled_tuff":1,"minecraft:trial_key":36,"minecraft:light_gray_stained_glass":14,"minecraft:stone_bricks":280,"minecraft:resin_block":1,"minecraft:leaf_litter":279,"minecraft:chicken":1,"minecraft:flint":41,"minecraft:diamond_sword":11,"minecraft:golden_leggings":4,"minecraft:mud_brick_slab":1,"minecraft:fern":1,"minecraft:cod":54},"minecraft:used":{"minecraft:polished_tuff":228,"minecraft:diamond_helmet":1,"minecraft:kelp":28,"minecraft:yellow_stained_glass_pane":11,"minecraft:white_banner":1,"minecraft:diamond_sword":7578,"minecraft:cobbled_deepslate_slab":519,"minecraft:cherry_planks":34,"minecraft:campfire":36,"minecraft:wheat_seeds":933,"minecraft:glass":199,"minecraft:waxed_oxidized_cut_copper_slab":5,"minecraft:brush":106,"minecraft:polished_blackstone":1561,"minecraft:quartz_block":28,"minecraft:decorated_pot":2,"minecraft:deepslate_tile_slab":153,"minecraft:light_gray_stained_glass_pane":46,"minecraft:damaged_anvil":5,"minecraft:cherry_boat":3,"minecraft:polished_blackstone_slab":167,"minecraft:light_gray_concrete_powder":16,"minecraft:sea_lantern":14,"minecraft:spruce_slab":345,"minecraft:stonecutter":3,"minecraft:diamond_axe":5290,"minecraft:poppy":1,"minecraft:snowball":43,"minecraft:calcite":212,"minecraft:pointed_dripstone":17,"minecraft:armor_stand":25,"minecraft:cherry_button":2,"minecraft:large_amethyst_bud":3,"minecraft:spruce_hanging_sign":7,"minecraft:iron_leggings":3,"minecraft:cobbled_deepslate":1600,"minecraft:gilded_blackstone":3,"minecraft:polished_diorite":2,"minecraft:leather_chestplate":1,"minecraft:dark_oak_wood":24,"minecraft:pale_oak_trapdoor":26,"minecraft:golden_leggings":2,"minecraft:stone_shovel":131,"minecraft:honey_block":1,"minecraft:anvil":9,"minecraft:white_stained_glass_pane":14,"minecraft:waxed_cut_copper":14,"minecraft:budding_amethyst":1,"minecraft:written_book":19,"minecraft:cooked_salmon":16,"minecraft:sand":50,"minecraft:wind_charge":1909,"minecraft:small_amethyst_bud":2,"minecraft:glow_ink_sac":4,"minecraft:shears":74,"minecraft:waxed_oxidized_copper_grate":15,"minecraft:bucket":800,"minecraft:blue_stained_glass_pane":5,"minecraft:oak_sapling":3,"minecraft:flower_pot":1,"minecraft:iron_door":12,"minecraft:oak_fence":5,"minecraft:diamond_block":15,"minecraft:grass_block":5,"minecraft:string":1,"minecraft:wildflowers":14,"minecraft:emerald_block":20,"minecraft:shield":35,"minecraft:birch_slab":12,"minecraft:polished_blackstone_stairs":64,"minecraft:deepslate":725,"minecraft:iron_pickaxe":2683,"minecraft:andesite":188,"minecraft:polished_deepslate":3,"minecraft:waxed_copper_block":466,"minecraft:firework_rocket":1,"minecraft:iron_sword":118,"minecraft:golden_carrot":34,"minecraft:stone_brick_slab":89,"minecraft:deepslate_bricks":3,"minecraft:cooked_mutton":240,"minecraft:red_stained_glass_pane":24,"minecraft:stone_bricks":2270,"minecraft:polished_blackstone_brick_slab":117,"minecraft:waxed_oxidized_cut_copper_stairs":92,"minecraft:blue_wool":1,"minecraft:minecart":1,"minecraft:quartz_slab":15,"minecraft:birch_trapdoor":4,"minecraft:diorite":26,"minecraft:redstone":515,"minecraft:pale_oak_boat":3,"minecraft:tuff_brick_slab":21,"minecraft:white_stained_glass":5,"minecraft:spruce_door":7,"minecraft:diamond_leggings":2,"minecraft:waxed_cut_copper_stairs":35,"minecraft:pale_oak_planks":16,"minecraft:cobblestone":1573,"minecraft:diamond_chestplate":2,"minecraft:stone":2336,"minecraft:waxed_copper_grate":567,"minecraft:golden_apple":1,"minecraft:axolotl_bucket":2,"minecraft:chain":4,"minecraft:crafting_table":54,"minecraft:spruce_sign":91,"minecraft:spruce_trapdoor":147,"minecraft:potion":37,"minecraft:tuff_bricks":1606,"minecraft:air":8,"minecraft:baked_potato":605,"minecraft:waxed_oxidized_copper_trapdoor":20,"minecraft:allay_spawn_egg":1,"minecraft:scaffolding":175,"minecraft:black_concrete":149,"minecraft:spruce_log":95,"minecraft:water_bucket":674,"minecraft:soul_sand":10,"minecraft:black_stained_glass_pane":213,"minecraft:bread":90,"minecraft:torch":349,"minecraft:black_bed":16,"minecraft:cobblestone_stairs":150,"minecraft:polished_blackstone_brick_wall":17,"minecraft:gravel":36,"minecraft:chipped_anvil":3,"minecraft:beacon":2,"minecraft:cooked_chicken":33,"minecraft:redstone_lamp":5,"minecraft:comparator":16,"minecraft:amethyst_block":113,"minecraft:chest":133,"minecraft:cauldron":19,"minecraft:enchanting_table":1,"minecraft:deepslate_iron_ore":54,"minecraft:hoglin_spawn_egg":1,"minecraft:painting":11,"minecraft:iron_axe":154,"minecraft:leaf_litter":30,"minecraft:repeater":102,"minecraft:stone_slab":105,"minecraft:oxidized_copper_bulb":1,"minecraft:ominous_trial_key":32,"minecraft:spruce_pressure_plate":2,"minecraft:iron_block":255,"minecraft:potato":127,"minecraft:sticky_piston":76,"minecraft:glass_bottle":9,"minecraft:light_gray_concrete":10,"minecraft:black_carpet":15,"minecraft:oak_sign":6,"minecraft:black_concrete_powder":325,"minecraft:lantern":1,"minecraft:glass_pane":68,"minecraft:netherite_pickaxe":78,"minecraft:cooked_porkchop":36,"minecraft:granite":12,"minecraft:soul_lantern":15,"minecraft:iron_shovel":250,"minecraft:chiseled_tuff_bricks":263,"minecraft:pale_oak_sign":6,"minecraft:red_carpet":25,"minecraft:firefly_bush":1,"minecraft:black_wool":9,"minecraft:smithing_table":2,"minecraft:grindstone":3,"minecraft:smooth_quartz":846,"minecraft:pale_oak_door":2,"minecraft:nether_wart":12,"minecraft:blackstone":94,"minecraft:jukebox":3,"minecraft:stone_pickaxe":1442,"minecraft:chiseled_polished_blackstone":8,"minecraft:netherrack":9,"minecraft:spruce_boat":58,"minecraft:chiseled_tuff":5,"minecraft:diamond_shovel":1191,"minecraft:soul_torch":3,"minecraft:deepslate_diamond_ore":36,"minecraft:nether_quartz_ore":147,"minecraft:birch_planks":115,"minecraft:writable_book":295,"minecraft:bone_meal":312,"minecraft:item_frame":30,"minecraft:spider_eye":2,"minecraft:dark_oak_planks":8,"minecraft:enchanted_book":1,"minecraft:dirt":448,"minecraft:fishing_rod":370,"minecraft:obsidian":8,"minecraft:dark_oak_sign":102,"minecraft:stripped_spruce_log":2,"minecraft:glow_lichen":23,"minecraft:spruce_planks":911,"minecraft:oak_leaves":1,"minecraft:weathered_copper_bulb":1,"minecraft:dispenser":13,"minecraft:tropical_fish":1,"minecraft:rose_bush":1,"minecraft:birch_log":1,"minecraft:cooked_cod":56,"minecraft:rail":6,"minecraft:iron_bars":2,"minecraft:deepslate_gold_ore":54,"minecraft:waxed_copper_bulb":5,"minecraft:lectern":1,"minecraft:stone_brick_stairs":134,"minecraft:spyglass":1598,"minecraft:splash_potion":1,"minecraft:deepslate_tiles":229,"minecraft:polished_blackstone_brick_stairs":30,"minecraft:dripstone_block":16,"minecraft:chiseled_bookshelf":2,"minecraft:oak_planks":14,"minecraft:sugar_cane":19,"minecraft:dropper":28,"minecraft:iron_ore":10,"minecraft:trial_key":36,"minecraft:stone_axe":71,"minecraft:spruce_fence":6,"minecraft:observer":29,"minecraft:spruce_stairs":252,"minecraft:leather_leggings":1,"minecraft:milk_bucket":5,"minecraft:cherry_sapling":96,"minecraft:purple_bed":1,"minecraft:bookshelf":16,"minecraft:diamond_pickaxe":37884,"minecraft:ladder":36,"minecraft:tuff":12,"minecraft:stone_sword":191,"minecraft:piston":17,"minecraft:sweet_berries":74,"minecraft:lava_bucket":66,"minecraft:waxed_weathered_copper_bulb":9,"minecraft:cobblestone_wall":48,"minecraft:pale_oak_slab":8,"minecraft:ominous_bottle":12,"minecraft:copper_block":1,"minecraft:hopper":142,"minecraft:polished_andesite":13,"minecraft:carrot":25,"minecraft:note_block":4,"minecraft:birch_boat":5,"minecraft:netherite_chestplate":1,"minecraft:gold_block":104,"minecraft:diamond_boots":13,"minecraft:waxed_oxidized_copper":130,"minecraft:cherry_trapdoor":4,"minecraft:smooth_quartz_slab":159,"minecraft:cherry_fence":1,"minecraft:slime_block":11,"minecraft:netherite_leggings":1,"minecraft:smooth_basalt":201,"minecraft:pale_oak_log":64,"minecraft:amethyst_cluster":12,"minecraft:furnace":6,"minecraft:barrel":24,"minecraft:wooden_hoe":3,"minecraft:lever":11,"minecraft:waxed_cut_copper_slab":131,"minecraft:white_concrete":1,"minecraft:oak_button":4,"minecraft:polished_blackstone_bricks":349,"minecraft:cobblestone_slab":145,"minecraft:stone_button":21,"minecraft:spruce_button":14,"minecraft:green_bed":1,"minecraft:composter":14,"minecraft:cyan_terracotta":1,"minecraft:cherry_log":20,"minecraft:cooked_beef":454,"minecraft:waxed_oxidized_cut_copper":15,"minecraft:smooth_quartz_stairs":181,"minecraft:ender_chest":9,"minecraft:flint_and_steel":70,"minecraft:redstone_torch":58,"minecraft:cracked_polished_blackstone_bricks":17,"minecraft:gold_ore":4,"minecraft:brown_wool":1,"minecraft:spruce_sapling":45,"minecraft:egg":256,"minecraft:ender_pearl":1,"minecraft:spruce_chest_boat":4}},"DataVersion":4440}