{"stats":{"minecraft:picked_up":{"minecraft:diamond_axe":1,"minecraft:sweet_berries":1418,"minecraft:cobblestone":731,"minecraft:flint":6,"minecraft:sugar_cane":8,"minecraft:bone":2,"minecraft:armadillo_scute":1,"minecraft:diamond":27,"minecraft:smoker":1,"minecraft:glow_ink_sac":6,"minecraft:ink_sac":70,"minecraft:salmon":1,"minecraft:stick":2,"minecraft:chicken":1,"minecraft:player_head":2,"minecraft:cooked_salmon":3,"minecraft:arrow":3,"minecraft:iron_ingot":24,"minecraft:cooked_chicken":1,"minecraft:raw_iron":42,"minecraft:cobbled_deepslate":285,"minecraft:dandelion":3,"minecraft:wheat":67,"minecraft:spruce_trapdoor":4,"minecraft:dirt":24,"minecraft:gravel":54,"minecraft:torch":18,"minecraft:bread":38,"minecraft:spruce_log":4,"minecraft:tuff":1,"minecraft:polished_deepslate":1,"minecraft:leaf_litter":4,"minecraft:coal":16,"minecraft:oak_log":11,"minecraft:grass_block":60,"minecraft:birch_planks":1,"minecraft:birch_log":12,"minecraft:furnace":1,"minecraft:wheat_seeds":173,"minecraft:pumpkin":8,"minecraft:spider_eye":1,"minecraft:egg":1,"minecraft:diorite":22,"minecraft:birch_sapling":1,"minecraft:sunflower":10,"minecraft:oak_planks":5,"minecraft:crafting_table":5,"minecraft:raw_copper":31,"minecraft:oak_sapling":2,"minecraft:rotten_flesh":6,"minecraft:oak_sign":3,"minecraft:writable_book":1,"minecraft:polished_diorite":10,"minecraft:cornflower":1},"minecraft:killed_by":{"minecraft:player":2,"minecraft:endermite":2},"minecraft:killed":{"minecraft:skeleton":5,"minecraft:squid":31,"minecraft:spider":1},"minecraft:custom":{"minecraft:time_since_rest":38475,"minecraft:talked_to_villager":15,"minecraft:leave_game":10,"minecraft:damage_taken":8501,"minecraft:mob_kills":38,"minecraft:boat_one_cm":57004,"minecraft:time_since_death":38453,"minecraft:open_enderchest":1,"minecraft:interact_with_furnace":44,"minecraft:happy_ghast_one_cm":24366,"minecraft:swim_one_cm":69733,"minecraft:total_world_time":137265,"minecraft:crouch_one_cm":18902,"minecraft:deaths":8,"minecraft:climb_one_cm":15030,"minecraft:interact_with_loom":4,"minecraft:damage_dealt_resisted":1233,"minecraft:traded_with_villager":14,"minecraft:interact_with_campfire":2,"minecraft:damage_blocked_by_shield":60,"minecraft:interact_with_crafting_table":36,"minecraft:walk_one_cm":1194968,"minecraft:walk_under_water_one_cm":69572,"minecraft:damage_dealt":4706,"minecraft:play_time":137265,"minecraft:jump":4119,"minecraft:drop":15,"minecraft:open_barrel":6,"minecraft:sprint_one_cm":998715,"minecraft:open_chest":112,"minecraft:interact_with_smoker":6,"minecraft:fall_one_cm":92265,"minecraft:fly_one_cm":1020717,"minecraft:walk_on_water_one_cm":55563,"minecraft:sneak_time":2640,"minecraft:interact_with_blast_furnace":11},"minecraft:mined":{"minecraft:torch":13,"minecraft:spawner":1,"minecraft:granite":1,"minecraft:dandelion":5,"minecraft:oak_sign":1,"minecraft:pumpkin":11,"minecraft:coal_ore":19,"minecraft:wheat":69,"minecraft:diorite":22,"minecraft:oak_planks":1,"minecraft:cobblestone":48,"minecraft:spruce_trapdoor":4,"minecraft:sunflower":10,"minecraft:sugar_cane":16,"minecraft:gravel":69,"minecraft:short_grass":10,"minecraft:smoker":1,"minecraft:oak_leaves":45,"minecraft:polished_diorite":10,"minecraft:furnace":1,"minecraft:polished_deepslate":1,"minecraft:crafting_table":5,"minecraft:birch_log":12,"minecraft:deepslate_redstone_ore":3,"minecraft:sweet_berry_bush":5759,"minecraft:copper_ore":4,"minecraft:dirt":81,"minecraft:player_head":1,"minecraft:birch_leaves":2,"minecraft:grass_block":4,"minecraft:cobbled_deepslate":3,"minecraft:tuff":112,"minecraft:wall_torch":2,"minecraft:deepslate":674,"minecraft:deepslate_diamond_ore":24,"minecraft:cornflower":1,"minecraft:deepslate_iron_ore":8,"minecraft:oak_log":11,"minecraft:azure_bluet":1,"minecraft:iron_ore":34,"minecraft:stone":1273},"minecraft:broken":{"minecraft:stone_axe":1,"minecraft:stone_pickaxe":11},"minecraft:dropped":{"minecraft:rotten_flesh":2,"minecraft:sweet_berries":128,"minecraft:birch_planks":1,"minecraft:leaf_litter":4,"minecraft:tuff":1,"minecraft:gravel":30,"minecraft:diamond_axe":1,"minecraft:cobbled_deepslate":1,"minecraft:flint":2,"minecraft:egg":1,"minecraft:stone":11,"minecraft:spider_eye":1,"minecraft:writable_book":1,"minecraft:glow_ink_sac":3},"minecraft:crafted":{"minecraft:birch_planks":8,"minecraft:stone_pickaxe":10,"minecraft:iron_chestplate":1,"minecraft:iron_boots":1,"minecraft:stick":52,"minecraft:smooth_stone":3,"minecraft:charcoal":5,"minecraft:spruce_sign":3,"minecraft:iron_helmet":1,"minecraft:diamond_pickaxe":1,"minecraft:chest":1,"minecraft:air":0,"minecraft:emerald":14,"minecraft:bucket":1,"minecraft:furnace":4,"minecraft:spruce_trapdoor":4,"minecraft:iron_ingot":42,"minecraft:bread":22,"minecraft:oak_sign":6,"minecraft:stone":15,"minecraft:blast_furnace":1,"minecraft:crafting_table":4,"minecraft:torch":28,"minecraft:shield":1,"minecraft:stone_axe":1,"minecraft:oak_planks":56,"minecraft:smoker":1,"minecraft:iron_leggings":1},"minecraft:used":{"minecraft:stone_axe":108,"minecraft:birch_sapling":1,"minecraft:iron_leggings":1,"minecraft:cobbled_deepslate":144,"minecraft:player_head":2,"minecraft:shield":1,"minecraft:polished_diorite":10,"minecraft:smoker":2,"minecraft:wheat_seeds":69,"minecraft:stone_shovel":98,"minecraft:birch_planks":2,"minecraft:rotten_flesh":4,"minecraft:water_bucket":6,"minecraft:writable_book":2,"minecraft:diamond_pickaxe":807,"minecraft:oak_sign":9,"minecraft:furnace":3,"minecraft:bread":44,"minecraft:torch":44,"minecraft:written_book":3,"minecraft:dirt":122,"minecraft:blast_furnace":1,"minecraft:iron_boots":1,"minecraft:cooked_salmon":3,"minecraft:salmon_bucket":1,"minecraft:stone_sword":27,"minecraft:sweet_berries":32,"minecraft:lava_bucket":2,"minecraft:gravel":3,"minecraft:glow_ink_sac":3,"minecraft:cooked_chicken":1,"minecraft:cobblestone":262,"minecraft:stone":1,"minecraft:diamond_axe":48,"minecraft:bucket":10,"minecraft:crafting_table":8,"minecraft:chest":1,"minecraft:spruce_sign":1,"minecraft:spruce_trapdoor":6,"minecraft:iron_chestplate":1,"minecraft:potion":1,"minecraft:oak_planks":3,"minecraft:oak_sapling":2,"minecraft:sugar_cane":2,"minecraft:stone_pickaxe":1441}},"DataVersion":4440}