{"stats":{"minecraft:custom":{"minecraft:time_since_rest":10773,"minecraft:talked_to_villager":9,"minecraft:leave_game":14,"minecraft:damage_taken":6678,"minecraft:mob_kills":35,"minecraft:boat_one_cm":29854,"minecraft:time_since_death":10765,"minecraft:open_enderchest":1,"minecraft:interact_with_furnace":54,"minecraft:sleep_in_bed":3,"minecraft:swim_one_cm":21273,"minecraft:total_world_time":437870,"minecraft:crouch_one_cm":37558,"minecraft:climb_one_cm":43732,"minecraft:deaths":11,"minecraft:player_kills":2,"minecraft:traded_with_villager":1,"minecraft:damage_blocked_by_shield":1192,"minecraft:interact_with_crafting_table":80,"minecraft:walk_one_cm":3355749,"minecraft:walk_under_water_one_cm":154158,"minecraft:horse_one_cm":4141,"minecraft:interact_with_lectern":3,"minecraft:damage_dealt":5191,"minecraft:play_time":437870,"minecraft:jump":6965,"minecraft:drop":193,"minecraft:open_barrel":3,"minecraft:sprint_one_cm":3105495,"minecraft:open_chest":170,"minecraft:fall_one_cm":152977,"minecraft:fly_one_cm":1787849,"minecraft:interact_with_anvil":1,"minecraft:walk_on_water_one_cm":38389,"minecraft:sneak_time":10562},"minecraft:broken":{"minecraft:wooden_axe":1,"minecraft:leather_boots":1},"minecraft:dropped":{"minecraft:rotten_flesh":6,"minecraft:cobblestone":46,"minecraft:pointed_dripstone":1,"minecraft:spruce_planks":1,"minecraft:sweet_berries":50,"minecraft:torch":49,"minecraft:wheat":1,"minecraft:lead":2,"minecraft:gravel":3,"minecraft:cobbled_deepslate":36,"minecraft:potion":1,"minecraft:dirt":21,"minecraft:bowl":1,"minecraft:wheat_seeds":583,"minecraft:granite":2,"minecraft:spruce_trapdoor":1,"minecraft:moss_carpet":2,"minecraft:cherry_sign":10,"minecraft:feather":2,"minecraft:stone_pickaxe":1,"minecraft:dark_oak_slab":4,"minecraft:oak_sapling":2,"minecraft:poisonous_potato":2,"minecraft:hay_block":57,"minecraft:tuff":6,"minecraft:deepslate_tiles":1,"minecraft:dandelion":2,"minecraft:chicken":1,"minecraft:string":2,"minecraft:clay_ball":1,"minecraft:iron_sword":1,"minecraft:stick":4,"minecraft:spruce_door":6,"minecraft:gold_nugget":12,"minecraft:spruce_fence":4,"minecraft:salmon":6,"minecraft:carved_pumpkin":1,"minecraft:white_bed":1,"minecraft:bread":16,"minecraft:spider_eye":2,"minecraft:iron_pickaxe":1,"minecraft:flowering_azalea":2,"minecraft:birch_fence":1},"minecraft:killed":{"minecraft:salmon":6,"minecraft:slime":6,"minecraft:zombie":8,"minecraft:zombified_piglin":1,"minecraft:skeleton":5,"minecraft:snow_golem":1,"minecraft:chicken":1,"minecraft:enderman":2,"minecraft:sheep":1,"minecraft:spider":1},"minecraft:picked_up":{"minecraft:dark_oak_slab":6,"minecraft:poisonous_potato":2,"minecraft:sweet_berries":55,"minecraft:carrot":610,"minecraft:spruce_sapling":43,"minecraft:cherry_sign":9,"minecraft:cobblestone":327,"minecraft:flowering_azalea":2,"minecraft:flint":2,"minecraft:white_bed":1,"minecraft:redstone":47,"minecraft:bone":5,"minecraft:deepslate_tiles":1,"minecraft:birch_slab":2,"minecraft:gold_nugget":9,"minecraft:lead":4,"minecraft:clay_ball":68,"minecraft:firefly_bush":1,"minecraft:moss_carpet":3,"minecraft:diamond":10,"minecraft:granite":20,"minecraft:birch_stairs":3,"minecraft:carved_pumpkin":6,"minecraft:salmon":24,"minecraft:stick":26,"minecraft:chicken":1,"minecraft:spyglass":1,"minecraft:diamond_boots":1,"minecraft:moss_block":5,"minecraft:arrow":5,"minecraft:raw_iron":30,"minecraft:cobbled_deepslate":109,"minecraft:pointed_dripstone":1,"minecraft:birch_fence":2,"minecraft:spore_blossom":1,"minecraft:raw_gold":16,"minecraft:pumpkin_seeds":4,"minecraft:dandelion":8,"minecraft:wheat":1116,"minecraft:cherry_planks":9,"minecraft:chest":2,"minecraft:beetroot":16,"minecraft:spruce_planks":20,"minecraft:netherrack":1,"minecraft:dirt":92,"minecraft:blue_egg":1,"minecraft:lever":1,"minecraft:gravel":8,"minecraft:torch":9,"minecraft:diamond_pickaxe":1,"minecraft:cherry_log":42,"minecraft:bread":29,"minecraft:spruce_log":275,"minecraft:tuff":10,"minecraft:leaf_litter":2,"minecraft:coal":96,"minecraft:oak_log":66,"minecraft:redstone_block":1,"minecraft:potato":872,"minecraft:birch_planks":34,"minecraft:grass_block":1,"minecraft:birch_log":53,"minecraft:furnace":1,"minecraft:wheat_seeds":2922,"minecraft:cherry_leaves":1,"minecraft:diamond_block":1,"minecraft:spider_eye":2,"minecraft:spruce_stairs":2,"minecraft:bone_meal":76,"minecraft:diorite":22,"minecraft:birch_sapling":3,"minecraft:poppy":2,"minecraft:cooked_beef":2,"minecraft:white_wool":2,"minecraft:feather":2,"minecraft:oak_planks":6,"minecraft:potion":2,"minecraft:crafting_table":2,"minecraft:decorated_pot":1,"minecraft:snowball":10,"minecraft:raw_copper":132,"minecraft:oak_sapling":4,"minecraft:andesite":30,"minecraft:rotten_flesh":14,"minecraft:beetroot_seeds":42,"minecraft:oak_sign":2,"minecraft:apple":1,"minecraft:string":1,"minecraft:obsidian":5,"minecraft:leather_boots":1,"minecraft:calcite":2,"minecraft:mushroom_stew":1,"minecraft:paper":1},"minecraft:mined":{"minecraft:spore_blossom":1,"minecraft:torch":4,"minecraft:cherry_log":42,"minecraft:sculk":5,"minecraft:lever":1,"minecraft:birch_stairs":4,"minecraft:spruce_log":286,"minecraft:chest":2,"minecraft:oak_sign":1,"minecraft:carrots":166,"minecraft:spruce_sapling":6,"minecraft:gravel":87,"minecraft:short_grass":66,"minecraft:sculk_catalyst":1,"minecraft:spruce_planks":21,"minecraft:crafting_table":2,"minecraft:birch_log":53,"minecraft:deepslate_redstone_ore":10,"minecraft:leaf_litter":1,"minecraft:sweet_berry_bush":2,"minecraft:obsidian":5,"minecraft:copper_ore":39,"minecraft:firefly_bush":1,"minecraft:gold_ore":1,"minecraft:andesite":57,"minecraft:redstone_block":1,"minecraft:dark_oak_slab":2,"minecraft:deepslate_gold_ore":17,"minecraft:ice":67,"minecraft:fern":2,"minecraft:decorated_pot":1,"minecraft:deepslate_diamond_ore":10,"minecraft:poppy":2,"minecraft:deepslate_iron_ore":19,"minecraft:potatoes":232,"minecraft:birch_planks":23,"minecraft:deepslate_tiles":1,"minecraft:iron_ore":11,"minecraft:stone":453,"minecraft:beetroots":16,"minecraft:granite":26,"minecraft:coal_ore":62,"minecraft:diorite":43,"minecraft:sculk_sensor":1,"minecraft:wheat":1236,"minecraft:oak_planks":7,"minecraft:cobblestone":67,"minecraft:white_bed":1,"minecraft:cherry_leaves":7,"minecraft:oak_leaves":17,"minecraft:furnace":1,"minecraft:birch_slab":2,"minecraft:birch_fence":2,"minecraft:clay":29,"minecraft:spruce_stairs":2,"minecraft:deepslate_coal_ore":11,"minecraft:tall_grass":25,"minecraft:dirt":79,"minecraft:grass_block":55,"minecraft:spruce_leaves":115,"minecraft:cobbled_deepslate":1,"minecraft:carved_pumpkin":1,"minecraft:tuff":7,"minecraft:deepslate":85,"minecraft:cherry_planks":9,"minecraft:cherry_sign":1,"minecraft:oak_log":68},"minecraft:crafted":{"minecraft:wooden_axe":1,"minecraft:pink_stained_glass_pane":8,"minecraft:birch_fence":3,"minecraft:gold_ingot":9,"minecraft:iron_chestplate":1,"minecraft:glass_pane":16,"minecraft:stick":84,"minecraft:cherry_sign":15,"minecraft:diamond_axe":1,"minecraft:diamond_pickaxe":1,"minecraft:chest":6,"minecraft:acacia_planks":28,"minecraft:redstone":18,"minecraft:bucket":1,"minecraft:bone_meal":15,"minecraft:jungle_planks":12,"minecraft:ladder":6,"minecraft:snow_block":1,"minecraft:diamond_shovel":1,"minecraft:glass":11,"minecraft:oak_sign":3,"minecraft:iron_hoe":1,"minecraft:spruce_fence":12,"minecraft:oak_planks":48,"minecraft:gold_nugget":81,"minecraft:cherry_door":3,"minecraft:iron_sword":1,"minecraft:shears":1,"minecraft:redstone_block":5,"minecraft:pink_dye":7,"minecraft:birch_planks":212,"minecraft:stone_pickaxe":1,"minecraft:spruce_door":9,"minecraft:charcoal":9,"minecraft:wooden_pickaxe":1,"minecraft:fletching_table":1,"minecraft:spruce_sign":12,"minecraft:cherry_planks":128,"minecraft:emerald":1,"minecraft:wheat":252,"minecraft:furnace":1,"minecraft:spruce_trapdoor":2,"minecraft:spruce_boat":1,"minecraft:iron_ingot":21,"minecraft:lead":6,"minecraft:bread":126,"minecraft:hay_block":114,"minecraft:crafting_table":6,"minecraft:torch":72,"minecraft:spruce_stairs":72,"minecraft:birch_slab":6,"minecraft:shield":1,"minecraft:spruce_planks":380,"minecraft:iron_pickaxe":1,"minecraft:birch_stairs":68},"minecraft:used":{"minecraft:diamond_block":1,"minecraft:birch_sapling":1,"minecraft:spruce_fence":8,"minecraft:leaf_litter":2,"minecraft:shield":14,"minecraft:birch_slab":2,"minecraft:iron_pickaxe":64,"minecraft:spruce_stairs":56,"minecraft:pink_stained_glass_pane":2,"minecraft:cherry_planks":71,"minecraft:potato":280,"minecraft:iron_sword":47,"minecraft:wheat_seeds":1280,"minecraft:wooden_axe":54,"minecraft:diamond_pickaxe":810,"minecraft:mushroom_stew":1,"minecraft:oak_sign":2,"minecraft:salmon":6,"minecraft:ladder":2,"minecraft:cooked_porkchop":7,"minecraft:granite":15,"minecraft:tuff":4,"minecraft:decorated_pot":1,"minecraft:sweet_berries":6,"minecraft:birch_fence":4,"minecraft:firefly_bush":1,"minecraft:wooden_pickaxe":4,"minecraft:spruce_door":3,"minecraft:oak_log":2,"minecraft:cobblestone":28,"minecraft:cherry_sign":11,"minecraft:axolotl_bucket":2,"minecraft:diamond_axe":538,"minecraft:carrot":206,"minecraft:crafting_table":8,"minecraft:spruce_sign":10,"minecraft:poppy":2,"minecraft:spruce_trapdoor":1,"minecraft:snowball":6,"minecraft:iron_chestplate":2,"minecraft:beetroot_seeds":42,"minecraft:dandelion":5,"minecraft:white_bed":2,"minecraft:stone_pickaxe":98,"minecraft:cobbled_deepslate":20,"minecraft:spruce_boat":1,"minecraft:apple":1,"minecraft:diamond_shovel":177,"minecraft:birch_stairs":58,"minecraft:spruce_log":22,"minecraft:birch_planks":66,"minecraft:iron_hoe":21,"minecraft:rotten_flesh":1,"minecraft:water_bucket":5,"minecraft:bone_meal":115,"minecraft:cherry_door":2,"minecraft:furnace":2,"minecraft:blue_egg":1,"minecraft:torch":32,"minecraft:bread":127,"minecraft:dirt":57,"minecraft:dark_oak_slab":2,"minecraft:redstone_block":1,"minecraft:spruce_planks":161,"minecraft:leather_boots":1,"minecraft:gravel":4,"minecraft:cherry_log":16,"minecraft:shears":2,"minecraft:cooked_beef":2,"minecraft:snow_block":1,"minecraft:bucket":7,"minecraft:spyglass":69,"minecraft:chest":8,"minecraft:carved_pumpkin":2,"minecraft:oak_planks":36,"minecraft:spruce_sapling":27,"minecraft:oak_sapling":14},"minecraft:killed_by":{"minecraft:enderman":1,"minecraft:spider":1,"minecraft:slime":1,"minecraft:cave_spider":1}},"DataVersion":4440}