{"stats":{"minecraft:dropped":{"minecraft:bowl":2,"minecraft:torch":1},"minecraft:custom":{"minecraft:interact_with_crafting_table":14,"minecraft:time_since_rest":2436,"minecraft:walk_one_cm":317875,"minecraft:leave_game":1,"minecraft:walk_under_water_one_cm":3004,"minecraft:damage_taken":480,"minecraft:play_time":23266,"minecraft:jump":943,"minecraft:time_since_death":2427,"minecraft:drop":3,"minecraft:open_barrel":1,"minecraft:interact_with_furnace":6,"minecraft:sprint_one_cm":268020,"minecraft:open_chest":12,"minecraft:fall_one_cm":22678,"minecraft:total_world_time":23266,"minecraft:swim_one_cm":17082,"minecraft:fly_one_cm":72060,"minecraft:walk_on_water_one_cm":8990,"minecraft:crouch_one_cm":4731,"minecraft:sneak_time":450,"minecraft:deaths":2},"minecraft:picked_up":{"minecraft:carrot":9,"minecraft:diorite":3,"minecraft:stick":4,"minecraft:cobblestone":128,"minecraft:mangrove_roots":2,"minecraft:cooked_beef":1,"minecraft:gravel":1,"minecraft:leather":1,"minecraft:crafting_table":5,"minecraft:torch":4,"minecraft:raw_copper":29,"minecraft:red_mushroom":9,"minecraft:oak_sapling":2,"minecraft:raw_iron":2,"minecraft:cobbled_deepslate":156,"minecraft:andesite":3,"minecraft:tuff":51,"minecraft:brown_mushroom":8,"minecraft:coal":16,"minecraft:oak_log":9,"minecraft:granite":30},"minecraft:crafted":{"minecraft:torch":40,"minecraft:stick":16,"minecraft:furnace":1,"minecraft:mushroom_stew":6,"minecraft:bowl":4,"minecraft:stone_hoe":1,"minecraft:oak_planks":36,"minecraft:copper_ingot":4,"minecraft:stone_pickaxe":3,"minecraft:air":0,"minecraft:crafting_table":4},"minecraft:used":{"minecraft:stone_axe":67,"minecraft:stone_sword":1,"minecraft:cobbled_deepslate":35,"minecraft:andesite":1,"minecraft:gravel":1,"minecraft:cobblestone":68,"minecraft:stone_hoe":63,"minecraft:stone_shovel":4,"minecraft:cooked_beef":1,"minecraft:carrot":9,"minecraft:mushroom_stew":6,"minecraft:crafting_table":8,"minecraft:furnace":1,"minecraft:oak_sapling":2,"minecraft:torch":41,"minecraft:stone_pickaxe":492,"minecraft:tuff":51},"minecraft:broken":{"minecraft:stone_pickaxe":3},"minecraft:mined":{"minecraft:torch":4,"minecraft:mangrove_roots":2,"minecraft:sculk":46,"minecraft:granite":51,"minecraft:mycelium":1,"minecraft:coal_ore":16,"minecraft:diorite":4,"minecraft:sculk_sensor":3,"minecraft:carrots":2,"minecraft:cobblestone":2,"minecraft:red_mushroom_block":26,"minecraft:sculk_catalyst":2,"minecraft:brown_mushroom_block":11,"minecraft:crafting_table":6,"minecraft:sculk_vein":12,"minecraft:copper_ore":8,"minecraft:dirt":4,"minecraft:andesite":7,"minecraft:cobbled_deepslate":2,"minecraft:mushroom_stem":13,"minecraft:tuff":51,"minecraft:deepslate":156,"minecraft:deepslate_iron_ore":2,"minecraft:oak_log":9,"minecraft:stone":191}},"DataVersion":4440}