{"stats":{"minecraft:dropped":{"minecraft:rotten_flesh":100,"minecraft:iron_shovel":1,"minecraft:glow_berries":1,"minecraft:cobblestone":41,"minecraft:oak_planks":3,"minecraft:stone_sword":2,"minecraft:bow":4,"minecraft:gravel":20,"minecraft:cobbled_deepslate":605,"minecraft:bone":10,"minecraft:dirt":33,"minecraft:stone":1,"minecraft:golden_chestplate":1,"minecraft:wheat_seeds":3,"minecraft:granite":6,"minecraft:oak_fence":2,"minecraft:moss_block":1,"minecraft:light_gray_wool":1,"minecraft:tuff":14,"minecraft:string":10,"minecraft:clay_ball":56,"minecraft:arrow":19,"minecraft:golden_helmet":1,"minecraft:gunpowder":3,"minecraft:spider_eye":5,"minecraft:flowering_azalea":1,"minecraft:snowball":1829,"minecraft:mutton":2},"minecraft:custom":{"minecraft:time_since_rest":1840,"minecraft:leave_game":13,"minecraft:damage_taken":7082,"minecraft:mob_kills":210,"minecraft:boat_one_cm":29002,"minecraft:time_since_death":1825,"minecraft:open_enderchest":125,"minecraft:interact_with_furnace":518,"minecraft:interact_with_smithing_table":2,"minecraft:swim_one_cm":15081,"minecraft:total_world_time":284608,"minecraft:crouch_one_cm":208197,"minecraft:deaths":7,"minecraft:climb_one_cm":24924,"minecraft:interact_with_stonecutter":19,"minecraft:damage_blocked_by_shield":4468,"minecraft:interact_with_crafting_table":110,"minecraft:walk_one_cm":4181000,"minecraft:walk_under_water_one_cm":25091,"minecraft:damage_dealt":39411,"minecraft:play_time":284608,"minecraft:jump":5328,"minecraft:drop":236,"minecraft:open_barrel":2,"minecraft:sprint_one_cm":727702,"minecraft:open_chest":315,"minecraft:fall_one_cm":167259,"minecraft:fly_one_cm":1204368,"minecraft:interact_with_anvil":10,"minecraft:walk_on_water_one_cm":36758,"minecraft:sneak_time":12377},"minecraft:crafted":{"minecraft:golden_helmet":1,"minecraft:smithing_table":1,"minecraft:brick_slab":44,"minecraft:ender_eye":2,"minecraft:gold_ingot":38,"minecraft:spruce_door":3,"minecraft:anvil":1,"minecraft:charcoal":1,"minecraft:deepslate_bricks":212,"minecraft:deepslate_tile_stairs":64,"minecraft:leather_boots":1,"minecraft:stonecutter":1,"minecraft:ender_chest":2,"minecraft:spruce_sign":3,"minecraft:brick":908,"minecraft:iron_block":3,"minecraft:diamond_pickaxe":2,"minecraft:chest":2,"minecraft:diamond_sword":1,"minecraft:air":0,"minecraft:bucket":7,"minecraft:furnace":5,"minecraft:ladder":6,"minecraft:spruce_trapdoor":2,"minecraft:deepslate_tile_slab":64,"minecraft:iron_ingot":62,"minecraft:copper_ingot":45,"minecraft:diamond_shovel":1,"minecraft:brick_stairs":35,"minecraft:glass":47,"minecraft:stone":3,"minecraft:blaze_powder":10,"minecraft:crafting_table":2,"minecraft:bricks":169,"minecraft:baked_potato":4,"minecraft:shield":2,"minecraft:stone_axe":1,"minecraft:deepslate":14,"minecraft:spruce_planks":822,"minecraft:deepslate_tiles":42,"minecraft:campfire":1,"minecraft:polished_deepslate":453,"minecraft:iron_axe":1},"minecraft:killed_by":{"minecraft:skeleton":1,"minecraft:creaking":1},"minecraft:picked_up":{"minecraft:tropical_fish":8,"minecraft:ender_chest":23,"minecraft:sweet_berries":3,"minecraft:spruce_sapling":97,"minecraft:cobblestone":1553,"minecraft:brick":232,"minecraft:glass":28,"minecraft:flowering_azalea":1,"minecraft:flint":1,"minecraft:leather":1,"minecraft:bone":28,"minecraft:redstone":65,"minecraft:deepslate_tiles":345,"minecraft:brown_mushroom":8,"minecraft:glow_berries":1,"minecraft:clay_ball":964,"minecraft:melon_slice":9,"minecraft:baked_potato":64,"minecraft:diamond":27,"minecraft:slime_ball":4,"minecraft:granite":6,"minecraft:spruce_sign":7,"minecraft:stick":43,"minecraft:spruce_boat":4,"minecraft:moss_block":1,"minecraft:golden_chestplate":1,"minecraft:bow":5,"minecraft:smooth_basalt":1,"minecraft:arrow":136,"minecraft:iron_ingot":1,"minecraft:raw_iron":62,"minecraft:cobbled_deepslate":1713,"minecraft:raw_gold":51,"minecraft:stone_sword":1,"minecraft:brick_stairs":89,"minecraft:deepslate_bricks":142,"minecraft:spruce_door":1,"minecraft:mutton":2,"minecraft:gunpowder":6,"minecraft:chest":5,"minecraft:spruce_trapdoor":4,"minecraft:spruce_planks":134,"minecraft:dirt":1628,"minecraft:stonecutter":5,"minecraft:stone":1,"minecraft:iron_shovel":1,"minecraft:gravel":33,"minecraft:light_gray_wool":1,"minecraft:torch":102,"minecraft:deepslate_tile_stairs":17,"minecraft:spruce_log":146,"minecraft:tuff":266,"minecraft:polished_deepslate":9,"minecraft:coal":16,"minecraft:potato":3,"minecraft:oak_fence":2,"minecraft:sand":47,"minecraft:furnace":23,"minecraft:wheat_seeds":3,"minecraft:lapis_lazuli":36,"minecraft:spider_eye":11,"minecraft:anvil":3,"minecraft:diorite":21,"minecraft:oak_planks":3,"minecraft:golden_helmet":2,"minecraft:bricks":125,"minecraft:crafting_table":11,"minecraft:snowball":1968,"minecraft:raw_copper":77,"minecraft:rotten_flesh":112,"minecraft:deepslate_tile_slab":96,"minecraft:ender_pearl":3,"minecraft:string":72,"minecraft:smithing_table":1,"minecraft:obsidian":26,"minecraft:ladder":4,"minecraft:brick_slab":80,"minecraft:melon":6},"minecraft:broken":{"minecraft:stone_shovel":4,"minecraft:diamond_shovel":1,"minecraft:iron_shovel":5,"minecraft:stone_axe":2,"minecraft:iron_pickaxe":3,"minecraft:diamond_pickaxe":2},"minecraft:mined":{"minecraft:torch":19,"minecraft:redstone_ore":1,"minecraft:spruce_log":146,"minecraft:chest":5,"minecraft:smooth_basalt":1,"minecraft:spruce_sapling":1,"minecraft:gravel":45,"minecraft:short_grass":2,"minecraft:dirt_path":2,"minecraft:spruce_planks":2,"minecraft:crafting_table":11,"minecraft:flowering_azalea":1,"minecraft:deepslate_redstone_ore":14,"minecraft:large_fern":1,"minecraft:obsidian":26,"minecraft:copper_ore":23,"minecraft:cave_vines":1,"minecraft:melon":2,"minecraft:anvil":3,"minecraft:deepslate_bricks":45,"minecraft:gold_ore":10,"minecraft:oak_fence":2,"minecraft:cave_vines_plant":2,"minecraft:moss_block":9,"minecraft:deepslate_gold_ore":41,"minecraft:wall_torch":12,"minecraft:fern":3,"minecraft:smithing_table":1,"minecraft:deepslate_lapis_ore":5,"minecraft:deepslate_diamond_ore":22,"minecraft:deepslate_iron_ore":47,"minecraft:ender_chest":23,"minecraft:small_dripleaf":1,"minecraft:deepslate_tiles":345,"minecraft:iron_ore":15,"minecraft:stone":2381,"minecraft:granite":13,"minecraft:glass":12,"minecraft:brick_stairs":54,"minecraft:coal_ore":7,"minecraft:diorite":50,"minecraft:oak_planks":3,"minecraft:cobblestone":9,"minecraft:spruce_trapdoor":3,"minecraft:furnace":21,"minecraft:polished_deepslate":4,"minecraft:clay":249,"minecraft:bricks":101,"minecraft:powder_snow":41,"minecraft:snow_block":356,"minecraft:deepslate_tile_slab":52,"minecraft:dirt":1898,"minecraft:grass_block":1196,"minecraft:cobweb":2,"minecraft:spruce_leaves":57,"minecraft:cobbled_deepslate":36,"minecraft:tuff":284,"minecraft:deepslate":1617,"minecraft:sand":69,"minecraft:snow":331,"minecraft:spruce_sign":4,"minecraft:stonecutter":5,"minecraft:deepslate_tile_stairs":5,"minecraft:brick_slab":22},"minecraft:killed":{"minecraft:zombie":104,"minecraft:slime":8,"minecraft:skeleton":45,"minecraft:cave_spider":3,"minecraft:fox":1,"minecraft:creeper":10,"minecraft:zombie_villager":6,"minecraft:enderman":5,"minecraft:sheep":1,"minecraft:spider":19},"minecraft:used":{"minecraft:stone_axe":211,"minecraft:iron_axe":56,"minecraft:shield":49,"minecraft:brick_slab":22,"minecraft:deepslate":14,"minecraft:iron_pickaxe":751,"minecraft:melon":2,"minecraft:polished_deepslate":289,"minecraft:diamond_sword":745,"minecraft:golden_carrot":7,"minecraft:brick_stairs":54,"minecraft:deepslate_bricks":124,"minecraft:diamond_pickaxe":4531,"minecraft:glass":19,"minecraft:ladder":8,"minecraft:tuff":13,"minecraft:iron_shovel":1250,"minecraft:deepslate_tile_slab":72,"minecraft:stone_sword":60,"minecraft:lava_bucket":26,"minecraft:bricks":180,"minecraft:spruce_door":2,"minecraft:smithing_table":1,"minecraft:cobblestone":59,"minecraft:stonecutter":6,"minecraft:crafting_table":11,"minecraft:spruce_sign":4,"minecraft:spruce_trapdoor":4,"minecraft:snowball":113,"minecraft:stone_pickaxe":7,"minecraft:baked_potato":68,"minecraft:cobbled_deepslate":171,"minecraft:spruce_boat":3,"minecraft:diamond_shovel":2372,"minecraft:melon_slice":2,"minecraft:stone_shovel":541,"minecraft:water_bucket":26,"minecraft:smooth_basalt":1,"minecraft:anvil":4,"minecraft:furnace":23,"minecraft:torch":132,"minecraft:dirt":1801,"minecraft:spruce_planks":43,"minecraft:cooked_beef":5,"minecraft:deepslate_tile_stairs":57,"minecraft:ender_chest":24,"minecraft:bucket":55,"minecraft:chest":7,"minecraft:deepslate_tiles":570,"minecraft:spruce_sapling":23}},"DataVersion":4440}