{"stats":{"minecraft:killed_by":{"minecraft:player":35,"minecraft:zombie_villager":1,"minecraft:hoglin":1,"minecraft:piglin":1,"minecraft:warden":1,"minecraft:zombie":3},"minecraft:custom":{"minecraft:eat_cake_slice":21,"minecraft:trigger_trapped_chest":8,"minecraft:time_since_rest":11920,"minecraft:leave_game":77,"minecraft:boat_one_cm":1642082,"minecraft:damage_absorbed":157,"minecraft:time_since_death":11906,"minecraft:strider_one_cm":146099,"minecraft:interact_with_furnace":149,"minecraft:happy_ghast_one_cm":1471338,"minecraft:total_world_time":4507870,"minecraft:crouch_one_cm":795362,"minecraft:raid_win":1,"minecraft:climb_one_cm":786597,"minecraft:deaths":129,"minecraft:interact_with_stonecutter":1,"minecraft:fish_caught":1,"minecraft:damage_dealt_resisted":20,"minecraft:animals_bred":22,"minecraft:minecart_one_cm":31777,"minecraft:traded_with_villager":676,"minecraft:damage_resisted":4081,"minecraft:damage_blocked_by_shield":14340,"minecraft:interact_with_crafting_table":238,"minecraft:inspect_dropper":17,"minecraft:walk_one_cm":23490127,"minecraft:walk_under_water_one_cm":895548,"minecraft:horse_one_cm":369702,"minecraft:damage_dealt":342015,"minecraft:play_time":4507870,"minecraft:jump":157918,"minecraft:play_record":19,"minecraft:target_hit":1,"minecraft:sprint_one_cm":14824304,"minecraft:fill_cauldron":12,"minecraft:inspect_hopper":11,"minecraft:fly_one_cm":34460059,"minecraft:walk_on_water_one_cm":681972,"minecraft:interact_with_blast_furnace":39,"minecraft:interact_with_grindstone":5,"minecraft:talked_to_villager":526,"minecraft:damage_taken":152492,"minecraft:mob_kills":6800,"minecraft:open_shulker_box":220,"minecraft:interact_with_beacon":23,"minecraft:open_enderchest":326,"minecraft:damage_dealt_absorbed":248,"minecraft:interact_with_brewingstand":74,"minecraft:interact_with_smithing_table":6,"minecraft:sleep_in_bed":4,"minecraft:inspect_dispenser":18,"minecraft:swim_one_cm":1181843,"minecraft:player_kills":89,"minecraft:enchant_item":2,"minecraft:interact_with_loom":1,"minecraft:interact_with_lectern":104,"minecraft:drop":1237,"minecraft:use_cauldron":1,"minecraft:bell_ring":12,"minecraft:open_barrel":419,"minecraft:open_chest":3146,"minecraft:interact_with_smoker":14,"minecraft:fall_one_cm":5776019,"minecraft:interact_with_anvil":74,"minecraft:sneak_time":130487},"minecraft:broken":{"minecraft:stone_shovel":1,"minecraft:iron_helmet":1,"minecraft:diamond_pickaxe":1,"minecraft:iron_boots":1},"minecraft:crafted":{"minecraft:stone_sword":2,"minecraft:firework_rocket":656,"minecraft:mace":1,"minecraft:wind_charge":552,"minecraft:gold_ingot":208,"minecraft:book":2,"minecraft:iron_chestplate":2,"minecraft:crimson_planks":60,"minecraft:birch_trapdoor":2,"minecraft:netherite_sword":1,"minecraft:stone_bricks":4,"minecraft:diamond_pickaxe":3,"minecraft:chest":2,"minecraft:bookshelf":4,"minecraft:bow":2,"minecraft:acacia_planks":128,"minecraft:ladder":15,"minecraft:item_frame":10,"minecraft:dark_oak_planks":4484,"minecraft:beacon":1,"minecraft:mangrove_planks":1648,"minecraft:mangrove_boat":8,"minecraft:firework_star":213,"minecraft:netherite_upgrade_smithing_template":10,"minecraft:mangrove_sign":12,"minecraft:cooked_mutton":2,"minecraft:iron_boots":15,"minecraft:white_wool":4,"minecraft:charcoal":2,"minecraft:diamond":279,"minecraft:blue_dye":37,"minecraft:golden_carrot":106,"minecraft:fletching_table":1,"minecraft:spruce_sign":3,"minecraft:red_stained_glass":8,"minecraft:raw_iron":9,"minecraft:paper":153,"minecraft:furnace":2,"minecraft:netherite_leggings":1,"minecraft:iron_ingot":35,"minecraft:diamond_helmet":1,"minecraft:raw_iron_block":32,"minecraft:blaze_powder":64,"minecraft:diamond_leggings":1,"minecraft:enchanted_book":30,"minecraft:baked_potato":39,"minecraft:shield":2,"minecraft:diamond_block":40,"minecraft:netherite_pickaxe":1,"minecraft:spruce_button":1,"minecraft:diamond_boots":3,"minecraft:writable_book":8,"minecraft:raw_gold_block":27,"minecraft:map":3,"minecraft:stick":19187,"minecraft:deepslate_bricks":128,"minecraft:compass":4,"minecraft:black_dye":3,"minecraft:cooked_porkchop":10,"minecraft:iron_helmet":2,"minecraft:air":0,"minecraft:bone_meal":530,"minecraft:red_dye":1,"minecraft:quartz_block":1,"minecraft:written_book":8,"minecraft:oak_planks":48,"minecraft:gold_nugget":957,"minecraft:white_concrete_powder":8,"minecraft:iron_sword":1,"minecraft:shears":1,"minecraft:polished_deepslate":136,"minecraft:white_dye":284,"minecraft:cooked_chicken":2,"minecraft:birch_planks":172,"minecraft:netherite_ingot":4,"minecraft:emerald_block":72,"minecraft:light_blue_dye":48,"minecraft:light_blue_concrete_powder":32,"minecraft:netherite_boots":1,"minecraft:diamond_sword":1,"minecraft:emerald":1425,"minecraft:netherite_scrap":18,"minecraft:wheat":468,"minecraft:birch_boat":2,"minecraft:black_bed":47,"minecraft:gold_block":29,"minecraft:white_carpet":3,"minecraft:bread":316,"minecraft:crafting_table":8,"minecraft:fire_charge":186,"minecraft:netherite_chestplate":1,"minecraft:torch":908,"minecraft:white_bed":58,"minecraft:raw_gold":243,"minecraft:spruce_planks":3716,"minecraft:silence_armor_trim_smithing_template":2,"minecraft:iron_pickaxe":2,"minecraft:iron_leggings":2},"minecraft:killed":{"minecraft:zombified_piglin":8,"minecraft:stray":31,"minecraft:pig":4,"minecraft:mooshroom":16,"minecraft:piglin":43,"minecraft:bat":8,"minecraft:silverfish":4361,"minecraft:zombie":506,"minecraft:glow_squid":2,"minecraft:zombie_villager":9,"minecraft:chicken":6,"minecraft:creaking":1,"minecraft:guardian":1,"minecraft:squid":7,"minecraft:drowned":6,"minecraft:cow":6,"minecraft:slime":234,"minecraft:pillager":57,"minecraft:skeleton":577,"minecraft:iron_golem":2,"minecraft:witch":3,"minecraft:frog":1,"minecraft:spider":127,"minecraft:horse":1,"minecraft:bogged":28,"minecraft:husk":1,"minecraft:wither_skeleton":52,"minecraft:warden":1,"minecraft:cave_spider":108,"minecraft:creeper":297,"minecraft:hoglin":21,"minecraft:sheep":10,"minecraft:enderman":17,"minecraft:polar_bear":2,"minecraft:magma_cube":10,"minecraft:ghast":4,"minecraft:breeze":46,"minecraft:blaze":26},"minecraft:picked_up":{"minecraft:sweet_berries":19,"minecraft:pale_oak_log":4,"minecraft:cobblestone":666,"minecraft:minecart":3,"minecraft:sugar_cane":12,"minecraft:bone":600,"minecraft:acacia_sapling":1,"minecraft:rose_bush":7,"minecraft:cooked_mutton":35,"minecraft:sculk_catalyst":1,"minecraft:iron_bars":2,"minecraft:pitcher_plant":1,"minecraft:white_banner":1,"minecraft:white_terracotta":2,"minecraft:blaze_rod":51,"minecraft:emerald":105,"minecraft:pale_oak_sapling":9,"minecraft:book":12,"minecraft:armor_stand":1,"minecraft:ink_sac":12,"minecraft:wildflowers":28,"minecraft:chainmail_helmet":1,"minecraft:shroomlight":6,"minecraft:bow":24,"minecraft:birch_boat":2,"minecraft:arrow":646,"minecraft:smooth_basalt":2,"minecraft:iron_ingot":30,"minecraft:lilac":3,"minecraft:pale_oak_stairs":1,"minecraft:spruce_slab":4,"minecraft:crossbow":8,"minecraft:heavy_core":2,"minecraft:mace":2,"minecraft:dandelion":1,"minecraft:firework_rocket":9,"minecraft:pale_oak_fence":2,"minecraft:music_disc_chirp":1,"minecraft:golden_carrot":66,"minecraft:spruce_leaves":3,"minecraft:light_gray_carpet":2,"minecraft:rabbit_hide":1,"minecraft:crimson_stem":15,"minecraft:mangrove_leaves":16,"minecraft:cobblestone_stairs":3,"minecraft:oak_log":16,"minecraft:sand":23,"minecraft:furnace":4,"minecraft:mangrove_boat":45,"minecraft:wheat_seeds":496,"minecraft:black_bed":1,"minecraft:leather_leggings":1,"minecraft:music_disc_13":1,"minecraft:quartz":150,"minecraft:egg":95,"minecraft:iron_leggings":1,"minecraft:diamond_sword":13,"minecraft:red_mushroom":3,"minecraft:snowball":100,"minecraft:dried_kelp":4,"minecraft:chiseled_tuff_bricks":4,"minecraft:oak_sign":4,"minecraft:beetroot_seeds":595,"minecraft:chainmail_boots":3,"minecraft:music_disc_pigstep":1,"minecraft:ender_pearl":18,"minecraft:string":151,"minecraft:golden_sword":1,"minecraft:stone_bricks":19,"minecraft:obsidian":16,"minecraft:bee_spawn_egg":1,"minecraft:leather_boots":1,"minecraft:writable_book":24,"minecraft:light_gray_terracotta":3,"minecraft:polished_diorite":1,"minecraft:white_carpet":30,"minecraft:nether_wart_block":2,"minecraft:mushroom_stew":1,"minecraft:waxed_copper_bulb":1,"minecraft:ender_chest":17,"minecraft:enchanted_book":4,"minecraft:spruce_sapling":115,"minecraft:iron_block":9,"minecraft:yellow_terracotta":3,"minecraft:mangrove_log":79,"minecraft:white_bed":12,"minecraft:fishing_rod":1,"minecraft:leather":52,"minecraft:honey_bottle":8,"minecraft:lead":5,"minecraft:light_blue_concrete_powder":2,"minecraft:armadillo_scute":6,"minecraft:moss_carpet":8,"minecraft:music_disc_blocks":1,"minecraft:ghast_tear":2,"minecraft:music_disc_tears":4,"minecraft:scaffolding":10,"minecraft:netherite_upgrade_smithing_template":1,"minecraft:mangrove_slab":1,"minecraft:prismarine_crystals":2,"minecraft:porkchop":35,"minecraft:carved_pumpkin":1,"minecraft:spruce_sign":2,"minecraft:stick":213,"minecraft:white_concrete":10,"minecraft:polished_tuff":14,"minecraft:yellow_shulker_box":38,"minecraft:smooth_quartz_slab":2,"minecraft:player_head":3,"minecraft:diamond_boots":2,"minecraft:moss_block":3,"minecraft:cooked_porkchop":153,"minecraft:iron_axe":1,"minecraft:deepslate":337,"minecraft:cauldron":1,"minecraft:cookie":5,"minecraft:red_carpet":26,"minecraft:item_frame":67,"minecraft:raw_iron":392,"minecraft:shulker_box":8,"minecraft:diamond_chestplate":4,"minecraft:music_disc_far":1,"minecraft:waxed_oxidized_copper_grate":1,"minecraft:mossy_cobblestone":1,"minecraft:mangrove_fence":2,"minecraft:nether_brick":67,"minecraft:leather_helmet":6,"minecraft:cherry_boat":1,"minecraft:spruce_pressure_plate":1,"minecraft:chest":5,"minecraft:lectern":11,"minecraft:pink_petals":3,"minecraft:netherite_sword":1,"minecraft:netherrack":2500,"minecraft:beacon":2,"minecraft:trident":1,"minecraft:wither_rose":1,"minecraft:stone":7,"minecraft:gravel":92,"minecraft:jungle_planks":4,"minecraft:quartz_block":1,"minecraft:tuff":602,"minecraft:phantom_membrane":5,"minecraft:cooked_cod":7,"minecraft:potato":305,"minecraft:shield":2,"minecraft:lapis_lazuli":234,"minecraft:stripped_pale_oak_log":4,"minecraft:ominous_bottle":7,"minecraft:trial_key":9,"minecraft:oak_boat":46,"minecraft:pufferfish":4,"minecraft:cherry_sapling":2,"minecraft:oak_planks":37,"minecraft:brown_egg":1,"minecraft:flint_and_steel":1,"minecraft:raw_copper":14,"minecraft:red_candle":3,"minecraft:rotten_flesh":455,"minecraft:written_book":24,"minecraft:fermented_spider_eye":1,"minecraft:ancient_debris":19,"minecraft:apple":1,"minecraft:blue_carpet":1,"minecraft:calcite":78,"minecraft:iron_nugget":1,"minecraft:black_stained_glass_pane":4,"minecraft:iron_door":1,"minecraft:tropical_fish":1,"minecraft:light_blue_dye":20,"minecraft:name_tag":2,"minecraft:prismarine_shard":2,"minecraft:flint":44,"minecraft:suspicious_stew":2,"minecraft:redstone":75,"minecraft:deepslate_tiles":3,"minecraft:firefly_bush":1,"minecraft:diamond":282,"minecraft:slime_ball":133,"minecraft:echo_shard":9,"minecraft:granite":17,"minecraft:goat_horn":1,"minecraft:dark_oak_sapling":1,"minecraft:lily_pad":1,"minecraft:crimson_roots":3,"minecraft:spruce_button":1,"minecraft:flow_armor_trim_smithing_template":3,"minecraft:nether_wart":40,"minecraft:spruce_boat":51,"minecraft:gold_block":28,"minecraft:spyglass":2,"minecraft:dark_oak_planks":274,"minecraft:enchanted_golden_apple":6,"minecraft:hay_block":26,"minecraft:raw_gold":359,"minecraft:stone_sword":7,"minecraft:emerald_block":4,"minecraft:deepslate_bricks":17,"minecraft:polished_blackstone":6,"minecraft:beetroot":166,"minecraft:pale_oak_sign":1,"minecraft:spruce_planks":135,"minecraft:exposed_cut_copper":2,"minecraft:dirt":138,"minecraft:basalt":62,"minecraft:blue_egg":2,"minecraft:rail":5,"minecraft:bone_block":4,"minecraft:azure_bluet":2,"minecraft:torch":166,"minecraft:diamond_pickaxe":2,"minecraft:silence_armor_trim_smithing_template":1,"minecraft:bread":113,"minecraft:iron_boots":3,"minecraft:spruce_log":937,"minecraft:coal":604,"minecraft:music_disc_otherside":1,"minecraft:birch_planks":88,"minecraft:splash_potion":2,"minecraft:smooth_quartz":10,"minecraft:anvil":1,"minecraft:nether_bricks":7,"minecraft:milk_bucket":8,"minecraft:waxed_copper_block":2,"minecraft:birch_sapling":13,"minecraft:poppy":131,"minecraft:light_blue_concrete":32,"minecraft:cooked_beef":137,"minecraft:nether_star":1,"minecraft:white_wool":212,"minecraft:feather":18,"minecraft:mangrove_propagule":5,"minecraft:potion":53,"minecraft:spruce_fence":8,"minecraft:fletching_table":2,"minecraft:red_glazed_terracotta":1,"minecraft:andesite":27,"minecraft:mangrove_planks":74,"minecraft:raw_iron_block":1,"minecraft:copper_ingot":3,"minecraft:music_disc_mellohi":1,"minecraft:sandstone":31,"minecraft:filled_map":18,"minecraft:dark_oak_door":1,"minecraft:soul_sand":36,"minecraft:diamond_axe":1,"minecraft:carrot":263,"minecraft:mangrove_roots":115,"minecraft:soul_soil":4,"minecraft:breeze_rod":199,"minecraft:gold_nugget":131,"minecraft:stone_slab":1,"minecraft:resin_clump":6,"minecraft:water_bucket":4,"minecraft:cod":7,"minecraft:gold_ingot":14,"minecraft:baked_potato":371,"minecraft:bolt_armor_trim_smithing_template":1,"minecraft:glow_ink_sac":1,"minecraft:oak_leaves":2,"minecraft:golden_apple":1,"minecraft:polished_tuff_slab":5,"minecraft:oak_trapdoor":5,"minecraft:black_wool":144,"minecraft:chicken":10,"minecraft:leather_chestplate":1,"minecraft:red_terracotta":1,"minecraft:golden_chestplate":2,"minecraft:cooked_salmon":4,"minecraft:cooked_chicken":83,"minecraft:cobbled_deepslate":2433,"minecraft:warped_fungus_on_a_stick":1,"minecraft:pumpkin_seeds":4,"minecraft:music_disc_lava_chicken":12,"minecraft:stone_axe":2,"minecraft:amethyst_block":335,"minecraft:wheat":155,"minecraft:tuff_bricks":31,"minecraft:map":12,"minecraft:gunpowder":127,"minecraft:pumpkin_pie":15,"minecraft:blackstone":193,"minecraft:deepslate_tile_wall":1,"minecraft:magma_block":42,"minecraft:tinted_glass":12,"minecraft:light_gray_wool":6,"minecraft:polished_deepslate":5,"minecraft:leaf_litter":34,"minecraft:birch_trapdoor":2,"minecraft:pale_oak_planks":21,"minecraft:grass_block":28,"minecraft:pale_oak_boat":2,"minecraft:birch_log":45,"minecraft:music_disc_creator":1,"minecraft:mud":15,"minecraft:music_disc_stal":3,"minecraft:sticky_piston":4,"minecraft:compass":10,"minecraft:spider_eye":77,"minecraft:bone_meal":14,"minecraft:dark_oak_log":35,"minecraft:tipped_arrow":240,"minecraft:diorite":33,"minecraft:wet_sponge":1,"minecraft:pale_moss_block":1,"minecraft:crafting_table":13,"minecraft:ominous_trial_key":26,"minecraft:beef":21,"minecraft:wind_charge":93,"minecraft:dark_oak_boat":3,"minecraft:music_disc_cat":3,"minecraft:glass_bottle":17,"minecraft:waxed_oxidized_copper":4,"minecraft:barrel":1,"minecraft:paper":146},"minecraft:mined":{"minecraft:torch":34,"minecraft:mangrove_roots":62,"minecraft:spruce_log":951,"minecraft:nether_quartz_ore":740,"minecraft:chest":6,"minecraft:netherrack":17718,"minecraft:mycelium":1,"minecraft:beacon":2,"minecraft:spruce_sapling":2,"minecraft:bone_block":4,"minecraft:spruce_planks":17,"minecraft:birch_log":47,"minecraft:sweet_berry_bush":1,"minecraft:large_fern":2,"minecraft:magma_block":70,"minecraft:smooth_quartz":10,"minecraft:blackstone":434,"minecraft:anvil":1,"minecraft:sticky_piston":3,"minecraft:deepslate_bricks":18,"minecraft:gold_block":21,"minecraft:wall_torch":29,"minecraft:copper_grate":1,"minecraft:fire":482,"minecraft:mangrove_planks":9,"minecraft:ender_chest":15,"minecraft:polished_blackstone":6,"minecraft:deepslate_tiles":2,"minecraft:azalea":1,"minecraft:azure_bluet":1,"minecraft:dark_oak_log":3,"minecraft:stripped_pale_oak_log":4,"minecraft:spruce_wall_sign":2,"minecraft:dandelion":1,"minecraft:stone_pressure_plate":1,"minecraft:oak_wall_sign":1,"minecraft:scaffolding":3,"minecraft:oak_leaves":20,"minecraft:mangrove_slab":3,"minecraft:clay":1,"minecraft:rose_bush":2,"minecraft:fletching_table":1,"minecraft:spruce_button":1,"minecraft:crimson_roots":9,"minecraft:tall_grass":17,"minecraft:waxed_copper_block":5,"minecraft:polished_tuff_slab":5,"minecraft:emerald_ore":1,"minecraft:lily_pad":1,"minecraft:light_blue_concrete":32,"minecraft:tripwire":2,"minecraft:shulker_box":6,"minecraft:soul_fire":2,"minecraft:sand":35,"minecraft:quartz_block":1,"minecraft:spruce_sign":1,"minecraft:lapis_ore":12,"minecraft:black_bed":1,"minecraft:mud":7,"minecraft:vine":15,"minecraft:carrots":48,"minecraft:lectern":11,"minecraft:short_grass":44,"minecraft:red_mushroom":5,"minecraft:sculk_catalyst":2,"minecraft:acacia_leaves":1,"minecraft:crafting_table":13,"minecraft:deepslate_redstone_ore":22,"minecraft:leaf_litter":12,"minecraft:coarse_dirt":1,"minecraft:copper_ore":7,"minecraft:raw_iron_block":1,"minecraft:packed_ice":13,"minecraft:cave_vines_plant":2,"minecraft:blast_furnace":1,"minecraft:budding_amethyst":3,"minecraft:cauldron":1,"minecraft:iron_block":9,"minecraft:birch_planks":33,"minecraft:birch_trapdoor":2,"minecraft:stone_bricks":19,"minecraft:crimson_stem":18,"minecraft:sculk_sensor":2,"minecraft:wheat":145,"minecraft:oak_trapdoor":5,"minecraft:red_terracotta":1,"minecraft:soul_sand":37,"minecraft:light_gray_terracotta":3,"minecraft:soul_soil":8,"minecraft:barrel":1,"minecraft:mossy_cobblestone":1,"minecraft:nether_wart":29,"minecraft:grass_block":89,"minecraft:smooth_quartz_slab":1,"minecraft:yellow_shulker_box":38,"minecraft:tuff_bricks":41,"minecraft:player_wall_head":1,"minecraft:deepslate_tile_wall":1,"minecraft:calcite":23,"minecraft:spruce_slab":3,"minecraft:jukebox":1,"minecraft:smooth_basalt":9,"minecraft:white_terracotta":2,"minecraft:mangrove_fence":2,"minecraft:amethyst_block":340,"minecraft:weeping_vines_plant":3,"minecraft:piston_head":1,"minecraft:obsidian":23,"minecraft:waxed_oxidized_copper_grate":5,"minecraft:waxed_oxidized_copper":10,"minecraft:sandstone":36,"minecraft:white_concrete":10,"minecraft:nether_wart_block":6,"minecraft:iron_door":1,"minecraft:birch_leaves":11,"minecraft:oak_fence":6,"minecraft:moss_block":4,"minecraft:decorated_pot":1,"minecraft:fern":1,"minecraft:blue_carpet":1,"minecraft:deepslate_diamond_ore":141,"minecraft:potatoes":30,"minecraft:mangrove_propagule":4,"minecraft:red_stained_glass":1,"minecraft:iron_ore":99,"minecraft:beetroots":192,"minecraft:pale_moss_block":1,"minecraft:exposed_cut_copper":2,"minecraft:red_candle":1,"minecraft:oak_planks":55,"minecraft:cobblestone":110,"minecraft:pale_oak_fence":1,"minecraft:tinted_glass":2,"minecraft:sugar_cane":10,"minecraft:shroomlight":6,"minecraft:mangrove_leaves":270,"minecraft:red_mushroom_block":4,"minecraft:polished_diorite":1,"minecraft:furnace":4,"minecraft:yellow_terracotta":3,"minecraft:pointed_dripstone":1,"minecraft:tall_seagrass":3,"minecraft:dirt":146,"minecraft:basalt":1016,"minecraft:deepslate":6097,"minecraft:cherry_planks":5,"minecraft:cherry_slab":5,"minecraft:oak_log":16,"minecraft:potted_wither_rose":1,"minecraft:pale_oak_stairs":1,"minecraft:purple_stained_glass_pane":2,"minecraft:sculk":42,"minecraft:spawner":3,"minecraft:warped_nylium":7,"minecraft:gravel":260,"minecraft:light_blue_concrete_powder":2,"minecraft:red_carpet":26,"minecraft:twisting_vines_plant":1,"minecraft:firefly_bush":4,"minecraft:gold_ore":30,"minecraft:andesite":101,"minecraft:deepslate_gold_ore":176,"minecraft:ice":10,"minecraft:nether_bricks":9,"minecraft:poppy":1,"minecraft:deepslate_lapis_ore":36,"minecraft:deepslate_iron_ore":172,"minecraft:waxed_copper_bulb":1,"minecraft:stone":1390,"minecraft:granite":280,"minecraft:cobblestone_stairs":2,"minecraft:spruce_fence":1,"minecraft:coal_ore":262,"minecraft:diorite":147,"minecraft:ancient_debris":19,"minecraft:hay_block":25,"minecraft:white_bed":1,"minecraft:polished_deepslate":4,"minecraft:sculk_vein":2,"minecraft:bookshelf":4,"minecraft:white_carpet":30,"minecraft:crimson_nylium":27,"minecraft:glow_lichen":1,"minecraft:powder_snow":62,"minecraft:red_glazed_terracotta":1,"minecraft:player_head":1,"minecraft:mangrove_log":61,"minecraft:cobweb":88,"minecraft:spruce_leaves":141,"minecraft:chiseled_tuff_bricks":3,"minecraft:cobbled_deepslate":280,"minecraft:tuff":956,"minecraft:polished_tuff":10,"minecraft:nether_gold_ore":290,"minecraft:pale_oak_planks":4,"minecraft:polished_andesite":1,"minecraft:dead_bush":1},"minecraft:dropped":{"minecraft:white_dye":5,"minecraft:andesite":14,"minecraft:sweet_berries":7,"minecraft:magma_block":16,"minecraft:nether_brick":61,"minecraft:bone":402,"minecraft:poppy":72,"minecraft:breeze_rod":19,"minecraft:blackstone":28,"minecraft:tuff_bricks":20,"minecraft:mangrove_log":66,"minecraft:spruce_sign":1,"minecraft:raw_gold":72,"minecraft:mangrove_propagule":1,"minecraft:azure_bluet":1,"minecraft:cooked_chicken":6,"minecraft:mace":2,"minecraft:name_tag":4,"minecraft:redstone":30,"minecraft:golden_carrot":19,"minecraft:tuff":441,"minecraft:iron_leggings":2,"minecraft:light_gray_carpet":2,"minecraft:white_bed":20,"minecraft:gunpowder":88,"minecraft:gold_ingot":2,"minecraft:smooth_basalt":1,"minecraft:stone_axe":3,"minecraft:cooked_mutton":10,"minecraft:dark_oak_log":2,"minecraft:spruce_leaves":1,"minecraft:baked_potato":109,"minecraft:diorite":8,"minecraft:torch":23,"minecraft:pale_oak_boat":1,"minecraft:stone_sword":8,"minecraft:mud":10,"minecraft:birch_planks":1,"minecraft:bow":18,"minecraft:cooked_cod":3,"minecraft:bucket":2,"minecraft:black_wool":3,"minecraft:raw_copper":12,"minecraft:stone":1,"minecraft:crimson_planks":10,"minecraft:shears":1,"minecraft:ender_chest":1,"minecraft:spruce_boat":1,"minecraft:apple":1,"minecraft:stone_slab":1,"minecraft:cooked_beef":29,"minecraft:mangrove_sign":4,"minecraft:nether_wart":2,"minecraft:raw_iron":13,"minecraft:slime_ball":115,"minecraft:polished_deepslate":5,"minecraft:netherrack":866,"minecraft:spyglass":1,"minecraft:iron_axe":1,"minecraft:rabbit_hide":1,"minecraft:beacon":1,"minecraft:black_stained_glass_pane":4,"minecraft:cobbled_deepslate":1487,"minecraft:egg":6,"minecraft:armadillo_scute":6,"minecraft:flint_and_steel":1,"minecraft:iron_nugget":1,"minecraft:paper":10,"minecraft:shield":2,"minecraft:acacia_sapling":1,"minecraft:mangrove_planks":77,"minecraft:flow_armor_trim_smithing_template":2,"minecraft:calcite":69,"minecraft:player_head":2,"minecraft:white_carpet":2,"minecraft:string":147,"minecraft:wither_rose":1,"minecraft:pale_oak_fence":1,"minecraft:bread":114,"minecraft:spider_eye":76,"minecraft:snowball":4,"minecraft:cobblestone":212,"minecraft:cherry_boat":1,"minecraft:spruce_planks":28,"minecraft:cobblestone_stairs":2,"minecraft:potion":19,"minecraft:white_wool":28,"minecraft:leather":37,"minecraft:diamond_boots":2,"minecraft:diamond_chestplate":1,"minecraft:splash_potion":3,"minecraft:chainmail_boots":2,"minecraft:moss_carpet":8,"minecraft:birch_log":2,"minecraft:waxed_copper_block":1,"minecraft:wildflowers":28,"minecraft:bone_meal":118,"minecraft:beetroot_seeds":328,"minecraft:birch_sapling":11,"minecraft:netherite_sword":2,"minecraft:chiseled_tuff_bricks":3,"minecraft:deepslate_tiles":1,"minecraft:mangrove_slab":1,"minecraft:furnace":1,"minecraft:pale_oak_log":4,"minecraft:beef":17,"minecraft:shulker_box":2,"minecraft:prismarine_shard":2,"minecraft:spruce_fence":3,"minecraft:writable_book":18,"minecraft:shroomlight":1,"minecraft:echo_shard":6,"minecraft:soul_soil":2,"minecraft:waxed_oxidized_copper_grate":1,"minecraft:ghast_tear":1,"minecraft:mangrove_roots":52,"minecraft:crimson_roots":3,"minecraft:gravel":68,"minecraft:dark_oak_door":1,"minecraft:ink_sac":1,"minecraft:bowl":2,"minecraft:enchanted_book":3,"minecraft:moss_block":2,"minecraft:nether_bricks":6,"minecraft:crossbow":7,"minecraft:filled_map":6,"minecraft:polished_tuff_slab":5,"minecraft:leather_chestplate":1,"minecraft:lilac":3,"minecraft:arrow":387,"minecraft:spruce_sapling":25,"minecraft:carrot":86,"minecraft:warped_fungus_on_a_stick":1,"minecraft:deepslate":274,"minecraft:enchanted_golden_apple":2,"minecraft:barrel":1,"minecraft:tipped_arrow":60,"minecraft:rotten_flesh":363,"minecraft:ominous_trial_key":11,"minecraft:cherry_sapling":1,"minecraft:dirt":57,"minecraft:obsidian":7,"minecraft:golden_chestplate":1,"minecraft:resin_clump":5,"minecraft:red_glazed_terracotta":1,"minecraft:ender_pearl":10,"minecraft:deepslate_bricks":1,"minecraft:emerald":35,"minecraft:rail":4,"minecraft:coal":194,"minecraft:potato":193,"minecraft:glass_bottle":15,"minecraft:silence_armor_trim_smithing_template":1,"minecraft:written_book":15,"minecraft:cookie":5,"minecraft:jungle_planks":4,"minecraft:lapis_lazuli":12,"minecraft:pale_oak_slab":1,"minecraft:fermented_spider_eye":1,"minecraft:oak_planks":2,"minecraft:porkchop":14,"minecraft:red_candle":3,"minecraft:wheat":5,"minecraft:lead":3,"minecraft:basalt":62,"minecraft:chainmail_helmet":1,"minecraft:light_blue_dye":9,"minecraft:wheat_seeds":216,"minecraft:iron_ingot":3,"minecraft:compass":1,"minecraft:heavy_core":1,"minecraft:rose_bush":5,"minecraft:polished_tuff":11,"minecraft:tinted_glass":8,"minecraft:copper_ingot":3,"minecraft:dark_oak_sapling":1,"minecraft:diamond_pickaxe":1,"minecraft:stick":114,"minecraft:pale_oak_planks":15,"minecraft:prismarine_crystals":1,"minecraft:white_terracotta":1,"minecraft:iron_boots":3,"minecraft:fletching_table":1,"minecraft:ladder":1,"minecraft:leather_helmet":3,"minecraft:nether_wart_block":2,"minecraft:blue_dye":13,"minecraft:pale_oak_sapling":7,"minecraft:pumpkin_seeds":3,"minecraft:wind_charge":110,"minecraft:red_mushroom":3,"minecraft:firework_rocket":2,"minecraft:quartz":43,"minecraft:granite":14,"minecraft:diamond":42,"minecraft:feather":16,"minecraft:golden_sword":1,"minecraft:suspicious_stew":1,"minecraft:pumpkin_pie":2,"minecraft:waxed_oxidized_copper":3,"minecraft:water_bucket":3,"minecraft:trial_key":1,"minecraft:stone_bricks":3,"minecraft:leaf_litter":2,"minecraft:chicken":7,"minecraft:mangrove_boat":2,"minecraft:flint":14,"minecraft:diamond_sword":13,"minecraft:firework_star":3,"minecraft:oak_trapdoor":4,"minecraft:gold_nugget":3,"minecraft:cod":2,"minecraft:pale_oak_sign":1},"minecraft:used":{"minecraft:polished_tuff":2,"minecraft:diamond_helmet":2,"minecraft:ancient_debris":1,"minecraft:end_crystal":1,"minecraft:white_banner":1,"minecraft:shulker_box":6,"minecraft:mud":4,"minecraft:diamond_sword":5484,"minecraft:mangrove_boat":50,"minecraft:wheat_seeds":142,"minecraft:mushroom_stew":4,"minecraft:mangrove_leaves":16,"minecraft:polished_blackstone":6,"minecraft:quartz_block":1,"minecraft:stripped_pale_oak_log":4,"minecraft:spruce_slab":2,"minecraft:diamond_axe":1371,"minecraft:white_carpet":31,"minecraft:poppy":1,"minecraft:snowball":128,"minecraft:light_blue_concrete_powder":34,"minecraft:pale_oak_stairs":1,"minecraft:moss_block":1,"minecraft:calcite":9,"minecraft:armor_stand":1,"minecraft:bow":323,"minecraft:cobbled_deepslate":490,"minecraft:polished_diorite":1,"minecraft:cod":5,"minecraft:pink_petals":3,"minecraft:red_stained_glass":1,"minecraft:stone_shovel":131,"minecraft:fletching_table":2,"minecraft:anvil":1,"minecraft:goat_horn":3,"minecraft:warped_fungus_on_a_stick":12,"minecraft:written_book":202,"minecraft:cooked_salmon":4,"minecraft:wind_charge":516,"minecraft:shears":160,"minecraft:mangrove_planks":26,"minecraft:bucket":399,"minecraft:light_blue_concrete":13,"minecraft:porkchop":11,"minecraft:blue_carpet":1,"minecraft:brown_egg":1,"minecraft:iron_door":1,"minecraft:oak_trapdoor":1,"minecraft:string":5,"minecraft:shield":123,"minecraft:deepslate":54,"minecraft:iron_pickaxe":1005,"minecraft:andesite":13,"minecraft:polished_deepslate":8,"minecraft:pale_oak_sapling":2,"minecraft:waxed_copper_block":1,"minecraft:firework_rocket":37,"minecraft:iron_sword":151,"minecraft:oak_boat":45,"minecraft:golden_carrot":180,"minecraft:deepslate_bricks":127,"minecraft:light_gray_terracotta":3,"minecraft:cooked_mutton":27,"minecraft:shroomlight":1,"minecraft:stone_bricks":19,"minecraft:minecart":1,"minecraft:birch_trapdoor":4,"minecraft:diorite":11,"minecraft:pale_oak_boat":2,"minecraft:pumpkin_seeds":1,"minecraft:diamond_leggings":2,"minecraft:pale_oak_planks":6,"minecraft:cobblestone":341,"minecraft:stone":6,"minecraft:golden_apple":1,"minecraft:axolotl_bucket":2,"minecraft:crafting_table":20,"minecraft:spruce_sign":5,"minecraft:potion":55,"minecraft:tuff_bricks":11,"minecraft:bone_block":4,"minecraft:baked_potato":650,"minecraft:scaffolding":10,"minecraft:spruce_log":20,"minecraft:water_bucket":395,"minecraft:deepslate_tile_wall":1,"minecraft:bread":364,"minecraft:torch":1158,"minecraft:black_bed":48,"minecraft:pale_moss_block":1,"minecraft:cobblestone_stairs":1,"minecraft:yellow_terracotta":3,"minecraft:gravel":7,"minecraft:beacon":2,"minecraft:cooked_chicken":95,"minecraft:red_terracotta":1,"minecraft:dark_oak_boat":2,"minecraft:chest":7,"minecraft:cauldron":1,"minecraft:sandstone":31,"minecraft:birch_sapling":1,"minecraft:leaf_litter":32,"minecraft:yellow_shulker_box":38,"minecraft:player_head":1,"minecraft:ominous_trial_key":14,"minecraft:spruce_pressure_plate":1,"minecraft:iron_block":9,"minecraft:netherite_axe":90,"minecraft:potato":49,"minecraft:sticky_piston":4,"minecraft:oak_sign":3,"minecraft:netherite_pickaxe":5038,"minecraft:cooked_porkchop":169,"minecraft:granite":3,"minecraft:chiseled_tuff_bricks":1,"minecraft:exposed_cut_copper":2,"minecraft:red_carpet":25,"minecraft:firefly_bush":1,"minecraft:tinted_glass":3,"minecraft:smooth_quartz":10,"minecraft:nether_wart":9,"minecraft:blackstone":19,"minecraft:pumpkin_pie":11,"minecraft:beetroot_seeds":242,"minecraft:dandelion":1,"minecraft:mangrove_roots":12,"minecraft:netherrack":1133,"minecraft:spruce_boat":48,"minecraft:suspicious_stew":2,"minecraft:birch_planks":181,"minecraft:rotten_flesh":86,"minecraft:writable_book":182,"minecraft:bone_meal":157,"minecraft:item_frame":37,"minecraft:dark_oak_planks":4,"minecraft:blue_egg":2,"minecraft:dirt":79,"minecraft:honey_bottle":3,"minecraft:fishing_rod":2,"minecraft:obsidian":6,"minecraft:spruce_leaves":2,"minecraft:spruce_planks":13,"minecraft:oak_leaves":2,"minecraft:leather_boots":1,"minecraft:rose_bush":2,"minecraft:cooked_cod":3,"minecraft:rail":1,"minecraft:pale_oak_fence":1,"minecraft:waxed_copper_bulb":1,"minecraft:lectern":11,"minecraft:spyglass":529,"minecraft:splash_potion":1,"minecraft:deepslate_tiles":2,"minecraft:enchanted_golden_apple":1,"minecraft:oak_planks":24,"minecraft:sugar_cane":6,"minecraft:trial_key":8,"minecraft:stone_axe":122,"minecraft:spruce_fence":5,"minecraft:white_terracotta":1,"minecraft:netherite_sword":2017,"minecraft:mangrove_sign":10,"minecraft:milk_bucket":46,"minecraft:cherry_sapling":1,"minecraft:bookshelf":4,"minecraft:diamond_pickaxe":25676,"minecraft:nether_brick":6,"minecraft:ladder":21,"minecraft:crossbow":185,"minecraft:magma_block":6,"minecraft:tuff":40,"minecraft:stone_sword":225,"minecraft:sweet_berries":13,"minecraft:mangrove_log":4,"minecraft:ominous_bottle":3,"minecraft:mace":49,"minecraft:carrot":111,"minecraft:birch_boat":4,"minecraft:white_bed":48,"minecraft:gold_block":34,"minecraft:book":8,"minecraft:diamond_boots":3,"minecraft:waxed_oxidized_copper":1,"minecraft:smooth_quartz_slab":2,"minecraft:smooth_basalt":1,"minecraft:white_concrete_powder":8,"minecraft:furnace":4,"minecraft:white_concrete":6,"minecraft:dried_kelp":5,"minecraft:spruce_button":2,"minecraft:cooked_beef":105,"minecraft:ender_chest":15,"minecraft:mangrove_fence":2,"minecraft:iron_helmet":1,"minecraft:mangrove_propagule":15,"minecraft:carved_pumpkin":1,"minecraft:spruce_sapling":57,"minecraft:egg":53,"minecraft:azure_bluet":1,"minecraft:ender_pearl":5,"minecraft:leather_helmet":1}},"DataVersion":4440}