{"stats":{"minecraft:killed_by":{"minecraft:creaking":1},"minecraft:custom":{"minecraft:time_since_rest":143,"minecraft:leave_game":5,"minecraft:damage_taken":6315,"minecraft:mob_kills":4,"minecraft:boat_one_cm":54973,"minecraft:time_since_death":126,"minecraft:open_enderchest":2,"minecraft:interact_with_furnace":20,"minecraft:sleep_in_bed":2,"minecraft:total_world_time":112867,"minecraft:crouch_one_cm":10463,"minecraft:deaths":3,"minecraft:climb_one_cm":23072,"minecraft:interact_with_loom":2,"minecraft:interact_with_crafting_table":57,"minecraft:walk_one_cm":935575,"minecraft:walk_under_water_one_cm":912,"minecraft:damage_dealt":850,"minecraft:interact_with_lectern":11,"minecraft:play_time":112867,"minecraft:jump":3061,"minecraft:play_record":1,"minecraft:drop":5,"minecraft:open_barrel":9,"minecraft:sprint_one_cm":633227,"minecraft:open_chest":182,"minecraft:inspect_hopper":1,"minecraft:fall_one_cm":109727,"minecraft:fly_one_cm":906272,"minecraft:walk_on_water_one_cm":8583,"minecraft:sneak_time":1824},"minecraft:broken":{"minecraft:stone_shovel":2,"minecraft:wooden_axe":2,"minecraft:iron_axe":1,"minecraft:stone_axe":1,"minecraft:iron_pickaxe":1,"minecraft:stone_pickaxe":5},"minecraft:crafted":{"minecraft:wooden_axe":4,"minecraft:stone_shovel":2,"minecraft:writable_book":1,"minecraft:stone_pickaxe":13,"minecraft:cooked_mutton":2,"minecraft:book":38,"minecraft:spruce_door":3,"minecraft:iron_boots":1,"minecraft:glass_pane":16,"minecraft:stick":148,"minecraft:spruce_slab":180,"minecraft:spruce_sign":3,"minecraft:chest":4,"minecraft:bookshelf":20,"minecraft:paper":78,"minecraft:furnace":1,"minecraft:spyglass":1,"minecraft:ladder":21,"minecraft:pale_oak_planks":64,"minecraft:iron_ingot":9,"minecraft:copper_ingot":6,"minecraft:pale_oak_slab":6,"minecraft:crafting_table":1,"minecraft:torch":104,"minecraft:spruce_stairs":52,"minecraft:shield":1,"minecraft:stone_axe":1,"minecraft:oak_planks":152,"minecraft:pale_oak_stairs":12,"minecraft:cobbled_deepslate_slab":486,"minecraft:spruce_planks":956,"minecraft:iron_pickaxe":1},"minecraft:killed":{"minecraft:zombie":2,"minecraft:creeper":1,"minecraft:sheep":1},"minecraft:picked_up":{"minecraft:spruce_sapling":18,"minecraft:pale_oak_log":46,"minecraft:cobblestone":192,"minecraft:wooden_axe":1,"minecraft:purple_banner":1,"minecraft:granite":11,"minecraft:pale_oak_sapling":4,"minecraft:book":9,"minecraft:spruce_sign":4,"minecraft:stick":24,"minecraft:black_wool":1,"minecraft:spruce_boat":1,"minecraft:pale_oak_stairs":2,"minecraft:item_frame":2,"minecraft:raw_iron":9,"minecraft:spruce_slab":127,"minecraft:cobbled_deepslate":253,"minecraft:pointed_dripstone":2,"minecraft:music_disc_chirp":1,"minecraft:spruce_door":3,"minecraft:tuff_brick_slab":1,"minecraft:mutton":2,"minecraft:chest":2,"minecraft:spruce_planks":146,"minecraft:cobbled_deepslate_slab":7,"minecraft:dirt":45,"minecraft:torch":19,"minecraft:dripstone_block":9,"minecraft:bread":64,"minecraft:spruce_log":139,"minecraft:tuff":11,"minecraft:coal":26,"minecraft:oak_log":123,"minecraft:pale_oak_planks":1,"minecraft:furnace":1,"minecraft:spruce_stairs":4,"minecraft:diorite":24,"minecraft:birch_sapling":4,"minecraft:oak_planks":22,"minecraft:crafting_table":3,"minecraft:snowball":258,"minecraft:raw_copper":53,"minecraft:oak_sapling":8,"minecraft:andesite":20,"minecraft:rotten_flesh":4,"minecraft:written_book":1,"minecraft:oak_sign":1,"minecraft:apple":1,"minecraft:barrel":1},"minecraft:mined":{"minecraft:torch":10,"minecraft:granite":45,"minecraft:spruce_log":141,"minecraft:spruce_wall_sign":2,"minecraft:chest":2,"minecraft:coal_ore":26,"minecraft:diorite":60,"minecraft:cobblestone":2,"minecraft:tuff_brick_slab":1,"minecraft:oak_wall_sign":1,"minecraft:oak_leaves":13,"minecraft:spruce_planks":146,"minecraft:furnace":1,"minecraft:crafting_table":3,"minecraft:spruce_stairs":6,"minecraft:leaf_litter":2,"minecraft:bookshelf":3,"minecraft:deepslate_copper_ore":2,"minecraft:copper_ore":13,"minecraft:purple_banner":1,"minecraft:pointed_dripstone":5,"minecraft:barrel":1,"minecraft:cobbled_deepslate_slab":4,"minecraft:dirt":70,"minecraft:andesite":47,"minecraft:grass_block":26,"minecraft:spruce_leaves":19,"minecraft:tuff":11,"minecraft:spruce_door":3,"minecraft:pale_oak_log":46,"minecraft:wall_torch":8,"minecraft:pale_oak_leaves":5,"minecraft:deepslate":253,"minecraft:spruce_slab":130,"minecraft:pale_oak_planks":1,"minecraft:snow":265,"minecraft:spruce_sign":1,"minecraft:deepslate_iron_ore":5,"minecraft:dripstone_block":17,"minecraft:oak_log":126,"minecraft:pale_oak_stairs":2,"minecraft:iron_ore":4,"minecraft:stone":454},"minecraft:dropped":{"minecraft:andesite":4,"minecraft:wooden_axe":2,"minecraft:oak_log":5,"minecraft:ladder":1},"minecraft:used":{"minecraft:stone_axe":240,"minecraft:iron_axe":253,"minecraft:spruce_boat":1,"minecraft:iron_pickaxe":250,"minecraft:spruce_stairs":52,"minecraft:andesite":5,"minecraft:cobbled_deepslate_slab":120,"minecraft:pale_oak_sapling":4,"minecraft:spruce_log":26,"minecraft:stone_shovel":368,"minecraft:purple_banner":1,"minecraft:rotten_flesh":1,"minecraft:wooden_axe":155,"minecraft:writable_book":2,"minecraft:item_frame":1,"minecraft:bookshelf":20,"minecraft:ladder":20,"minecraft:glass_pane":8,"minecraft:pale_oak_log":30,"minecraft:furnace":2,"minecraft:bread":48,"minecraft:barrel":3,"minecraft:granite":8,"minecraft:torch":55,"minecraft:written_book":9,"minecraft:dirt":12,"minecraft:stone_sword":48,"minecraft:spruce_planks":722,"minecraft:pale_oak_slab":2,"minecraft:diorite":3,"minecraft:tuff_brick_slab":1,"minecraft:spruce_door":6,"minecraft:oak_log":80,"minecraft:pale_oak_planks":41,"minecraft:cobblestone":25,"minecraft:spruce_slab":187,"minecraft:crafting_table":4,"minecraft:spyglass":15,"minecraft:chest":6,"minecraft:spruce_sign":5,"minecraft:dripstone_block":8,"minecraft:snowball":115,"minecraft:pale_oak_stairs":10,"minecraft:spruce_sapling":16,"minecraft:oak_sapling":5,"minecraft:white_bed":1,"minecraft:stone_pickaxe":703}},"DataVersion":4440}