{"stats":{"minecraft:killed":{"minecraft:zombie":4,"minecraft:creeper":5},"minecraft:used":{"minecraft:stone_axe":15,"minecraft:iron_axe":75,"minecraft:leaf_litter":3,"minecraft:iron_leggings":1,"minecraft:cobbled_deepslate":23,"minecraft:deepslate":6,"minecraft:iron_pickaxe":502,"minecraft:andesite":2,"minecraft:iron_sword":22,"minecraft:spruce_log":3,"minecraft:stone_hoe":45,"minecraft:rotten_flesh":13,"minecraft:water_bucket":13,"minecraft:bone_meal":21,"minecraft:diamond_pickaxe":15,"minecraft:ladder":3,"minecraft:furnace":9,"minecraft:granite":10,"minecraft:torch":19,"minecraft:magma_block":1,"minecraft:dirt":41,"minecraft:iron_boots":1,"minecraft:tuff":1,"minecraft:cooked_salmon":1,"minecraft:iron_shovel":252,"minecraft:sand":1,"minecraft:sweet_berries":27,"minecraft:wooden_pickaxe":4,"minecraft:pumpkin_seeds":12,"minecraft:cobblestone":33,"minecraft:shears":3,"minecraft:spruce_slab":18,"minecraft:snow_block":54,"minecraft:bucket":13,"minecraft:crafting_table":11,"minecraft:chest":1,"minecraft:spruce_sign":4,"minecraft:spruce_trapdoor":4,"minecraft:snowball":2,"minecraft:spruce_sapling":5,"minecraft:stone_pickaxe":69},"minecraft:mined":{"minecraft:granite":10,"minecraft:spruce_log":53,"minecraft:spruce_wall_sign":1,"minecraft:chest":1,"minecraft:pumpkin":10,"minecraft:spruce_trapdoor":2,"minecraft:short_grass":1,"minecraft:furnace":7,"minecraft:crafting_table":8,"minecraft:leaf_litter":1,"minecraft:deepslate_redstone_ore":4,"minecraft:sweet_berry_bush":2,"minecraft:magma_block":2,"minecraft:large_fern":2,"minecraft:obsidian":4,"minecraft:snow_block":12,"minecraft:dirt":45,"minecraft:andesite":14,"minecraft:grass_block":4,"minecraft:spruce_leaves":52,"minecraft:cobbled_deepslate":13,"minecraft:deepslate_gold_ore":25,"minecraft:ice":28,"minecraft:tuff":1,"minecraft:wall_torch":4,"minecraft:fern":1,"minecraft:deepslate":246,"minecraft:spruce_slab":1,"minecraft:sand":1,"minecraft:snow":194,"minecraft:deepslate_diamond_ore":26,"minecraft:deepslate_iron_ore":9,"minecraft:iron_ore":23,"minecraft:stone":168,"minecraft:lapis_ore":8},"minecraft:crafted":{"minecraft:gold_ingot":25,"minecraft:stone_pickaxe":1,"minecraft:iron_boots":1,"minecraft:stick":48,"minecraft:spruce_slab":18,"minecraft:charcoal":17,"minecraft:wooden_pickaxe":1,"minecraft:spruce_sign":3,"minecraft:diamond_pickaxe":1,"minecraft:air":0,"minecraft:bucket":1,"minecraft:bone_meal":21,"minecraft:furnace":4,"minecraft:snow_block":59,"minecraft:ladder":3,"minecraft:spruce_trapdoor":2,"minecraft:iron_ingot":32,"minecraft:stone_hoe":1,"minecraft:crafting_table":3,"minecraft:torch":16,"minecraft:shield":1,"minecraft:stone_axe":1,"minecraft:deepslate":16,"minecraft:spruce_planks":68,"minecraft:iron_pickaxe":2,"minecraft:shears":1,"minecraft:iron_shovel":1,"minecraft:iron_sword":1,"minecraft:iron_axe":1,"minecraft:iron_leggings":1},"minecraft:broken":{"minecraft:iron_shovel":1,"minecraft:iron_pickaxe":2},"minecraft:picked_up":{"minecraft:enchanted_book":1,"minecraft:sweet_berries":41,"minecraft:spruce_sapling":13,"minecraft:dirt":49,"minecraft:cobblestone":166,"minecraft:magma_block":2,"minecraft:redstone":17,"minecraft:torch":6,"minecraft:spruce_log":54,"minecraft:tuff":1,"minecraft:leaf_litter":3,"minecraft:cooked_cod":2,"minecraft:sand":1,"minecraft:furnace":7,"minecraft:diamond":26,"minecraft:granite":10,"minecraft:lapis_lazuli":51,"minecraft:pumpkin":10,"minecraft:spruce_sign":1,"minecraft:stick":4,"minecraft:charcoal":1,"minecraft:cooked_salmon":1,"minecraft:crafting_table":8,"minecraft:snowball":241,"minecraft:rotten_flesh":7,"minecraft:raw_iron":33,"minecraft:spruce_slab":1,"minecraft:cobbled_deepslate":285,"minecraft:andesite":14,"minecraft:raw_gold":25,"minecraft:obsidian":4,"minecraft:pumpkin_seeds":12,"minecraft:chest":1,"minecraft:gunpowder":5,"minecraft:spruce_trapdoor":2},"minecraft:dropped":{"minecraft:rotten_flesh":1,"minecraft:spruce_log":1,"minecraft:andesite":12,"minecraft:magma_block":1,"minecraft:torch":2,"minecraft:enchanted_book":1,"minecraft:shears":1,"minecraft:stone_pickaxe":1,"minecraft:wooden_pickaxe":1,"minecraft:pumpkin":5,"minecraft:cobbled_deepslate":2,"minecraft:spruce_slab":1},"minecraft:custom":{"minecraft:interact_with_crafting_table":23,"minecraft:time_since_rest":29097,"minecraft:walk_one_cm":593446,"minecraft:leave_game":4,"minecraft:walk_under_water_one_cm":19507,"minecraft:damage_taken":860,"minecraft:mob_kills":9,"minecraft:play_time":89652,"minecraft:damage_dealt":1976,"minecraft:jump":1589,"minecraft:time_since_death":29083,"minecraft:drop":13,"minecraft:interact_with_furnace":98,"minecraft:sprint_one_cm":219421,"minecraft:open_chest":4,"minecraft:fall_one_cm":42080,"minecraft:total_world_time":89652,"minecraft:swim_one_cm":25375,"minecraft:fly_one_cm":196034,"minecraft:walk_on_water_one_cm":13361,"minecraft:crouch_one_cm":2560,"minecraft:sneak_time":1559,"minecraft:deaths":2,"minecraft:climb_one_cm":652}},"DataVersion":4440}