{"stats":{"minecraft:killed_by":{"minecraft:skeleton":2,"minecraft:player":21,"minecraft:vindicator":1,"minecraft:creeper":1,"minecraft:endermite":1,"minecraft:piglin":1,"minecraft:warden":3,"minecraft:zombie":2},"minecraft:custom":{"minecraft:eat_cake_slice":1,"minecraft:time_since_rest":8977,"minecraft:leave_game":69,"minecraft:boat_one_cm":2555692,"minecraft:damage_absorbed":285,"minecraft:time_since_death":8958,"minecraft:interact_with_furnace":95,"minecraft:happy_ghast_one_cm":4071602,"minecraft:total_world_time":4933468,"minecraft:crouch_one_cm":296588,"minecraft:raid_win":2,"minecraft:climb_one_cm":278914,"minecraft:deaths":114,"minecraft:interact_with_stonecutter":6,"minecraft:animals_bred":19,"minecraft:traded_with_villager":161,"minecraft:damage_blocked_by_shield":10248,"minecraft:damage_resisted":415,"minecraft:interact_with_crafting_table":65,"minecraft:walk_one_cm":13334099,"minecraft:walk_under_water_one_cm":151473,"minecraft:horse_one_cm":7837393,"minecraft:damage_dealt":228655,"minecraft:play_time":4933468,"minecraft:jump":88628,"minecraft:play_record":3,"minecraft:sprint_one_cm":17036781,"minecraft:inspect_hopper":8,"minecraft:fly_one_cm":25854147,"minecraft:walk_on_water_one_cm":399629,"minecraft:interact_with_blast_furnace":11,"minecraft:interact_with_grindstone":9,"minecraft:talked_to_villager":94,"minecraft:damage_taken":145402,"minecraft:mob_kills":2725,"minecraft:open_shulker_box":17,"minecraft:interact_with_beacon":5,"minecraft:damage_dealt_absorbed":90,"minecraft:open_enderchest":52,"minecraft:interact_with_brewingstand":28,"minecraft:interact_with_smithing_table":3,"minecraft:sleep_in_bed":47,"minecraft:inspect_dispenser":253,"minecraft:swim_one_cm":396101,"minecraft:pot_flower":1,"minecraft:player_kills":13,"minecraft:enchant_item":9,"minecraft:interact_with_lectern":71,"minecraft:drop":1589,"minecraft:use_cauldron":1,"minecraft:bell_ring":4,"minecraft:open_barrel":66,"minecraft:open_chest":1805,"minecraft:interact_with_smoker":44,"minecraft:fall_one_cm":3869702,"minecraft:interact_with_anvil":14,"minecraft:sneak_time":49511,"minecraft:raid_trigger":2},"minecraft:broken":{"minecraft:diamond_shovel":1,"minecraft:golden_leggings":1,"minecraft:shield":1,"minecraft:leather_boots":1,"minecraft:stone_sword":1,"minecraft:stone_pickaxe":1,"minecraft:diamond_helmet":1},"minecraft:crafted":{"minecraft:firework_rocket":69,"minecraft:diamond_boots":2,"minecraft:mace":1,"minecraft:wind_charge":520,"minecraft:writable_book":2,"minecraft:gold_ingot":3,"minecraft:book":2,"minecraft:resin_brick":1,"minecraft:stick":3112,"minecraft:oak_fence":3,"minecraft:iron_block":192,"minecraft:diamond_pickaxe":1,"minecraft:chest":16,"minecraft:bookshelf":1,"minecraft:air":0,"minecraft:bow":4,"minecraft:redstone":9,"minecraft:bucket":1,"minecraft:bone_meal":6,"minecraft:spyglass":1,"minecraft:oak_pressure_plate":1,"minecraft:glass_bottle":48,"minecraft:diamond_shovel":2,"minecraft:red_dye":120,"minecraft:glass":48,"minecraft:oak_sign":15,"minecraft:written_book":1,"minecraft:oak_planks":92,"minecraft:gold_nugget":9,"minecraft:sugar":8,"minecraft:leather_horse_armor":2,"minecraft:redstone_block":1,"minecraft:firework_star":96,"minecraft:pink_dye":66,"minecraft:white_dye":44,"minecraft:netherite_helmet":1,"minecraft:birch_planks":48,"minecraft:netherite_ingot":4,"minecraft:smooth_stone":5,"minecraft:diamond":18,"minecraft:blue_dye":87,"minecraft:golden_carrot":103,"minecraft:cherry_planks":4,"minecraft:composter":1,"minecraft:fermented_spider_eye":8,"minecraft:netherite_boots":1,"minecraft:diamond_chestplate":1,"minecraft:diamond_sword":3,"minecraft:iron_bars":16,"minecraft:iron_nugget":1,"minecraft:emerald":125,"minecraft:paper":57,"minecraft:spruce_trapdoor":2,"minecraft:netherite_leggings":1,"minecraft:iron_ingot":1746,"minecraft:copper_ingot":194,"minecraft:lead":18,"minecraft:diamond_helmet":2,"minecraft:blaze_powder":16,"minecraft:fire_charge":51,"minecraft:crafting_table":2,"minecraft:netherite_chestplate":1,"minecraft:diamond_leggings":2,"minecraft:enchanted_book":6,"minecraft:baked_potato":122,"minecraft:magenta_dye":128,"minecraft:saddle":1,"minecraft:purple_dye":176,"minecraft:spruce_planks":1560,"minecraft:silence_armor_trim_smithing_template":12},"minecraft:killed":{"minecraft:stray":32,"minecraft:piglin_brute":1,"minecraft:piglin":2,"minecraft:zoglin":1,"minecraft:vindicator":7,"minecraft:ravager":5,"minecraft:bat":8,"minecraft:silverfish":868,"minecraft:zombie":518,"minecraft:zombie_villager":10,"minecraft:chicken":3,"minecraft:squid":4,"minecraft:drowned":7,"minecraft:slime":744,"minecraft:pillager":20,"minecraft:skeleton":168,"minecraft:iron_golem":11,"minecraft:witch":6,"minecraft:spider":117,"minecraft:husk":11,"minecraft:cave_spider":2,"minecraft:creeper":84,"minecraft:enderman":13,"minecraft:evoker":2,"minecraft:sheep":1,"minecraft:vex":2,"minecraft:ghast":1,"minecraft:breeze":37},"minecraft:picked_up":{"minecraft:sweet_berries":96,"minecraft:pale_oak_log":4,"minecraft:cobblestone":1882,"minecraft:small_amethyst_bud":2,"minecraft:saddle":18,"minecraft:sugar_cane":79,"minecraft:bone":200,"minecraft:acacia_sapling":1,"minecraft:rose_bush":52,"minecraft:snow_block":1,"minecraft:clay_ball":8,"minecraft:sculk_catalyst":3,"minecraft:white_banner":6,"minecraft:emerald":34,"minecraft:sugar":2,"minecraft:book":7,"minecraft:ink_sac":6,"minecraft:large_amethyst_bud":2,"minecraft:wildflowers":8,"minecraft:bow":21,"minecraft:birch_boat":3,"minecraft:smooth_basalt":10,"minecraft:stone_shovel":2,"minecraft:arrow":213,"minecraft:red_tulip":1,"minecraft:iron_ingot":47,"minecraft:crossbow":6,"minecraft:heavy_core":1,"minecraft:golden_leggings":1,"minecraft:firework_rocket":5,"minecraft:dandelion":3,"minecraft:nautilus_shell":2,"minecraft:golden_carrot":15,"minecraft:iron_chestplate":3,"minecraft:music_disc_11":1,"minecraft:rabbit_hide":1,"minecraft:oak_stairs":6,"minecraft:oak_log":334,"minecraft:sand":3937,"minecraft:mangrove_boat":1,"minecraft:wheat_seeds":59,"minecraft:egg":5,"minecraft:diamond_sword":3,"minecraft:red_bed":1,"minecraft:snowball":403,"minecraft:oak_button":1,"minecraft:beetroot_seeds":4,"minecraft:oak_sign":5,"minecraft:ender_pearl":11,"minecraft:string":123,"minecraft:stone_bricks":19,"minecraft:writable_book":3,"minecraft:chain":4,"minecraft:enchanted_book":5,"minecraft:spruce_sapling":449,"minecraft:iron_block":1,"minecraft:mangrove_log":2,"minecraft:slime_block":9,"minecraft:honey_bottle":1,"minecraft:lead":110,"minecraft:brown_mushroom":12,"minecraft:moss_carpet":3,"minecraft:ghast_tear":1,"minecraft:peony":8,"minecraft:netherite_upgrade_smithing_template":4,"minecraft:spruce_sign":7,"minecraft:stick":401,"minecraft:bamboo":1,"minecraft:player_head":16,"minecraft:moss_block":1,"minecraft:iron_axe":5,"minecraft:deepslate":14,"minecraft:budding_amethyst":49,"minecraft:item_frame":1,"minecraft:raw_iron":18,"minecraft:diamond_chestplate":3,"minecraft:mossy_cobblestone":68,"minecraft:black_concrete_powder":7,"minecraft:leather_helmet":3,"minecraft:cherry_boat":1,"minecraft:chest":3,"minecraft:lectern":1,"minecraft:sculk":1,"minecraft:netherrack":81,"minecraft:trident":1,"minecraft:stone":19,"minecraft:gravel":135,"minecraft:pink_dye":1,"minecraft:deepslate_tile_stairs":1,"minecraft:tuff":696,"minecraft:phantom_membrane":5,"minecraft:redstone_block":1,"minecraft:potato":155,"minecraft:shield":1,"minecraft:lapis_lazuli":159,"minecraft:spruce_stairs":1,"minecraft:ominous_bottle":6,"minecraft:trial_key":6,"minecraft:oak_boat":16,"minecraft:ice":264,"minecraft:brown_egg":1,"minecraft:netherite_chestplate":1,"minecraft:raw_copper":188,"minecraft:dispenser":5,"minecraft:rotten_flesh":535,"minecraft:written_book":5,"minecraft:apple":33,"minecraft:calcite":471,"minecraft:tropical_fish":1,"minecraft:polished_andesite":2,"minecraft:brewing_stand":2,"minecraft:flint":14,"minecraft:redstone":228,"minecraft:firefly_bush":14,"minecraft:melon_slice":10,"minecraft:slime_ball":782,"minecraft:diamond":106,"minecraft:echo_shard":2048,"minecraft:granite":56,"minecraft:dark_oak_sapling":8,"minecraft:spruce_button":1,"minecraft:flow_armor_trim_smithing_template":2,"minecraft:nether_wart":14,"minecraft:spruce_boat":25,"minecraft:enchanted_golden_apple":2,"minecraft:raw_gold":30,"minecraft:acacia_log":16,"minecraft:emerald_block":1,"minecraft:beetroot":1,"minecraft:spruce_planks":119,"minecraft:dirt":5996,"minecraft:rail":2,"minecraft:iron_shovel":2,"minecraft:black_carpet":2,"minecraft:golden_boots":3,"minecraft:torch":148,"minecraft:diamond_pickaxe":1,"minecraft:bread":39,"minecraft:spruce_log":1936,"minecraft:coal":95,"minecraft:snow":514,"minecraft:birch_planks":12,"minecraft:hopper":6,"minecraft:birch_sapling":22,"minecraft:totem_of_undying":3,"minecraft:poppy":14,"minecraft:cooked_beef":20,"minecraft:feather":1,"minecraft:mangrove_propagule":10,"minecraft:potion":22,"minecraft:bricks":2,"minecraft:fletching_table":1,"minecraft:andesite":15,"minecraft:deepslate_tile_slab":73,"minecraft:rabbit_foot":1,"minecraft:ladder":74,"minecraft:amethyst_shard":74,"minecraft:sandstone":245,"minecraft:filled_map":2,"minecraft:diamond_axe":6,"minecraft:podzol":274,"minecraft:carrot":3,"minecraft:rabbit":1,"minecraft:mangrove_roots":39,"minecraft:breeze_rod":126,"minecraft:medium_amethyst_bud":2,"minecraft:netherite_boots":1,"minecraft:gold_nugget":6,"minecraft:resin_clump":1,"minecraft:cod":1,"minecraft:baked_potato":184,"minecraft:chicken":1,"minecraft:leather_chestplate":4,"minecraft:golden_chestplate":2,"minecraft:cooked_chicken":12,"minecraft:cobbled_deepslate":1325,"minecraft:glowstone_dust":2,"minecraft:pumpkin_seeds":1,"minecraft:music_disc_lava_chicken":4,"minecraft:amethyst_block":648,"minecraft:wheat":7,"minecraft:tuff_brick_slab":2,"minecraft:gunpowder":106,"minecraft:spruce_trapdoor":1,"minecraft:amethyst_cluster":21,"minecraft:leaf_litter":1710,"minecraft:grass_block":3199,"minecraft:birch_log":63,"minecraft:pale_oak_boat":96,"minecraft:music_disc_creator":4,"minecraft:diamond_block":2,"minecraft:spider_eye":123,"minecraft:dark_oak_log":47,"minecraft:tipped_arrow":44,"minecraft:diorite":3,"minecraft:flower_pot":1,"minecraft:pale_moss_block":7,"minecraft:golden_helmet":1,"minecraft:crafting_table":1,"minecraft:ominous_trial_key":25,"minecraft:oak_sapling":103,"minecraft:wind_charge":90,"minecraft:dark_oak_boat":2,"minecraft:glass_bottle":3,"minecraft:oak_slab":1,"minecraft:barrel":2,"minecraft:paper":4},"minecraft:mined":{"minecraft:torch":23,"minecraft:mangrove_roots":2,"minecraft:dispenser":5,"minecraft:spruce_log":1594,"minecraft:chest":1,"minecraft:smooth_basalt":14,"minecraft:oak_sign":1,"minecraft:netherrack":116,"minecraft:amethyst_block":648,"minecraft:brown_mushroom":8,"minecraft:spruce_planks":168,"minecraft:birch_log":53,"minecraft:sweet_berry_bush":3,"minecraft:large_fern":25,"minecraft:dark_oak_planks":2,"minecraft:sandstone":246,"minecraft:melon":3,"minecraft:birch_leaves":5,"minecraft:moss_block":2,"minecraft:wall_torch":8,"minecraft:fern":25,"minecraft:fire":23,"minecraft:black_carpet":2,"minecraft:potatoes":41,"minecraft:mangrove_propagule":5,"minecraft:iron_ore":4,"minecraft:acacia_log":16,"minecraft:beetroots":1,"minecraft:pale_moss_block":5,"minecraft:dark_oak_log":45,"minecraft:podzol":299,"minecraft:chain":4,"minecraft:oak_planks":2,"minecraft:cobblestone":154,"minecraft:sugar_cane":110,"minecraft:tuff_brick_slab":2,"minecraft:mangrove_leaves":34,"minecraft:oak_wall_sign":3,"minecraft:cherry_leaves":15,"minecraft:oak_leaves":128,"minecraft:fletching_table":1,"minecraft:spruce_button":1,"minecraft:bricks":2,"minecraft:tall_grass":4,"minecraft:wildflowers":4,"minecraft:large_amethyst_bud":2,"minecraft:deepslate_tile_slab":37,"minecraft:chipped_anvil":1,"minecraft:tall_seagrass":10,"minecraft:dirt":7609,"minecraft:hopper":6,"minecraft:medium_amethyst_bud":2,"minecraft:flower_pot":1,"minecraft:ladder":93,"minecraft:deepslate":20,"minecraft:sand":4564,"minecraft:snow":808,"minecraft:seagrass":14,"minecraft:spruce_sign":5,"minecraft:deepslate_tile_stairs":1,"minecraft:oak_log":305,"minecraft:sculk":2,"minecraft:vine":2,"minecraft:oak_slab":1,"minecraft:lectern":1,"minecraft:small_amethyst_bud":2,"minecraft:gravel":253,"minecraft:short_grass":32,"minecraft:sculk_catalyst":1,"minecraft:acacia_leaves":15,"minecraft:dirt_path":1,"minecraft:crafting_table":1,"minecraft:deepslate_redstone_ore":7,"minecraft:leaf_litter":176,"minecraft:copper_ore":36,"minecraft:firefly_bush":12,"minecraft:andesite":27,"minecraft:cave_vines_plant":1,"minecraft:redstone_block":1,"minecraft:ice":511,"minecraft:budding_amethyst":50,"minecraft:dark_oak_leaves":103,"minecraft:resin_clump":1,"minecraft:birch_planks":12,"minecraft:amethyst_cluster":21,"minecraft:frogspawn":1,"minecraft:stone":3376,"minecraft:stone_bricks":19,"minecraft:granite":100,"minecraft:bush":6,"minecraft:coal_ore":95,"minecraft:diorite":3,"minecraft:wheat":5,"minecraft:spruce_trapdoor":1,"minecraft:sculk_vein":9,"minecraft:bookshelf":1,"minecraft:slime_block":9,"minecraft:glow_lichen":1,"minecraft:powder_snow":4,"minecraft:snow_block":1,"minecraft:barrel":2,"minecraft:potted_dead_bush":1,"minecraft:mossy_cobblestone":68,"minecraft:player_head":9,"minecraft:nether_wart":4,"minecraft:mangrove_log":17,"minecraft:grass_block":9412,"minecraft:cobweb":2,"minecraft:peony":3,"minecraft:spruce_leaves":511,"minecraft:cobbled_deepslate":10,"minecraft:tuff":586,"minecraft:pale_oak_log":4,"minecraft:damaged_anvil":1,"minecraft:calcite":511,"minecraft:polished_andesite":2,"minecraft:redstone_wire":3},"minecraft:dropped":{"minecraft:sweet_berries":1,"minecraft:brewing_stand":2,"minecraft:mangrove_roots":4,"minecraft:tropical_fish":1,"minecraft:gravel":2,"minecraft:bone":52,"minecraft:pale_moss_block":3,"minecraft:ink_sac":3,"minecraft:netherite_chestplate":1,"minecraft:poppy":1,"minecraft:breeze_rod":2,"minecraft:moss_block":1,"minecraft:mangrove_propagule":2,"minecraft:crossbow":6,"minecraft:filled_map":1,"minecraft:leather_chestplate":4,"minecraft:black_concrete_powder":7,"minecraft:redstone":23,"minecraft:music_disc_precipice":1,"minecraft:golden_carrot":26,"minecraft:grass_block":9,"minecraft:tuff":21,"minecraft:spruce_stairs":1,"minecraft:spruce_sapling":1,"minecraft:music_disc_strad":1,"minecraft:arrow":72,"minecraft:carrot":1,"minecraft:spruce_log":222,"minecraft:gunpowder":4,"minecraft:smooth_basalt":8,"minecraft:stone_axe":1,"minecraft:dark_oak_log":2,"minecraft:baked_potato":172,"minecraft:tipped_arrow":2,"minecraft:rotten_flesh":227,"minecraft:stone_shovel":1,"minecraft:iron_chestplate":2,"minecraft:torch":4,"minecraft:pale_oak_boat":1,"minecraft:birch_planks":20,"minecraft:bow":16,"minecraft:ominous_trial_key":18,"minecraft:dirt":87,"minecraft:golden_chestplate":2,"minecraft:ominous_bottle":2,"minecraft:sand":43,"minecraft:ender_pearl":1,"minecraft:music_disc_creator":2,"minecraft:emerald":25,"minecraft:potato":2,"minecraft:glass_bottle":12,"minecraft:bamboo":1,"minecraft:cooked_beef":2,"minecraft:silence_armor_trim_smithing_template":1,"minecraft:written_book":3,"minecraft:raw_iron":1,"minecraft:slime_ball":349,"minecraft:golden_helmet":1,"minecraft:white_banner":1,"minecraft:music_disc_cat":1,"minecraft:iron_shovel":2,"minecraft:rabbit_hide":1,"minecraft:lead":3,"minecraft:cobbled_deepslate":1745,"minecraft:music_disc_lava_chicken":2,"minecraft:egg":1,"minecraft:sugar_cane":1,"minecraft:wheat_seeds":34,"minecraft:iron_ingot":11,"minecraft:paper":4,"minecraft:trident":1,"minecraft:flow_armor_trim_smithing_template":1,"minecraft:copper_ingot":99,"minecraft:snow":411,"minecraft:string":22,"minecraft:golden_boots":3,"minecraft:oak_sign":1,"minecraft:clay_ball":8,"minecraft:stick":71,"minecraft:spider_eye":111,"minecraft:netherite_boots":1,"minecraft:snowball":301,"minecraft:leather_helmet":3,"minecraft:red_bed":1,"minecraft:oak_button":1,"minecraft:totem_of_undying":1,"minecraft:cobblestone":20,"minecraft:cherry_boat":1,"minecraft:spruce_planks":8,"minecraft:rabbit":1,"minecraft:diamond_axe":2,"minecraft:potion":2,"minecraft:music_disc_13":1,"minecraft:diamond_chestplate":1,"minecraft:moss_carpet":3,"minecraft:saddle":7,"minecraft:diamond":48,"minecraft:pink_dye":2,"minecraft:trial_key":3,"minecraft:leaf_litter":453,"minecraft:diamond_sword":1,"minecraft:firework_star":4,"minecraft:gold_nugget":6,"minecraft:amethyst_shard":40,"minecraft:writable_book":3,"minecraft:deepslate_tile_slab":4,"minecraft:echo_shard":1522},"minecraft:used":{"minecraft:iron_axe":205,"minecraft:leaf_litter":37,"minecraft:diamond_helmet":1,"minecraft:player_head":12,"minecraft:ominous_trial_key":6,"minecraft:diamond_sword":3343,"minecraft:mangrove_boat":1,"minecraft:potato":50,"minecraft:wheat_seeds":5,"minecraft:glass_bottle":18,"minecraft:black_carpet":2,"minecraft:oak_sign":18,"minecraft:granite":1,"minecraft:deepslate_tile_slab":7228,"minecraft:bricks":2,"minecraft:firefly_bush":8,"minecraft:oak_log":26,"minecraft:diamond_axe":3352,"minecraft:nether_wart":4,"minecraft:poppy":1,"minecraft:snowball":40,"minecraft:beetroot_seeds":5,"minecraft:calcite":20,"minecraft:stone_pickaxe":131,"minecraft:bow":24,"minecraft:cobbled_deepslate":18,"minecraft:mangrove_roots":1,"minecraft:spruce_boat":24,"minecraft:cod":1,"minecraft:mossy_cobblestone":4,"minecraft:diamond_shovel":22942,"minecraft:golden_leggings":1,"minecraft:sculk_catalyst":2,"minecraft:writable_book":76,"minecraft:bone_meal":44,"minecraft:item_frame":1,"minecraft:fletching_table":1,"minecraft:acacia_sapling":1,"minecraft:dirt":210,"minecraft:written_book":11,"minecraft:honey_bottle":1,"minecraft:snow":3,"minecraft:sand":746,"minecraft:dark_oak_sapling":8,"minecraft:wind_charge":56,"minecraft:redstone_block":1,"minecraft:spruce_planks":24,"minecraft:leather_boots":1,"minecraft:dispenser":12,"minecraft:rose_bush":1,"minecraft:glow_ink_sac":3,"minecraft:iron_bars":1,"minecraft:lectern":1,"minecraft:bucket":846,"minecraft:spyglass":42,"minecraft:splash_potion":2,"minecraft:enchanted_golden_apple":2,"minecraft:totem_of_undying":2,"minecraft:flower_pot":1,"minecraft:brown_egg":1,"minecraft:sugar_cane":13,"minecraft:ice":6,"minecraft:trial_key":7,"minecraft:stone_axe":100,"minecraft:oak_fence":3,"minecraft:purple_dye":1,"minecraft:grass_block":22,"minecraft:shield":49,"minecraft:andesite":8,"minecraft:oak_boat":14,"minecraft:firework_rocket":27,"minecraft:golden_carrot":24,"minecraft:diamond_pickaxe":6534,"minecraft:bookshelf":1,"minecraft:stone_bricks":19,"minecraft:crossbow":44,"minecraft:tuff":1,"minecraft:stone_sword":131,"minecraft:sweet_berries":93,"minecraft:lava_bucket":15,"minecraft:red_tulip":1,"minecraft:diorite":3,"minecraft:ominous_bottle":5,"minecraft:redstone":8,"minecraft:oak_slab":1,"minecraft:pale_oak_boat":94,"minecraft:tropical_fish_bucket":1,"minecraft:pumpkin_seeds":1,"minecraft:tuff_brick_slab":2,"minecraft:brown_mushroom":1,"minecraft:mace":38,"minecraft:cobblestone":70,"minecraft:diamond_chestplate":2,"minecraft:hopper":4,"minecraft:golden_apple":1,"minecraft:polished_andesite":2,"minecraft:chain":1,"minecraft:crafting_table":3,"minecraft:spruce_sign":12,"minecraft:birch_boat":3,"minecraft:netherite_chestplate":1,"minecraft:spruce_trapdoor":3,"minecraft:sculk":1,"minecraft:oak_pressure_plate":1,"minecraft:potion":23,"minecraft:netherite_helmet":1,"minecraft:baked_potato":850,"minecraft:apple":37,"minecraft:melon_slice":10,"minecraft:spruce_log":12,"minecraft:water_bucket":830,"minecraft:slime_block":9,"minecraft:netherite_boots":1,"minecraft:smooth_basalt":2,"minecraft:pale_oak_log":4,"minecraft:torch":129,"minecraft:bread":40,"minecraft:pale_moss_block":4,"minecraft:gravel":369,"minecraft:composter":1,"minecraft:cooked_chicken":12,"minecraft:cooked_beef":73,"minecraft:snow_block":1,"minecraft:deepslate_tile_stairs":1,"minecraft:dark_oak_boat":1,"minecraft:chest":18,"minecraft:egg":4,"minecraft:ender_pearl":8}},"DataVersion":4440}