{"stats":{"minecraft:crafted":{"minecraft:stone_brick_wall":6,"minecraft:acacia_stairs":16,"minecraft:gold_ingot":31,"minecraft:book":1,"minecraft:iron_chestplate":1,"minecraft:cookie":8,"minecraft:stick":96,"minecraft:stone_brick_slab":54,"minecraft:cooked_porkchop":4,"minecraft:stone_bricks":148,"minecraft:iron_helmet":1,"minecraft:diamond_axe":1,"minecraft:iron_block":1,"minecraft:diamond_pickaxe":1,"minecraft:chest":6,"minecraft:stone_slab":18,"minecraft:air":0,"minecraft:bow":1,"minecraft:acacia_planks":144,"minecraft:bucket":1,"minecraft:flint_and_steel":1,"minecraft:bone_meal":6,"minecraft:oak_boat":1,"minecraft:item_frame":1,"minecraft:brown_dye":1,"minecraft:glass_bottle":6,"minecraft:diamond_shovel":1,"minecraft:glass":6,"minecraft:blast_furnace":1,"minecraft:cobblestone_slab":12,"minecraft:brush":1,"minecraft:spruce_fence":9,"minecraft:brewing_stand":1,"minecraft:enchanting_table":1,"minecraft:sugar":5,"minecraft:iron_shovel":1,"minecraft:smoker":2,"minecraft:lantern":1,"minecraft:cooked_chicken":2,"minecraft:stone_pickaxe":1,"minecraft:cooked_mutton":1,"minecraft:leather":3,"minecraft:spruce_door":6,"minecraft:iron_boots":1,"minecraft:acacia_trapdoor":2,"minecraft:smooth_stone":3,"minecraft:spruce_slab":12,"minecraft:charcoal":28,"minecraft:cooked_beef":5,"minecraft:golden_carrot":7,"minecraft:spruce_sign":6,"minecraft:brick":48,"minecraft:fermented_spider_eye":1,"minecraft:diamond_sword":1,"minecraft:iron_nugget":9,"minecraft:paper":3,"minecraft:stone_brick_stairs":48,"minecraft:furnace":6,"minecraft:spruce_trapdoor":6,"minecraft:iron_ingot":79,"minecraft:golden_boots":1,"minecraft:cooked_rabbit":21,"minecraft:copper_ingot":2,"minecraft:stone":130,"minecraft:blaze_powder":2,"minecraft:candle":7,"minecraft:acacia_slab":6,"minecraft:crafting_table":7,"minecraft:acacia_sign":6,"minecraft:torch":76,"minecraft:saddle":1,"minecraft:spruce_planks":252,"minecraft:iron_pickaxe":1,"minecraft:iron_leggings":1},"minecraft:custom":{"minecraft:eat_cake_slice":4,"minecraft:time_since_rest":579,"minecraft:talked_to_villager":11,"minecraft:leave_game":16,"minecraft:damage_taken":12638,"minecraft:mob_kills":70,"minecraft:boat_one_cm":26065,"minecraft:time_since_death":569,"minecraft:interact_with_brewingstand":26,"minecraft:interact_with_furnace":140,"minecraft:happy_ghast_one_cm":33975,"minecraft:swim_one_cm":16435,"minecraft:total_world_time":330695,"minecraft:crouch_one_cm":241907,"minecraft:climb_one_cm":2381,"minecraft:deaths":16,"minecraft:enchant_item":4,"minecraft:damage_dealt_resisted":834,"minecraft:interact_with_loom":2,"minecraft:animals_bred":5,"minecraft:interact_with_crafting_table":139,"minecraft:inspect_dropper":1,"minecraft:walk_one_cm":2013813,"minecraft:walk_under_water_one_cm":28629,"minecraft:horse_one_cm":5021591,"minecraft:interact_with_lectern":1,"minecraft:damage_dealt":9906,"minecraft:play_time":330695,"minecraft:jump":10085,"minecraft:drop":287,"minecraft:open_barrel":10,"minecraft:sprint_one_cm":1466213,"minecraft:open_chest":195,"minecraft:interact_with_smoker":10,"minecraft:fall_one_cm":339822,"minecraft:fly_one_cm":2751226,"minecraft:interact_with_anvil":6,"minecraft:walk_on_water_one_cm":22081,"minecraft:sneak_time":22193,"minecraft:interact_with_blast_furnace":1},"minecraft:dropped":{"minecraft:azalea":1,"minecraft:blaze_rod":1,"minecraft:cut_sandstone":2,"minecraft:andesite":18,"minecraft:rabbit_hide":1,"minecraft:sweet_berries":178,"minecraft:wheat":2,"minecraft:nether_brick":30,"minecraft:oak_boat":1,"minecraft:lead":1,"minecraft:gravel":4,"minecraft:cobbled_deepslate":4,"minecraft:bone":2,"minecraft:sugar_cane":1,"minecraft:bowl":1,"minecraft:cobblestone_slab":4,"minecraft:iron_nugget":1,"minecraft:paper":16,"minecraft:stone_pickaxe":1,"minecraft:moss_block":7,"minecraft:acacia_sapling":2,"minecraft:golden_horse_armor":1,"minecraft:copper_ingot":1,"minecraft:tuff":50,"minecraft:acacia_slab":6,"minecraft:milk_bucket":1,"minecraft:string":3,"minecraft:acacia_sign":3,"minecraft:clay_ball":24,"minecraft:stick":10,"minecraft:acacia_planks":59,"minecraft:arrow":1,"minecraft:cactus_flower":1,"minecraft:spider_eye":1,"minecraft:gold_ingot":31,"minecraft:diorite":7,"minecraft:rotten_flesh":5,"minecraft:stone_shovel":1,"minecraft:cobblestone":13,"minecraft:spruce_planks":4,"minecraft:honeycomb":12,"minecraft:sandstone":17,"minecraft:torch":1,"minecraft:cooked_rabbit":8,"minecraft:potion":2,"minecraft:weeping_vines":1,"minecraft:leather":5,"minecraft:stone":1,"minecraft:cocoa_beans":6,"minecraft:sand":44,"minecraft:granite":7,"minecraft:stone_brick_stairs":2,"minecraft:moss_carpet":1,"minecraft:cherry_log":1,"minecraft:saddle":1,"minecraft:feather":1,"minecraft:diamond_horse_armor":2,"minecraft:blue_egg":2,"minecraft:potato":22,"minecraft:netherite_sword":1,"minecraft:stone_slab":26,"minecraft:chicken":1,"minecraft:stone_brick_slab":5,"minecraft:written_book":1,"minecraft:spruce_door":3,"minecraft:spruce_fence":13,"minecraft:lapis_lazuli":19,"minecraft:writable_book":4,"minecraft:netherrack":6},"minecraft:killed_by":{"minecraft:skeleton":1,"minecraft:player":2,"minecraft:endermite":2},"minecraft:picked_up":{"minecraft:tropical_fish":5,"minecraft:sweet_berries":369,"minecraft:cobblestone":231,"minecraft:flint":2,"minecraft:sugar_cane":49,"minecraft:redstone":68,"minecraft:bone":9,"minecraft:dark_oak_sign":1,"minecraft:acacia_sapling":5,"minecraft:cooked_mutton":7,"minecraft:glow_berries":8,"minecraft:clay_ball":188,"minecraft:lantern":1,"minecraft:firefly_bush":1,"minecraft:diamond":18,"minecraft:granite":7,"minecraft:smoker":1,"minecraft:blaze_rod":4,"minecraft:stone_brick_slab":30,"minecraft:nether_wart":46,"minecraft:acacia_sign":2,"minecraft:spyglass":1,"minecraft:stone_shovel":1,"minecraft:arrow":8,"minecraft:iron_ingot":1,"minecraft:spruce_slab":2,"minecraft:spore_blossom":1,"minecraft:raw_gold":15,"minecraft:azalea":3,"minecraft:acacia_log":37,"minecraft:mutton":1,"minecraft:cut_sandstone":2,"minecraft:acacia_planks":28,"minecraft:crying_obsidian":3,"minecraft:spruce_planks":33,"minecraft:dirt":8,"minecraft:blue_egg":8,"minecraft:rabbit_hide":13,"minecraft:torch":33,"minecraft:cherry_log":1,"minecraft:bread":15,"minecraft:spruce_log":67,"minecraft:cactus_flower":4,"minecraft:coal":69,"minecraft:sand":1107,"minecraft:furnace":3,"minecraft:wheat_seeds":219,"minecraft:weeping_vines":1,"minecraft:quartz":38,"minecraft:milk_bucket":1,"minecraft:cooked_beef":10,"minecraft:white_wool":1,"minecraft:feather":8,"minecraft:potion":1,"minecraft:spruce_fence":16,"minecraft:blast_furnace":1,"minecraft:dried_kelp":1,"minecraft:andesite":33,"minecraft:deepslate_tile_slab":2,"minecraft:string":13,"minecraft:stone_bricks":30,"minecraft:obsidian":16,"minecraft:writable_book":5,"minecraft:mushroom_stew":1,"minecraft:sandstone":302,"minecraft:carrot":26,"minecraft:spruce_sapling":32,"minecraft:rabbit":22,"minecraft:flowering_azalea":1,"minecraft:leather":8,"minecraft:gold_nugget":136,"minecraft:stone_slab":12,"minecraft:lead":1,"minecraft:brown_mushroom":6,"minecraft:moss_carpet":2,"minecraft:gold_ingot":21,"minecraft:glow_ink_sac":3,"minecraft:porkchop":4,"minecraft:spruce_sign":2,"minecraft:stick":18,"minecraft:fire_charge":2,"minecraft:chicken":8,"minecraft:diamond_boots":1,"minecraft:moss_block":13,"minecraft:cooked_chicken":9,"minecraft:stone_brick_wall":11,"minecraft:raw_iron":59,"minecraft:cobbled_deepslate":137,"minecraft:acacia_stairs":4,"minecraft:honeycomb":19,"minecraft:glowstone_dust":38,"minecraft:nether_brick":30,"minecraft:wheat":81,"minecraft:spruce_door":24,"minecraft:gunpowder":4,"minecraft:pumpkin_pie":3,"minecraft:chest":3,"minecraft:spruce_trapdoor":9,"minecraft:netherite_sword":1,"minecraft:netherrack":149,"minecraft:stone":1,"minecraft:gravel":4,"minecraft:light_gray_wool":2,"minecraft:tuff":50,"minecraft:potato":73,"minecraft:lapis_lazuli":130,"minecraft:spider_eye":3,"minecraft:diorite":56,"minecraft:oak_boat":17,"minecraft:cherry_sapling":1,"minecraft:oak_planks":7,"minecraft:crafting_table":2,"minecraft:raw_copper":26,"minecraft:oak_sapling":1,"minecraft:stone_brick_stairs":21,"minecraft:rotten_flesh":8,"minecraft:written_book":2,"minecraft:cake":1,"minecraft:cobblestone_slab":1,"minecraft:paper":18,"minecraft:cocoa_beans":99},"minecraft:broken":{"minecraft:stone_shovel":1,"minecraft:stone_pickaxe":1},"minecraft:mined":{"minecraft:spore_blossom":1,"minecraft:torch":15,"minecraft:spruce_log":66,"minecraft:acacia_stairs":4,"minecraft:vine":1,"minecraft:nether_quartz_ore":19,"minecraft:chest":3,"minecraft:netherrack":197,"minecraft:spruce_sapling":2,"minecraft:gravel":13,"minecraft:short_grass":6,"minecraft:weeping_vines_plant":1,"minecraft:acacia_wall_sign":1,"minecraft:brown_mushroom":11,"minecraft:acacia_leaves":11,"minecraft:spruce_planks":38,"minecraft:crafting_table":3,"minecraft:flowering_azalea":1,"minecraft:deepslate_redstone_ore":17,"minecraft:leaf_litter":2,"minecraft:sweet_berry_bush":379,"minecraft:large_fern":2,"minecraft:obsidian":14,"minecraft:copper_ore":7,"minecraft:cave_vines":2,"minecraft:stone_brick_wall":11,"minecraft:sandstone":320,"minecraft:firefly_bush":1,"minecraft:gold_ore":1,"minecraft:andesite":33,"minecraft:blast_furnace":1,"minecraft:glowstone":17,"minecraft:cave_vines_plant":6,"minecraft:moss_block":15,"minecraft:deepslate_gold_ore":11,"minecraft:nether_bricks":16,"minecraft:acacia_sapling":1,"minecraft:nether_brick_fence":1,"minecraft:wall_torch":15,"minecraft:fern":3,"minecraft:fire":5,"minecraft:stone_brick_stairs":21,"minecraft:deepslate_diamond_ore":6,"minecraft:deepslate_iron_ore":27,"minecraft:potatoes":20,"minecraft:azalea":2,"minecraft:iron_ore":34,"minecraft:acacia_log":39,"minecraft:stone":228,"minecraft:stone_bricks":30,"minecraft:granite":2,"minecraft:spruce_fence":9,"minecraft:spruce_wall_sign":1,"minecraft:coal_ore":9,"minecraft:diorite":50,"minecraft:suspicious_sand":1,"minecraft:wheat":81,"minecraft:cobblestone":27,"minecraft:spruce_trapdoor":9,"minecraft:sugar_cane":48,"minecraft:dark_oak_sign":1,"minecraft:lantern":1,"minecraft:smoker":1,"minecraft:furnace":3,"minecraft:clay":72,"minecraft:crimson_nylium":1,"minecraft:powder_snow":17,"minecraft:deepslate_coal_ore":2,"minecraft:tall_grass":1,"minecraft:snow_block":2,"minecraft:cactus_flower":2,"minecraft:dirt":1,"minecraft:nether_wart":20,"minecraft:grass_block":6,"minecraft:stone_brick_slab":28,"minecraft:spruce_leaves":29,"minecraft:cobbled_deepslate":5,"minecraft:tuff":56,"minecraft:spruce_door":24,"minecraft:nether_gold_ore":37,"minecraft:deepslate":127,"minecraft:sand":1691,"minecraft:spruce_slab":2,"minecraft:cobblestone_slab":1,"minecraft:spruce_sign":1,"minecraft:dead_bush":3,"minecraft:cocoa":34,"minecraft:lapis_ore":6},"minecraft:used":{"minecraft:stone_axe":56,"minecraft:stone_brick_wall":11,"minecraft:spruce_fence":9,"minecraft:stone_slab":4,"minecraft:netherite_sword":36,"minecraft:iron_pickaxe":162,"minecraft:andesite":15,"minecraft:iron_block":1,"minecraft:diamond_sword":54,"minecraft:potato":52,"minecraft:acacia_sign":5,"minecraft:oak_boat":17,"minecraft:wheat_seeds":86,"minecraft:milk_bucket":1,"minecraft:cherry_sapling":1,"minecraft:glow_berries":3,"minecraft:stone_brick_slab":77,"minecraft:cactus_flower":3,"minecraft:glass_bottle":6,"minecraft:diamond_pickaxe":1019,"minecraft:cooked_mutton":8,"minecraft:mushroom_stew":1,"minecraft:cookie":8,"minecraft:stone_bricks":93,"minecraft:lantern":2,"minecraft:brush":104,"minecraft:cooked_porkchop":4,"minecraft:blast_furnace":2,"minecraft:iron_shovel":195,"minecraft:brewing_stand":1,"minecraft:stone_sword":77,"minecraft:deepslate_tile_slab":2,"minecraft:sweet_berries":95,"minecraft:firefly_bush":1,"minecraft:spruce_door":26,"minecraft:cobblestone":18,"minecraft:spruce_slab":4,"minecraft:acacia_stairs":20,"minecraft:diamond_axe":362,"minecraft:crafting_table":9,"minecraft:spruce_sign":8,"minecraft:spruce_trapdoor":15,"minecraft:candle":7,"minecraft:pumpkin_pie":3,"minecraft:moss_block":1,"minecraft:stone_pickaxe":205,"minecraft:bow":3,"minecraft:diamond_boots":2,"minecraft:acacia_trapdoor":2,"minecraft:iron_leggings":1,"minecraft:cobbled_deepslate":43,"minecraft:netherrack":11,"minecraft:smoker":3,"minecraft:diamond_shovel":1436,"minecraft:spruce_log":2,"minecraft:stone_shovel":132,"minecraft:rotten_flesh":1,"minecraft:rabbit":1,"minecraft:water_bucket":29,"minecraft:writable_book":11,"minecraft:bone_meal":6,"minecraft:item_frame":1,"minecraft:furnace":4,"minecraft:acacia_sapling":3,"minecraft:blue_egg":6,"minecraft:torch":70,"minecraft:bread":15,"minecraft:dirt":8,"minecraft:written_book":3,"minecraft:obsidian":10,"minecraft:dark_oak_sign":1,"minecraft:sand":689,"minecraft:chicken":3,"minecraft:spruce_planks":86,"minecraft:cobblestone_slab":9,"minecraft:brown_dye":1,"minecraft:cooked_rabbit":6,"minecraft:tropical_fish":5,"minecraft:glow_ink_sac":3,"minecraft:cooked_chicken":10,"minecraft:cooked_beef":15,"minecraft:flint_and_steel":8,"minecraft:stone_brick_stairs":67,"minecraft:bucket":29,"minecraft:spyglass":165,"minecraft:chest":9,"minecraft:splash_potion":2,"minecraft:cocoa_beans":32,"minecraft:enchanting_table":1,"minecraft:spruce_sapling":13,"minecraft:oak_sapling":1,"minecraft:sandstone":104},"minecraft:killed":{"minecraft:pillager":1,"minecraft:skeleton":9,"minecraft:witch":1,"minecraft:spider":12,"minecraft:zombie":2,"minecraft:husk":1,"minecraft:wither_skeleton":4,"minecraft:rabbit":23,"minecraft:creeper":4,"minecraft:chicken":4,"minecraft:enderman":1,"minecraft:hoglin":1,"minecraft:sheep":1,"minecraft:cow":1,"minecraft:blaze":5}},"DataVersion":4440}