{"stats":{"minecraft:mined":{"minecraft:spruce_log":5,"minecraft:grass_block":1,"minecraft:spruce_leaves":1},"minecraft:custom":{"minecraft:time_since_rest":17300,"minecraft:walk_one_cm":34145,"minecraft:leave_game":1,"minecraft:damage_taken":40,"minecraft:play_time":17300,"minecraft:jump":137,"minecraft:time_since_death":17300,"minecraft:sprint_one_cm":8522,"minecraft:fall_one_cm":6075,"minecraft:total_world_time":17300,"minecraft:fly_one_cm":25372,"minecraft:crouch_one_cm":535,"minecraft:walk_on_water_one_cm":17,"minecraft:sneak_time":177},"minecraft:picked_up":{"minecraft:spruce_log":5,"minecraft:dirt":1},"minecraft:used":{"minecraft:dirt":1}},"DataVersion":4440}