{"stats":{"minecraft:killed_by":{"minecraft:skeleton":4,"minecraft:player":15,"minecraft:zombie_villager":4,"minecraft:elder_guardian":1,"minecraft:zombified_piglin":1,"minecraft:enderman":1,"minecraft:vex":2,"minecraft:spider":2,"minecraft:ghast":1,"minecraft:zombie":12},"minecraft:custom":{"minecraft:eat_cake_slice":12,"minecraft:time_since_rest":55490,"minecraft:leave_game":34,"minecraft:boat_one_cm":814949,"minecraft:time_since_death":78941,"minecraft:interact_with_furnace":85,"minecraft:total_world_time":1155527,"minecraft:crouch_one_cm":27399,"minecraft:climb_one_cm":30676,"minecraft:deaths":61,"minecraft:interact_with_stonecutter":5,"minecraft:fish_caught":146,"minecraft:animals_bred":77,"minecraft:minecart_one_cm":180,"minecraft:traded_with_villager":17,"minecraft:damage_blocked_by_shield":6066,"minecraft:interact_with_crafting_table":202,"minecraft:inspect_dropper":2,"minecraft:walk_one_cm":5288911,"minecraft:walk_under_water_one_cm":41177,"minecraft:horse_one_cm":6888,"minecraft:damage_dealt":62842,"minecraft:play_time":1155527,"minecraft:jump":16137,"minecraft:play_record":1,"minecraft:sprint_one_cm":6600962,"minecraft:fill_cauldron":19,"minecraft:inspect_hopper":14,"minecraft:fly_one_cm":1794882,"minecraft:walk_on_water_one_cm":100140,"minecraft:interact_with_blast_furnace":10,"minecraft:interact_with_grindstone":9,"minecraft:talked_to_villager":60,"minecraft:damage_taken":27228,"minecraft:mob_kills":421,"minecraft:interact_with_beacon":1,"minecraft:damage_dealt_absorbed":31,"minecraft:open_enderchest":5,"minecraft:interact_with_brewingstand":103,"minecraft:interact_with_smithing_table":6,"minecraft:sleep_in_bed":31,"minecraft:swim_one_cm":130535,"minecraft:player_kills":19,"minecraft:enchant_item":4,"minecraft:interact_with_loom":4,"minecraft:interact_with_lectern":11,"minecraft:drop":380,"minecraft:use_cauldron":9,"minecraft:bell_ring":235,"minecraft:open_barrel":39,"minecraft:open_chest":1524,"minecraft:interact_with_smoker":12,"minecraft:fall_one_cm":297769,"minecraft:interact_with_anvil":31,"minecraft:sneak_time":5291},"minecraft:broken":{"minecraft:iron_chestplate":1,"minecraft:iron_axe":3,"minecraft:iron_leggings":1,"minecraft:fishing_rod":3,"minecraft:golden_sword":1,"minecraft:stone_axe":1},"minecraft:crafted":{"minecraft:stone_sword":1,"minecraft:cooked_salmon":27,"minecraft:diamond_boots":1,"minecraft:gold_ingot":9,"minecraft:iron_chestplate":2,"minecraft:birch_trapdoor":8,"minecraft:map":34,"minecraft:clock":1,"minecraft:stick":144,"minecraft:compass":37,"minecraft:iron_helmet":1,"minecraft:diamond_axe":3,"minecraft:iron_block":5,"minecraft:diamond_pickaxe":1,"minecraft:chest":17,"minecraft:bookshelf":6,"minecraft:air":0,"minecraft:redstone":18,"minecraft:bucket":5,"minecraft:flint_and_steel":1,"minecraft:bone_meal":72,"minecraft:oak_boat":1,"minecraft:item_frame":12,"minecraft:cauldron":3,"minecraft:glass_bottle":9,"minecraft:diamond_shovel":1,"minecraft:red_dye":1,"minecraft:glass":11,"minecraft:oak_sign":12,"minecraft:cobblestone_slab":18,"minecraft:redstone_torch":7,"minecraft:oak_trapdoor":2,"minecraft:lapis_lazuli":1,"minecraft:bundle":1,"minecraft:oak_planks":116,"minecraft:brewing_stand":2,"minecraft:gold_nugget":81,"minecraft:cooked_cod":3,"minecraft:red_bed":1,"minecraft:campfire":6,"minecraft:fishing_rod":5,"minecraft:shears":1,"minecraft:lantern":5,"minecraft:birch_planks":52,"minecraft:hopper":5,"minecraft:green_dye":8,"minecraft:spruce_door":3,"minecraft:iron_boots":1,"minecraft:anvil":1,"minecraft:cooked_beef":97,"minecraft:diamond":27,"minecraft:oak_door":3,"minecraft:golden_carrot":10,"minecraft:oak_slab":6,"minecraft:spruce_sign":12,"minecraft:heavy_weighted_pressure_plate":9,"minecraft:fermented_spider_eye":6,"minecraft:diamond_sword":1,"minecraft:iron_bars":32,"minecraft:emerald":5,"minecraft:wheat":576,"minecraft:paper":336,"minecraft:furnace":2,"minecraft:spruce_boat":5,"minecraft:iron_ingot":209,"minecraft:diamond_helmet":1,"minecraft:bread":348,"minecraft:hay_block":42,"minecraft:blaze_powder":54,"minecraft:crafting_table":2,"minecraft:torch":256,"minecraft:white_bed":1,"minecraft:spruce_stairs":16,"minecraft:baked_potato":31,"minecraft:shield":3,"minecraft:stone_axe":1,"minecraft:spruce_planks":252,"minecraft:iron_pickaxe":2,"minecraft:iron_axe":4,"minecraft:iron_leggings":2,"minecraft:golden_apple":1,"minecraft:cobblestone_stairs":8},"minecraft:killed":{"minecraft:skeleton":64,"minecraft:witch":5,"minecraft:piglin":1,"minecraft:vindicator":3,"minecraft:silverfish":1,"minecraft:spider":44,"minecraft:horse":1,"minecraft:zombie":193,"minecraft:cave_spider":3,"minecraft:creeper":36,"minecraft:zombie_villager":1,"minecraft:chicken":1,"minecraft:enderman":4,"minecraft:hoglin":1,"minecraft:sheep":5,"minecraft:cow":37,"minecraft:vex":2,"minecraft:ghast":2},"minecraft:picked_up":{"minecraft:tropical_fish":9,"minecraft:poisonous_potato":4,"minecraft:name_tag":1,"minecraft:sweet_berries":172,"minecraft:cobblestone":531,"minecraft:saddle":1,"minecraft:sugar_cane":146,"minecraft:redstone":54,"minecraft:bone":67,"minecraft:firefly_bush":2,"minecraft:iron_bars":10,"minecraft:granite":2,"minecraft:emerald":6,"minecraft:lily_pad":2,"minecraft:sugar":1,"minecraft:salmon":40,"minecraft:spruce_boat":62,"minecraft:gold_block":1,"minecraft:bow":9,"minecraft:stone_shovel":1,"minecraft:arrow":80,"minecraft:iron_ingot":8,"minecraft:bowl":1,"minecraft:dark_oak_planks":1,"minecraft:cactus":13,"minecraft:raw_gold":8,"minecraft:stone_sword":1,"minecraft:mutton":7,"minecraft:nautilus_shell":1,"minecraft:spruce_planks":34,"minecraft:dirt":138,"minecraft:blue_egg":2,"minecraft:brown_wool":1,"minecraft:torch":27,"minecraft:cobblestone_stairs":13,"minecraft:bread":24,"minecraft:spruce_log":1839,"minecraft:cactus_flower":9,"minecraft:coal":126,"minecraft:oak_log":90,"minecraft:birch_planks":4,"minecraft:sand":11,"minecraft:furnace":1,"minecraft:iron_ore":1,"minecraft:oak_door":10,"minecraft:wheat_seeds":2140,"minecraft:egg":65,"minecraft:hopper":12,"minecraft:red_bed":1,"minecraft:birch_sapling":2,"minecraft:poppy":1,"minecraft:cooked_beef":3,"minecraft:white_wool":4,"minecraft:feather":1,"minecraft:potion":4,"minecraft:red_mushroom":5,"minecraft:snowball":90,"minecraft:andesite":2,"minecraft:oak_sign":12,"minecraft:mangrove_planks":3,"minecraft:ender_pearl":3,"minecraft:string":60,"minecraft:golden_sword":2,"minecraft:leather_boots":3,"minecraft:filled_map":3,"minecraft:enchanted_book":1,"minecraft:carrot":1391,"minecraft:spruce_sapling":528,"minecraft:iron_block":3,"minecraft:tripwire_hook":2,"minecraft:leather":38,"minecraft:lead":1,"minecraft:brown_mushroom":13,"minecraft:cod":72,"minecraft:baked_potato":1,"minecraft:music_disc_tears":2,"minecraft:copper_block":1,"minecraft:spruce_sign":3,"minecraft:oak_trapdoor":2,"minecraft:stick":325,"minecraft:white_concrete":5,"minecraft:redstone_torch":7,"minecraft:chicken":1,"minecraft:leather_chestplate":1,"minecraft:raw_iron":113,"minecraft:cobbled_deepslate":85,"minecraft:honeycomb":8,"minecraft:glowstone_dust":4,"minecraft:wheat":827,"minecraft:leather_helmet":1,"minecraft:gunpowder":41,"minecraft:chest":5,"minecraft:wither_rose":17,"minecraft:short_grass":138,"minecraft:gravel":7,"minecraft:tuff":97,"minecraft:leaf_litter":15,"minecraft:birch_trapdoor":4,"minecraft:potato":839,"minecraft:birch_log":13,"minecraft:lime_wool":1,"minecraft:lapis_lazuli":5,"minecraft:spider_eye":10,"minecraft:spruce_stairs":35,"minecraft:yellow_dye":1,"minecraft:diorite":5,"minecraft:oak_boat":14,"minecraft:pufferfish":23,"minecraft:oak_planks":38,"minecraft:crafting_table":4,"minecraft:oak_sapling":57,"minecraft:beef":69,"minecraft:rotten_flesh":163,"minecraft:apple":10,"minecraft:cobblestone_slab":8,"minecraft:glass_bottle":2,"minecraft:paper":6},"minecraft:mined":{"minecraft:torch":3,"minecraft:lime_wool":1,"minecraft:sculk":1,"minecraft:red_bed":1,"minecraft:spruce_log":1854,"minecraft:chest":5,"minecraft:netherrack":3,"minecraft:carrots":387,"minecraft:spruce_sapling":8,"minecraft:gravel":10,"minecraft:short_grass":136,"minecraft:mangrove_fence":2,"minecraft:red_mushroom":5,"minecraft:brown_mushroom":11,"minecraft:spruce_planks":18,"minecraft:infested_stone":1,"minecraft:crafting_table":4,"minecraft:birch_log":20,"minecraft:leaf_litter":5,"minecraft:sweet_berry_bush":65,"minecraft:large_fern":3,"minecraft:redstone_wall_torch":9,"minecraft:dark_oak_planks":1,"minecraft:firefly_bush":2,"minecraft:andesite":5,"minecraft:dark_oak_trapdoor":1,"minecraft:deepslate_gold_ore":8,"minecraft:ice":13,"minecraft:wall_torch":11,"minecraft:fern":6,"minecraft:fire":9,"minecraft:mangrove_planks":2,"minecraft:poppy":1,"minecraft:deepslate_lapis_ore":1,"minecraft:cactus":10,"minecraft:potatoes":264,"minecraft:iron_block":3,"minecraft:iron_ore":105,"minecraft:stone":910,"minecraft:birch_trapdoor":4,"minecraft:stone_bricks":6,"minecraft:granite":2,"minecraft:cobblestone_stairs":13,"minecraft:podzol":22,"minecraft:coal_ore":125,"minecraft:diorite":5,"minecraft:wheat":861,"minecraft:oak_planks":37,"minecraft:cobblestone":93,"minecraft:sugar_cane":105,"minecraft:oak_trapdoor":2,"minecraft:oak_wall_sign":11,"minecraft:oak_leaves":44,"minecraft:furnace":1,"minecraft:spruce_stairs":33,"minecraft:iron_bars":5,"minecraft:powder_snow":64,"minecraft:tall_grass":30,"minecraft:snow_block":25,"minecraft:emerald_ore":7,"minecraft:lily_pad":1,"minecraft:dirt":128,"minecraft:tripwire":1,"minecraft:hopper":12,"minecraft:grass_block":52,"minecraft:spruce_leaves":378,"minecraft:tuff":1,"minecraft:gray_terracotta":1,"minecraft:deepslate":30,"minecraft:sand":17,"minecraft:snow":2,"minecraft:cobblestone_slab":9,"minecraft:spruce_sign":1,"minecraft:oak_log":89,"minecraft:oak_door":7},"minecraft:dropped":{"minecraft:tripwire_hook":1,"minecraft:oak_planks":2,"minecraft:sweet_berries":121,"minecraft:music_disc_tears":1,"minecraft:wheat":1,"minecraft:tropical_fish":3,"minecraft:gravel":4,"minecraft:cobbled_deepslate":1,"minecraft:bone":8,"minecraft:egg":16,"minecraft:sugar_cane":3,"minecraft:paper":6,"minecraft:spruce_sign":4,"minecraft:stone_pickaxe":1,"minecraft:mangrove_planks":1,"minecraft:oak_sapling":3,"minecraft:filled_map":1,"minecraft:redstone":2,"minecraft:oak_log":2,"minecraft:tuff":97,"minecraft:hopper":1,"minecraft:string":32,"minecraft:spruce_stairs":2,"minecraft:stick":6,"minecraft:spruce_sapling":3,"minecraft:arrow":32,"minecraft:wither_rose":17,"minecraft:cactus_flower":7,"minecraft:gunpowder":19,"minecraft:bread":31,"minecraft:spider_eye":2,"minecraft:stone_axe":1,"minecraft:iron_boots":1,"minecraft:copper_block":1,"minecraft:oak_door":3,"minecraft:snowball":48,"minecraft:baked_potato":1,"minecraft:rotten_flesh":79,"minecraft:stone_shovel":2,"minecraft:cobblestone":30,"minecraft:nautilus_shell":1,"minecraft:spruce_planks":1,"minecraft:stone_sword":2,"minecraft:torch":18,"minecraft:leather_boots":1,"minecraft:cobblestone_stairs":8,"minecraft:birch_planks":4,"minecraft:pufferfish":11,"minecraft:potion":4,"minecraft:dirt":11,"minecraft:feather":1,"minecraft:golden_sword":1,"minecraft:emerald":5,"minecraft:brown_wool":1,"minecraft:coal":3,"minecraft:blue_egg":1,"minecraft:glass_bottle":1,"minecraft:iron_bars":1,"minecraft:leaf_litter":11,"minecraft:cactus":1,"minecraft:raw_iron":16,"minecraft:crafting_table":1,"minecraft:iron_ore":1,"minecraft:dark_oak_planks":1},"minecraft:used":{"minecraft:stone_axe":137,"minecraft:oak_trapdoor":3,"minecraft:iron_axe":498,"minecraft:string":1,"minecraft:shield":75,"minecraft:cactus":2,"minecraft:iron_pickaxe":350,"minecraft:spruce_stairs":49,"minecraft:white_banner":1,"minecraft:iron_block":3,"minecraft:diamond_sword":368,"minecraft:potato":296,"minecraft:campfire":6,"minecraft:oak_boat":14,"minecraft:wheat_seeds":861,"minecraft:milk_bucket":8,"minecraft:glass_bottle":8,"minecraft:wooden_axe":10,"minecraft:diamond_pickaxe":969,"minecraft:oak_sign":17,"minecraft:granite":2,"minecraft:brewing_stand":2,"minecraft:stone_sword":153,"minecraft:sweet_berries":79,"minecraft:red_bed":2,"minecraft:birch_trapdoor":8,"minecraft:redstone":3,"minecraft:firefly_bush":2,"minecraft:oak_slab":1,"minecraft:brown_mushroom":4,"minecraft:spruce_door":1,"minecraft:map":1,"minecraft:cobblestone":270,"minecraft:hopper":16,"minecraft:diamond_axe":2842,"minecraft:carrot":425,"minecraft:crafting_table":5,"minecraft:spruce_sign":6,"minecraft:snowball":1,"minecraft:red_mushroom":2,"minecraft:potion":38,"minecraft:stone_pickaxe":85,"minecraft:bow":449,"minecraft:oak_door":9,"minecraft:baked_potato":4,"minecraft:cobbled_deepslate":1,"minecraft:netherrack":69,"minecraft:spruce_boat":67,"minecraft:apple":5,"minecraft:cod":16,"minecraft:diamond_shovel":157,"minecraft:spruce_log":140,"minecraft:stone_hoe":1,"minecraft:stone_shovel":109,"minecraft:rotten_flesh":7,"minecraft:water_bucket":56,"minecraft:bone_meal":69,"minecraft:item_frame":12,"minecraft:golden_sword":1,"minecraft:anvil":1,"minecraft:furnace":3,"minecraft:lime_wool":1,"minecraft:goat_horn":1,"minecraft:blue_egg":1,"minecraft:torch":242,"minecraft:bread":252,"minecraft:dirt":34,"minecraft:written_book":1,"minecraft:fishing_rod":358,"minecraft:pufferfish":2,"minecraft:cobblestone_stairs":13,"minecraft:spruce_planks":13,"minecraft:cobblestone_slab":13,"minecraft:cake":1,"minecraft:iron_bars":34,"minecraft:shears":162,"minecraft:cooked_beef":43,"minecraft:mangrove_planks":1,"minecraft:flint_and_steel":51,"minecraft:redstone_torch":11,"minecraft:bucket":57,"minecraft:chest":17,"minecraft:splash_potion":1,"minecraft:cauldron":3,"minecraft:oak_planks":37,"minecraft:spruce_sapling":22,"minecraft:oak_sapling":18,"minecraft:egg":79,"minecraft:sugar_cane":2,"minecraft:heavy_weighted_pressure_plate":9}},"DataVersion":4440}