{"stats":{"minecraft:killed_by":{"minecraft:skeleton":1,"minecraft:player":1,"minecraft:wither_skeleton":1},"minecraft:custom":{"minecraft:time_since_rest":306501,"minecraft:leave_game":74,"minecraft:boat_one_cm":596784,"minecraft:damage_absorbed":397,"minecraft:time_since_death":306474,"minecraft:interact_with_furnace":199,"minecraft:happy_ghast_one_cm":2683,"minecraft:total_world_time":1361281,"minecraft:crouch_one_cm":362477,"minecraft:raid_win":1,"minecraft:climb_one_cm":97628,"minecraft:deaths":51,"minecraft:interact_with_stonecutter":2,"minecraft:fish_caught":38,"minecraft:animals_bred":27,"minecraft:minecart_one_cm":34031,"minecraft:traded_with_villager":37,"minecraft:damage_resisted":90,"minecraft:damage_blocked_by_shield":15920,"minecraft:interact_with_crafting_table":224,"minecraft:inspect_dropper":5,"minecraft:walk_one_cm":6504098,"minecraft:walk_under_water_one_cm":143499,"minecraft:horse_one_cm":31,"minecraft:damage_dealt":217945,"minecraft:play_time":1361281,"minecraft:jump":49097,"minecraft:play_record":8,"minecraft:sprint_one_cm":8320246,"minecraft:inspect_hopper":10,"minecraft:fly_one_cm":12596166,"minecraft:walk_on_water_one_cm":159350,"minecraft:interact_with_blast_furnace":26,"minecraft:interact_with_grindstone":25,"minecraft:talked_to_villager":56,"minecraft:damage_taken":29876,"minecraft:mob_kills":3358,"minecraft:interact_with_beacon":4,"minecraft:open_enderchest":13,"minecraft:damage_dealt_absorbed":47,"minecraft:interact_with_brewingstand":23,"minecraft:sleep_in_bed":1,"minecraft:inspect_dispenser":53,"minecraft:swim_one_cm":445659,"minecraft:pot_flower":2,"minecraft:player_kills":3,"minecraft:enchant_item":83,"minecraft:interact_with_lectern":14,"minecraft:drop":478,"minecraft:bell_ring":16,"minecraft:open_barrel":149,"minecraft:open_chest":1123,"minecraft:interact_with_smoker":77,"minecraft:fall_one_cm":1754942,"minecraft:interact_with_anvil":27,"minecraft:sneak_time":61711},"minecraft:broken":{"minecraft:iron_helmet":2,"minecraft:iron_axe":1,"minecraft:iron_hoe":2,"minecraft:shield":1,"minecraft:iron_leggings":2,"minecraft:iron_shovel":1,"minecraft:fishing_rod":1,"minecraft:stone_axe":1,"minecraft:iron_pickaxe":1,"minecraft:stone_pickaxe":1,"minecraft:iron_sword":1},"minecraft:crafted":{"minecraft:mace":1,"minecraft:pink_stained_glass_pane":16,"minecraft:wind_charge":148,"minecraft:gold_ingot":34,"minecraft:book":51,"minecraft:iron_chestplate":2,"minecraft:crimson_planks":24,"minecraft:oak_fence":51,"minecraft:painting":1,"minecraft:lever":1,"minecraft:stone_bricks":820,"minecraft:diamond_pickaxe":4,"minecraft:chest":12,"minecraft:bookshelf":19,"minecraft:stone_slab":6,"minecraft:bow":1,"minecraft:bucket":2,"minecraft:flint_and_steel":1,"minecraft:jungle_planks":28,"minecraft:cut_copper_slab":6,"minecraft:ladder":51,"minecraft:oak_stairs":56,"minecraft:stone_hoe":1,"minecraft:diamond_shovel":2,"minecraft:cut_copper":4,"minecraft:stone_pressure_plate":1,"minecraft:glass":49,"minecraft:cobblestone_slab":30,"minecraft:iron_hoe":2,"minecraft:oak_trapdoor":26,"minecraft:brewing_stand":1,"minecraft:stone_stairs":4,"minecraft:pink_dye":1,"minecraft:polished_diorite":4,"minecraft:cooked_mutton":11,"minecraft:iron_door":6,"minecraft:smooth_stone":6,"minecraft:white_wool":3,"minecraft:cooked_beef":141,"minecraft:diamond":27,"minecraft:oak_slab":252,"minecraft:spruce_sign":6,"minecraft:brick":6,"minecraft:barrel":3,"minecraft:paper":225,"minecraft:furnace":7,"minecraft:tinted_glass":6,"minecraft:grindstone":1,"minecraft:iron_ingot":156,"minecraft:black_stained_glass_pane":64,"minecraft:diamond_hoe":1,"minecraft:lead":2,"minecraft:diamond_helmet":1,"minecraft:tripwire_hook":2,"minecraft:stone":305,"minecraft:blaze_powder":6,"minecraft:diamond_leggings":1,"minecraft:enchanted_book":9,"minecraft:baked_potato":29,"minecraft:shield":6,"minecraft:stone_axe":2,"minecraft:birch_sign":3,"minecraft:black_stained_glass":24,"minecraft:iron_axe":3,"minecraft:cobblestone_stairs":4,"minecraft:cooked_salmon":11,"minecraft:diamond_boots":2,"minecraft:polished_deepslate_wall":6,"minecraft:ender_eye":2,"minecraft:stick":672,"minecraft:stone_brick_slab":30,"minecraft:ender_chest":2,"minecraft:black_dye":18,"minecraft:cooked_porkchop":66,"minecraft:iron_helmet":3,"minecraft:diamond_axe":2,"minecraft:cobblestone_wall":6,"minecraft:light_gray_dye":46,"minecraft:air":0,"minecraft:bone_meal":93,"minecraft:spyglass":1,"minecraft:oak_boat":1,"minecraft:glass_bottle":9,"minecraft:flower_pot":2,"minecraft:blast_furnace":2,"minecraft:bundle":3,"minecraft:oak_planks":724,"minecraft:cooked_cod":26,"minecraft:enchanting_table":2,"minecraft:iron_sword":1,"minecraft:fishing_rod":3,"minecraft:shears":3,"minecraft:iron_shovel":1,"minecraft:polished_deepslate":12,"minecraft:smoker":2,"minecraft:stone_shovel":1,"minecraft:white_dye":30,"minecraft:lantern":31,"minecraft:birch_planks":116,"minecraft:stone_pickaxe":2,"minecraft:emerald_block":7,"minecraft:wooden_pickaxe":2,"minecraft:spruce_slab":30,"minecraft:oak_fence_gate":7,"minecraft:pink_stained_glass":8,"minecraft:light_gray_concrete_powder":368,"minecraft:chain":10,"minecraft:diamond_sword":1,"minecraft:iron_nugget":351,"minecraft:emerald":132,"minecraft:stone_brick_stairs":4,"minecraft:spruce_trapdoor":6,"minecraft:spruce_boat":1,"minecraft:cooked_rabbit":1,"minecraft:copper_ingot":2,"minecraft:crafting_table":10,"minecraft:torch":64,"minecraft:white_bed":4,"minecraft:crossbow":1,"minecraft:spruce_planks":168,"minecraft:iron_pickaxe":3,"minecraft:iron_leggings":1},"minecraft:killed":{"minecraft:stray":72,"minecraft:pig":29,"minecraft:piglin":6,"minecraft:vindicator":3,"minecraft:ravager":1,"minecraft:silverfish":1887,"minecraft:salmon":8,"minecraft:zombie":325,"minecraft:donkey":1,"minecraft:zombie_villager":1,"minecraft:rabbit":5,"minecraft:squid":10,"minecraft:drowned":6,"minecraft:cow":71,"minecraft:slime":117,"minecraft:pillager":4,"minecraft:skeleton":278,"minecraft:witch":5,"minecraft:spider":64,"minecraft:horse":8,"minecraft:bogged":79,"minecraft:husk":104,"minecraft:wither_skeleton":3,"minecraft:cave_spider":133,"minecraft:creeper":49,"minecraft:hoglin":1,"minecraft:sheep":7,"minecraft:enderman":6,"minecraft:magma_cube":1,"minecraft:vex":1,"minecraft:breeze":46,"minecraft:blaze":2},"minecraft:picked_up":{"minecraft:cobblestone_wall":4,"minecraft:enchanting_table":5,"minecraft:sweet_berries":48,"minecraft:smooth_stone_slab":4,"minecraft:cobblestone":607,"minecraft:shears":1,"minecraft:brick":18,"minecraft:small_amethyst_bud":5,"minecraft:saddle":1,"minecraft:sugar_cane":229,"minecraft:bone":336,"minecraft:rose_bush":6,"minecraft:clay_ball":317,"minecraft:waxed_copper_grate":5,"minecraft:iron_sword":2,"minecraft:blaze_rod":2,"minecraft:emerald":209,"minecraft:deepslate_diamond_ore":48,"minecraft:book":30,"minecraft:ink_sac":18,"minecraft:large_amethyst_bud":6,"minecraft:light_gray_concrete":439,"minecraft:wildflowers":14,"minecraft:bow":18,"minecraft:arrow":548,"minecraft:smooth_basalt":45,"minecraft:iron_ingot":35,"minecraft:lilac":68,"minecraft:crossbow":5,"minecraft:heavy_core":1,"minecraft:azalea":3,"minecraft:golden_leggings":1,"minecraft:dandelion":10,"minecraft:firework_rocket":51,"minecraft:nautilus_shell":1,"minecraft:mutton":11,"minecraft:golden_carrot":25,"minecraft:iron_chestplate":4,"minecraft:spruce_leaves":1,"minecraft:rabbit_hide":3,"minecraft:crimson_stem":7,"minecraft:big_dripleaf":3,"minecraft:oxeye_daisy":1,"minecraft:oak_stairs":2,"minecraft:oak_log":285,"minecraft:sand":322,"minecraft:furnace":6,"minecraft:wheat_seeds":143,"minecraft:leather_leggings":3,"minecraft:egg":1,"minecraft:iron_leggings":1,"minecraft:diamond_sword":1,"minecraft:red_mushroom":2,"minecraft:snowball":23,"minecraft:blast_furnace":2,"minecraft:red_nether_bricks":4,"minecraft:mushroom_stem":64,"minecraft:chiseled_tuff_bricks":5,"minecraft:ender_pearl":11,"minecraft:string":242,"minecraft:stone_bricks":279,"minecraft:obsidian":24,"minecraft:leather_boots":2,"minecraft:writable_book":2,"minecraft:polished_diorite":4,"minecraft:white_carpet":14,"minecraft:cornflower":3,"minecraft:enchanted_book":9,"minecraft:oak_fence_gate":1,"minecraft:spruce_sapling":3,"minecraft:iron_block":3,"minecraft:white_bed":2,"minecraft:fishing_rod":1,"minecraft:bucket":2,"minecraft:stripped_oak_log":17,"minecraft:guster_banner_pattern":2,"minecraft:leather":87,"minecraft:birch_sign":2,"minecraft:honey_bottle":10,"minecraft:pink_tulip":32,"minecraft:lead":12,"minecraft:moss_carpet":2,"minecraft:peony":50,"minecraft:porkchop":66,"minecraft:spruce_sign":8,"minecraft:stick":94,"minecraft:polished_tuff":4,"minecraft:bamboo":11,"minecraft:moss_block":4,"minecraft:deepslate":427,"minecraft:raw_iron":146,"minecraft:diamond_chestplate":1,"minecraft:light_gray_concrete_powder":1,"minecraft:allium":73,"minecraft:dead_bush":1,"minecraft:nether_brick":2,"minecraft:chest":9,"minecraft:pink_petals":1,"minecraft:netherrack":155,"minecraft:stone":793,"minecraft:gravel":209,"minecraft:tuff":55,"minecraft:potato":58,"minecraft:shield":3,"minecraft:lapis_lazuli":138,"minecraft:jungle_log":7,"minecraft:ominous_bottle":5,"minecraft:trial_key":38,"minecraft:oak_boat":2,"minecraft:cobweb":52,"minecraft:pufferfish":3,"minecraft:cherry_sapling":16,"minecraft:oak_planks":58,"minecraft:ice":1,"minecraft:raw_copper":2,"minecraft:stone_brick_stairs":3,"minecraft:rotten_flesh":362,"minecraft:apple":19,"minecraft:calcite":516,"minecraft:black_stained_glass_pane":1,"minecraft:iron_door":5,"minecraft:name_tag":2,"minecraft:mossy_stone_brick_slab":1,"minecraft:flint":19,"minecraft:polished_deepslate_wall":4,"minecraft:redstone":57,"minecraft:flow_banner_pattern":3,"minecraft:glow_berries":24,"minecraft:firefly_bush":52,"minecraft:lantern":3,"minecraft:diamond":87,"minecraft:slime_ball":77,"minecraft:granite":33,"minecraft:smoker":10,"minecraft:dark_oak_sapling":51,"minecraft:stone_brick_slab":35,"minecraft:bush":1,"minecraft:flow_armor_trim_smithing_template":4,"minecraft:nether_wart":6,"minecraft:salmon":19,"minecraft:spruce_boat":18,"minecraft:red_mushroom_block":180,"minecraft:gold_block":4,"minecraft:spyglass":1,"minecraft:bowl":1,"minecraft:dark_oak_planks":1,"minecraft:chest_minecart":1,"minecraft:enchanted_golden_apple":7,"minecraft:hay_block":1,"minecraft:raw_gold":19,"minecraft:emerald_block":18,"minecraft:spruce_planks":12,"minecraft:dirt":1000,"minecraft:black_carpet":3,"minecraft:golden_boots":1,"minecraft:azure_bluet":1,"minecraft:torch":13,"minecraft:diamond_pickaxe":2,"minecraft:cherry_log":3,"minecraft:bread":15,"minecraft:iron_boots":1,"minecraft:spruce_log":56,"minecraft:coal":324,"minecraft:stone_stairs":4,"minecraft:oak_fence":7,"minecraft:iron_pickaxe":3,"minecraft:nether_bricks":24,"minecraft:waxed_copper_block":9,"minecraft:birch_sapling":4,"minecraft:poppy":60,"minecraft:cooked_beef":54,"minecraft:white_wool":51,"minecraft:mangrove_propagule":1,"minecraft:potion":39,"minecraft:andesite":72,"minecraft:rabbit_foot":2,"minecraft:ladder":44,"minecraft:amethyst_shard":172,"minecraft:filled_map":2,"minecraft:diamond_axe":2,"minecraft:carrot":57,"minecraft:rabbit":2,"minecraft:breeze_rod":89,"minecraft:medium_amethyst_bud":7,"minecraft:gold_nugget":242,"minecraft:water_bucket":1,"minecraft:stone_pickaxe":3,"minecraft:cod":22,"minecraft:chiseled_tuff":3,"minecraft:gold_ingot":12,"minecraft:baked_potato":45,"minecraft:copper_block":4,"minecraft:golden_apple":10,"minecraft:polished_tuff_slab":1,"minecraft:copper_ore":5,"minecraft:oak_trapdoor":18,"minecraft:painting":10,"minecraft:clay":1,"minecraft:cooked_chicken":7,"minecraft:cobbled_deepslate":209,"minecraft:glowstone_dust":34,"minecraft:pumpkin_seeds":3,"minecraft:stone_axe":2,"minecraft:amethyst_block":73,"minecraft:wheat":47,"minecraft:tuff_bricks":66,"minecraft:gunpowder":41,"minecraft:spruce_trapdoor":5,"minecraft:magma_block":7,"minecraft:tinted_glass":7,"minecraft:amethyst_cluster":73,"minecraft:leaf_litter":586,"minecraft:nether_brick_fence":4,"minecraft:grass_block":4,"minecraft:pale_oak_boat":7,"minecraft:birch_log":29,"minecraft:music_disc_creator":9,"minecraft:diamond_block":2,"minecraft:spider_eye":75,"minecraft:dark_oak_log":186,"minecraft:tipped_arrow":266,"minecraft:diorite":105,"minecraft:wooden_pickaxe":1,"minecraft:flower_pot":4,"minecraft:crafting_table":30,"minecraft:ominous_trial_key":21,"minecraft:decorated_pot":17,"minecraft:oak_sapling":42,"minecraft:small_dripleaf":1,"minecraft:beef":138,"minecraft:wind_charge":239,"minecraft:dark_oak_boat":29,"minecraft:glass_bottle":8,"minecraft:oak_slab":24,"minecraft:waxed_oxidized_copper":1,"minecraft:barrel":1,"minecraft:iron_hoe":1,"minecraft:paper":3},"minecraft:mined":{"minecraft:torch":4,"minecraft:spruce_log":59,"minecraft:chest":8,"minecraft:smooth_basalt":47,"minecraft:netherrack":142,"minecraft:suspicious_gravel":1,"minecraft:amethyst_block":74,"minecraft:birch_wall_sign":1,"minecraft:spruce_planks":11,"minecraft:birch_log":29,"minecraft:mossy_stone_brick_slab":1,"minecraft:oxeye_daisy":1,"minecraft:sweet_berry_bush":1,"minecraft:large_fern":2,"minecraft:magma_block":7,"minecraft:farmland":1,"minecraft:obsidian":24,"minecraft:dark_oak_planks":1,"minecraft:waxed_oxidized_copper":2,"minecraft:tnt":2,"minecraft:cave_vines":17,"minecraft:iron_door":5,"minecraft:birch_leaves":7,"minecraft:oak_fence":5,"minecraft:smooth_stone_slab":4,"minecraft:red_nether_bricks":4,"minecraft:moss_block":2,"minecraft:gold_block":4,"minecraft:mushroom_stem":64,"minecraft:bamboo":1,"minecraft:nether_brick_fence":4,"minecraft:wall_torch":2,"minecraft:decorated_pot":48,"minecraft:fern":1,"minecraft:fire":38,"minecraft:stone_brick_stairs":3,"minecraft:black_carpet":3,"minecraft:deepslate_diamond_ore":92,"minecraft:potatoes":13,"minecraft:small_dripleaf":2,"minecraft:light_gray_concrete":439,"minecraft:azalea":3,"minecraft:azure_bluet":1,"minecraft:copper_block":4,"minecraft:iron_ore":78,"minecraft:dark_oak_log":182,"minecraft:dandelion":1,"minecraft:oak_planks":42,"minecraft:cobblestone":45,"minecraft:tinted_glass":7,"minecraft:sugar_cane":209,"minecraft:red_mushroom_block":180,"minecraft:cherry_leaves":89,"minecraft:oak_leaves":39,"minecraft:polished_diorite":4,"minecraft:furnace":6,"minecraft:clay":75,"minecraft:rose_bush":5,"minecraft:crimson_roots":1,"minecraft:wildflowers":6,"minecraft:large_amethyst_bud":6,"minecraft:tall_grass":10,"minecraft:waxed_copper_block":9,"minecraft:polished_tuff_slab":2,"minecraft:tall_seagrass":1,"minecraft:dirt":580,"minecraft:tripwire":4,"minecraft:pink_petals":1,"minecraft:medium_amethyst_bud":7,"minecraft:flower_pot":3,"minecraft:moss_carpet":1,"minecraft:ladder":23,"minecraft:sand":357,"minecraft:deepslate":724,"minecraft:snow":27,"minecraft:oak_log":272,"minecraft:lapis_ore":1,"minecraft:cherry_log":3,"minecraft:sculk":1586,"minecraft:vine":3,"minecraft:carrots":23,"minecraft:oak_slab":21,"minecraft:small_amethyst_bud":5,"minecraft:gravel":258,"minecraft:short_grass":113,"minecraft:light_gray_concrete_powder":1,"minecraft:waxed_copper_grate":15,"minecraft:dirt_path":1,"minecraft:crafting_table":30,"minecraft:deepslate_redstone_ore":9,"minecraft:leaf_litter":85,"minecraft:stripped_oak_log":17,"minecraft:lilac":69,"minecraft:jungle_log":7,"minecraft:copper_ore":8,"minecraft:firefly_bush":45,"minecraft:gold_ore":2,"minecraft:chiseled_tuff":3,"minecraft:andesite":89,"minecraft:black_stained_glass_pane":9,"minecraft:glowstone":12,"minecraft:cave_vines_plant":13,"minecraft:blast_furnace":2,"minecraft:deepslate_gold_ore":17,"minecraft:ice":32,"minecraft:nether_bricks":24,"minecraft:dark_oak_leaves":42,"minecraft:deepslate_lapis_ore":17,"minecraft:deepslate_iron_ore":46,"minecraft:amethyst_cluster":90,"minecraft:allium":78,"minecraft:stone":1513,"minecraft:stone_bricks":285,"minecraft:granite":43,"minecraft:bush":3,"minecraft:crimson_stem":7,"minecraft:coal_ore":194,"minecraft:sculk_sensor":2,"minecraft:diorite":136,"minecraft:wheat":44,"minecraft:spruce_trapdoor":1,"minecraft:white_bed":2,"minecraft:smoker":10,"minecraft:cherry_sapling":11,"minecraft:pink_tulip":32,"minecraft:polished_deepslate":2,"minecraft:sculk_vein":52,"minecraft:bookshelf":10,"minecraft:white_carpet":1,"minecraft:crimson_nylium":2,"minecraft:powder_snow":16,"minecraft:snow_block":3,"minecraft:enchanting_table":5,"minecraft:barrel":1,"minecraft:oak_stairs":2,"minecraft:potted_dead_bush":1,"minecraft:mossy_cobblestone":1,"minecraft:nether_wart":6,"minecraft:polished_deepslate_wall":4,"minecraft:grass_block":703,"minecraft:cobweb":86,"minecraft:stone_brick_slab":34,"minecraft:peony":50,"minecraft:spruce_leaves":38,"minecraft:chiseled_tuff_bricks":6,"minecraft:cobbled_deepslate":17,"minecraft:tuff":70,"minecraft:polished_tuff":6,"minecraft:tuff_bricks":69,"minecraft:white_wool":3,"minecraft:stone_button":1,"minecraft:nether_gold_ore":60,"minecraft:calcite":428,"minecraft:spruce_slab":1,"minecraft:emerald_block":12,"minecraft:cornflower":2,"minecraft:stone_stairs":4},"minecraft:dropped":{"minecraft:allium":9,"minecraft:andesite":30,"minecraft:sweet_berries":47,"minecraft:magma_block":7,"minecraft:nether_brick":1,"minecraft:flow_banner_pattern":2,"minecraft:ice":1,"minecraft:gravel":4,"minecraft:bone":177,"minecraft:brick":11,"minecraft:poppy":64,"minecraft:cobweb":3,"minecraft:bowl":1,"minecraft:cobblestone_slab":4,"minecraft:tuff_bricks":9,"minecraft:spruce_sign":1,"minecraft:nether_bricks":24,"minecraft:crossbow":5,"minecraft:oak_sapling":9,"minecraft:filled_map":2,"minecraft:cooked_chicken":2,"minecraft:polished_tuff_slab":1,"minecraft:name_tag":2,"minecraft:emerald_block":1,"minecraft:lilac":4,"minecraft:cornflower":1,"minecraft:grass_block":1,"minecraft:tuff":42,"minecraft:arrow":80,"minecraft:carrot":1,"minecraft:iron_horse_armor":1,"minecraft:white_bed":2,"minecraft:gunpowder":22,"minecraft:deepslate":110,"minecraft:dead_bush":1,"minecraft:gold_ingot":12,"minecraft:smooth_basalt":8,"minecraft:stone_axe":3,"minecraft:guster_banner_pattern":1,"minecraft:iron_pickaxe":5,"minecraft:spruce_leaves":1,"minecraft:baked_potato":27,"minecraft:diorite":17,"minecraft:golden_apple":7,"minecraft:tipped_arrow":46,"minecraft:rotten_flesh":275,"minecraft:stone_shovel":1,"minecraft:iron_chestplate":5,"minecraft:torch":6,"minecraft:leather_leggings":3,"minecraft:ominous_trial_key":1,"minecraft:bow":15,"minecraft:pufferfish":3,"minecraft:bucket":1,"minecraft:dirt":72,"minecraft:stone":122,"minecraft:sand":14,"minecraft:chest":2,"minecraft:oak_fence":2,"minecraft:nether_brick_fence":4,"minecraft:coal":5,"minecraft:spruce_boat":2,"minecraft:honey_bottle":3,"minecraft:potato":1,"minecraft:glass_bottle":15,"minecraft:decorated_pot":12,"minecraft:stone_hoe":1,"minecraft:wooden_pickaxe":3,"minecraft:waxed_copper_grate":2,"minecraft:lapis_lazuli":19,"minecraft:cut_copper":1,"minecraft:netherrack":66,"minecraft:cut_copper_slab":4,"minecraft:iron_axe":1,"minecraft:oak_planks":37,"minecraft:black_stained_glass_pane":1,"minecraft:cobbled_deepslate":28,"minecraft:clay":1,"minecraft:wheat_seeds":21,"minecraft:iron_ingot":2,"minecraft:flint_and_steel":1,"minecraft:flower_pot":2,"minecraft:paper":2,"minecraft:stone_pickaxe":4,"minecraft:rose_bush":5,"minecraft:polished_tuff":4,"minecraft:calcite":3,"minecraft:white_carpet":14,"minecraft:amethyst_cluster":28,"minecraft:oak_log":25,"minecraft:dark_oak_sapling":3,"minecraft:diamond_pickaxe":2,"minecraft:hay_block":1,"minecraft:dandelion":10,"minecraft:string":97,"minecraft:golden_boots":1,"minecraft:clay_ball":4,"minecraft:stick":67,"minecraft:bread":3,"minecraft:spider_eye":71,"minecraft:iron_boots":1,"minecraft:ladder":51,"minecraft:cobblestone":25,"minecraft:copper_ore":4,"minecraft:spruce_planks":5,"minecraft:leather_boots":2,"minecraft:rabbit":1,"minecraft:pumpkin_seeds":3,"minecraft:wind_charge":37,"minecraft:diamond_axe":2,"minecraft:red_mushroom":2,"minecraft:potion":6,"minecraft:firework_rocket":51,"minecraft:leather":5,"minecraft:iron_hoe":1,"minecraft:granite":18,"minecraft:moss_carpet":2,"minecraft:saddle":1,"minecraft:diamond":2,"minecraft:waxed_copper_block":4,"minecraft:wildflowers":8,"minecraft:cobblestone_wall":8,"minecraft:bone_meal":4,"minecraft:birch_sapling":1,"minecraft:crimson_stem":1,"minecraft:chiseled_tuff_bricks":4,"minecraft:leaf_litter":378,"minecraft:furnace":1,"minecraft:flint":3,"minecraft:diamond_sword":1,"minecraft:iron_sword":2,"minecraft:golden_leggings":1,"minecraft:lingering_potion":1,"minecraft:oak_trapdoor":18,"minecraft:gold_nugget":8,"minecraft:salmon":4,"minecraft:fishing_rod":3},"minecraft:used":{"minecraft:birch_sapling":3,"minecraft:painting":11,"minecraft:iron_axe":488,"minecraft:leaf_litter":72,"minecraft:diamond_helmet":2,"minecraft:diamond_hoe":1276,"minecraft:ominous_trial_key":23,"minecraft:birch_sign":3,"minecraft:pink_stained_glass_pane":1,"minecraft:iron_block":7,"minecraft:diamond_sword":1262,"minecraft:potato":42,"minecraft:wheat_seeds":64,"minecraft:glow_berries":33,"minecraft:glass_bottle":13,"minecraft:light_gray_concrete":435,"minecraft:black_carpet":3,"minecraft:glass":2,"minecraft:salmon":3,"minecraft:lantern":24,"minecraft:mushroom_stem":64,"minecraft:cooked_porkchop":66,"minecraft:granite":2,"minecraft:decorated_pot":4,"minecraft:iron_shovel":251,"minecraft:chiseled_tuff_bricks":1,"minecraft:firefly_bush":40,"minecraft:small_dripleaf":1,"minecraft:light_gray_concrete_powder":362,"minecraft:oak_log":75,"minecraft:spruce_slab":29,"minecraft:tinted_glass":11,"minecraft:grindstone":1,"minecraft:diamond_axe":2927,"minecraft:stripped_oak_log":17,"minecraft:snowball":23,"minecraft:moss_block":1,"minecraft:stone_pickaxe":155,"minecraft:calcite":472,"minecraft:bow":264,"minecraft:stone_pressure_plate":1,"minecraft:large_amethyst_bud":5,"minecraft:iron_leggings":1,"minecraft:cobbled_deepslate":74,"minecraft:netherrack":73,"minecraft:spruce_boat":17,"minecraft:polished_diorite":4,"minecraft:chiseled_tuff":3,"minecraft:diamond_shovel":1644,"minecraft:deepslate_diamond_ore":7,"minecraft:stone_shovel":69,"minecraft:rotten_flesh":8,"minecraft:writable_book":2,"minecraft:bone_meal":61,"minecraft:dark_oak_planks":1,"minecraft:red_nether_bricks":4,"minecraft:dirt":719,"minecraft:written_book":1,"minecraft:fishing_rod":89,"minecraft:cooked_salmon":11,"minecraft:sand":1,"minecraft:wind_charge":324,"minecraft:spruce_planks":10,"minecraft:chest_minecart":1,"minecraft:medium_amethyst_bud":4,"minecraft:cooked_rabbit":1,"minecraft:small_amethyst_bud":4,"minecraft:glow_ink_sac":1,"minecraft:cooked_cod":26,"minecraft:shears":68,"minecraft:red_mushroom_block":106,"minecraft:stone_brick_stairs":10,"minecraft:bucket":50,"minecraft:spyglass":224,"minecraft:enchanted_golden_apple":1,"minecraft:oak_planks":164,"minecraft:porkchop":4,"minecraft:oak_sapling":34,"minecraft:flower_pot":4,"minecraft:sugar_cane":31,"minecraft:smooth_stone_slab":4,"minecraft:iron_door":9,"minecraft:trial_key":34,"minecraft:stone_axe":154,"minecraft:oak_fence":56,"minecraft:oak_trapdoor":18,"minecraft:grass_block":20,"minecraft:polished_deepslate_wall":4,"minecraft:wildflowers":6,"minecraft:emerald_block":5,"minecraft:shield":142,"minecraft:deepslate":122,"minecraft:iron_pickaxe":268,"minecraft:polished_deepslate":2,"minecraft:dark_oak_log":16,"minecraft:waxed_copper_block":5,"minecraft:firework_rocket":35,"minecraft:iron_sword":255,"minecraft:oak_boat":3,"minecraft:golden_carrot":20,"minecraft:milk_bucket":8,"minecraft:cherry_sapling":15,"minecraft:stone_brick_slab":65,"minecraft:cooked_mutton":11,"minecraft:bookshelf":19,"minecraft:diamond_pickaxe":4572,"minecraft:crimson_planks":23,"minecraft:ladder":38,"minecraft:stone_bricks":1063,"minecraft:crossbow":34,"minecraft:blast_furnace":3,"minecraft:brewing_stand":1,"minecraft:sweet_berries":27,"minecraft:cobblestone_wall":2,"minecraft:diorite":41,"minecraft:ominous_bottle":4,"minecraft:pale_oak_boat":6,"minecraft:oak_slab":270,"minecraft:wooden_pickaxe":31,"minecraft:map":1,"minecraft:diamond_leggings":2,"minecraft:mace":28,"minecraft:cobblestone":131,"minecraft:diamond_chestplate":2,"minecraft:stone":100,"minecraft:waxed_copper_grate":67,"minecraft:golden_apple":8,"minecraft:axolotl_bucket":17,"minecraft:chain":10,"minecraft:carrot":55,"minecraft:crafting_table":36,"minecraft:spruce_sign":6,"minecraft:birch_boat":1,"minecraft:spruce_trapdoor":3,"minecraft:potion":14,"minecraft:oak_fence_gate":6,"minecraft:tuff_bricks":49,"minecraft:bush":1,"minecraft:white_bed":4,"minecraft:gold_block":4,"minecraft:diamond_boots":2,"minecraft:baked_potato":117,"minecraft:waxed_oxidized_copper":1,"minecraft:apple":7,"minecraft:smoker":11,"minecraft:stone_hoe":30,"minecraft:spruce_log":6,"minecraft:iron_hoe":500,"minecraft:water_bucket":32,"minecraft:smooth_basalt":17,"minecraft:amethyst_cluster":5,"minecraft:black_stained_glass_pane":63,"minecraft:furnace":8,"minecraft:bread":9,"minecraft:barrel":4,"minecraft:torch":82,"minecraft:cut_copper_slab":2,"minecraft:cobblestone_stairs":2,"minecraft:lever":1,"minecraft:cobblestone_slab":26,"minecraft:cobweb":5,"minecraft:stone_stairs":6,"minecraft:cooked_chicken":5,"minecraft:oak_stairs":58,"minecraft:cherry_log":1,"minecraft:cooked_beef":156,"minecraft:flint_and_steel":5,"minecraft:amethyst_block":59,"minecraft:dark_oak_boat":29,"minecraft:chest":14,"minecraft:iron_helmet":3,"minecraft:cornflower":2,"minecraft:enchanting_table":6,"minecraft:beef":3,"minecraft:spruce_sapling":3,"minecraft:egg":1,"minecraft:azure_bluet":1}},"DataVersion":4440}