{"stats":{"minecraft:killed":{"minecraft:salmon":20,"minecraft:zombie":20,"minecraft:stray":1,"minecraft:skeleton":11,"minecraft:glow_squid":1,"minecraft:creeper":11,"minecraft:rabbit":4,"minecraft:squid":1,"minecraft:bat":2,"minecraft:spider":4},"minecraft:used":{"minecraft:stone_axe":124,"minecraft:iron_axe":35,"minecraft:string":1,"minecraft:light_gray_dye":1,"minecraft:shield":2,"minecraft:iron_pickaxe":250,"minecraft:andesite":1,"minecraft:iron_sword":161,"minecraft:wheat_seeds":19,"minecraft:mushroom_stew":7,"minecraft:glass":1,"minecraft:wooden_sword":30,"minecraft:ladder":20,"minecraft:stone_bricks":35,"minecraft:granite":3,"minecraft:stone_sword":145,"minecraft:diorite":22,"minecraft:wooden_pickaxe":118,"minecraft:spruce_door":3,"minecraft:cobblestone":170,"minecraft:stone":1,"minecraft:spruce_slab":5,"minecraft:crafting_table":7,"minecraft:spruce_sign":3,"minecraft:spruce_trapdoor":14,"minecraft:red_dye":1,"minecraft:snowball":1,"minecraft:jukebox":1,"minecraft:stone_pickaxe":323,"minecraft:bow":4,"minecraft:cobbled_deepslate":34,"minecraft:spruce_log":43,"minecraft:stone_hoe":2,"minecraft:stone_shovel":245,"minecraft:rotten_flesh":5,"minecraft:rabbit":3,"minecraft:bone_meal":30,"minecraft:furnace":5,"minecraft:bread":4,"minecraft:torch":43,"minecraft:dirt":36,"minecraft:black_bed":1,"minecraft:cooked_salmon":19,"minecraft:sand":30,"minecraft:spruce_planks":27,"minecraft:snow_block":14,"minecraft:chest":2,"minecraft:spruce_sapling":24,"minecraft:ice":3},"minecraft:mined":{"minecraft:stone_bricks":3,"minecraft:granite":12,"minecraft:spruce_log":99,"minecraft:dandelion":9,"minecraft:coal_ore":46,"minecraft:wheat":17,"minecraft:diorite":51,"minecraft:cobblestone":6,"minecraft:spruce_trapdoor":6,"minecraft:gravel":1,"minecraft:short_grass":9,"minecraft:oak_wall_sign":1,"minecraft:spruce_planks":6,"minecraft:furnace":2,"minecraft:crafting_table":5,"minecraft:deepslate_redstone_ore":4,"minecraft:oxeye_daisy":3,"minecraft:copper_ore":5,"minecraft:snow_block":15,"minecraft:dirt":150,"minecraft:andesite":15,"minecraft:tripwire":1,"minecraft:grass_block":27,"minecraft:packed_ice":321,"minecraft:spruce_leaves":503,"minecraft:deepslate_gold_ore":6,"minecraft:cobbled_deepslate":4,"minecraft:ice":158,"minecraft:spruce_door":1,"minecraft:wall_torch":5,"minecraft:deepslate":171,"minecraft:sand":47,"minecraft:fire":6,"minecraft:snow":11,"minecraft:jukebox":1,"minecraft:poppy":6,"minecraft:deepslate_lapis_ore":2,"minecraft:deepslate_diamond_ore":2,"minecraft:cornflower":1,"minecraft:deepslate_iron_ore":9,"minecraft:deepslate_tiles":3,"minecraft:azure_bluet":2,"minecraft:iron_ore":19,"minecraft:stone":313},"minecraft:crafted":{"minecraft:stone_sword":1,"minecraft:cooked_salmon":19,"minecraft:stone_shovel":1,"minecraft:wooden_sword":1,"minecraft:stone_pickaxe":2,"minecraft:spruce_door":6,"minecraft:iron_chestplate":1,"minecraft:iron_boots":1,"minecraft:stick":60,"minecraft:wooden_pickaxe":2,"minecraft:spruce_slab":6,"minecraft:spruce_sign":3,"minecraft:stone_bricks":44,"minecraft:chest":2,"minecraft:light_gray_dye":1,"minecraft:air":0,"minecraft:bow":1,"minecraft:bone_meal":30,"minecraft:furnace":3,"minecraft:snow_block":14,"minecraft:ladder":18,"minecraft:spruce_trapdoor":8,"minecraft:iron_ingot":28,"minecraft:stone_hoe":1,"minecraft:bread":4,"minecraft:red_dye":1,"minecraft:glass":1,"minecraft:stone":56,"minecraft:tnt":1,"minecraft:crafting_table":2,"minecraft:torch":36,"minecraft:shield":1,"minecraft:bowl":4,"minecraft:stone_axe":1,"minecraft:spruce_planks":216,"minecraft:iron_pickaxe":1,"minecraft:iron_sword":1,"minecraft:iron_axe":1,"minecraft:iron_leggings":1},"minecraft:broken":{"minecraft:stone_shovel":1,"minecraft:stone_axe":1,"minecraft:iron_pickaxe":1,"minecraft:wooden_sword":1,"minecraft:stone_sword":2,"minecraft:stone_pickaxe":2,"minecraft:wooden_pickaxe":2},"minecraft:picked_up":{"minecraft:spruce_sapling":30,"minecraft:rabbit":4,"minecraft:cobblestone":299,"minecraft:bone":13,"minecraft:redstone":17,"minecraft:deepslate_tiles":6,"minecraft:diamond":2,"minecraft:granite":12,"minecraft:ink_sac":2,"minecraft:salmon":19,"minecraft:stick":25,"minecraft:arrow":10,"minecraft:raw_iron":28,"minecraft:cobbled_deepslate":151,"minecraft:glowstone_dust":2,"minecraft:raw_gold":5,"minecraft:dandelion":9,"minecraft:wheat":14,"minecraft:spruce_door":1,"minecraft:gunpowder":12,"minecraft:spruce_trapdoor":6,"minecraft:spruce_planks":6,"minecraft:dirt":122,"minecraft:rabbit_hide":1,"minecraft:gravel":1,"minecraft:torch":7,"minecraft:azure_bluet":2,"minecraft:spruce_log":97,"minecraft:oxeye_daisy":3,"minecraft:coal":45,"minecraft:sand":44,"minecraft:furnace":3,"minecraft:wheat_seeds":44,"minecraft:lapis_lazuli":10,"minecraft:spider_eye":3,"minecraft:diorite":47,"minecraft:poppy":5,"minecraft:stone_hoe":1,"minecraft:ice":3,"minecraft:crafting_table":6,"minecraft:snowball":63,"minecraft:raw_copper":21,"minecraft:andesite":15,"minecraft:rotten_flesh":24,"minecraft:oak_sign":1,"minecraft:rabbit_foot":1,"minecraft:music_disc_pigstep":2,"minecraft:string":6,"minecraft:stone_bricks":3,"minecraft:jukebox":1,"minecraft:mushroom_stew":3,"minecraft:ladder":2,"minecraft:cornflower":1},"minecraft:dropped":{"minecraft:rabbit_hide":1,"minecraft:cornflower":1,"minecraft:granite":9,"minecraft:rabbit_foot":1,"minecraft:stone_hoe":1,"minecraft:snowball":1,"minecraft:spruce_slab":1,"minecraft:dirt":10},"minecraft:custom":{"minecraft:time_since_rest":16,"minecraft:leave_game":5,"minecraft:damage_taken":1950,"minecraft:mob_kills":76,"minecraft:time_since_death":2120,"minecraft:interact_with_furnace":86,"minecraft:sleep_in_bed":1,"minecraft:swim_one_cm":58322,"minecraft:total_world_time":97065,"minecraft:crouch_one_cm":106830,"minecraft:deaths":2,"minecraft:climb_one_cm":25530,"minecraft:damage_blocked_by_shield":120,"minecraft:interact_with_crafting_table":58,"minecraft:walk_one_cm":1042187,"minecraft:walk_under_water_one_cm":42649,"minecraft:damage_dealt":9270,"minecraft:play_time":97065,"minecraft:jump":2700,"minecraft:play_record":1,"minecraft:drop":8,"minecraft:sprint_one_cm":290075,"minecraft:open_chest":28,"minecraft:fall_one_cm":84855,"minecraft:fly_one_cm":482918,"minecraft:walk_on_water_one_cm":29829,"minecraft:sneak_time":11176}},"DataVersion":4440}