{"stats":{"minecraft:dropped":{"minecraft:rotten_flesh":4,"minecraft:iron_shovel":2,"minecraft:cobblestone":1,"minecraft:acacia_log":1,"minecraft:cobbled_deepslate":1,"minecraft:music_disc_lava_chicken":1,"minecraft:dirt":700,"minecraft:poppy":1,"minecraft:fishing_rod":1,"minecraft:carrot":1,"minecraft:mushroom_stew":1,"minecraft:chest":1,"minecraft:writable_book":1,"minecraft:cod":6,"minecraft:stone_pickaxe":1},"minecraft:custom":{"minecraft:talked_to_villager":1,"minecraft:time_since_rest":44900,"minecraft:leave_game":10,"minecraft:damage_taken":5605,"minecraft:mob_kills":25,"minecraft:boat_one_cm":29233,"minecraft:time_since_death":237788,"minecraft:open_enderchest":1,"minecraft:interact_with_furnace":14,"minecraft:sleep_in_bed":6,"minecraft:total_world_time":238329,"minecraft:swim_one_cm":38997,"minecraft:crouch_one_cm":25574,"minecraft:deaths":2,"minecraft:climb_one_cm":33295,"minecraft:fish_caught":15,"minecraft:interact_with_loom":1,"minecraft:interact_with_crafting_table":23,"minecraft:walk_one_cm":2278770,"minecraft:walk_under_water_one_cm":9047,"minecraft:play_time":238329,"minecraft:damage_dealt":4546,"minecraft:jump":8509,"minecraft:drop":32,"minecraft:open_barrel":2,"minecraft:sprint_one_cm":1323294,"minecraft:open_chest":168,"minecraft:fall_one_cm":227636,"minecraft:fly_one_cm":2450689,"minecraft:walk_on_water_one_cm":6600,"minecraft:sneak_time":3243},"minecraft:picked_up":{"minecraft:carrot":12,"minecraft:sweet_berries":46,"minecraft:black_terracotta":1,"minecraft:rabbit":1,"minecraft:cobblestone":4230,"minecraft:yellow_terracotta":1,"minecraft:fishing_rod":2,"minecraft:bone":6,"minecraft:diamond_shovel":1,"minecraft:snow_block":3,"minecraft:stone_pickaxe":1,"minecraft:cod":7,"minecraft:diamond":6,"minecraft:granite":286,"minecraft:porkchop":5,"minecraft:spruce_sign":2,"minecraft:salmon":12,"minecraft:stick":2,"minecraft:jungle_sign":1,"minecraft:moss_block":3,"minecraft:bow":1,"minecraft:arrow":6,"minecraft:bowl":2,"minecraft:raw_iron":29,"minecraft:cobbled_deepslate":2,"minecraft:raw_gold":2,"minecraft:music_disc_lava_chicken":1,"minecraft:acacia_log":1,"minecraft:jungle_sapling":19,"minecraft:mutton":2,"minecraft:chest":1,"minecraft:gunpowder":10,"minecraft:dirt":5235,"minecraft:brown_wool":1,"minecraft:iron_shovel":2,"minecraft:gravel":2,"minecraft:golden_boots":1,"minecraft:jungle_planks":22,"minecraft:torch":17,"minecraft:diamond_pickaxe":1,"minecraft:bread":13,"minecraft:coal":463,"minecraft:oak_log":16,"minecraft:lapis_lazuli":21,"minecraft:jungle_stairs":27,"minecraft:poppy":4,"minecraft:pufferfish":6,"minecraft:potion":1,"minecraft:raw_copper":66,"minecraft:oak_sapling":6,"minecraft:jungle_fence":1,"minecraft:rotten_flesh":22,"minecraft:cobblestone_slab":2,"minecraft:string":8,"minecraft:writable_book":1,"minecraft:cocoa_beans":9},"minecraft:killed_by":{"minecraft:endermite":1},"minecraft:crafted":{"minecraft:jungle_planks":292,"minecraft:cooked_salmon":6,"minecraft:stone_shovel":24,"minecraft:jungle_stairs":40,"minecraft:stone_pickaxe":14,"minecraft:crafting_table":1,"minecraft:torch":64,"minecraft:stick":72,"minecraft:chest":1,"minecraft:iron_shovel":13,"minecraft:fishing_rod":1,"minecraft:air":0,"minecraft:cobblestone_stairs":4},"minecraft:killed":{"minecraft:zombie":7,"minecraft:skeleton":6,"minecraft:creeper":6,"minecraft:sheep":1,"minecraft:spider":4},"minecraft:used":{"minecraft:stone_axe":80,"minecraft:jungle_sign":1,"minecraft:diamond_shovel":965,"minecraft:stone_shovel":3275,"minecraft:writable_book":1,"minecraft:diamond_pickaxe":4608,"minecraft:jungle_planks":118,"minecraft:mushroom_stew":62,"minecraft:bread":13,"minecraft:torch":66,"minecraft:dirt":2281,"minecraft:jungle_stairs":59,"minecraft:fishing_rod":22,"minecraft:cooked_salmon":6,"minecraft:iron_shovel":3251,"minecraft:stone_sword":77,"minecraft:sweet_berries":50,"minecraft:cobblestone_stairs":2,"minecraft:cobblestone_slab":2,"minecraft:cobblestone":203,"minecraft:carrot":12,"minecraft:crafting_table":1,"minecraft:chest":2,"minecraft:spruce_sign":2,"minecraft:cocoa_beans":3,"minecraft:stone_pickaxe":1925},"minecraft:broken":{"minecraft:stone_shovel":25,"minecraft:fishing_rod":1,"minecraft:iron_shovel":13,"minecraft:stone_pickaxe":14},"minecraft:mined":{"minecraft:granite":419,"minecraft:vine":5,"minecraft:spruce_wall_sign":1,"minecraft:coal_ore":194,"minecraft:oak_planks":1,"minecraft:cobblestone":37,"minecraft:gravel":6,"minecraft:oak_leaves":5,"minecraft:yellow_terracotta":1,"minecraft:sweet_berry_bush":5,"minecraft:copper_ore":17,"minecraft:dirt":3910,"minecraft:jungle_planks":22,"minecraft:grass_block":3722,"minecraft:cobbled_deepslate":1,"minecraft:wall_torch":2,"minecraft:jungle_stairs":27,"minecraft:fern":1,"minecraft:cobblestone_slab":2,"minecraft:spruce_sign":1,"minecraft:black_terracotta":1,"minecraft:jungle_leaves":4,"minecraft:iron_ore":29,"minecraft:stone":5828,"minecraft:cocoa":3}},"DataVersion":4440}