{"stats":{"minecraft:killed_by":{"minecraft:skeleton":10,"minecraft:witch":2,"minecraft:player":6,"minecraft:endermite":1,"minecraft:creaking":3,"minecraft:enderman":1,"minecraft:vex":1,"minecraft:spider":1,"minecraft:husk":2,"minecraft:pillager":5,"minecraft:zombie":10},"minecraft:custom":{"minecraft:eat_cake_slice":3,"minecraft:time_since_rest":88125,"minecraft:talked_to_villager":8,"minecraft:leave_game":19,"minecraft:damage_taken":56596,"minecraft:mob_kills":859,"minecraft:boat_one_cm":632398,"minecraft:time_since_death":88088,"minecraft:open_enderchest":1,"minecraft:interact_with_furnace":549,"minecraft:interact_with_smithing_table":1,"minecraft:happy_ghast_one_cm":177718,"minecraft:swim_one_cm":111743,"minecraft:total_world_time":1771578,"minecraft:crouch_one_cm":84252,"minecraft:raid_win":2,"minecraft:climb_one_cm":32288,"minecraft:deaths":62,"minecraft:enchant_item":19,"minecraft:animals_bred":19,"minecraft:damage_blocked_by_shield":25666,"minecraft:damage_resisted":8,"minecraft:interact_with_crafting_table":191,"minecraft:walk_one_cm":6397525,"minecraft:walk_under_water_one_cm":146578,"minecraft:horse_one_cm":8379,"minecraft:interact_with_lectern":59,"minecraft:damage_dealt":158886,"minecraft:play_time":1771578,"minecraft:jump":46675,"minecraft:play_record":11,"minecraft:drop":134,"minecraft:open_barrel":41,"minecraft:sprint_one_cm":4197474,"minecraft:open_chest":739,"minecraft:inspect_hopper":2,"minecraft:interact_with_smoker":77,"minecraft:fall_one_cm":1168459,"minecraft:fly_one_cm":10511341,"minecraft:interact_with_anvil":3,"minecraft:walk_on_water_one_cm":163825,"minecraft:sneak_time":38035,"minecraft:interact_with_blast_furnace":95},"minecraft:broken":{"minecraft:iron_helmet":5,"minecraft:stone_shovel":2,"minecraft:iron_chestplate":3,"minecraft:iron_hoe":5,"minecraft:shield":4,"minecraft:iron_leggings":3,"minecraft:iron_shovel":7,"minecraft:golden_boots":2,"minecraft:stone_axe":1,"minecraft:iron_pickaxe":10,"minecraft:stone_sword":1,"minecraft:chainmail_helmet":2,"minecraft:stone_pickaxe":2,"minecraft:iron_boots":6,"minecraft:iron_axe":12,"minecraft:chainmail_chestplate":1,"minecraft:golden_helmet":1,"minecraft:crossbow":2,"minecraft:diamond_pickaxe":1,"minecraft:diamond_axe":1,"minecraft:iron_sword":3},"minecraft:crafted":{"minecraft:sandstone":64,"minecraft:diamond_boots":1,"minecraft:brick_slab":18,"minecraft:gold_ingot":104,"minecraft:iron_chestplate":4,"minecraft:cherry_button":1,"minecraft:stick":304,"minecraft:deepslate_bricks":708,"minecraft:cherry_sign":3,"minecraft:cooked_porkchop":1,"minecraft:iron_helmet":5,"minecraft:diamond_axe":1,"minecraft:diamond_pickaxe":3,"minecraft:chest":15,"minecraft:polished_andesite":68,"minecraft:air":0,"minecraft:bone_meal":222,"minecraft:ladder":9,"minecraft:cherry_wood":6,"minecraft:jukebox":1,"minecraft:stone_hoe":3,"minecraft:pale_oak_sign":6,"minecraft:glass":160,"minecraft:oak_sign":3,"minecraft:blast_furnace":3,"minecraft:iron_hoe":6,"minecraft:smooth_sandstone":90,"minecraft:bundle":1,"minecraft:oak_planks":28,"minecraft:gold_nugget":126,"minecraft:iron_shovel":8,"minecraft:iron_sword":2,"minecraft:redstone_block":37,"minecraft:polished_deepslate":712,"minecraft:smoker":3,"minecraft:spruce_wood":27,"minecraft:stone_shovel":1,"minecraft:white_dye":43,"minecraft:polished_diorite":44,"minecraft:cooked_chicken":3,"minecraft:birch_planks":28,"minecraft:green_dye":7,"minecraft:stone_pickaxe":1,"minecraft:cooked_mutton":2,"minecraft:iron_boots":5,"minecraft:smooth_stone":116,"minecraft:spruce_slab":24,"minecraft:charcoal":476,"minecraft:golden_carrot":14,"minecraft:spruce_sign":9,"minecraft:cherry_planks":312,"minecraft:brick":64,"minecraft:diamond_chestplate":1,"minecraft:wooden_shovel":1,"minecraft:diamond_sword":1,"minecraft:polished_tuff":20,"minecraft:cut_sandstone":64,"minecraft:polished_granite":16,"minecraft:raw_iron":9,"minecraft:furnace":17,"minecraft:pale_oak_planks":28,"minecraft:iron_ingot":331,"minecraft:copper_ingot":396,"minecraft:diamond_helmet":1,"minecraft:bread":200,"minecraft:stone":116,"minecraft:crafting_table":18,"minecraft:bricks":11,"minecraft:diamond_leggings":1,"minecraft:torch":1856,"minecraft:spruce_stairs":4,"minecraft:baked_potato":581,"minecraft:shield":5,"minecraft:spruce_planks":384,"minecraft:iron_pickaxe":12,"minecraft:copper_block":16,"minecraft:iron_axe":11,"minecraft:iron_leggings":4,"minecraft:spruce_button":1},"minecraft:killed":{"minecraft:slime":8,"minecraft:pillager":94,"minecraft:skeleton":195,"minecraft:pig":2,"minecraft:witch":5,"minecraft:vindicator":2,"minecraft:ravager":2,"minecraft:bat":1,"minecraft:spider":79,"minecraft:zombie":221,"minecraft:husk":131,"minecraft:glow_squid":3,"minecraft:creeper":54,"minecraft:zombie_villager":6,"minecraft:chicken":4,"minecraft:enderman":1,"minecraft:sheep":1,"minecraft:drowned":3,"minecraft:cow":3,"minecraft:vex":1},"minecraft:picked_up":{"minecraft:iron_door":2,"minecraft:tropical_fish":1,"minecraft:poisonous_potato":6,"minecraft:pale_oak_log":89,"minecraft:cherry_sign":3,"minecraft:stone_button":1,"minecraft:cobblestone":799,"minecraft:saddle":2,"minecraft:flint":10,"minecraft:sugar_cane":89,"minecraft:redstone":435,"minecraft:bone":226,"minecraft:music_disc_creator_music_box":3,"minecraft:glow_berries":18,"minecraft:clay_ball":404,"minecraft:firefly_bush":2,"minecraft:slime_ball":4,"minecraft:iron_sword":1,"minecraft:diamond":40,"minecraft:white_banner":9,"minecraft:granite":35,"minecraft:emerald":3,"minecraft:chainmail_chestplate":1,"minecraft:pale_oak_sapling":15,"minecraft:sugar":3,"minecraft:chainmail_helmet":1,"minecraft:wildflowers":4,"minecraft:charcoal":20,"minecraft:bow":20,"minecraft:stone_shovel":1,"minecraft:arrow":204,"minecraft:iron_ingot":1,"minecraft:lilac":15,"minecraft:spruce_slab":37,"minecraft:cactus":15,"minecraft:spore_blossom":1,"minecraft:crossbow":14,"minecraft:raw_gold":121,"minecraft:azalea":7,"minecraft:deepslate_bricks":279,"minecraft:mutton":2,"minecraft:cut_sandstone":1,"minecraft:pale_oak_sign":2,"minecraft:spruce_planks":131,"minecraft:spruce_leaves":3,"minecraft:dirt":26,"minecraft:golden_boots":2,"minecraft:torch":114,"minecraft:big_dripleaf":2,"minecraft:dripstone_block":2,"minecraft:cherry_log":699,"minecraft:bread":17,"minecraft:spruce_log":120,"minecraft:cactus_flower":4,"minecraft:coal":720,"minecraft:oak_log":45,"minecraft:snow":1,"minecraft:birch_planks":5,"minecraft:sand":2472,"minecraft:furnace":12,"minecraft:wheat_seeds":1933,"minecraft:iron_pickaxe":1,"minecraft:egg":1,"minecraft:diamond_sword":1,"minecraft:birch_sapling":1,"minecraft:white_wool":1,"minecraft:feather":3,"minecraft:potion":1,"minecraft:bricks":11,"minecraft:polished_granite":3,"minecraft:rooted_dirt":41,"minecraft:andesite":117,"minecraft:ender_pearl":1,"minecraft:string":68,"minecraft:raw_iron_block":1,"minecraft:obsidian":22,"minecraft:polished_diorite":3,"minecraft:amethyst_shard":20,"minecraft:sandstone":313,"minecraft:filled_map":1,"minecraft:brick_slab":9,"minecraft:carrot":1041,"minecraft:spruce_sapling":56,"minecraft:flowering_azalea":4,"minecraft:leather":2,"minecraft:lead":2,"minecraft:resin_clump":1,"minecraft:orange_tulip":7,"minecraft:water_bucket":1,"minecraft:moss_carpet":7,"minecraft:baked_potato":16,"minecraft:glow_ink_sac":4,"minecraft:porkchop":2,"minecraft:spruce_sign":22,"minecraft:stick":293,"minecraft:bamboo":15,"minecraft:chicken":4,"minecraft:moss_block":74,"minecraft:white_tulip":5,"minecraft:iron_axe":1,"minecraft:raw_iron":341,"minecraft:cobbled_deepslate":1589,"minecraft:pointed_dripstone":9,"minecraft:spruce_wood":36,"minecraft:glowstone_dust":3,"minecraft:pumpkin_seeds":1,"minecraft:mossy_cobblestone":3,"minecraft:amethyst_block":19,"minecraft:wheat":693,"minecraft:cherry_planks":74,"minecraft:gunpowder":65,"minecraft:chest":3,"minecraft:coarse_dirt":4,"minecraft:gravel":105,"minecraft:smooth_stone":1,"minecraft:tuff":125,"minecraft:leaf_litter":14,"minecraft:potato":1783,"minecraft:birch_log":14,"minecraft:music_disc_creator":1,"minecraft:lapis_lazuli":229,"minecraft:spider_eye":27,"minecraft:spruce_stairs":2,"minecraft:bone_meal":89,"minecraft:ominous_bottle":8,"minecraft:diorite":75,"minecraft:oak_boat":6,"minecraft:cherry_sapling":444,"minecraft:golden_helmet":1,"minecraft:crafting_table":7,"minecraft:raw_copper":514,"minecraft:oak_sapling":8,"minecraft:beef":5,"minecraft:rotten_flesh":392,"minecraft:written_book":3,"minecraft:apple":1,"minecraft:dark_oak_boat":24,"minecraft:cobblestone_slab":4,"minecraft:music_disc_cat":3,"minecraft:calcite":3,"minecraft:smooth_sandstone":2,"minecraft:blue_bed":1,"minecraft:paper":1},"minecraft:mined":{"minecraft:spore_blossom":1,"minecraft:torch":58,"minecraft:spruce_wood":36,"minecraft:spruce_log":120,"minecraft:chest":3,"minecraft:smooth_sandstone":3,"minecraft:pumpkin":1,"minecraft:amethyst_block":19,"minecraft:hanging_roots":1,"minecraft:spruce_planks":131,"minecraft:birch_log":14,"minecraft:large_fern":1,"minecraft:obsidian":27,"minecraft:blue_bed":1,"minecraft:cave_vines":22,"minecraft:sandstone":367,"minecraft:orange_tulip":8,"minecraft:deepslate_bricks":24,"minecraft:iron_door":2,"minecraft:sculk_shrieker":2,"minecraft:moss_block":74,"minecraft:bamboo":2,"minecraft:wall_torch":34,"minecraft:decorated_pot":1,"minecraft:deepslate_diamond_ore":40,"minecraft:potatoes":579,"minecraft:dripstone_block":4,"minecraft:azalea":6,"minecraft:iron_ore":224,"minecraft:podzol":1,"minecraft:spruce_wall_sign":10,"minecraft:cobblestone":10,"minecraft:sugar_cane":62,"minecraft:cherry_leaves":192,"minecraft:oak_leaves":6,"minecraft:furnace":13,"minecraft:rooted_dirt":41,"minecraft:clay":101,"minecraft:spruce_stairs":2,"minecraft:deepslate_copper_ore":52,"minecraft:bricks":11,"minecraft:deepslate_coal_ore":14,"minecraft:tall_grass":4,"minecraft:pointed_dripstone":7,"minecraft:dirt":37,"minecraft:moss_carpet":3,"minecraft:deepslate":1606,"minecraft:sand":3014,"minecraft:cherry_planks":63,"minecraft:snow":1,"minecraft:spruce_sign":5,"minecraft:oak_log":45,"minecraft:polished_granite":3,"minecraft:lapis_ore":3,"minecraft:redstone_ore":6,"minecraft:cherry_log":701,"minecraft:sculk":1245,"minecraft:spawner":1,"minecraft:carrots":319,"minecraft:gravel":199,"minecraft:short_grass":14,"minecraft:pale_oak_wall_sign":1,"minecraft:sculk_catalyst":3,"minecraft:crafting_table":7,"minecraft:flowering_azalea":3,"minecraft:deepslate_redstone_ore":78,"minecraft:leaf_litter":9,"minecraft:lilac":15,"minecraft:coarse_dirt":3,"minecraft:copper_ore":101,"minecraft:raw_iron_block":1,"minecraft:firefly_bush":2,"minecraft:smooth_stone":1,"minecraft:gold_ore":3,"minecraft:andesite":176,"minecraft:cave_vines_plant":17,"minecraft:deepslate_gold_ore":119,"minecraft:budding_amethyst":2,"minecraft:resin_clump":1,"minecraft:deepslate_lapis_ore":33,"minecraft:cactus":6,"minecraft:deepslate_iron_ore":121,"minecraft:birch_planks":5,"minecraft:amethyst_cluster":4,"minecraft:stone":1147,"minecraft:granite":44,"minecraft:coal_ore":682,"minecraft:diorite":125,"minecraft:sculk_sensor":18,"minecraft:wheat":703,"minecraft:sculk_vein":47,"minecraft:glow_lichen":1,"minecraft:cactus_flower":3,"minecraft:mossy_cobblestone":3,"minecraft:big_dripleaf":2,"minecraft:grass_block":4,"minecraft:spruce_leaves":80,"minecraft:cobbled_deepslate":33,"minecraft:tuff":125,"minecraft:cut_sandstone":1,"minecraft:pale_oak_log":89,"minecraft:pale_oak_leaves":3,"minecraft:calcite":4,"minecraft:spruce_slab":30,"minecraft:brick_slab":7,"minecraft:white_tulip":11},"minecraft:dropped":{"minecraft:rotten_flesh":26,"minecraft:stone_shovel":1,"minecraft:iron_axe":1,"minecraft:bow":10,"minecraft:spruce_button":1,"minecraft:lead":2,"minecraft:cherry_sapling":4,"minecraft:gravel":1,"minecraft:cobbled_deepslate":346,"minecraft:bone":6,"minecraft:dirt":4,"minecraft:wheat_seeds":3,"minecraft:cobblestone_slab":4,"minecraft:sand":2,"minecraft:cherry_log":53,"minecraft:spruce_sign":11,"minecraft:diamond":2,"minecraft:moss_block":1,"minecraft:crossbow":4,"minecraft:potato":33,"minecraft:bone_meal":2,"minecraft:tuff":15,"minecraft:leaf_litter":7,"minecraft:string":4,"minecraft:written_book":5,"minecraft:diamond_sword":1,"minecraft:clay_ball":4,"minecraft:stick":1,"minecraft:polished_diorite":2,"minecraft:spruce_sapling":2,"minecraft:slime_ball":2,"minecraft:carrot":3,"minecraft:bread":12,"minecraft:spider_eye":5,"minecraft:iron_pickaxe":1,"minecraft:baked_potato":25},"minecraft:used":{"minecraft:polished_tuff":20,"minecraft:iron_axe":2323,"minecraft:leaf_litter":7,"minecraft:cactus":8,"minecraft:brick_slab":27,"minecraft:white_banner":1,"minecraft:cherry_planks":226,"minecraft:potato":848,"minecraft:wheat_seeds":2401,"minecraft:glow_berries":9,"minecraft:oak_sign":3,"minecraft:granite":16,"minecraft:coarse_dirt":4,"minecraft:iron_shovel":3265,"minecraft:bricks":13,"minecraft:pale_oak_sign":3,"minecraft:coal_ore":10,"minecraft:spruce_slab":61,"minecraft:diamond_axe":830,"minecraft:moss_block":38,"minecraft:jukebox":1,"minecraft:calcite":2,"minecraft:stone_pickaxe":262,"minecraft:bow":144,"minecraft:cherry_button":1,"minecraft:chainmail_helmet":1,"minecraft:cobbled_deepslate":203,"minecraft:polished_diorite":1,"minecraft:mossy_cobblestone":3,"minecraft:stone_shovel":258,"minecraft:birch_planks":5,"minecraft:rotten_flesh":342,"minecraft:bone_meal":263,"minecraft:spider_eye":2,"minecraft:enchanted_book":1,"minecraft:dirt":18,"minecraft:written_book":152,"minecraft:polished_granite":19,"minecraft:sand":244,"minecraft:spruce_planks":187,"minecraft:glow_ink_sac":6,"minecraft:bucket":76,"minecraft:porkchop":1,"minecraft:sugar_cane":54,"minecraft:iron_door":2,"minecraft:stone_axe":101,"minecraft:string":8,"minecraft:shield":331,"minecraft:iron_pickaxe":3607,"minecraft:spruce_stairs":4,"minecraft:andesite":48,"minecraft:polished_deepslate":4,"minecraft:pale_oak_sapling":8,"minecraft:oak_boat":5,"minecraft:iron_sword":530,"minecraft:cherry_sapling":41,"minecraft:deepslate_bricks":364,"minecraft:cactus_flower":4,"minecraft:diamond_pickaxe":1554,"minecraft:cooked_mutton":2,"minecraft:ladder":9,"minecraft:rooted_dirt":41,"minecraft:crossbow":63,"minecraft:blast_furnace":3,"minecraft:azalea":2,"minecraft:tuff":9,"minecraft:cut_sandstone":4,"minecraft:spruce_wood":45,"minecraft:stone_sword":129,"minecraft:smooth_stone":1,"minecraft:diorite":31,"minecraft:redstone":6,"minecraft:pumpkin_seeds":3,"minecraft:cobblestone":114,"minecraft:diamond_chestplate":1,"minecraft:wooden_shovel":12,"minecraft:cherry_sign":6,"minecraft:polished_andesite":4,"minecraft:carrot":367,"minecraft:crafting_table":25,"minecraft:spruce_sign":29,"minecraft:iron_chestplate":1,"minecraft:potion":1,"minecraft:book":1,"minecraft:air":2,"minecraft:baked_potato":444,"minecraft:smoker":3,"minecraft:moss_carpet":1,"minecraft:white_dye":7,"minecraft:spruce_log":15,"minecraft:iron_hoe":1923,"minecraft:water_bucket":74,"minecraft:furnace":23,"minecraft:torch":1883,"minecraft:bread":165,"minecraft:blue_bed":1,"minecraft:wheat":6,"minecraft:chicken":1,"minecraft:wooden_hoe":4,"minecraft:stone_button":1,"minecraft:resin_clump":1,"minecraft:gravel":73,"minecraft:cooked_chicken":3,"minecraft:cherry_log":21,"minecraft:smooth_sandstone":91,"minecraft:dark_oak_boat":23,"minecraft:chest":18,"minecraft:iron_helmet":2,"minecraft:beef":5,"minecraft:spruce_sapling":24,"minecraft:sandstone":159,"minecraft:heavy_weighted_pressure_plate":1}},"DataVersion":4440}