{"stats":{"minecraft:custom":{"minecraft:interact_with_crafting_table":12,"minecraft:time_since_rest":2468,"minecraft:walk_one_cm":407018,"minecraft:leave_game":5,"minecraft:walk_under_water_one_cm":65810,"minecraft:damage_taken":17750,"minecraft:mob_kills":8,"minecraft:play_time":58331,"minecraft:damage_dealt":2138,"minecraft:jump":4113,"minecraft:time_since_death":2460,"minecraft:drop":11,"minecraft:interact_with_furnace":16,"minecraft:sprint_one_cm":499255,"minecraft:open_chest":20,"minecraft:fall_one_cm":193586,"minecraft:total_world_time":58331,"minecraft:swim_one_cm":44371,"minecraft:fly_one_cm":603028,"minecraft:walk_on_water_one_cm":81085,"minecraft:crouch_one_cm":1643,"minecraft:sneak_time":394,"minecraft:deaths":26,"minecraft:climb_one_cm":14897},"minecraft:dropped":{"minecraft:wheat_seeds":2,"minecraft:torch":17,"minecraft:stone_axe":1,"minecraft:feather":1,"minecraft:gravel":13,"minecraft:cobbled_deepslate":47,"minecraft:flint":1,"minecraft:acacia_planks":2},"minecraft:picked_up":{"minecraft:dirt":28,"minecraft:cobblestone":70,"minecraft:yellow_terracotta":2,"minecraft:flint":1,"minecraft:gravel":20,"minecraft:leather":1,"minecraft:redstone":12,"minecraft:torch":22,"minecraft:acacia_sapling":9,"minecraft:orange_terracotta":5,"minecraft:coal":42,"minecraft:glow_berries":9,"minecraft:oak_log":8,"minecraft:clay_ball":76,"minecraft:armadillo_scute":2,"minecraft:terracotta":1,"minecraft:diamond":4,"minecraft:wheat_seeds":2,"minecraft:lapis_lazuli":36,"minecraft:porkchop":5,"minecraft:diorite":3,"minecraft:stick":6,"minecraft:feather":1,"minecraft:black_wool":1,"minecraft:chicken":1,"minecraft:red_terracotta":4,"minecraft:moss_block":2,"minecraft:crafting_table":3,"minecraft:snowball":13,"minecraft:raw_iron":8,"minecraft:beef":1,"minecraft:cobbled_deepslate":389,"minecraft:ender_pearl":1,"minecraft:string":7,"minecraft:acacia_log":28,"minecraft:light_gray_terracotta":13,"minecraft:ladder":9,"minecraft:mutton":2,"minecraft:acacia_planks":4},"minecraft:killed_by":{"minecraft:skeleton":1,"minecraft:endermite":4,"minecraft:zombified_piglin":1,"minecraft:zombie":1},"minecraft:crafted":{"minecraft:furnace":2,"minecraft:ladder":24,"minecraft:iron_ingot":8,"minecraft:crafting_table":3,"minecraft:acacia_sign":3,"minecraft:bricks":1,"minecraft:torch":44,"minecraft:stick":68,"minecraft:clay":3,"minecraft:oak_planks":32,"minecraft:brick":13,"minecraft:chest":1,"minecraft:diamond_pickaxe":1,"minecraft:iron_pickaxe":2,"minecraft:air":0,"minecraft:acacia_planks":112},"minecraft:killed":{"minecraft:chicken":2,"minecraft:enderman":1,"minecraft:sheep":1,"minecraft:pig":2,"minecraft:cow":1,"minecraft:drowned":1},"minecraft:used":{"minecraft:stone_axe":84,"minecraft:stone_sword":124,"minecraft:acacia_planks":72,"minecraft:cobbled_deepslate":333,"minecraft:clay":3,"minecraft:diorite":3,"minecraft:iron_pickaxe":500,"minecraft:gravel":7,"minecraft:acacia_sign":2,"minecraft:cobblestone":4,"minecraft:stone_shovel":126,"minecraft:glow_berries":11,"minecraft:light_gray_terracotta":2,"minecraft:diamond_pickaxe":46,"minecraft:crafting_table":6,"minecraft:chest":1,"minecraft:ladder":25,"minecraft:porkchop":5,"minecraft:furnace":2,"minecraft:acacia_sapling":8,"minecraft:torch":42,"minecraft:stone_pickaxe":131,"minecraft:dirt":1,"minecraft:terracotta":1},"minecraft:broken":{"minecraft:iron_pickaxe":2,"minecraft:stone_pickaxe":1},"minecraft:mined":{"minecraft:orange_terracotta":6,"minecraft:coal_ore":44,"minecraft:diorite":5,"minecraft:terracotta":1,"minecraft:cobblestone":2,"minecraft:gravel":32,"minecraft:short_grass":2,"minecraft:acacia_leaves":120,"minecraft:red_terracotta":6,"minecraft:yellow_terracotta":3,"minecraft:clay":20,"minecraft:crafting_table":3,"minecraft:deepslate_redstone_ore":4,"minecraft:light_gray_terracotta":5,"minecraft:cave_vines":20,"minecraft:powder_snow":13,"minecraft:snow_block":9,"minecraft:dirt":4,"minecraft:grass_block":55,"minecraft:cobweb":7,"minecraft:cave_vines_plant":10,"minecraft:moss_block":3,"minecraft:cobbled_deepslate":16,"minecraft:ice":7,"minecraft:tuff":43,"minecraft:acacia_sapling":1,"minecraft:ladder":10,"minecraft:wall_torch":3,"minecraft:fern":1,"minecraft:deepslate":437,"minecraft:snow":1,"minecraft:deepslate_lapis_ore":5,"minecraft:deepslate_diamond_ore":4,"minecraft:deepslate_iron_ore":3,"minecraft:oak_log":8,"minecraft:iron_ore":5,"minecraft:acacia_log":28,"minecraft:stone":84,"minecraft:acacia_planks":2}},"DataVersion":4440}