{"stats":{"minecraft:killed_by":{"minecraft:skeleton":2,"minecraft:player":10,"minecraft:zombie_villager":1,"minecraft:creeper":4,"minecraft:stray":2,"minecraft:iron_golem":5,"minecraft:husk":1,"minecraft:zombie":27},"minecraft:custom":{"minecraft:time_since_rest":8647,"minecraft:leave_game":209,"minecraft:boat_one_cm":677075,"minecraft:damage_absorbed":40,"minecraft:time_since_death":8623,"minecraft:interact_with_furnace":489,"minecraft:happy_ghast_one_cm":2447579,"minecraft:total_world_time":3919951,"minecraft:crouch_one_cm":261972,"minecraft:climb_one_cm":198208,"minecraft:deaths":119,"minecraft:interact_with_stonecutter":1,"minecraft:fish_caught":78,"minecraft:animals_bred":38,"minecraft:damage_blocked_by_shield":8890,"minecraft:interact_with_crafting_table":589,"minecraft:inspect_dropper":1,"minecraft:walk_one_cm":13889435,"minecraft:walk_under_water_one_cm":239331,"minecraft:horse_one_cm":81343,"minecraft:damage_dealt":83347,"minecraft:play_time":3919951,"minecraft:jump":92488,"minecraft:sprint_one_cm":10404780,"minecraft:fill_cauldron":226,"minecraft:inspect_hopper":116,"minecraft:fly_one_cm":22356972,"minecraft:walk_on_water_one_cm":212639,"minecraft:interact_with_blast_furnace":3,"minecraft:interact_with_grindstone":1,"minecraft:talked_to_villager":36,"minecraft:damage_taken":69152,"minecraft:mob_kills":1875,"minecraft:interact_with_beacon":4,"minecraft:open_enderchest":16,"minecraft:interact_with_brewingstand":353,"minecraft:sleep_in_bed":7,"minecraft:inspect_dispenser":9,"minecraft:swim_one_cm":460549,"minecraft:pot_flower":19,"minecraft:player_kills":2,"minecraft:enchant_item":8,"minecraft:interact_with_loom":2,"minecraft:play_noteblock":1,"minecraft:interact_with_lectern":4,"minecraft:drop":592,"minecraft:use_cauldron":89,"minecraft:interact_with_cartography_table":1,"minecraft:open_barrel":282,"minecraft:open_chest":4413,"minecraft:interact_with_smoker":35,"minecraft:fall_one_cm":3692490,"minecraft:interact_with_anvil":16,"minecraft:sneak_time":48523},"minecraft:broken":{"minecraft:stone_shovel":43,"minecraft:iron_helmet":1,"minecraft:iron_axe":3,"minecraft:iron_hoe":1,"minecraft:iron_shovel":2,"minecraft:stone_hoe":3,"minecraft:stone_axe":5,"minecraft:iron_pickaxe":1,"minecraft:stone_sword":1,"minecraft:stone_pickaxe":7,"minecraft:shears":1,"minecraft:iron_boots":1},"minecraft:crafted":{"minecraft:stone_brick_wall":72,"minecraft:sandstone":62,"minecraft:pink_stained_glass_pane":32,"minecraft:andesite_wall":18,"minecraft:clock":1,"minecraft:deepslate_tile_stairs":96,"minecraft:cherry_sign":27,"minecraft:light_gray_wool":24,"minecraft:diamond_pickaxe":2,"minecraft:bookshelf":14,"minecraft:bow":1,"minecraft:bucket":12,"minecraft:ladder":90,"minecraft:dark_oak_planks":972,"minecraft:stone_hoe":6,"minecraft:cobblestone_slab":6,"minecraft:mangrove_planks":108,"minecraft:spruce_fence":180,"minecraft:oak_trapdoor":2,"minecraft:smooth_sandstone_slab":78,"minecraft:cobbled_deepslate_slab":54,"minecraft:cherry_door":3,"minecraft:deepslate_tiles":452,"minecraft:stone_stairs":60,"minecraft:pink_dye":47,"minecraft:mangrove_sign":12,"minecraft:iron_boots":1,"minecraft:pink_terracotta":16,"minecraft:terracotta":52,"minecraft:oak_slab":12,"minecraft:decorated_pot":7,"minecraft:cherry_planks":1043,"minecraft:brick":32,"minecraft:furnace":6,"minecraft:black_stained_glass_pane":80,"minecraft:dark_oak_slab":60,"minecraft:diamond_helmet":1,"minecraft:diamond_leggings":2,"minecraft:baked_potato":189,"minecraft:deepslate_brick_slab":48,"minecraft:clay":52,"minecraft:deepslate":48,"minecraft:birch_stairs":16,"minecraft:iron_axe":4,"minecraft:orange_terracotta":8,"minecraft:diamond_boots":1,"minecraft:cherry_boat":1,"minecraft:andesite_stairs":40,"minecraft:dark_oak_stairs":232,"minecraft:stick":1528,"minecraft:compass":86,"minecraft:black_dye":65,"minecraft:iron_helmet":1,"minecraft:magenta_terracotta":32,"minecraft:pink_wool":11,"minecraft:polished_andesite":40,"minecraft:light_gray_dye":24,"minecraft:dark_oak_button":10,"minecraft:bone_meal":249,"minecraft:chiseled_deepslate":15,"minecraft:snow_block":78,"minecraft:glass_bottle":339,"minecraft:stone_button":1,"minecraft:cherry_hanging_sign":6,"minecraft:flower_pot":12,"minecraft:stripped_cherry_wood":114,"minecraft:mangrove_trapdoor":4,"minecraft:fishing_rod":2,"minecraft:smoker":2,"minecraft:mangrove_slab":30,"minecraft:stone_shovel":45,"minecraft:polished_deepslate_stairs":40,"minecraft:stone_pickaxe":8,"minecraft:mangrove_stairs":16,"minecraft:wooden_pickaxe":1,"minecraft:diamond_chestplate":1,"minecraft:oak_wood":45,"minecraft:polished_blackstone":24,"minecraft:iron_nugget":378,"minecraft:cherry_trapdoor":118,"minecraft:stone_brick_stairs":28,"minecraft:spruce_boat":2,"minecraft:cherry_fence_gate":16,"minecraft:tuff_stairs":24,"minecraft:crafting_table":30,"minecraft:spruce_pressure_plate":15,"minecraft:polished_blackstone_brick_slab":6,"minecraft:birch_slab":72,"minecraft:spruce_planks":1796,"minecraft:copper_block":6,"minecraft:gold_ingot":4,"minecraft:book":42,"minecraft:polished_blackstone_bricks":16,"minecraft:birch_trapdoor":14,"minecraft:lever":32,"minecraft:stone_bricks":352,"minecraft:chest":74,"minecraft:iron_block":5,"minecraft:stone_slab":30,"minecraft:mud_brick_slab":18,"minecraft:flint_and_steel":2,"minecraft:cherry_fence":138,"minecraft:jungle_planks":24,"minecraft:pink_glazed_terracotta":16,"minecraft:cherry_wood":168,"minecraft:item_frame":58,"minecraft:cauldron":54,"minecraft:gray_wool":24,"minecraft:diamond_shovel":1,"minecraft:glass":370,"minecraft:tuff_wall":24,"minecraft:iron_hoe":3,"minecraft:brewing_stand":8,"minecraft:red_wool":122,"minecraft:bamboo_fence":12,"minecraft:campfire":66,"minecraft:yellow_dye":8,"minecraft:blackstone_slab":114,"minecraft:green_dye":16,"minecraft:coal_block":66,"minecraft:spruce_door":15,"minecraft:charcoal":18,"minecraft:diamond":63,"minecraft:blue_dye":3,"minecraft:spruce_sign":33,"minecraft:barrel":13,"minecraft:red_stained_glass":16,"minecraft:green_terracotta":24,"minecraft:red_banner":19,"minecraft:polished_granite":16,"minecraft:paper":285,"minecraft:pale_oak_button":20,"minecraft:iron_ingot":215,"minecraft:cartography_table":1,"minecraft:scaffolding":120,"minecraft:redstone_lamp":19,"minecraft:stone":553,"minecraft:blaze_powder":4,"minecraft:spruce_stairs":176,"minecraft:shield":5,"minecraft:polished_tuff_stairs":8,"minecraft:stone_axe":4,"minecraft:light_gray_banner":4,"minecraft:black_concrete_powder":200,"minecraft:purple_stained_glass_pane":48,"minecraft:bamboo_planks":16,"minecraft:black_stained_glass":32,"minecraft:spruce_button":4,"minecraft:golden_apple":1,"minecraft:spruce_fence_gate":6,"minecraft:purple_stained_glass":32,"minecraft:gray_dye":24,"minecraft:map":63,"minecraft:deepslate_bricks":564,"minecraft:stone_brick_slab":24,"minecraft:cherry_slab":462,"minecraft:andesite_slab":24,"minecraft:diamond_axe":1,"minecraft:air":0,"minecraft:redstone":117,"minecraft:deepslate_tile_slab":348,"minecraft:red_dye":213,"minecraft:redstone_torch":1,"minecraft:smooth_sandstone":62,"minecraft:oak_planks":548,"minecraft:red_concrete_powder":80,"minecraft:cooked_cod":16,"minecraft:shears":4,"minecraft:iron_shovel":5,"minecraft:polished_deepslate":676,"minecraft:white_banner":5,"minecraft:white_dye":30,"minecraft:lantern":30,"minecraft:nether_brick_fence":6,"minecraft:magenta_stained_glass_pane":48,"minecraft:blackstone_stairs":76,"minecraft:birch_planks":416,"minecraft:hopper":25,"minecraft:cherry_stairs":80,"minecraft:mangrove_door":3,"minecraft:nether_bricks":7,"minecraft:spruce_slab":136,"minecraft:dark_oak_trapdoor":28,"minecraft:pink_stained_glass":40,"minecraft:composter":5,"minecraft:polished_tuff_slab":6,"minecraft:diamond_sword":1,"minecraft:polished_tuff":20,"minecraft:bamboo_block":8,"minecraft:dark_oak_door":33,"minecraft:mud_bricks":48,"minecraft:birch_boat":4,"minecraft:pale_oak_planks":20,"minecraft:spruce_trapdoor":126,"minecraft:orange_dye":7,"minecraft:magenta_stained_glass":48,"minecraft:chiseled_bookshelf":16,"minecraft:deepslate_brick_stairs":4,"minecraft:green_concrete_powder":104,"minecraft:tuff_slab":78,"minecraft:copper_ingot":101,"minecraft:packed_mud":317,"minecraft:pink_concrete_powder":40,"minecraft:bread":152,"minecraft:dark_oak_sign":9,"minecraft:torch":436,"minecraft:white_bed":13,"minecraft:polished_andesite_slab":24,"minecraft:magenta_dye":18,"minecraft:dark_oak_fence":57,"minecraft:polished_deepslate_slab":54,"minecraft:purple_dye":6,"minecraft:iron_pickaxe":1},"minecraft:killed":{"minecraft:slime":3,"minecraft:stray":7,"minecraft:skeleton":85,"minecraft:pig":5,"minecraft:iron_golem":6,"minecraft:witch":1,"minecraft:piglin":1,"minecraft:zoglin":1,"minecraft:silverfish":1401,"minecraft:spider":27,"minecraft:zombie":149,"minecraft:bogged":1,"minecraft:husk":28,"minecraft:cave_spider":13,"minecraft:glow_squid":2,"minecraft:creeper":23,"minecraft:zombie_villager":4,"minecraft:hoglin":1,"minecraft:sheep":20,"minecraft:squid":21,"minecraft:cow":35,"minecraft:magma_cube":20,"minecraft:breeze":4,"minecraft:armadillo":2},"minecraft:picked_up":{"minecraft:sweet_berries":530,"minecraft:pale_oak_log":1,"minecraft:cherry_sign":7,"minecraft:cobblestone":935,"minecraft:shears":1,"minecraft:sugar_cane":293,"minecraft:bone":72,"minecraft:blackstone_slab":60,"minecraft:acacia_sapling":2,"minecraft:rose_bush":49,"minecraft:packed_mud":8,"minecraft:cooked_mutton":1,"minecraft:diamond_shovel":1,"minecraft:magenta_terracotta":1,"minecraft:clay_ball":360,"minecraft:waxed_copper_grate":45,"minecraft:tuff_slab":2,"minecraft:stripped_spruce_log":30,"minecraft:white_banner":5,"minecraft:blaze_rod":10,"minecraft:emerald":45,"minecraft:deepslate_diamond_ore":10,"minecraft:ink_sac":65,"minecraft:andesite_wall":5,"minecraft:wildflowers":30,"minecraft:bow":4,"minecraft:birch_boat":15,"minecraft:arrow":120,"minecraft:red_tulip":55,"minecraft:iron_ingot":89,"minecraft:lilac":49,"minecraft:green_concrete_powder":1,"minecraft:cactus":20,"minecraft:spruce_slab":36,"minecraft:cherry_stairs":37,"minecraft:crossbow":2,"minecraft:azalea":33,"minecraft:dandelion":5,"minecraft:mutton":41,"minecraft:golden_carrot":3,"minecraft:red_banner":3,"minecraft:polished_blackstone_bricks":2,"minecraft:stonecutter":1,"minecraft:stripped_cherry_wood":72,"minecraft:oxeye_daisy":3,"minecraft:oak_log":746,"minecraft:purple_stained_glass":1,"minecraft:sand":19,"minecraft:furnace":4,"minecraft:wheat_seeds":4056,"minecraft:iron_ore":67,"minecraft:egg":16,"minecraft:diamond_sword":6,"minecraft:tuff_wall":5,"minecraft:snowball":394,"minecraft:dried_kelp":2,"minecraft:mushroom_stem":5,"minecraft:chiseled_tuff_bricks":2,"minecraft:ender_pearl":2,"minecraft:string":49,"minecraft:stone_bricks":89,"minecraft:obsidian":6,"minecraft:leather_boots":2,"minecraft:writable_book":1,"minecraft:polished_diorite":2,"minecraft:nether_wart_block":15,"minecraft:waxed_copper_bulb":4,"minecraft:red_stained_glass":3,"minecraft:cornflower":11,"minecraft:smooth_sandstone_slab":1,"minecraft:dark_oak_slab":1,"minecraft:enchanted_book":2,"minecraft:spruce_sapling":62,"minecraft:iron_block":46,"minecraft:tripwire_hook":2,"minecraft:yellow_terracotta":1,"minecraft:glowstone":18,"minecraft:mangrove_log":2,"minecraft:flowering_azalea":17,"minecraft:white_bed":15,"minecraft:stripped_oak_log":3,"minecraft:guster_banner_pattern":1,"minecraft:leather":94,"minecraft:slime_block":2,"minecraft:cherry_fence":31,"minecraft:honey_bottle":3,"minecraft:pink_tulip":67,"minecraft:green_terracotta":1,"minecraft:lead":14,"minecraft:brown_mushroom":6,"minecraft:orange_tulip":24,"minecraft:mud_bricks":2,"minecraft:stripped_cherry_log":107,"minecraft:armadillo_scute":3,"minecraft:moss_carpet":105,"minecraft:peony":66,"minecraft:scaffolding":158,"minecraft:porkchop":10,"minecraft:spruce_sign":5,"minecraft:stick":342,"minecraft:redstone_torch":4,"minecraft:polished_tuff":12,"minecraft:dark_oak_fence":3,"minecraft:bamboo":254,"minecraft:moss_block":571,"minecraft:cooked_porkchop":128,"minecraft:iron_axe":2,"minecraft:deepslate":89,"minecraft:cauldron":59,"minecraft:cookie":9,"minecraft:item_frame":68,"minecraft:stone_brick_wall":31,"minecraft:raw_iron":117,"minecraft:diamond_chestplate":1,"minecraft:honeycomb":15,"minecraft:allium":22,"minecraft:waxed_oxidized_copper_grate":18,"minecraft:dead_bush":1,"minecraft:mossy_cobblestone":20,"minecraft:nether_brick":64,"minecraft:cherry_boat":20,"minecraft:spruce_door":5,"minecraft:cherry_planks":271,"minecraft:spruce_pressure_plate":5,"minecraft:chest":13,"minecraft:lectern":1,"minecraft:pink_petals":46,"minecraft:netherrack":114,"minecraft:beacon":2,"minecraft:note_block":1,"minecraft:waxed_exposed_copper_bulb":9,"minecraft:stone":2339,"minecraft:gravel":54,"minecraft:cherry_hanging_sign":2,"minecraft:deepslate_tile_stairs":6,"minecraft:tuff":380,"minecraft:cooked_cod":64,"minecraft:stripped_mangrove_log":4,"minecraft:tuff_stairs":1,"minecraft:potato":3536,"minecraft:dark_oak_stairs":19,"minecraft:terracotta":10,"minecraft:shield":1,"minecraft:jungle_log":6,"minecraft:flowering_azalea_leaves":52,"minecraft:spruce_stairs":27,"minecraft:ominous_bottle":2,"minecraft:trial_key":7,"minecraft:pufferfish":11,"minecraft:cherry_sapling":228,"minecraft:oak_planks":45,"minecraft:raw_copper":124,"minecraft:blackstone_stairs":6,"minecraft:stone_brick_stairs":13,"minecraft:rotten_flesh":234,"minecraft:written_book":1,"minecraft:apple":35,"minecraft:cherry_trapdoor":37,"minecraft:calcite":4,"minecraft:waxed_weathered_copper_bulb":6,"minecraft:tropical_fish":2,"minecraft:poisonous_potato":21,"minecraft:stone_button":3,"minecraft:polished_andesite":20,"minecraft:brewing_stand":1,"minecraft:glass":17,"minecraft:composter":3,"minecraft:flint":5,"minecraft:candle":19,"minecraft:redstone":14,"minecraft:deepslate_tiles":4,"minecraft:dark_oak_sign":3,"minecraft:firefly_bush":12,"minecraft:lantern":3,"minecraft:diamond":78,"minecraft:slime_ball":5,"minecraft:chipped_anvil":1,"minecraft:granite":48,"minecraft:smoker":2,"minecraft:goat_horn":1,"minecraft:dark_oak_sapling":14,"minecraft:stone_brick_slab":5,"minecraft:deepslate_iron_ore":11,"minecraft:lily_pad":1,"minecraft:spruce_button":4,"minecraft:deepslate_brick_slab":1,"minecraft:salmon":28,"minecraft:packed_ice":5,"minecraft:red_nether_brick_slab":1,"minecraft:spruce_boat":41,"minecraft:red_mushroom_block":45,"minecraft:nether_quartz_ore":13,"minecraft:dark_oak_button":6,"minecraft:magma_cream":12,"minecraft:bowl":2,"minecraft:dark_oak_planks":64,"minecraft:enchanted_golden_apple":2,"minecraft:hay_block":4,"minecraft:raw_gold":27,"minecraft:acacia_log":7,"minecraft:cherry_wood":73,"minecraft:deepslate_bricks":3,"minecraft:mossy_stone_bricks":1,"minecraft:polished_blackstone":2,"minecraft:pale_oak_sign":5,"minecraft:spruce_planks":40,"minecraft:dirt":3905,"minecraft:basalt":121,"minecraft:blue_egg":2,"minecraft:golden_boots":2,"minecraft:azure_bluet":2,"minecraft:torch":98,"minecraft:diamond_pickaxe":1,"minecraft:dripstone_block":1,"minecraft:cherry_log":792,"minecraft:bread":8,"minecraft:red_nether_brick_stairs":1,"minecraft:stripped_birch_log":3,"minecraft:spruce_log":423,"minecraft:coal":449,"minecraft:oak_fence":1,"minecraft:birch_planks":54,"minecraft:splash_potion":3,"minecraft:cherry_leaves":111,"minecraft:andesite_stairs":3,"minecraft:anvil":1,"minecraft:milk_bucket":1,"minecraft:green_concrete":104,"minecraft:hopper":21,"minecraft:waxed_copper_block":3,"minecraft:birch_sapling":39,"minecraft:poppy":27,"minecraft:sunflower":12,"minecraft:cooked_beef":32,"minecraft:white_wool":167,"minecraft:potion":23,"minecraft:spruce_fence":27,"minecraft:red_glazed_terracotta":3,"minecraft:exposed_copper":5,"minecraft:andesite":280,"minecraft:lily_of_the_valley":17,"minecraft:ladder":30,"minecraft:filled_map":30,"minecraft:dark_oak_door":3,"minecraft:coal_ore":42,"minecraft:carrot":65,"minecraft:rabbit":1,"minecraft:polished_deepslate_slab":5,"minecraft:breeze_rod":6,"minecraft:black_concrete":81,"minecraft:stone_slab":3,"minecraft:cod":47,"minecraft:azalea_leaves":124,"minecraft:gold_ingot":5,"minecraft:baked_potato":16,"minecraft:copper_block":13,"minecraft:black_stained_glass":2,"minecraft:glow_ink_sac":6,"minecraft:oak_leaves":26,"minecraft:golden_apple":4,"minecraft:copper_ore":3,"minecraft:oak_trapdoor":4,"minecraft:waxed_oxidized_copper_bulb":1,"minecraft:cherry_fence_gate":9,"minecraft:white_tulip":36,"minecraft:magenta_stained_glass":1,"minecraft:kelp":7,"minecraft:cobbled_deepslate":592,"minecraft:glowstone_dust":56,"minecraft:pumpkin_seeds":7,"minecraft:jungle_sapling":1,"minecraft:wheat":1421,"minecraft:tuff_bricks":19,"minecraft:map":8,"minecraft:cherry_slab":102,"minecraft:gunpowder":25,"minecraft:spruce_trapdoor":9,"minecraft:blackstone":946,"minecraft:clock":1,"minecraft:smooth_stone":1,"minecraft:short_grass":1,"minecraft:pink_stained_glass":12,"minecraft:amethyst_cluster":23,"minecraft:polished_deepslate":11,"minecraft:leaf_litter":1511,"minecraft:birch_trapdoor":5,"minecraft:pale_oak_planks":8,"minecraft:diamond_ore":2,"minecraft:nether_brick_fence":1,"minecraft:deepslate_gold_ore":1,"minecraft:grass_block":1,"minecraft:pale_oak_boat":3,"minecraft:birch_log":229,"minecraft:mud":317,"minecraft:pumpkin":1,"minecraft:spider_eye":24,"minecraft:dark_oak_log":228,"minecraft:tipped_arrow":7,"minecraft:diorite":70,"minecraft:campfire":47,"minecraft:wooden_pickaxe":1,"minecraft:flower_pot":5,"minecraft:crafting_table":27,"minecraft:ominous_trial_key":5,"minecraft:decorated_pot":3,"minecraft:oak_sapling":234,"minecraft:hoglin_spawn_egg":1,"minecraft:beef":95,"minecraft:wind_charge":35,"minecraft:glass_bottle":34,"minecraft:oak_slab":2,"minecraft:waxed_oxidized_copper":34,"minecraft:barrel":6,"minecraft:stripped_oak_wood":1,"minecraft:paper":57,"minecraft:gray_wool":1},"minecraft:mined":{"minecraft:torch":46,"minecraft:dark_oak_wall_sign":3,"minecraft:note_block":1,"minecraft:red_tulip":47,"minecraft:spruce_log":443,"minecraft:nether_quartz_ore":13,"minecraft:chest":16,"minecraft:pumpkin":2,"minecraft:netherrack":106,"minecraft:black_concrete":81,"minecraft:beacon":1,"minecraft:red_wall_banner":2,"minecraft:brown_mushroom":8,"minecraft:spruce_planks":28,"minecraft:birch_log":255,"minecraft:sweet_berry_bush":11,"minecraft:large_fern":40,"minecraft:red_nether_brick_slab":2,"minecraft:dark_oak_planks":26,"minecraft:redstone_torch":2,"minecraft:waxed_weathered_copper_bulb":6,"minecraft:blackstone":926,"minecraft:anvil":1,"minecraft:deepslate_bricks":2,"minecraft:dark_oak_sapling":1,"minecraft:campfire":47,"minecraft:red_nether_brick_stairs":1,"minecraft:diamond_ore":4,"minecraft:wall_torch":26,"minecraft:fire":12,"minecraft:magenta_stained_glass_pane":1,"minecraft:polished_blackstone":2,"minecraft:dark_oak_door":3,"minecraft:deepslate_tiles":4,"minecraft:oak_sapling":4,"minecraft:azalea":7,"minecraft:azure_bluet":2,"minecraft:stripped_oak_wood":1,"minecraft:acacia_log":7,"minecraft:deepslate_brick_slab":1,"minecraft:dark_oak_log":231,"minecraft:spruce_wall_sign":1,"minecraft:stone_slab":1,"minecraft:dandelion":7,"minecraft:glass":10,"minecraft:tuff_wall":5,"minecraft:lantern":3,"minecraft:kelp":5,"minecraft:cherry_leaves":414,"minecraft:scaffolding":155,"minecraft:oak_leaves":336,"minecraft:birch_slab":4,"minecraft:brewing_stand":1,"minecraft:clay":90,"minecraft:spruce_stairs":25,"minecraft:rose_bush":36,"minecraft:dark_oak_button":3,"minecraft:spruce_button":3,"minecraft:mud_bricks":2,"minecraft:tall_grass":126,"minecraft:waxed_copper_block":3,"minecraft:deepslate_tile_slab":2,"minecraft:chipped_anvil":1,"minecraft:tripwire":1,"minecraft:pink_petals":10,"minecraft:water_cauldron":20,"minecraft:flower_pot":2,"minecraft:moss_carpet":21,"minecraft:spruce_door":4,"minecraft:sand":9,"minecraft:stripped_birch_log":3,"minecraft:seagrass":3,"minecraft:spruce_sign":1,"minecraft:stonecutter":1,"minecraft:mud":317,"minecraft:andesite_slab":1,"minecraft:vine":1,"minecraft:carrots":14,"minecraft:blackstone_stairs":5,"minecraft:lectern":1,"minecraft:sunflower":12,"minecraft:short_grass":423,"minecraft:acacia_leaves":17,"minecraft:dirt_path":7,"minecraft:crafting_table":33,"minecraft:flowering_azalea":4,"minecraft:dark_oak_stairs":21,"minecraft:leaf_litter":652,"minecraft:stripped_oak_log":3,"minecraft:redstone_wall_torch":2,"minecraft:copper_ore":36,"minecraft:stone_brick_wall":31,"minecraft:waxed_exposed_copper_bulb":9,"minecraft:purple_stained_glass":1,"minecraft:smooth_stone":1,"minecraft:packed_ice":5,"minecraft:cave_vines_plant":9,"minecraft:andesite_stairs":3,"minecraft:green_terracotta":1,"minecraft:cauldron":39,"minecraft:cactus":20,"minecraft:iron_block":9,"minecraft:waxed_oxidized_copper_bulb":1,"minecraft:birch_planks":50,"minecraft:jungle_leaves":24,"minecraft:birch_trapdoor":5,"minecraft:white_wall_banner":4,"minecraft:stone_bricks":96,"minecraft:bush":6,"minecraft:azalea_leaves":136,"minecraft:wheat":1627,"minecraft:pink_tulip":47,"minecraft:snow_block":101,"minecraft:barrel":6,"minecraft:mossy_cobblestone":22,"minecraft:grass_block":2697,"minecraft:stone_brick_slab":1,"minecraft:tuff_bricks":24,"minecraft:white_wool":1,"minecraft:flowering_azalea_leaves":55,"minecraft:spruce_slab":36,"minecraft:andesite_wall":5,"minecraft:cherry_sign":3,"minecraft:red_banner":1,"minecraft:white_tulip":38,"minecraft:cherry_fence":20,"minecraft:cherry_trapdoor":37,"minecraft:smooth_sandstone_slab":1,"minecraft:oxeye_daisy":3,"minecraft:obsidian":6,"minecraft:waxed_oxidized_copper_grate":19,"minecraft:waxed_oxidized_copper":6,"minecraft:cave_vines":4,"minecraft:orange_tulip":26,"minecraft:green_concrete_powder":1,"minecraft:stripped_spruce_log":30,"minecraft:birch_leaves":12,"minecraft:oak_fence":1,"minecraft:moss_block":599,"minecraft:mushroom_stem":5,"minecraft:bamboo":50,"minecraft:nether_brick_fence":1,"minecraft:decorated_pot":3,"minecraft:fern":17,"minecraft:stone_brick_stairs":13,"minecraft:kelp_plant":2,"minecraft:deepslate_diamond_ore":49,"minecraft:potatoes":991,"minecraft:pink_stained_glass":13,"minecraft:red_stained_glass":3,"minecraft:copper_block":13,"minecraft:iron_ore":169,"minecraft:podzol":24,"minecraft:lily_of_the_valley":16,"minecraft:oak_planks":45,"minecraft:cobblestone":204,"minecraft:sugar_cane":395,"minecraft:blackstone_slab":5,"minecraft:red_mushroom_block":45,"minecraft:spruce_pressure_plate":1,"minecraft:polished_diorite":2,"minecraft:furnace":4,"minecraft:potted_flowering_azalea_bush":1,"minecraft:wildflowers":16,"minecraft:packed_mud":9,"minecraft:exposed_copper":5,"minecraft:dirt":3152,"minecraft:hopper":25,"minecraft:ladder":19,"minecraft:basalt":118,"minecraft:deepslate":694,"minecraft:cherry_planks":48,"minecraft:snow":78,"minecraft:cherry_slab":89,"minecraft:deepslate_tile_stairs":7,"minecraft:oak_log":796,"minecraft:cherry_log":664,"minecraft:cherry_wall_hanging_sign":1,"minecraft:stripped_cherry_wood":74,"minecraft:gravel":53,"minecraft:waxed_copper_grate":45,"minecraft:pale_oak_wall_sign":4,"minecraft:magenta_stained_glass":1,"minecraft:polished_deepslate_slab":6,"minecraft:lilac":10,"minecraft:jungle_log":6,"minecraft:firefly_bush":14,"minecraft:green_concrete":104,"minecraft:andesite":379,"minecraft:stripped_cherry_log":106,"minecraft:glowstone":15,"minecraft:dark_oak_slab":3,"minecraft:deepslate_gold_ore":19,"minecraft:ice":26,"minecraft:dark_oak_leaves":134,"minecraft:poppy":12,"minecraft:deepslate_iron_ore":31,"minecraft:waxed_copper_bulb":4,"minecraft:amethyst_cluster":1,"minecraft:magenta_terracotta":1,"minecraft:allium":22,"minecraft:stone":4256,"minecraft:tuff_slab":2,"minecraft:stripped_mangrove_log":4,"minecraft:granite":68,"minecraft:spruce_fence":27,"minecraft:coal_ore":309,"minecraft:diorite":101,"minecraft:cherry_stairs":38,"minecraft:spruce_trapdoor":8,"minecraft:white_bed":19,"minecraft:smoker":2,"minecraft:cherry_sapling":8,"minecraft:polished_deepslate":9,"minecraft:composter":3,"minecraft:candle":7,"minecraft:cherry_wall_sign":3,"minecraft:dark_oak_fence":3,"minecraft:powder_snow":15,"minecraft:polished_blackstone_bricks":4,"minecraft:red_glazed_terracotta":3,"minecraft:potted_dead_bush":2,"minecraft:cherry_hanging_sign":1,"minecraft:cherry_fence_gate":13,"minecraft:mangrove_log":2,"minecraft:cherry_wood":5,"minecraft:tuff_stairs":1,"minecraft:peony":20,"minecraft:spruce_leaves":69,"minecraft:chiseled_tuff_bricks":2,"minecraft:cobbled_deepslate":6,"minecraft:tuff":387,"minecraft:polished_tuff":12,"minecraft:stone_button":3,"minecraft:pale_oak_log":1,"minecraft:polished_andesite":18,"minecraft:cornflower":11,"minecraft:redstone_wire":5},"minecraft:dropped":{"minecraft:sweet_berries":4,"minecraft:tropical_fish":2,"minecraft:gravel":3,"minecraft:bone":6,"minecraft:glass":9,"minecraft:poppy":11,"minecraft:bowl":1,"minecraft:tuff_bricks":5,"minecraft:moss_block":10,"minecraft:crossbow":1,"minecraft:filled_map":5,"minecraft:pink_tulip":22,"minecraft:redstone":8,"minecraft:spruce_stairs":3,"minecraft:oak_slab":2,"minecraft:arrow":32,"minecraft:spruce_sapling":41,"minecraft:carrot":4,"minecraft:spruce_log":8,"minecraft:gunpowder":6,"minecraft:deepslate":4,"minecraft:dried_kelp":1,"minecraft:dead_bush":1,"minecraft:flowering_azalea_leaves":18,"minecraft:polished_andesite":2,"minecraft:enchanted_golden_apple":2,"minecraft:baked_potato":40,"minecraft:tipped_arrow":2,"minecraft:rotten_flesh":49,"minecraft:torch":1,"minecraft:birch_planks":4,"minecraft:clock":1,"minecraft:bow":2,"minecraft:cooked_cod":8,"minecraft:cherry_sapling":5,"minecraft:pufferfish":1,"minecraft:bucket":1,"minecraft:dirt":81,"minecraft:stone":16,"minecraft:obsidian":1,"minecraft:stone_brick_stairs":1,"minecraft:cherry_sign":1,"minecraft:shears":1,"minecraft:ender_pearl":1,"minecraft:white_tulip":18,"minecraft:potato":8,"minecraft:blackstone_stairs":1,"minecraft:bamboo":8,"minecraft:stone_slab":2,"minecraft:iron_block":9,"minecraft:stone_brick_slab":4,"minecraft:wooden_pickaxe":1,"minecraft:netherrack":82,"minecraft:flowering_azalea":1,"minecraft:cooked_porkchop":19,"minecraft:white_banner":1,"minecraft:slime_block":2,"minecraft:azalea":1,"minecraft:stripped_cherry_log":1,"minecraft:iron_axe":2,"minecraft:azalea_leaves":32,"minecraft:wheat":1,"minecraft:beacon":2,"minecraft:lead":2,"minecraft:cobbled_deepslate":408,"minecraft:egg":6,"minecraft:sugar_cane":20,"minecraft:wheat_seeds":99,"minecraft:iron_ingot":14,"minecraft:yellow_terracotta":1,"minecraft:paper":3,"minecraft:dark_oak_slab":1,"minecraft:cherry_planks":1,"minecraft:red_tulip":11,"minecraft:diamond_pickaxe":1,"minecraft:string":9,"minecraft:golden_boots":1,"minecraft:stick":24,"minecraft:pale_oak_planks":1,"minecraft:bread":2,"minecraft:spider_eye":8,"minecraft:snowball":6,"minecraft:cobblestone":11,"minecraft:spruce_planks":9,"minecraft:pumpkin_seeds":5,"minecraft:wind_charge":6,"minecraft:potion":116,"minecraft:leather":1,"minecraft:splash_potion":2,"minecraft:cherry_slab":1,"minecraft:granite":3,"minecraft:cherry_log":1,"minecraft:moss_carpet":1,"minecraft:diamond":108,"minecraft:black_stained_glass":2,"minecraft:bone_meal":15,"minecraft:poisonous_potato":7,"minecraft:birch_sapling":1,"minecraft:waxed_oxidized_copper":2,"minecraft:chiseled_tuff_bricks":1,"minecraft:leaf_litter":34,"minecraft:flint":1,"minecraft:diamond_sword":1,"minecraft:pink_petals":1,"minecraft:cherry_fence":13,"minecraft:oak_trapdoor":4,"minecraft:red_stained_glass":3,"minecraft:salmon":9,"minecraft:dark_oak_planks":13,"minecraft:stone_brick_wall":1,"minecraft:cauldron":8,"minecraft:gray_wool":1,"minecraft:pale_oak_sign":1},"minecraft:used":{"minecraft:polished_tuff":7,"minecraft:diamond_helmet":1,"minecraft:cactus":9,"minecraft:cartography_table":1,"minecraft:white_banner":6,"minecraft:polished_tuff_slab":2,"minecraft:diamond_sword":2233,"minecraft:cobbled_deepslate_slab":22,"minecraft:cherry_planks":660,"minecraft:campfire":111,"minecraft:wheat_seeds":1823,"minecraft:pink_wool":11,"minecraft:glass":8,"minecraft:polished_blackstone":82,"minecraft:decorated_pot":10,"minecraft:allium":17,"minecraft:deepslate_tile_slab":254,"minecraft:oak_wood":7,"minecraft:azalea_leaves":67,"minecraft:waxed_exposed_copper_bulb":7,"minecraft:cherry_boat":20,"minecraft:polished_tuff_stairs":1,"minecraft:coal_ore":131,"minecraft:oak_log":28,"minecraft:spruce_slab":258,"minecraft:polished_deepslate_slab":29,"minecraft:diamond_axe":2766,"minecraft:stripped_oak_log":2,"minecraft:poppy":4,"minecraft:snowball":34,"minecraft:moss_block":545,"minecraft:bow":49,"minecraft:iron_leggings":1,"minecraft:cobbled_deepslate":12,"minecraft:red_nether_brick_slab":89,"minecraft:polished_diorite":2,"minecraft:pink_petals":40,"minecraft:andesite_wall":21,"minecraft:mossy_cobblestone":84,"minecraft:deepslate_brick_slab":44,"minecraft:red_stained_glass":16,"minecraft:stone_shovel":6051,"minecraft:blackstone_slab":384,"minecraft:light_gray_banner":3,"minecraft:spruce_fence_gate":3,"minecraft:goat_horn":3,"minecraft:red_nether_bricks":104,"minecraft:written_book":7,"minecraft:terracotta":24,"minecraft:polished_granite":11,"minecraft:sand":43,"minecraft:wind_charge":2,"minecraft:diamond_ore":2,"minecraft:bamboo_fence":9,"minecraft:glow_ink_sac":1,"minecraft:shears":494,"minecraft:nether_wart_block":10,"minecraft:bucket":559,"minecraft:porkchop":9,"minecraft:oak_sapling":6,"minecraft:flower_pot":18,"minecraft:oak_fence":1,"minecraft:grass_block":1,"minecraft:string":1,"minecraft:wildflowers":21,"minecraft:cherry_leaves":175,"minecraft:honeycomb":6,"minecraft:shield":59,"minecraft:birch_slab":18,"minecraft:deepslate":123,"minecraft:iron_pickaxe":280,"minecraft:andesite":151,"minecraft:polished_deepslate":15,"minecraft:chiseled_deepslate":10,"minecraft:dark_oak_log":3,"minecraft:waxed_copper_block":13,"minecraft:golden_carrot":3,"minecraft:peony":35,"minecraft:stone_brick_slab":16,"minecraft:deepslate_bricks":51,"minecraft:cooked_mutton":1,"minecraft:cookie":4,"minecraft:stone_bricks":285,"minecraft:polished_blackstone_brick_slab":6,"minecraft:blackstone_wall":18,"minecraft:smooth_stone":1,"minecraft:birch_trapdoor":17,"minecraft:diorite":3,"minecraft:redstone":2,"minecraft:pale_oak_boat":2,"minecraft:wooden_pickaxe":5,"minecraft:spruce_door":8,"minecraft:map":1,"minecraft:diamond_leggings":1,"minecraft:cobblestone":276,"minecraft:pink_concrete_powder":23,"minecraft:cherry_sign":23,"minecraft:stone":1044,"minecraft:golden_apple":1,"minecraft:stripped_mangrove_log":3,"minecraft:pale_oak_button":12,"minecraft:crafting_table":52,"minecraft:spruce_sign":27,"minecraft:spruce_trapdoor":115,"minecraft:red_mushroom":1,"minecraft:potion":497,"minecraft:tuff_bricks":5,"minecraft:white_tulip":1,"minecraft:air":317,"minecraft:baked_potato":621,"minecraft:apple":2,"minecraft:scaffolding":258,"minecraft:smoker":2,"minecraft:red_banner":20,"minecraft:stone_hoe":678,"minecraft:black_concrete":70,"minecraft:spruce_log":81,"minecraft:magenta_stained_glass_pane":45,"minecraft:water_bucket":524,"minecraft:green_terracotta":12,"minecraft:cherry_door":3,"minecraft:black_stained_glass_pane":78,"minecraft:andesite_slab":24,"minecraft:purple_stained_glass_pane":38,"minecraft:bread":158,"minecraft:torch":296,"minecraft:blackstone_stairs":76,"minecraft:sunflower":1,"minecraft:gravel":37,"minecraft:white_wool":3,"minecraft:redstone_lamp":19,"minecraft:snow_block":6,"minecraft:deepslate_tile_stairs":100,"minecraft:amethyst_block":24,"minecraft:dark_oak_trapdoor":8,"minecraft:chest":64,"minecraft:magenta_terracotta":31,"minecraft:cauldron":112,"minecraft:beef":8,"minecraft:deepslate_iron_ore":3,"minecraft:stone_brick_wall":82,"minecraft:iron_axe":778,"minecraft:leaf_litter":97,"minecraft:stone_slab":18,"minecraft:andesite_stairs":28,"minecraft:pink_tulip":23,"minecraft:cherry_fence_gate":14,"minecraft:ominous_trial_key":4,"minecraft:spruce_pressure_plate":12,"minecraft:pink_stained_glass_pane":30,"minecraft:iron_block":37,"minecraft:stripped_oak_wood":1,"minecraft:potato":1241,"minecraft:mangrove_slab":14,"minecraft:glass_bottle":345,"minecraft:jungle_planks":18,"minecraft:dark_oak_stairs":170,"minecraft:black_concrete_powder":136,"minecraft:lantern":42,"minecraft:netherite_pickaxe":131,"minecraft:short_grass":1,"minecraft:cooked_porkchop":54,"minecraft:granite":20,"minecraft:dark_oak_button":8,"minecraft:iron_shovel":892,"minecraft:copper_ore":2,"minecraft:chiseled_tuff_bricks":6,"minecraft:cherry_hanging_sign":3,"minecraft:firefly_bush":8,"minecraft:tuff_slab":70,"minecraft:mud_bricks":31,"minecraft:red_concrete_powder":67,"minecraft:cherry_slab":468,"minecraft:purple_stained_glass":14,"minecraft:blackstone":135,"minecraft:candle":19,"minecraft:stone_pickaxe":1048,"minecraft:dandelion":2,"minecraft:netherrack":41,"minecraft:lilac":40,"minecraft:spruce_boat":45,"minecraft:diamond_shovel":851,"minecraft:deepslate_diamond_ore":10,"minecraft:birch_planks":131,"minecraft:rotten_flesh":29,"minecraft:writable_book":1,"minecraft:bone_meal":288,"minecraft:item_frame":84,"minecraft:spider_eye":1,"minecraft:dark_oak_planks":132,"minecraft:coal_block":136,"minecraft:glowstone":15,"minecraft:pink_glazed_terracotta":16,"minecraft:blue_egg":2,"minecraft:dirt":4154,"minecraft:fishing_rod":135,"minecraft:dark_oak_sign":10,"minecraft:stripped_spruce_log":78,"minecraft:dark_oak_sapling":9,"minecraft:spruce_planks":516,"minecraft:pink_stained_glass":39,"minecraft:dark_oak_door":22,"minecraft:flowering_azalea_leaves":21,"minecraft:rose_bush":30,"minecraft:orange_terracotta":8,"minecraft:smooth_sandstone_slab":37,"minecraft:basalt":1,"minecraft:birch_log":47,"minecraft:cooked_cod":72,"minecraft:waxed_copper_bulb":3,"minecraft:red_mushroom_block":5,"minecraft:nether_brick_fence":4,"minecraft:lectern":1,"minecraft:stone_brick_stairs":40,"minecraft:splash_potion":3,"minecraft:deepslate_tiles":306,"minecraft:dripstone_block":1,"minecraft:chiseled_bookshelf":11,"minecraft:oak_planks":157,"minecraft:sugar_cane":32,"minecraft:iron_ore":17,"minecraft:red_glazed_terracotta":33,"minecraft:trial_key":7,"minecraft:stone_axe":527,"minecraft:spruce_fence":151,"minecraft:mud_brick_slab":17,"minecraft:netherite_sword":61,"minecraft:tuff_stairs":25,"minecraft:spruce_stairs":134,"minecraft:mangrove_sign":10,"minecraft:red_concrete":119,"minecraft:milk_bucket":26,"minecraft:cherry_sapling":53,"minecraft:packed_mud":245,"minecraft:mangrove_trapdoor":3,"minecraft:bookshelf":14,"minecraft:diamond_pickaxe":7277,"minecraft:nether_brick":21,"minecraft:orange_tulip":7,"minecraft:ladder":25,"minecraft:crossbow":5,"minecraft:dark_oak_fence":40,"minecraft:azalea":3,"minecraft:tuff":204,"minecraft:tuff_wall":14,"minecraft:stripped_cherry_log":55,"minecraft:brewing_stand":10,"minecraft:stone_sword":131,"minecraft:sweet_berries":57,"minecraft:lava_bucket":4,"minecraft:waxed_weathered_copper_bulb":4,"minecraft:polished_deepslate_stairs":18,"minecraft:mangrove_log":17,"minecraft:red_tulip":20,"minecraft:brown_mushroom":4,"minecraft:copper_block":6,"minecraft:hopper":39,"minecraft:polished_andesite":39,"minecraft:mangrove_door":3,"minecraft:carrot":43,"minecraft:cherry_stairs":98,"minecraft:birch_boat":16,"minecraft:green_concrete_powder":105,"minecraft:white_bed":23,"minecraft:red_nether_brick_stairs":2,"minecraft:magenta_stained_glass":27,"minecraft:cherry_trapdoor":115,"minecraft:birch_stairs":16,"minecraft:cherry_wood":170,"minecraft:iron_hoe":364,"minecraft:rabbit":1,"minecraft:cherry_fence":85,"minecraft:pale_oak_log":1,"minecraft:amethyst_cluster":11,"minecraft:furnace":6,"minecraft:green_concrete":84,"minecraft:barrel":19,"minecraft:lever":9,"minecraft:dark_oak_slab":56,"minecraft:mangrove_stairs":3,"minecraft:dried_kelp":1,"minecraft:polished_blackstone_bricks":12,"minecraft:cobblestone_slab":4,"minecraft:stone_button":3,"minecraft:spruce_button":3,"minecraft:composter":6,"minecraft:stone_stairs":32,"minecraft:cherry_log":174,"minecraft:cooked_beef":32,"minecraft:flint_and_steel":27,"minecraft:redstone_torch":5,"minecraft:stripped_cherry_wood":152,"minecraft:cornflower":2,"minecraft:spruce_sapling":6,"minecraft:polished_andesite_slab":13,"minecraft:egg":7,"minecraft:azure_bluet":1,"minecraft:ender_pearl":4}},"DataVersion":4440}