{"stats":{"minecraft:mined":{"minecraft:short_grass":2,"minecraft:snow_block":83,"minecraft:snow":32,"minecraft:spruce_planks":9,"minecraft:dirt":12,"minecraft:spruce_log":54,"minecraft:spruce_sapling":1,"minecraft:spruce_leaves":11,"minecraft:stone":16},"minecraft:crafted":{"minecraft:snow_block":20,"minecraft:spruce_planks":208,"minecraft:crafting_table":1},"minecraft:custom":{"minecraft:interact_with_crafting_table":3,"minecraft:time_since_rest":25221,"minecraft:walk_one_cm":325698,"minecraft:leave_game":1,"minecraft:mob_kills":7,"minecraft:damage_taken":1555,"minecraft:play_time":43505,"minecraft:damage_dealt":1675,"minecraft:jump":1007,"minecraft:time_since_death":25211,"minecraft:sprint_one_cm":58714,"minecraft:open_chest":1,"minecraft:fall_one_cm":43427,"minecraft:total_world_time":43505,"minecraft:fly_one_cm":80663,"minecraft:walk_on_water_one_cm":416,"minecraft:crouch_one_cm":8433,"minecraft:sneak_time":1268,"minecraft:deaths":3},"minecraft:used":{"minecraft:stone_axe":85,"minecraft:stone_shovel":126,"minecraft:stone_sword":13,"minecraft:snow_block":17,"minecraft:crafting_table":1,"minecraft:spruce_planks":213,"minecraft:snowball":65,"minecraft:spruce_sapling":25,"minecraft:stone_pickaxe":16,"minecraft:dirt":6},"minecraft:killed":{"minecraft:zombie":5,"minecraft:skeleton":1,"minecraft:creeper":1},"minecraft:picked_up":{"minecraft:spruce_planks":9,"minecraft:dirt":10,"minecraft:spruce_sapling":33,"minecraft:stick":19,"minecraft:cobblestone":13,"minecraft:golden_helmet":1,"minecraft:golden_chestplate":1,"minecraft:golden_boots":1,"minecraft:snowball":364,"minecraft:arrow":2,"minecraft:rotten_flesh":6,"minecraft:cake":1,"minecraft:spruce_log":52,"minecraft:golden_leggings":1,"minecraft:gunpowder":2}},"DataVersion":4440}