{"stats":{"minecraft:killed_by":{"minecraft:polar_bear":1,"minecraft:creeper":2,"minecraft:creaking":1},"minecraft:custom":{"minecraft:time_since_rest":31367,"minecraft:talked_to_villager":11,"minecraft:leave_game":18,"minecraft:damage_taken":26303,"minecraft:mob_kills":179,"minecraft:boat_one_cm":358830,"minecraft:interact_with_beacon":1,"minecraft:time_since_death":46888,"minecraft:interact_with_furnace":267,"minecraft:sleep_in_bed":2,"minecraft:swim_one_cm":287409,"minecraft:total_world_time":453429,"minecraft:pot_flower":3,"minecraft:crouch_one_cm":64066,"minecraft:climb_one_cm":73988,"minecraft:deaths":40,"minecraft:interact_with_stonecutter":2,"minecraft:enchant_item":7,"minecraft:damage_dealt_resisted":14,"minecraft:interact_with_loom":9,"minecraft:traded_with_villager":1,"minecraft:damage_blocked_by_shield":992,"minecraft:interact_with_crafting_table":209,"minecraft:walk_one_cm":2628285,"minecraft:walk_under_water_one_cm":61979,"minecraft:interact_with_lectern":3,"minecraft:damage_dealt":19481,"minecraft:play_time":453429,"minecraft:jump":28619,"minecraft:play_record":5,"minecraft:drop":173,"minecraft:open_barrel":55,"minecraft:sprint_one_cm":2987786,"minecraft:open_chest":663,"minecraft:inspect_hopper":1,"minecraft:interact_with_smoker":19,"minecraft:fall_one_cm":1319674,"minecraft:fly_one_cm":8216366,"minecraft:interact_with_anvil":3,"minecraft:walk_on_water_one_cm":100416,"minecraft:sneak_time":8216,"minecraft:interact_with_blast_furnace":6,"minecraft:interact_with_grindstone":5},"minecraft:broken":{"minecraft:stone_axe":1,"minecraft:iron_pickaxe":1,"minecraft:diamond_pickaxe":2,"minecraft:shears":1,"minecraft:diamond_axe":1,"minecraft:diamond_hoe":2},"minecraft:crafted":{"minecraft:stripped_spruce_wood":3,"minecraft:gold_ingot":53,"minecraft:book":24,"minecraft:glass_pane":32,"minecraft:leather_chestplate":1,"minecraft:painting":1,"minecraft:iron_block":3,"minecraft:diamond_pickaxe":5,"minecraft:chest":63,"minecraft:bookshelf":14,"minecraft:stone_slab":6,"minecraft:purple_wool":6,"minecraft:bucket":1,"minecraft:ladder":90,"minecraft:item_frame":2,"minecraft:jukebox":1,"minecraft:beacon":1,"minecraft:diamond_shovel":3,"minecraft:glass":57,"minecraft:oak_sign":6,"minecraft:cobblestone_slab":6,"minecraft:iron_hoe":1,"minecraft:spruce_fence":21,"minecraft:deepslate_tiles":1,"minecraft:sugar":2,"minecraft:cobbled_deepslate_stairs":552,"minecraft:spruce_wood":9,"minecraft:yellow_dye":32,"minecraft:hopper_minecart":1,"minecraft:spruce_door":9,"minecraft:iron_door":3,"minecraft:smooth_stone":18,"minecraft:white_wool":1,"minecraft:charcoal":9,"minecraft:cooked_beef":203,"minecraft:diamond":108,"minecraft:stonecutter":1,"minecraft:blue_dye":8,"minecraft:spruce_sign":18,"minecraft:brick":24,"minecraft:barrel":14,"minecraft:armor_stand":2,"minecraft:paper":132,"minecraft:furnace":13,"minecraft:grindstone":2,"minecraft:iron_ingot":124,"minecraft:diamond_hoe":4,"minecraft:lead":6,"minecraft:diamond_helmet":3,"minecraft:tripwire_hook":2,"minecraft:stone":41,"minecraft:diamond_leggings":3,"minecraft:spruce_stairs":136,"minecraft:shield":4,"minecraft:deepslate":12,"minecraft:diamond_block":28,"minecraft:black_wool":12,"minecraft:golden_apple":5,"minecraft:piston":1,"minecraft:spruce_fence_gate":34,"minecraft:cobblestone_stairs":68,"minecraft:diamond_boots":3,"minecraft:spruce_hanging_sign":6,"minecraft:smithing_table":3,"minecraft:powered_rail":6,"minecraft:map":3,"minecraft:leather_leggings":2,"minecraft:stick":492,"minecraft:leather_boots":1,"minecraft:deepslate_bricks":312,"minecraft:compass":3,"minecraft:smooth_stone_slab":6,"minecraft:minecart":1,"minecraft:black_dye":24,"minecraft:diamond_axe":5,"minecraft:lightning_rod":1,"minecraft:black_banner":2,"minecraft:air":0,"minecraft:bone_meal":159,"minecraft:chiseled_deepslate":2,"minecraft:oak_boat":2,"minecraft:snow_block":6,"minecraft:red_dye":36,"minecraft:flower_pot":8,"minecraft:blast_furnace":3,"minecraft:loom":1,"minecraft:oak_planks":40,"minecraft:enchanting_table":1,"minecraft:rail":16,"minecraft:iron_shovel":1,"minecraft:iron_sword":1,"minecraft:shears":4,"minecraft:polished_deepslate":616,"minecraft:white_banner":1,"minecraft:smoker":3,"minecraft:white_dye":10,"minecraft:lantern":14,"minecraft:birch_planks":28,"minecraft:hopper":2,"minecraft:anvil":1,"minecraft:spruce_slab":216,"minecraft:chain":4,"minecraft:fermented_spider_eye":2,"minecraft:diamond_chestplate":3,"minecraft:diamond_sword":2,"minecraft:iron_nugget":135,"minecraft:emerald":1,"minecraft:spruce_trapdoor":5,"minecraft:spruce_boat":8,"minecraft:copper_ingot":29,"minecraft:purple_bed":2,"minecraft:white_carpet":3,"minecraft:bread":15,"minecraft:crafting_table":7,"minecraft:torch":120,"minecraft:polished_deepslate_slab":84,"minecraft:purple_dye":16,"minecraft:spruce_planks":1592,"minecraft:iron_pickaxe":1,"minecraft:coarse_dirt":8},"minecraft:killed":{"minecraft:zombie":4,"minecraft:skeleton":1,"minecraft:cave_spider":47,"minecraft:creeper":1,"minecraft:enderman":1,"minecraft:sheep":12,"minecraft:squid":10,"minecraft:drowned":1,"minecraft:mooshroom":98,"minecraft:bat":1},"minecraft:picked_up":{"minecraft:iron_door":1,"minecraft:cobblestone":879,"minecraft:flint":3,"minecraft:sugar_cane":177,"minecraft:hopper_minecart":2,"minecraft:redstone":275,"minecraft:bone":4,"minecraft:rose_bush":18,"minecraft:clay_ball":60,"minecraft:lantern":3,"minecraft:firefly_bush":5,"minecraft:stripped_spruce_log":12,"minecraft:diamond":265,"minecraft:echo_shard":6,"minecraft:granite":46,"minecraft:dark_oak_sapling":7,"minecraft:stone_brick_slab":7,"minecraft:pale_oak_sapling":2,"minecraft:book":88,"minecraft:ink_sac":24,"minecraft:armor_stand":2,"minecraft:powered_rail":1,"minecraft:wildflowers":32,"minecraft:charcoal":2,"minecraft:spruce_boat":5,"minecraft:cobbled_deepslate_stairs":27,"minecraft:smooth_basalt":40,"minecraft:arrow":5,"minecraft:lilac":6,"minecraft:spruce_slab":12,"minecraft:raw_gold":53,"minecraft:azalea":4,"minecraft:deepslate_bricks":63,"minecraft:mutton":16,"minecraft:diamond_leggings":1,"minecraft:spruce_planks":27,"minecraft:dirt":423,"minecraft:rail":14,"minecraft:stonecutter":1,"minecraft:bone_block":13,"minecraft:diamond_helmet":1,"minecraft:torch":63,"minecraft:dripstone_block":1,"minecraft:cobblestone_stairs":3,"minecraft:spruce_log":1367,"minecraft:birch_leaves":31,"minecraft:oak_stairs":35,"minecraft:coal":178,"minecraft:oak_log":10,"minecraft:oak_fence":2,"minecraft:birch_planks":4,"minecraft:sand":59,"minecraft:furnace":11,"minecraft:wheat_seeds":138,"minecraft:egg":2,"minecraft:anvil":1,"minecraft:hopper":2,"minecraft:birch_sapling":6,"minecraft:cooked_beef":1,"minecraft:white_wool":28,"minecraft:feather":6,"minecraft:spruce_fence":6,"minecraft:red_mushroom":113,"minecraft:snowball":27,"minecraft:andesite":56,"minecraft:lily_of_the_valley":10,"minecraft:ender_pearl":1,"minecraft:string":43,"minecraft:smithing_table":1,"minecraft:obsidian":7,"minecraft:ladder":4,"minecraft:chain":2,"minecraft:dark_oak_slab":1,"minecraft:spruce_sapling":73,"minecraft:tripwire_hook":9,"minecraft:spruce_fence_gate":1,"minecraft:polished_deepslate_slab":1,"minecraft:flowering_azalea":1,"minecraft:leather":117,"minecraft:lead":2,"minecraft:brown_mushroom":43,"minecraft:oak_leaves":66,"minecraft:lightning_rod":1,"minecraft:spruce_sign":6,"minecraft:stick":49,"minecraft:painting":5,"minecraft:chicken":2,"minecraft:diamond_boots":1,"minecraft:deepslate":2,"minecraft:kelp":7,"minecraft:item_frame":1,"minecraft:raw_iron":131,"minecraft:cobbled_deepslate":5027,"minecraft:diamond_chestplate":1,"minecraft:pointed_dripstone":1,"minecraft:spruce_hanging_sign":2,"minecraft:amethyst_block":25,"minecraft:wheat":47,"minecraft:spruce_door":4,"minecraft:chest":17,"minecraft:spruce_trapdoor":1,"minecraft:beacon":1,"minecraft:short_grass":23,"minecraft:gravel":62,"minecraft:light_gray_wool":6,"minecraft:tuff":1191,"minecraft:polished_deepslate":8,"minecraft:leaf_litter":55,"minecraft:grass_block":1,"minecraft:birch_log":7,"minecraft:lapis_lazuli":226,"minecraft:piston":1,"minecraft:spider_eye":2,"minecraft:spruce_stairs":18,"minecraft:diorite":33,"minecraft:oak_boat":3,"minecraft:flower_pot":1,"minecraft:oak_planks":19,"minecraft:crafting_table":31,"minecraft:raw_copper":106,"minecraft:oak_sapling":33,"minecraft:purple_bed":4,"minecraft:beef":238,"minecraft:rotten_flesh":8,"minecraft:apple":8,"minecraft:cobblestone_slab":1,"minecraft:music_disc_cat":4,"minecraft:calcite":82,"minecraft:barrel":2,"minecraft:paper":1},"minecraft:mined":{"minecraft:torch":39,"minecraft:pale_oak_sapling":2,"minecraft:spruce_log":1379,"minecraft:chest":17,"minecraft:smooth_basalt":41,"minecraft:mycelium":452,"minecraft:spruce_sapling":5,"minecraft:amethyst_block":25,"minecraft:spruce_planks":27,"minecraft:birch_log":7,"minecraft:obsidian":7,"minecraft:piston":1,"minecraft:stripped_spruce_log":12,"minecraft:anvil":1,"minecraft:deepslate_bricks":63,"minecraft:iron_door":1,"minecraft:birch_leaves":170,"minecraft:oak_fence":2,"minecraft:sculk_shrieker":1,"minecraft:bamboo":1,"minecraft:mushroom_stem":59,"minecraft:diamond_ore":2,"minecraft:wall_torch":9,"minecraft:fern":1,"minecraft:fire":1,"minecraft:kelp_plant":5,"minecraft:smithing_table":1,"minecraft:deepslate_diamond_ore":270,"minecraft:dripstone_block":2,"minecraft:azalea":3,"minecraft:iron_ore":73,"minecraft:spruce_hanging_sign":2,"minecraft:glass_pane":6,"minecraft:podzol":31,"minecraft:chain":2,"minecraft:spruce_wall_sign":3,"minecraft:lily_of_the_valley":10,"minecraft:oak_planks":19,"minecraft:cobblestone":55,"minecraft:sugar_cane":211,"minecraft:tripwire_hook":2,"minecraft:spruce_fence_gate":1,"minecraft:lantern":2,"minecraft:kelp":4,"minecraft:red_mushroom_block":277,"minecraft:birch_sapling":3,"minecraft:oak_leaves":768,"minecraft:furnace":10,"minecraft:brown_mushroom_block":138,"minecraft:clay":19,"minecraft:spruce_stairs":18,"minecraft:rose_bush":18,"minecraft:tall_grass":9,"minecraft:wildflowers":13,"minecraft:purple_bed":4,"minecraft:pointed_dripstone":1,"minecraft:tall_seagrass":4,"minecraft:rail":13,"minecraft:dirt":312,"minecraft:tripwire":3,"minecraft:hopper":2,"minecraft:spruce_door":3,"minecraft:ladder":2,"minecraft:deepslate":4959,"minecraft:sand":94,"minecraft:snow":24,"minecraft:seagrass":1,"minecraft:spruce_sign":2,"minecraft:stonecutter":1,"minecraft:oak_log":10,"minecraft:lapis_ore":4,"minecraft:sculk":2475,"minecraft:spawner":4,"minecraft:gravel":109,"minecraft:short_grass":72,"minecraft:sculk_catalyst":7,"minecraft:crafting_table":31,"minecraft:flowering_azalea":2,"minecraft:deepslate_redstone_ore":60,"minecraft:leaf_litter":26,"minecraft:polished_deepslate_slab":1,"minecraft:lilac":7,"minecraft:copper_ore":31,"minecraft:firefly_bush":5,"minecraft:andesite":134,"minecraft:deepslate_gold_ore":53,"minecraft:dark_oak_leaves":181,"minecraft:deepslate_lapis_ore":31,"minecraft:deepslate_iron_ore":61,"minecraft:jungle_leaves":1,"minecraft:stone":1859,"minecraft:stone_bricks":2,"minecraft:granite":157,"minecraft:cobblestone_stairs":3,"minecraft:spruce_fence":6,"minecraft:coal_ore":149,"minecraft:diorite":71,"minecraft:sculk_sensor":35,"minecraft:wheat":49,"minecraft:spruce_trapdoor":1,"minecraft:polished_deepslate":8,"minecraft:sculk_vein":202,"minecraft:bookshelf":1,"minecraft:cobbled_deepslate_stairs":27,"minecraft:barrel":2,"minecraft:oak_stairs":11,"minecraft:mossy_cobblestone":1,"minecraft:potted_azalea_bush":1,"minecraft:grass_block":5,"minecraft:cobweb":39,"minecraft:spruce_leaves":82,"minecraft:cobbled_deepslate":16,"minecraft:tuff":1470,"minecraft:calcite":83,"minecraft:spruce_slab":11,"minecraft:cobblestone_slab":1,"minecraft:redstone_wire":1,"minecraft:lightning_rod":1},"minecraft:dropped":{"minecraft:diamond_shovel":2,"minecraft:oak_planks":5,"minecraft:andesite":21,"minecraft:oak_leaves":2,"minecraft:oak_boat":1,"minecraft:beacon":1,"minecraft:gravel":43,"minecraft:cobbled_deepslate":953,"minecraft:bone":4,"minecraft:egg":1,"minecraft:spruce_sign":4,"minecraft:stone_pickaxe":1,"minecraft:dark_oak_slab":1,"minecraft:oak_sapling":2,"minecraft:light_gray_wool":6,"minecraft:leather_chestplate":1,"minecraft:redstone":25,"minecraft:tuff":447,"minecraft:clay_ball":36,"minecraft:stick":5,"minecraft:spruce_sapling":2,"minecraft:arrow":6,"minecraft:deepslate":2,"minecraft:bread":15,"minecraft:diamond_hoe":1,"minecraft:snowball":3,"minecraft:diorite":21,"minecraft:rotten_flesh":8,"minecraft:stone_shovel":1,"minecraft:cobblestone":256,"minecraft:stone_sword":1,"minecraft:torch":1,"minecraft:leather_leggings":2,"minecraft:leather_boots":1,"minecraft:red_mushroom":62,"minecraft:diamond_axe":3,"minecraft:diamond_helmet":2,"minecraft:dirt":120,"minecraft:leather":13,"minecraft:raw_copper":2,"minecraft:diamond_boots":2,"minecraft:diamond_chestplate":2,"minecraft:diamond_leggings":2,"minecraft:granite":27,"minecraft:shears":2,"minecraft:diamond":2,"minecraft:feather":4,"minecraft:emerald":1,"minecraft:rail":10,"minecraft:spruce_boat":2,"minecraft:brown_mushroom":38,"minecraft:cooked_beef":1,"minecraft:leaf_litter":8,"minecraft:chicken":2,"minecraft:diamond_sword":1,"minecraft:flint":3,"minecraft:raw_iron":8,"minecraft:lapis_lazuli":1,"minecraft:mutton":16},"minecraft:used":{"minecraft:birch_sapling":4,"minecraft:painting":6,"minecraft:leaf_litter":47,"minecraft:diamond_hoe":3686,"minecraft:kelp":7,"minecraft:diamond_sword":208,"minecraft:black_banner":1,"minecraft:wheat_seeds":84,"minecraft:glass":32,"minecraft:oak_sign":3,"minecraft:glass_pane":13,"minecraft:lantern":17,"minecraft:short_grass":1,"minecraft:granite":15,"minecraft:coarse_dirt":2,"minecraft:iron_shovel":178,"minecraft:firefly_bush":5,"minecraft:smithing_table":4,"minecraft:spruce_slab":128,"minecraft:polished_deepslate_slab":75,"minecraft:stonecutter":2,"minecraft:grindstone":2,"minecraft:diamond_axe":2409,"minecraft:white_carpet":3,"minecraft:jukebox":1,"minecraft:hopper_minecart":2,"minecraft:calcite":2,"minecraft:stone_pickaxe":58,"minecraft:pointed_dripstone":1,"minecraft:armor_stand":2,"minecraft:birch_leaves":31,"minecraft:cobbled_deepslate_stairs":579,"minecraft:spruce_hanging_sign":5,"minecraft:cobbled_deepslate":341,"minecraft:loom":1,"minecraft:lilac":6,"minecraft:spruce_boat":11,"minecraft:diamond_shovel":843,"minecraft:lightning_rod":1,"minecraft:leather_chestplate":1,"minecraft:stone_shovel":14,"minecraft:writable_book":1,"minecraft:bone_meal":61,"minecraft:item_frame":2,"minecraft:yellow_dye":1,"minecraft:anvil":2,"minecraft:spruce_fence_gate":35,"minecraft:dirt":148,"minecraft:obsidian":1,"minecraft:spruce_planks":152,"minecraft:oak_leaves":50,"minecraft:leather_boots":1,"minecraft:stripped_spruce_wood":1,"minecraft:rail":4,"minecraft:shears":239,"minecraft:bucket":43,"minecraft:powered_rail":1,"minecraft:deepslate_tiles":1,"minecraft:dripstone_block":1,"minecraft:oak_planks":2,"minecraft:flower_pot":7,"minecraft:sugar_cane":37,"minecraft:iron_door":1,"minecraft:stone_axe":70,"minecraft:spruce_fence":22,"minecraft:string":3,"minecraft:shield":7,"minecraft:iron_pickaxe":250,"minecraft:spruce_stairs":145,"minecraft:deepslate":6,"minecraft:andesite":8,"minecraft:polished_deepslate":45,"minecraft:chiseled_deepslate":1,"minecraft:oak_boat":4,"minecraft:iron_sword":10,"minecraft:purple_bed":6,"minecraft:deepslate_bricks":287,"minecraft:stone_brick_slab":1,"minecraft:diamond_pickaxe":9464,"minecraft:bookshelf":14,"minecraft:ladder":18,"minecraft:blast_furnace":3,"minecraft:azalea":2,"minecraft:tuff":26,"minecraft:spruce_wood":8,"minecraft:stone_sword":12,"minecraft:piston":1,"minecraft:redstone":15,"minecraft:pumpkin_seeds":2,"minecraft:brown_mushroom":1,"minecraft:spruce_door":5,"minecraft:cobblestone":191,"minecraft:diamond_chestplate":1,"minecraft:hopper":2,"minecraft:chain":3,"minecraft:crafting_table":36,"minecraft:spruce_sign":14,"minecraft:spruce_trapdoor":6,"minecraft:red_mushroom":2,"minecraft:smoker":3,"minecraft:spruce_log":367,"minecraft:water_bucket":42,"minecraft:smooth_basalt":1,"minecraft:furnace":13,"minecraft:barrel":16,"minecraft:torch":126,"minecraft:cobblestone_stairs":9,"minecraft:tripwire_hook":13,"minecraft:cobblestone_slab":3,"minecraft:gravel":13,"minecraft:beacon":1,"minecraft:oak_stairs":11,"minecraft:cooked_beef":192,"minecraft:amethyst_block":2,"minecraft:chest":76,"minecraft:enchanting_table":1,"minecraft:beef":13,"minecraft:spruce_sapling":81,"minecraft:egg":1}},"DataVersion":4440}