{"stats":{"minecraft:killed_by":{"minecraft:player":3,"minecraft:zombie_villager":1,"minecraft:endermite":1,"minecraft:enderman":1,"minecraft:creaking":4,"minecraft:spider":2,"minecraft:ghast":1,"minecraft:zombie":40,"minecraft:skeleton":16,"minecraft:witch":2,"minecraft:blaze":1,"minecraft:hoglin":1,"minecraft:piglin":3,"minecraft:drowned":4},"minecraft:custom":{"minecraft:eat_cake_slice":10,"minecraft:time_since_rest":11800,"minecraft:leave_game":58,"minecraft:boat_one_cm":412559,"minecraft:time_since_death":11030,"minecraft:interact_with_furnace":983,"minecraft:happy_ghast_one_cm":908486,"minecraft:total_world_time":4892086,"minecraft:crouch_one_cm":1034423,"minecraft:climb_one_cm":153663,"minecraft:deaths":146,"minecraft:interact_with_stonecutter":124,"minecraft:animals_bred":48,"minecraft:traded_with_villager":864,"minecraft:interact_with_crafting_table":609,"minecraft:walk_one_cm":16448878,"minecraft:walk_under_water_one_cm":1486344,"minecraft:horse_one_cm":134379,"minecraft:damage_dealt":328195,"minecraft:play_time":4892086,"minecraft:jump":132121,"minecraft:play_record":3,"minecraft:target_hit":2,"minecraft:sprint_one_cm":17595216,"minecraft:inspect_hopper":6,"minecraft:fly_one_cm":36192733,"minecraft:walk_on_water_one_cm":539805,"minecraft:interact_with_blast_furnace":352,"minecraft:interact_with_grindstone":14,"minecraft:talked_to_villager":415,"minecraft:damage_taken":99620,"minecraft:mob_kills":2017,"minecraft:interact_with_beacon":1,"minecraft:open_enderchest":39,"minecraft:interact_with_brewingstand":17,"minecraft:interact_with_smithing_table":6,"minecraft:sleep_in_bed":2,"minecraft:inspect_dispenser":1,"minecraft:swim_one_cm":1841545,"minecraft:pot_flower":1,"minecraft:player_kills":5,"minecraft:enchant_item":32,"minecraft:interact_with_loom":9,"minecraft:interact_with_lectern":94,"minecraft:drop":458,"minecraft:open_barrel":324,"minecraft:open_chest":4199,"minecraft:interact_with_smoker":40,"minecraft:fall_one_cm":4095973,"minecraft:interact_with_anvil":74,"minecraft:sneak_time":210374},"minecraft:broken":{"minecraft:wooden_axe":1,"minecraft:iron_axe":7,"minecraft:iron_shovel":2,"minecraft:stone_axe":11,"minecraft:iron_pickaxe":7,"minecraft:stone_sword":3,"minecraft:stone_pickaxe":13,"minecraft:wooden_pickaxe":2,"minecraft:wooden_shovel":3},"minecraft:crafted":{"minecraft:iron_trapdoor":9,"minecraft:stone_sword":2,"minecraft:quartz_slab":2,"minecraft:wooden_axe":2,"minecraft:sandstone":11,"minecraft:nether_brick":172,"minecraft:smooth_sandstone_stairs":1,"minecraft:gold_ingot":1056,"minecraft:book":43,"minecraft:crimson_planks":60,"minecraft:lever":9,"minecraft:stone_bricks":1,"minecraft:chest":25,"minecraft:iron_block":39,"minecraft:bookshelf":1,"minecraft:stone_slab":6,"minecraft:quartz_bricks":1,"minecraft:bucket":6,"minecraft:jungle_planks":28,"minecraft:ladder":15,"minecraft:item_frame":29,"minecraft:oak_stairs":96,"minecraft:dark_oak_planks":460,"minecraft:stone_hoe":1,"minecraft:diamond_shovel":2,"minecraft:pale_oak_sign":6,"minecraft:glass":1,"minecraft:mossy_cobblestone":83,"minecraft:brush":1,"minecraft:spruce_fence":45,"minecraft:oak_trapdoor":44,"minecraft:cobbled_deepslate_slab":180,"minecraft:sugar":3,"minecraft:smooth_stone":41,"minecraft:white_wool":5,"minecraft:charcoal":24,"minecraft:cooked_beef":19,"minecraft:diamond":18,"minecraft:stonecutter":2,"minecraft:oak_slab":96,"minecraft:spruce_sign":36,"minecraft:brick":695,"minecraft:barrel":1,"minecraft:wooden_shovel":4,"minecraft:iron_bars":16,"minecraft:paper":681,"minecraft:armor_stand":1,"minecraft:furnace":8,"minecraft:iron_ingot":1657,"minecraft:chiseled_quartz_block":1,"minecraft:dark_oak_slab":54,"minecraft:diamond_helmet":1,"minecraft:bamboo_trapdoor":32,"minecraft:scaffolding":12,"minecraft:redstone_lamp":4,"minecraft:stone":500,"minecraft:enchanted_book":15,"minecraft:baked_potato":463,"minecraft:spruce_stairs":164,"minecraft:stone_axe":10,"minecraft:deepslate":2,"minecraft:black_concrete_powder":56,"minecraft:diamond_block":10,"minecraft:bamboo_planks":184,"minecraft:black_wool":25,"minecraft:iron_axe":8,"minecraft:piston":1,"minecraft:spruce_fence_gate":48,"minecraft:diamond_boots":1,"minecraft:writable_book":15,"minecraft:map":36,"minecraft:stick":2496,"minecraft:stone_brick_slab":12,"minecraft:compass":36,"minecraft:smooth_stone_slab":12,"minecraft:ender_chest":2,"minecraft:black_dye":44,"minecraft:diamond_axe":1,"minecraft:lightning_rod":4,"minecraft:black_banner":4,"minecraft:air":0,"minecraft:jungle_trapdoor":4,"minecraft:quartz_pillar":136,"minecraft:bone_meal":519,"minecraft:oak_boat":1,"minecraft:snow_block":36,"minecraft:glass_bottle":3,"minecraft:stone_button":1,"minecraft:blast_furnace":3,"minecraft:pale_oak_slab":174,"minecraft:quartz_block":319,"minecraft:redstone_torch":2,"minecraft:written_book":4,"minecraft:loom":1,"minecraft:lapis_lazuli":9,"minecraft:smooth_sandstone":11,"minecraft:bundle":3,"minecraft:snow":66,"minecraft:oak_planks":680,"minecraft:bamboo_slab":156,"minecraft:gold_nugget":3,"minecraft:fishing_rod":1,"minecraft:shears":1,"minecraft:iron_shovel":4,"minecraft:polished_deepslate":13,"minecraft:white_banner":6,"minecraft:lantern":7,"minecraft:polished_deepslate_stairs":8,"minecraft:nether_brick_fence":54,"minecraft:blackstone_stairs":10,"minecraft:birch_planks":216,"minecraft:hopper":5,"minecraft:stone_pickaxe":12,"minecraft:anvil":3,"minecraft:nether_bricks":31,"minecraft:emerald_block":1,"minecraft:wooden_pickaxe":2,"minecraft:spruce_slab":240,"minecraft:dark_oak_trapdoor":94,"minecraft:glowstone":23,"minecraft:chain":13,"minecraft:fermented_spider_eye":3,"minecraft:diamond_sword":3,"minecraft:golden_sword":1,"minecraft:bamboo_block":92,"minecraft:iron_nugget":90,"minecraft:dark_oak_door":15,"minecraft:emerald":568,"minecraft:birch_boat":1,"minecraft:pale_oak_planks":12,"minecraft:deepslate_brick_wall":1,"minecraft:spruce_trapdoor":142,"minecraft:gold_block":97,"minecraft:chiseled_bookshelf":1,"minecraft:deepslate_brick_stairs":3,"minecraft:copper_ingot":75,"minecraft:bread":403,"minecraft:dark_oak_sign":12,"minecraft:crafting_table":11,"minecraft:torch":288,"minecraft:white_bed":2,"minecraft:polished_deepslate_slab":36,"minecraft:crossbow":2,"minecraft:spruce_planks":1992,"minecraft:lectern":1,"minecraft:iron_pickaxe":8},"minecraft:killed":{"minecraft:stray":30,"minecraft:pig":2,"minecraft:piglin":16,"minecraft:bat":2,"minecraft:salmon":2,"minecraft:zombie":863,"minecraft:glow_squid":5,"minecraft:zombie_villager":16,"minecraft:rabbit":1,"minecraft:chicken":12,"minecraft:squid":33,"minecraft:drowned":61,"minecraft:cow":23,"minecraft:slime":29,"minecraft:pillager":3,"minecraft:skeleton":315,"minecraft:witch":12,"minecraft:spider":365,"minecraft:bogged":2,"minecraft:husk":2,"minecraft:cave_spider":5,"minecraft:turtle":1,"minecraft:creeper":56,"minecraft:hoglin":1,"minecraft:enderman":2,"minecraft:magma_cube":13,"minecraft:ghast":4},"minecraft:picked_up":{"minecraft:enchanting_table":1,"minecraft:sweet_berries":284,"minecraft:pale_oak_log":171,"minecraft:smooth_stone_slab":4,"minecraft:cobblestone":3839,"minecraft:shears":1,"minecraft:sugar_cane":851,"minecraft:bone":356,"minecraft:blackstone_slab":3,"minecraft:diamond_shovel":2,"minecraft:clay_ball":2796,"minecraft:stripped_spruce_log":30,"minecraft:iron_bars":3,"minecraft:white_banner":6,"minecraft:emerald":2,"minecraft:chainmail_chestplate":2,"minecraft:pale_oak_sapling":21,"minecraft:sugar":4,"minecraft:ink_sac":67,"minecraft:crimson_fungus":2,"minecraft:wildflowers":27,"minecraft:chainmail_helmet":1,"minecraft:bow":22,"minecraft:birch_boat":1,"minecraft:arrow":379,"minecraft:smooth_basalt":47,"minecraft:stone_shovel":2,"minecraft:red_tulip":1,"minecraft:iron_ingot":7,"minecraft:lilac":2,"minecraft:pale_oak_stairs":28,"minecraft:spruce_slab":38,"minecraft:spore_blossom":3,"minecraft:heavy_core":1,"minecraft:azalea":6,"minecraft:dandelion":6,"minecraft:nautilus_shell":3,"minecraft:cut_sandstone":5,"minecraft:golden_carrot":40,"minecraft:diamond_leggings":1,"minecraft:iron_chestplate":1,"minecraft:rabbit_hide":3,"minecraft:stonecutter":17,"minecraft:angler_pottery_sherd":1,"minecraft:crimson_stem":34,"minecraft:big_dripleaf":10,"minecraft:oxeye_daisy":1,"minecraft:oak_stairs":13,"minecraft:oak_log":194,"minecraft:sand":94,"minecraft:furnace":6,"minecraft:wheat_seeds":3667,"minecraft:sniffer_egg":1,"minecraft:quartz":2260,"minecraft:egg":24,"minecraft:diamond_sword":1,"minecraft:red_mushroom":9,"minecraft:snowball":363,"minecraft:blast_furnace":1,"minecraft:chiseled_tuff_bricks":4,"minecraft:beetroot_seeds":2,"minecraft:ender_pearl":1,"minecraft:string":213,"minecraft:smithing_table":1,"minecraft:stone_bricks":2,"minecraft:obsidian":7,"minecraft:writable_book":22,"minecraft:white_carpet":1,"minecraft:nether_wart_block":19,"minecraft:chain":6,"minecraft:cornflower":4,"minecraft:warped_fungus":1,"minecraft:ender_chest":15,"minecraft:dark_oak_slab":6,"minecraft:spruce_sapling":468,"minecraft:iron_block":1,"minecraft:spruce_fence_gate":24,"minecraft:deepslate_brick_wall":1,"minecraft:flowering_azalea":6,"minecraft:fishing_rod":1,"minecraft:leather":34,"minecraft:lead":4,"minecraft:brown_mushroom":25,"minecraft:bamboo_trapdoor":8,"minecraft:moss_carpet":1,"minecraft:shelter_pottery_sherd":1,"minecraft:ghast_tear":1,"minecraft:peony":1,"minecraft:scaffolding":23,"minecraft:sea_pickle":73,"minecraft:lightning_rod":2,"minecraft:porkchop":4,"minecraft:spruce_sign":13,"minecraft:oak_pressure_plate":1,"minecraft:stick":382,"minecraft:polished_tuff":1,"minecraft:bamboo":716,"minecraft:bamboo_slab":18,"minecraft:player_head":2,"minecraft:diamond_boots":1,"minecraft:moss_block":38,"minecraft:cooked_porkchop":8,"minecraft:iron_axe":4,"minecraft:item_frame":12,"minecraft:raw_iron":1751,"minecraft:diamond_chestplate":2,"minecraft:allium":1,"minecraft:mossy_cobblestone":29,"minecraft:leather_helmet":2,"minecraft:chest":9,"minecraft:quartz_pillar":1,"minecraft:cobbled_deepslate_slab":80,"minecraft:dark_oak_trapdoor":17,"minecraft:netherrack":3234,"minecraft:pale_oak_slab":14,"minecraft:trident":2,"minecraft:waxed_exposed_copper_bulb":1,"minecraft:gravel":81,"minecraft:jungle_planks":2,"minecraft:quartz_block":4,"minecraft:deepslate_tile_stairs":23,"minecraft:tuff":312,"minecraft:phantom_membrane":4,"minecraft:potato":881,"minecraft:dark_oak_stairs":7,"minecraft:lapis_lazuli":1398,"minecraft:jungle_log":34,"minecraft:spruce_stairs":72,"minecraft:stripped_pale_oak_log":1,"minecraft:mangrove_sign":8,"minecraft:black_banner":1,"minecraft:oak_boat":4,"minecraft:pufferfish":1,"minecraft:oak_planks":229,"minecraft:raw_copper":219,"minecraft:blackstone_stairs":20,"minecraft:rotten_flesh":1281,"minecraft:written_book":2,"minecraft:apple":7,"minecraft:calcite":235,"minecraft:cracked_stone_bricks":1,"minecraft:iron_door":1,"minecraft:poisonous_potato":1,"minecraft:stone_button":2,"minecraft:mossy_stone_brick_slab":21,"minecraft:flint":93,"minecraft:candle":6,"minecraft:glow_lichen":21,"minecraft:redstone":976,"minecraft:deepslate_tiles":7,"minecraft:dark_oak_sign":4,"minecraft:glow_berries":6,"minecraft:firefly_bush":7,"minecraft:lantern":8,"minecraft:melon_slice":5,"minecraft:diamond":441,"minecraft:slime_ball":52,"minecraft:granite":66,"minecraft:dark_oak_sapling":21,"minecraft:stone_brick_slab":8,"minecraft:crimson_roots":10,"minecraft:deepslate_brick_slab":72,"minecraft:nether_wart":163,"minecraft:cobbled_deepslate_stairs":3,"minecraft:gold_block":38,"minecraft:magma_cream":8,"minecraft:mossy_stone_brick_stairs":2,"minecraft:dark_oak_planks":32,"minecraft:raw_gold":1099,"minecraft:stone_sword":1,"minecraft:deepslate_bricks":236,"minecraft:mossy_stone_bricks":5,"minecraft:acacia_planks":2,"minecraft:pale_oak_sign":4,"minecraft:spruce_planks":392,"minecraft:dirt":1598,"minecraft:basalt":155,"minecraft:cooked_rabbit":4,"minecraft:rail":2,"minecraft:diamond_helmet":1,"minecraft:azure_bluet":2,"minecraft:torch":247,"minecraft:diamond_pickaxe":4,"minecraft:dripstone_block":6,"minecraft:bread":66,"minecraft:spruce_log":954,"minecraft:coal":586,"minecraft:netherite_pickaxe":1,"minecraft:oak_fence":8,"minecraft:splash_potion":1,"minecraft:deepslate_brick_stairs":40,"minecraft:polished_tuff_stairs":1,"minecraft:weeping_vines":1,"minecraft:ochre_froglight":1,"minecraft:nether_bricks":9,"minecraft:wooden_hoe":2,"minecraft:waxed_copper_block":1,"minecraft:birch_sapling":72,"minecraft:totem_of_undying":5,"minecraft:poppy":17,"minecraft:sunflower":6,"minecraft:cooked_beef":19,"minecraft:white_wool":81,"minecraft:feather":18,"minecraft:iron_trapdoor":7,"minecraft:jack_o_lantern":5,"minecraft:potion":3,"minecraft:andesite":189,"minecraft:lily_of_the_valley":9,"minecraft:deepslate_tile_slab":37,"minecraft:copper_ingot":1,"minecraft:ladder":8,"minecraft:amethyst_shard":60,"minecraft:vine":123,"minecraft:soul_sand":75,"minecraft:diamond_axe":1,"minecraft:carrot":8,"minecraft:polished_deepslate_slab":38,"minecraft:soul_soil":107,"minecraft:black_concrete":1,"minecraft:gold_nugget":416,"minecraft:stone_slab":2,"minecraft:stone_pickaxe":3,"minecraft:cod":5,"minecraft:chiseled_tuff":3,"minecraft:baked_potato":84,"minecraft:glow_ink_sac":5,"minecraft:golden_apple":2,"minecraft:oak_trapdoor":3,"minecraft:chicken":12,"minecraft:leather_chestplate":1,"minecraft:golden_chestplate":3,"minecraft:cooked_salmon":2,"minecraft:cooked_chicken":39,"minecraft:kelp":13,"minecraft:cobbled_deepslate":4305,"minecraft:pointed_dripstone":9,"minecraft:glowstone_dust":201,"minecraft:music_disc_lava_chicken":5,"minecraft:stone_axe":2,"minecraft:jungle_sapling":8,"minecraft:amethyst_block":9,"minecraft:wheat":1279,"minecraft:tuff_bricks":14,"minecraft:gunpowder":63,"minecraft:spruce_trapdoor":19,"minecraft:blackstone":265,"minecraft:magma_block":9,"minecraft:lever":4,"minecraft:smooth_stone":11,"minecraft:polished_deepslate":1,"minecraft:leaf_litter":43,"minecraft:pale_oak_planks":439,"minecraft:nether_brick_fence":40,"minecraft:pale_oak_boat":1,"minecraft:birch_log":203,"minecraft:compass":1,"minecraft:pumpkin":18,"minecraft:bamboo_planks":73,"minecraft:spider_eye":92,"minecraft:bone_meal":10,"minecraft:dark_oak_log":173,"minecraft:tipped_arrow":38,"minecraft:diorite":402,"minecraft:flower_pot":1,"minecraft:golden_helmet":4,"minecraft:crafting_table":29,"minecraft:oak_sapling":83,"minecraft:small_dripleaf":1,"minecraft:beef":26,"minecraft:polished_deepslate_stairs":12,"minecraft:wind_charge":1,"minecraft:glass_bottle":2,"minecraft:oak_slab":17,"minecraft:jungle_leaves":6,"minecraft:dried_ghast":1,"minecraft:paper":13},"minecraft:mined":{"minecraft:torch":99,"minecraft:dark_oak_wall_sign":3,"minecraft:lever":1,"minecraft:iron_trapdoor":7,"minecraft:spruce_log":959,"minecraft:nether_quartz_ore":1348,"minecraft:chest":9,"minecraft:pumpkin":20,"minecraft:netherrack":5960,"minecraft:black_concrete":1,"minecraft:spruce_sapling":40,"minecraft:ochre_froglight":1,"minecraft:brown_mushroom":16,"minecraft:spruce_planks":357,"minecraft:birch_log":203,"minecraft:sweet_berry_bush":9,"minecraft:big_dripleaf_stem":3,"minecraft:large_fern":4,"minecraft:magma_block":10,"minecraft:dark_oak_planks":34,"minecraft:blackstone":275,"minecraft:deepslate_bricks":237,"minecraft:jungle_planks":2,"minecraft:dark_oak_trapdoor":17,"minecraft:gold_block":37,"minecraft:diamond_ore":3,"minecraft:wall_torch":71,"minecraft:fire":5,"minecraft:smithing_table":1,"minecraft:ender_chest":11,"minecraft:dripstone_block":6,"minecraft:deepslate_tiles":7,"minecraft:oak_sapling":12,"minecraft:azalea":5,"minecraft:azure_bluet":1,"minecraft:deepslate_brick_slab":54,"minecraft:black_wall_banner":1,"minecraft:dark_oak_log":173,"minecraft:sea_pickle":29,"minecraft:stripped_pale_oak_log":1,"minecraft:chain":6,"minecraft:spruce_wall_sign":5,"minecraft:stone_slab":2,"minecraft:dandelion":2,"minecraft:lantern":8,"minecraft:kelp":7,"minecraft:birch_sapling":9,"minecraft:scaffolding":26,"minecraft:oak_leaves":50,"minecraft:brown_mushroom_block":45,"minecraft:clay":708,"minecraft:spruce_stairs":73,"minecraft:chiseled_sandstone":2,"minecraft:deepslate_copper_ore":1,"minecraft:crimson_roots":2,"minecraft:jack_o_lantern":5,"minecraft:iron_bars":3,"minecraft:tall_grass":49,"minecraft:waxed_copper_block":1,"minecraft:deepslate_tile_slab":28,"minecraft:mossy_stone_bricks":5,"minecraft:cobbled_deepslate_slab":69,"minecraft:crimson_fungus":2,"minecraft:tripwire":3,"minecraft:flower_pot":1,"minecraft:moss_carpet":1,"minecraft:sand":173,"minecraft:white_banner":5,"minecraft:quartz_block":4,"minecraft:seagrass":57,"minecraft:bamboo_sapling":1,"minecraft:spruce_sign":2,"minecraft:stonecutter":17,"minecraft:mossy_stone_brick_stairs":3,"minecraft:lapis_ore":34,"minecraft:vine":131,"minecraft:blackstone_stairs":20,"minecraft:sunflower":6,"minecraft:short_grass":222,"minecraft:red_mushroom":7,"minecraft:dirt_path":10,"minecraft:crafting_table":25,"minecraft:flowering_azalea":5,"minecraft:deepslate_redstone_ore":149,"minecraft:dark_oak_stairs":7,"minecraft:leaf_litter":19,"minecraft:copper_ore":33,"minecraft:bamboo_planks":73,"minecraft:waxed_exposed_copper_bulb":1,"minecraft:smooth_stone":12,"minecraft:cave_vines_plant":1,"minecraft:blast_furnace":1,"minecraft:iron_block":1,"minecraft:jungle_leaves":112,"minecraft:white_wall_banner":1,"minecraft:stone_bricks":2,"minecraft:bush":5,"minecraft:crimson_stem":34,"minecraft:wheat":1319,"minecraft:oak_trapdoor":3,"minecraft:dried_ghast":1,"minecraft:soul_sand":83,"minecraft:soul_soil":108,"minecraft:enchanting_table":1,"minecraft:mossy_cobblestone":30,"minecraft:nether_wart":61,"minecraft:big_dripleaf":3,"minecraft:grass_block":1732,"minecraft:stone_brick_slab":4,"minecraft:tuff_bricks":14,"minecraft:white_wool":16,"minecraft:pale_oak_leaves":9,"minecraft:calcite":234,"minecraft:spruce_slab":27,"minecraft:oak_pressure_plate":2,"minecraft:spore_blossom":3,"minecraft:smooth_basalt":40,"minecraft:amethyst_block":9,"minecraft:weeping_vines_plant":3,"minecraft:mossy_stone_brick_slab":21,"minecraft:oxeye_daisy":1,"minecraft:obsidian":7,"minecraft:cave_vines":3,"minecraft:melon":1,"minecraft:stripped_spruce_log":35,"minecraft:nether_wart_block":23,"minecraft:iron_door":3,"minecraft:birch_leaves":14,"minecraft:oak_fence":10,"minecraft:smooth_stone_slab":4,"minecraft:moss_block":37,"minecraft:mushroom_stem":4,"minecraft:bamboo":277,"minecraft:nether_brick_fence":40,"minecraft:fern":1,"minecraft:kelp_plant":29,"minecraft:deepslate_diamond_ore":163,"minecraft:potatoes":237,"minecraft:small_dripleaf":4,"minecraft:iron_ore":335,"minecraft:podzol":1,"minecraft:lily_of_the_valley":12,"minecraft:oak_planks":98,"minecraft:cobblestone":193,"minecraft:sugar_cane":998,"minecraft:blackstone_slab":3,"minecraft:spruce_fence_gate":17,"minecraft:bamboo_slab":18,"minecraft:furnace":7,"minecraft:cracked_stone_bricks":1,"minecraft:wildflowers":11,"minecraft:pointed_dripstone":4,"minecraft:tall_seagrass":39,"minecraft:rail":5,"minecraft:dirt":955,"minecraft:ladder":7,"minecraft:basalt":172,"minecraft:deepslate":3663,"minecraft:snow":325,"minecraft:deepslate_tile_stairs":23,"minecraft:oak_log":193,"minecraft:pale_oak_stairs":28,"minecraft:redstone_ore":24,"minecraft:sculk":152,"minecraft:oak_slab":13,"minecraft:gravel":230,"minecraft:pale_oak_wall_sign":4,"minecraft:polished_deepslate_slab":30,"minecraft:lilac":2,"minecraft:jungle_log":34,"minecraft:bamboo_trapdoor":8,"minecraft:firefly_bush":7,"minecraft:gold_ore":71,"minecraft:chiseled_tuff":3,"minecraft:pale_oak_slab":12,"minecraft:andesite":264,"minecraft:chiseled_bookshelf":1,"minecraft:glowstone":61,"minecraft:dark_oak_slab":7,"minecraft:deepslate_gold_ore":457,"minecraft:ice":41,"minecraft:nether_bricks":9,"minecraft:dark_oak_leaves":11,"minecraft:warped_fungus":1,"minecraft:poppy":7,"minecraft:deepslate_lapis_ore":72,"minecraft:deepslate_iron_ore":505,"minecraft:amethyst_cluster":15,"minecraft:allium":1,"minecraft:polished_tuff_stairs":1,"minecraft:stone":5863,"minecraft:deepslate_brick_stairs":41,"minecraft:heavy_core":1,"minecraft:granite":90,"minecraft:coal_ore":256,"minecraft:diorite":575,"minecraft:spruce_trapdoor":19,"minecraft:deepslate_brick_wall":1,"minecraft:polished_deepslate_stairs":12,"minecraft:mangrove_sign":6,"minecraft:polished_deepslate":1,"minecraft:sculk_vein":2,"minecraft:cobbled_deepslate_stairs":3,"minecraft:candle":2,"minecraft:crimson_nylium":12,"minecraft:glow_lichen":19,"minecraft:oak_stairs":14,"minecraft:cobweb":67,"minecraft:peony":1,"minecraft:spruce_leaves":381,"minecraft:chiseled_tuff_bricks":4,"minecraft:cobbled_deepslate":401,"minecraft:tuff":256,"minecraft:polished_tuff":1,"minecraft:stone_button":1,"minecraft:cut_sandstone":16,"minecraft:pale_oak_log":171,"minecraft:nether_gold_ore":45,"minecraft:pale_oak_planks":440,"minecraft:cornflower":4,"minecraft:quartz_pillar":1,"minecraft:lightning_rod":2,"minecraft:acacia_planks":2},"minecraft:dropped":{"minecraft:iron_axe":4,"minecraft:diamond_shovel":2,"minecraft:cut_sandstone":4,"minecraft:sugar":3,"minecraft:oak_planks":7,"minecraft:andesite":49,"minecraft:mossy_cobblestone":28,"minecraft:wheat":13,"minecraft:basalt":1,"minecraft:kelp":7,"minecraft:gravel":7,"minecraft:cobbled_deepslate":618,"minecraft:bone":64,"minecraft:spruce_fence_gate":3,"minecraft:sugar_cane":1,"minecraft:glowstone":21,"minecraft:wheat_seeds":250,"minecraft:iron_ingot":1,"minecraft:iron_nugget":1,"minecraft:paper":2,"minecraft:stone_pickaxe":3,"minecraft:trident":1,"minecraft:moss_block":2,"minecraft:chainmail_chestplate":1,"minecraft:cooked_chicken":8,"minecraft:calcite":1,"minecraft:redstone":89,"minecraft:dark_oak_sapling":1,"minecraft:golden_carrot":40,"minecraft:tuff":104,"minecraft:diamond_pickaxe":3,"minecraft:quartz_pillar":37,"minecraft:string":32,"minecraft:spruce_stairs":1,"minecraft:clay_ball":316,"minecraft:stick":19,"minecraft:arrow":49,"minecraft:spruce_sapling":5,"minecraft:gunpowder":24,"minecraft:bread":16,"minecraft:spider_eye":43,"minecraft:gold_ingot":64,"minecraft:enchanted_golden_apple":1,"minecraft:smooth_basalt":19,"minecraft:stone_axe":2,"minecraft:snowball":98,"minecraft:ladder":1,"minecraft:leather_helmet":2,"minecraft:baked_potato":152,"minecraft:diorite":17,"minecraft:tipped_arrow":11,"minecraft:totem_of_undying":2,"minecraft:rotten_flesh":180,"minecraft:stone_shovel":1,"minecraft:cobblestone":146,"minecraft:spruce_planks":35,"minecraft:wooden_hoe":2,"minecraft:torch":7,"minecraft:stone_sword":1,"minecraft:bow":14,"minecraft:pufferfish":1,"minecraft:potion":1,"minecraft:dirt":215,"minecraft:golden_chestplate":2,"minecraft:splash_potion":1,"minecraft:granite":20,"minecraft:oak_fence":2,"minecraft:birch_log":5,"minecraft:shears":2,"minecraft:diamond":128,"minecraft:ender_chest":3,"minecraft:cobbled_deepslate_slab":5,"minecraft:feather":1,"minecraft:emerald":7,"minecraft:coal":7,"minecraft:lever":2,"minecraft:honey_bottle":1,"minecraft:glass_bottle":1,"minecraft:wildflowers":1,"minecraft:bone_meal":49,"minecraft:birch_sapling":2,"minecraft:cooked_beef":5,"minecraft:chicken":3,"minecraft:stone_brick_slab":1,"minecraft:written_book":3,"minecraft:flint":9,"minecraft:quartz_block":48,"minecraft:item_frame":1,"minecraft:gold_nugget":3,"minecraft:crafting_table":1,"minecraft:golden_helmet":2,"minecraft:lapis_lazuli":171,"minecraft:writable_book":25,"minecraft:netherrack":1},"minecraft:used":{"minecraft:diamond_helmet":2,"minecraft:smooth_sandstone_stairs":3,"minecraft:white_banner":12,"minecraft:diamond_sword":1885,"minecraft:cobbled_deepslate_slab":1385,"minecraft:wheat_seeds":1338,"minecraft:brush":37,"minecraft:quartz_block":143,"minecraft:allium":1,"minecraft:deepslate_tile_slab":1614,"minecraft:waxed_exposed_copper_bulb":1,"minecraft:jungle_log":14,"minecraft:polished_tuff_stairs":1,"minecraft:small_dripleaf":1,"minecraft:oak_log":12,"minecraft:spruce_slab":244,"minecraft:stonecutter":19,"minecraft:polished_deepslate_slab":187,"minecraft:diamond_axe":4271,"minecraft:white_carpet":1,"minecraft:poppy":17,"minecraft:snowball":42,"minecraft:pale_oak_stairs":5,"minecraft:moss_block":34,"minecraft:calcite":125,"minecraft:armor_stand":1,"minecraft:cobbled_deepslate_stairs":35,"minecraft:loom":1,"minecraft:cobbled_deepslate":1905,"minecraft:quartz_pillar":8,"minecraft:mossy_cobblestone":1,"minecraft:deepslate_brick_slab":580,"minecraft:stone_shovel":6,"minecraft:blackstone_slab":17,"minecraft:anvil":3,"minecraft:spruce_fence_gate":63,"minecraft:bamboo_trapdoor":40,"minecraft:written_book":338,"minecraft:sand":6,"minecraft:wind_charge":1,"minecraft:glow_ink_sac":1,"minecraft:shears":199,"minecraft:nether_wart_block":18,"minecraft:bucket":45,"minecraft:oak_sapling":69,"minecraft:flower_pot":1,"minecraft:smooth_stone_slab":6,"minecraft:iron_door":1,"minecraft:oak_fence":1,"minecraft:oak_trapdoor":47,"minecraft:string":10,"minecraft:wildflowers":20,"minecraft:deepslate":3,"minecraft:iron_pickaxe":1741,"minecraft:andesite":37,"minecraft:polished_deepslate":1,"minecraft:pale_oak_sapling":10,"minecraft:bamboo":16,"minecraft:oak_boat":4,"minecraft:peony":1,"minecraft:stone_brick_slab":138,"minecraft:deepslate_bricks":1414,"minecraft:cookie":320,"minecraft:ochre_froglight":5,"minecraft:stone_bricks":2,"minecraft:blackstone_wall":12,"minecraft:smooth_stone":28,"minecraft:quartz_slab":1,"minecraft:oxeye_daisy":1,"minecraft:diorite":6,"minecraft:redstone":1,"minecraft:pale_oak_boat":1,"minecraft:wooden_pickaxe":118,"minecraft:tropical_fish_bucket":1,"minecraft:map":1,"minecraft:pale_oak_planks":45,"minecraft:wooden_shovel":216,"minecraft:cobblestone":250,"minecraft:stone":1,"minecraft:axolotl_bucket":2,"minecraft:chain":4,"minecraft:crafting_table":37,"minecraft:spruce_sign":47,"minecraft:spruce_trapdoor":161,"minecraft:baked_potato":487,"minecraft:apple":7,"minecraft:scaffolding":39,"minecraft:smoker":1,"minecraft:melon_slice":5,"minecraft:soul_soil":2,"minecraft:stone_hoe":12,"minecraft:black_concrete":9,"minecraft:spruce_log":451,"minecraft:pumpkin":1,"minecraft:spore_blossom":1,"minecraft:water_bucket":37,"minecraft:soul_sand":11,"minecraft:bread":585,"minecraft:torch":535,"minecraft:blackstone_stairs":81,"minecraft:sunflower":6,"minecraft:jungle_sapling":2,"minecraft:chicken":1,"minecraft:gravel":6,"minecraft:jungle_leaves":6,"minecraft:cooked_chicken":101,"minecraft:white_wool":16,"minecraft:lily_of_the_valley":9,"minecraft:bamboo_planks":73,"minecraft:redstone_lamp":4,"minecraft:snow_block":2,"minecraft:deepslate_tile_stairs":62,"minecraft:amethyst_block":2,"minecraft:dark_oak_trapdoor":111,"minecraft:chest":28,"minecraft:enchanting_table":1,"minecraft:beef":7,"minecraft:big_dripleaf":10,"minecraft:birch_sapling":32,"minecraft:iron_axe":1677,"minecraft:leaf_litter":43,"minecraft:stone_slab":2,"minecraft:diamond_hoe":15,"minecraft:player_head":1,"minecraft:iron_block":1,"minecraft:black_banner":5,"minecraft:potato":240,"minecraft:glow_berries":28,"minecraft:jungle_trapdoor":4,"minecraft:glass_bottle":3,"minecraft:wooden_axe":54,"minecraft:jungle_planks":3,"minecraft:oak_sign":6,"minecraft:bamboo_slab":174,"minecraft:sea_pickle":7,"minecraft:dark_oak_stairs":7,"minecraft:lantern":15,"minecraft:netherite_pickaxe":4,"minecraft:cooked_porkchop":8,"minecraft:granite":3,"minecraft:iron_shovel":646,"minecraft:chiseled_tuff_bricks":3,"minecraft:pale_oak_sign":7,"minecraft:firefly_bush":7,"minecraft:smithing_table":1,"minecraft:flowering_azalea":6,"minecraft:nether_wart":68,"minecraft:blackstone":73,"minecraft:candle":6,"minecraft:stone_pickaxe":1701,"minecraft:dandelion":5,"minecraft:acacia_planks":2,"minecraft:netherrack":1689,"minecraft:lilac":2,"minecraft:chiseled_quartz_block":3,"minecraft:chiseled_tuff":3,"minecraft:diamond_shovel":3086,"minecraft:lightning_rod":6,"minecraft:rotten_flesh":197,"minecraft:writable_book":289,"minecraft:bone_meal":409,"minecraft:item_frame":39,"minecraft:spider_eye":2,"minecraft:dark_oak_planks":45,"minecraft:dirt":546,"minecraft:fishing_rod":1,"minecraft:obsidian":5,"minecraft:dark_oak_sign":17,"minecraft:snow":47,"minecraft:stripped_spruce_log":27,"minecraft:glow_lichen":21,"minecraft:dark_oak_sapling":12,"minecraft:spruce_planks":531,"minecraft:dark_oak_door":15,"minecraft:cooked_rabbit":4,"minecraft:smooth_sandstone_slab":4,"minecraft:basalt":131,"minecraft:birch_log":9,"minecraft:rail":2,"minecraft:iron_bars":9,"minecraft:nether_brick_fence":81,"minecraft:lectern":1,"minecraft:iron_trapdoor":16,"minecraft:splash_potion":1,"minecraft:deepslate_tiles":7,"minecraft:dripstone_block":1,"minecraft:chiseled_bookshelf":1,"minecraft:oak_planks":87,"minecraft:sugar_cane":28,"minecraft:stone_axe":1244,"minecraft:spruce_fence":28,"minecraft:polished_deepslate_wall":4,"minecraft:spruce_stairs":229,"minecraft:mangrove_sign":8,"minecraft:diamond_pickaxe":19027,"minecraft:crimson_planks":53,"minecraft:ladder":22,"minecraft:magma_block":3,"minecraft:blast_furnace":4,"minecraft:azalea":6,"minecraft:tuff":35,"minecraft:cut_sandstone":1,"minecraft:jack_o_lantern":5,"minecraft:stone_sword":379,"minecraft:sweet_berries":257,"minecraft:pearlescent_froglight":4,"minecraft:polished_deepslate_stairs":94,"minecraft:red_tulip":1,"minecraft:pale_oak_slab":182,"minecraft:oak_slab":108,"minecraft:brown_mushroom":4,"minecraft:crimson_roots":1,"minecraft:hopper":5,"minecraft:carrot":79,"minecraft:birch_boat":2,"minecraft:oak_pressure_plate":1,"minecraft:white_bed":2,"minecraft:gold_block":48,"minecraft:trident":363,"minecraft:smooth_basalt":8,"minecraft:pale_oak_log":163,"minecraft:deepslate_brick_wall":2,"minecraft:furnace":11,"minecraft:barrel":1,"minecraft:lever":11,"minecraft:dark_oak_slab":52,"minecraft:bundle":2,"minecraft:stone_button":3,"minecraft:deepslate_brick_stairs":274,"minecraft:oak_stairs":104,"minecraft:cooked_beef":49,"minecraft:ender_chest":12,"minecraft:redstone_torch":2,"minecraft:cornflower":3,"minecraft:spruce_sapling":412,"minecraft:egg":10,"minecraft:azure_bluet":2}},"DataVersion":4440}