{"stats":{"minecraft:custom":{"minecraft:time_since_rest":1455,"minecraft:walk_one_cm":28376,"minecraft:leave_game":1,"minecraft:damage_taken":10,"minecraft:play_time":1812,"minecraft:jump":75,"minecraft:time_since_death":1445,"minecraft:sprint_one_cm":7579,"minecraft:open_chest":1,"minecraft:fall_one_cm":2463,"minecraft:total_world_time":1812,"minecraft:fly_one_cm":22738,"minecraft:walk_on_water_one_cm":216,"minecraft:crouch_one_cm":34,"minecraft:sneak_time":15,"minecraft:climb_one_cm":256,"minecraft:deaths":1}},"DataVersion":4440}