{"stats":{"minecraft:killed_by":{"minecraft:creeper":1,"minecraft:enderman":1,"minecraft:spider":1,"minecraft:zombie":1},"minecraft:killed":{"minecraft:zombie":16,"minecraft:skeleton":6,"minecraft:creeper":1,"minecraft:cow":4,"minecraft:ghast":1,"minecraft:spider":3},"minecraft:custom":{"minecraft:time_since_rest":28746,"minecraft:leave_game":8,"minecraft:damage_taken":5736,"minecraft:mob_kills":34,"minecraft:boat_one_cm":220,"minecraft:time_since_death":28737,"minecraft:interact_with_brewingstand":1,"minecraft:interact_with_furnace":38,"minecraft:sleep_in_bed":3,"minecraft:swim_one_cm":78223,"minecraft:total_world_time":361572,"minecraft:crouch_one_cm":27590,"minecraft:deaths":14,"minecraft:climb_one_cm":26332,"minecraft:interact_with_stonecutter":1,"minecraft:fish_caught":1,"minecraft:enchant_item":10,"minecraft:animals_bred":1,"minecraft:interact_with_crafting_table":44,"minecraft:walk_one_cm":3289608,"minecraft:walk_under_water_one_cm":35954,"minecraft:damage_dealt":6072,"minecraft:play_time":361572,"minecraft:jump":9589,"minecraft:drop":25,"minecraft:open_barrel":9,"minecraft:sprint_one_cm":1174755,"minecraft:open_chest":247,"minecraft:fall_one_cm":240464,"minecraft:fly_one_cm":2337520,"minecraft:interact_with_anvil":1,"minecraft:walk_on_water_one_cm":56044,"minecraft:sneak_time":3655,"minecraft:interact_with_blast_furnace":13},"minecraft:used":{"minecraft:stone_axe":1,"minecraft:iron_axe":183,"minecraft:leaf_litter":3,"minecraft:string":2,"minecraft:iron_pickaxe":250,"minecraft:polished_deepslate":71,"minecraft:diamond_sword":188,"minecraft:potato":143,"minecraft:leather_leggings":1,"minecraft:wheat_seeds":389,"minecraft:acacia_log":34,"minecraft:glow_berries":2,"minecraft:diamond_pickaxe":4552,"minecraft:cooked_mutton":2,"minecraft:oak_sign":1,"minecraft:ladder":80,"minecraft:tuff":1,"minecraft:iron_shovel":1004,"minecraft:stone_sword":93,"minecraft:sweet_berries":12,"minecraft:diorite":14,"minecraft:wooden_pickaxe":53,"minecraft:cobblestone":862,"minecraft:polished_deepslate_slab":86,"minecraft:diamond_axe":61,"minecraft:crafting_table":7,"minecraft:spruce_sign":1,"minecraft:snowball":26,"minecraft:stone_pickaxe":285,"minecraft:bow":1,"minecraft:acacia_trapdoor":16,"minecraft:baked_potato":9,"minecraft:cobbled_deepslate":89,"minecraft:netherrack":10,"minecraft:deepslate_brick_slab":24,"minecraft:diamond_shovel":3153,"minecraft:iron_hoe":4,"minecraft:rotten_flesh":2,"minecraft:water_bucket":110,"minecraft:bone_meal":6,"minecraft:pale_oak_log":19,"minecraft:furnace":3,"minecraft:acacia_sapling":5,"minecraft:bread":38,"minecraft:torch":98,"minecraft:written_book":1,"minecraft:dirt":1958,"minecraft:fishing_rod":5,"minecraft:creaking_heart":8,"minecraft:leather_boots":1,"minecraft:gravel":1,"minecraft:cooked_chicken":3,"minecraft:oak_stairs":1,"minecraft:nether_brick_fence":1,"minecraft:cooked_beef":13,"minecraft:bucket":111,"minecraft:spyglass":38,"minecraft:chest":1,"minecraft:oak_planks":1,"minecraft:egg":1},"minecraft:dropped":{"minecraft:cooked_chicken":3,"minecraft:cobblestone":106,"minecraft:andesite":16,"minecraft:stone_sword":1,"minecraft:cooked_beef":1,"minecraft:diamond_pickaxe":1,"minecraft:gravel":1,"minecraft:cobbled_deepslate":70,"minecraft:sugar_cane":128,"minecraft:raw_copper":39,"minecraft:splash_potion":1,"minecraft:bread":2,"minecraft:spider_eye":32,"minecraft:netherrack":30,"minecraft:cooked_porkchop":2,"minecraft:diorite":2},"minecraft:picked_up":{"minecraft:sweet_berries":12,"minecraft:spruce_sapling":8,"minecraft:pale_oak_log":74,"minecraft:cobblestone":2603,"minecraft:polished_deepslate_slab":14,"minecraft:flint":1,"minecraft:sugar_cane":204,"minecraft:leather":4,"minecraft:bone":13,"minecraft:redstone":309,"minecraft:brown_mushroom":1,"minecraft:acacia_sapling":5,"minecraft:resin_clump":112,"minecraft:glow_berries":1,"minecraft:diamond":5,"minecraft:granite":21,"minecraft:pale_oak_sapling":2,"minecraft:salmon":1,"minecraft:stick":7,"minecraft:spyglass":1,"minecraft:cooked_porkchop":2,"minecraft:bow":1,"minecraft:arrow":8,"minecraft:cooked_chicken":6,"minecraft:raw_iron":22,"minecraft:cobbled_deepslate":520,"minecraft:raw_gold":6,"minecraft:stone_sword":1,"minecraft:pumpkin_seeds":16,"minecraft:acacia_log":56,"minecraft:dandelion":2,"minecraft:wheat":165,"minecraft:gunpowder":2,"minecraft:netherrack":40,"minecraft:dirt":2365,"minecraft:blue_egg":1,"minecraft:gravel":70,"minecraft:torch":60,"minecraft:spruce_log":7,"minecraft:tuff":155,"minecraft:oak_stairs":1,"minecraft:leaf_litter":3,"minecraft:coal":165,"minecraft:oak_log":5,"minecraft:potato":145,"minecraft:nether_brick_fence":1,"minecraft:furnace":2,"minecraft:wheat_seeds":527,"minecraft:splash_potion":1,"minecraft:lapis_lazuli":23,"minecraft:pumpkin":8,"minecraft:leather_leggings":1,"minecraft:quartz":3,"minecraft:egg":10,"minecraft:diorite":118,"minecraft:poppy":1,"minecraft:cooked_beef":6,"minecraft:crafting_table":6,"minecraft:snowball":108,"minecraft:raw_copper":105,"minecraft:andesite":16,"minecraft:rotten_flesh":14,"minecraft:written_book":1,"minecraft:beef":8,"minecraft:string":6,"minecraft:ladder":116,"minecraft:iron_hoe":1},"minecraft:mined":{"minecraft:torch":22,"minecraft:spruce_log":6,"minecraft:nether_quartz_ore":2,"minecraft:netherrack":26,"minecraft:gravel":95,"minecraft:short_grass":74,"minecraft:brown_mushroom":2,"minecraft:acacia_leaves":46,"minecraft:dirt_path":25,"minecraft:crafting_table":5,"minecraft:deepslate_redstone_ore":68,"minecraft:leaf_litter":1,"minecraft:polished_deepslate_slab":14,"minecraft:copper_ore":27,"minecraft:andesite":24,"minecraft:deepslate_gold_ore":6,"minecraft:ice":3,"minecraft:wall_torch":27,"minecraft:resin_clump":89,"minecraft:poppy":1,"minecraft:deepslate_lapis_ore":4,"minecraft:deepslate_diamond_ore":5,"minecraft:potatoes":49,"minecraft:deepslate_iron_ore":4,"minecraft:iron_ore":18,"minecraft:acacia_log":56,"minecraft:stone":3335,"minecraft:granite":27,"minecraft:coal_ore":142,"minecraft:wheat":202,"minecraft:diorite":130,"minecraft:cobblestone":71,"minecraft:sugar_cane":104,"minecraft:oak_leaves":1,"minecraft:furnace":2,"minecraft:polished_deepslate":1,"minecraft:powder_snow":12,"minecraft:tall_grass":17,"minecraft:snow_block":12,"minecraft:oak_stairs":1,"minecraft:dirt":1508,"minecraft:grass_block":1010,"minecraft:spruce_leaves":17,"minecraft:cobbled_deepslate":3,"minecraft:tuff":224,"minecraft:pale_oak_log":74,"minecraft:pale_oak_leaves":3,"minecraft:deepslate":904,"minecraft:snow":3,"minecraft:oak_log":5},"minecraft:broken":{"minecraft:leather_leggings":1,"minecraft:iron_axe":1,"minecraft:iron_shovel":4,"minecraft:iron_pickaxe":1,"minecraft:leather_boots":1,"minecraft:stone_pickaxe":2},"minecraft:crafted":{"minecraft:stone_sword":2,"minecraft:polished_diorite":16,"minecraft:gold_ingot":32,"minecraft:stone_pickaxe":3,"minecraft:acacia_trapdoor":20,"minecraft:stick":63,"minecraft:creaking_heart":8,"minecraft:wooden_pickaxe":2,"minecraft:cooked_beef":8,"minecraft:leather_boots":1,"minecraft:resin_block":8,"minecraft:diamond_axe":1,"minecraft:diamond_pickaxe":2,"minecraft:chest":1,"minecraft:diamond_sword":1,"minecraft:golden_sword":1,"minecraft:air":0,"minecraft:acacia_planks":88,"minecraft:bucket":1,"minecraft:bone_meal":6,"minecraft:furnace":1,"minecraft:snow_block":8,"minecraft:pale_oak_planks":72,"minecraft:iron_ingot":20,"minecraft:pale_oak_trapdoor":16,"minecraft:copper_ingot":64,"minecraft:diamond_shovel":1,"minecraft:bread":40,"minecraft:oak_sign":3,"minecraft:crafting_table":2,"minecraft:torch":76,"minecraft:deepslate_brick_slab":32,"minecraft:baked_potato":14,"minecraft:polished_deepslate_slab":126,"minecraft:stone_axe":1,"minecraft:oak_planks":20,"minecraft:spruce_planks":12,"minecraft:iron_pickaxe":1,"minecraft:iron_shovel":4,"minecraft:iron_sword":1,"minecraft:fishing_rod":1,"minecraft:redstone_block":34,"minecraft:polished_deepslate":100,"minecraft:iron_axe":1}},"DataVersion":4440}