{"stats":{"minecraft:killed_by":{"minecraft:player":8,"minecraft:magma_cube":1,"minecraft:creeper":1,"minecraft:hoglin":1,"minecraft:iron_golem":1},"minecraft:custom":{"minecraft:eat_cake_slice":7,"minecraft:time_since_rest":7463,"minecraft:leave_game":71,"minecraft:boat_one_cm":1239087,"minecraft:damage_absorbed":161,"minecraft:time_since_death":7452,"minecraft:interact_with_furnace":310,"minecraft:happy_ghast_one_cm":1216244,"minecraft:total_world_time":1758685,"minecraft:crouch_one_cm":282127,"minecraft:raid_win":1,"minecraft:climb_one_cm":54239,"minecraft:deaths":45,"minecraft:interact_with_stonecutter":21,"minecraft:animals_bred":38,"minecraft:traded_with_villager":172,"minecraft:damage_blocked_by_shield":2980,"minecraft:interact_with_crafting_table":215,"minecraft:inspect_dropper":1,"minecraft:walk_one_cm":8543297,"minecraft:walk_under_water_one_cm":81679,"minecraft:horse_one_cm":8897,"minecraft:damage_dealt":168703,"minecraft:play_time":1758685,"minecraft:jump":52768,"minecraft:play_record":1,"minecraft:target_hit":4,"minecraft:sprint_one_cm":6846438,"minecraft:inspect_hopper":66,"minecraft:fly_one_cm":15556635,"minecraft:walk_on_water_one_cm":128522,"minecraft:interact_with_blast_furnace":106,"minecraft:interact_with_grindstone":4,"minecraft:talked_to_villager":487,"minecraft:damage_taken":34982,"minecraft:mob_kills":1503,"minecraft:open_enderchest":289,"minecraft:interact_with_brewingstand":5,"minecraft:interact_with_smithing_table":22,"minecraft:sleep_in_bed":33,"minecraft:inspect_dispenser":16,"minecraft:swim_one_cm":392483,"minecraft:player_kills":1,"minecraft:enchant_item":6,"minecraft:interact_with_loom":2,"minecraft:interact_with_lectern":39,"minecraft:drop":771,"minecraft:bell_ring":5,"minecraft:open_barrel":104,"minecraft:open_chest":1682,"minecraft:interact_with_smoker":1,"minecraft:fall_one_cm":1593517,"minecraft:interact_with_anvil":14,"minecraft:sneak_time":35887},"minecraft:broken":{"minecraft:diamond_shovel":2,"minecraft:iron_shovel":37,"minecraft:iron_pickaxe":1,"minecraft:stone_pickaxe":7,"minecraft:diamond_pickaxe":3,"minecraft:iron_sword":1},"minecraft:crafted":{"minecraft:stone_sword":1,"minecraft:chest_minecart":2,"minecraft:sandstone":3066,"minecraft:wind_charge":64,"minecraft:netherite_shovel":1,"minecraft:gold_ingot":678,"minecraft:book":2,"minecraft:iron_chestplate":2,"minecraft:crimson_planks":36,"minecraft:netherite_sword":1,"minecraft:cherry_sign":3,"minecraft:stone_bricks":4,"minecraft:diamond_pickaxe":4,"minecraft:chest":71,"minecraft:iron_block":17,"minecraft:bookshelf":32,"minecraft:acacia_planks":8,"minecraft:bucket":1,"minecraft:flint_and_steel":1,"minecraft:jungle_planks":56,"minecraft:ladder":6,"minecraft:dark_oak_planks":1120,"minecraft:cauldron":1,"minecraft:jukebox":1,"minecraft:diamond_shovel":3,"minecraft:stone_pressure_plate":1,"minecraft:glass":88,"minecraft:brewing_stand":1,"minecraft:redstone_block":3,"minecraft:netherite_upgrade_smithing_template":16,"minecraft:iron_boots":1,"minecraft:smooth_stone":3,"minecraft:cooked_beef":8,"minecraft:diamond":135,"minecraft:stonecutter":2,"minecraft:oak_slab":6,"minecraft:golden_carrot":309,"minecraft:fletching_table":1,"minecraft:spruce_sign":18,"minecraft:cherry_planks":8,"minecraft:barrel":1,"minecraft:netherite_axe":1,"minecraft:cut_sandstone_slab":30,"minecraft:raw_iron":9,"minecraft:paper":132,"minecraft:furnace":9,"minecraft:grindstone":1,"minecraft:iron_ingot":344,"minecraft:cartography_table":1,"minecraft:dark_oak_slab":6,"minecraft:diamond_helmet":1,"minecraft:stone":8,"minecraft:sandstone_slab":126,"minecraft:diamond_leggings":2,"minecraft:enchanted_book":10,"minecraft:clay":3,"minecraft:shield":1,"minecraft:stone_axe":1,"minecraft:pink_harness":1,"minecraft:diamond_block":21,"minecraft:netherite_pickaxe":1,"minecraft:iron_axe":1,"minecraft:spruce_button":2,"minecraft:diamond_boots":1,"minecraft:smithing_table":2,"minecraft:writable_book":1,"minecraft:powered_rail":24,"minecraft:stick":2696,"minecraft:ender_chest":1,"minecraft:minecart":2,"minecraft:cooked_porkchop":1,"minecraft:iron_helmet":1,"minecraft:diamond_axe":1,"minecraft:pink_wool":1,"minecraft:air":0,"minecraft:redstone":18,"minecraft:bone_meal":18,"minecraft:oak_boat":2,"minecraft:blast_furnace":1,"minecraft:loom":1,"minecraft:oak_planks":156,"minecraft:gold_nugget":3001,"minecraft:enchanting_table":2,"minecraft:rail":16,"minecraft:shears":1,"minecraft:iron_shovel":39,"minecraft:smoker":1,"minecraft:cooked_chicken":4,"minecraft:birch_planks":24,"minecraft:hopper":20,"minecraft:stone_pickaxe":6,"minecraft:anvil":1,"minecraft:netherite_ingot":7,"minecraft:emerald_block":8,"minecraft:wooden_pickaxe":1,"minecraft:spruce_slab":30,"minecraft:glowstone":50,"minecraft:detector_rail":6,"minecraft:netherite_boots":1,"minecraft:diamond_chestplate":1,"minecraft:diamond_sword":2,"minecraft:cut_sandstone":1848,"minecraft:emerald":198,"minecraft:netherite_scrap":30,"minecraft:wheat":279,"minecraft:black_bed":9,"minecraft:gold_block":26,"minecraft:spruce_boat":1,"minecraft:golden_boots":3,"minecraft:bread":124,"minecraft:crafting_table":3,"minecraft:torch":188,"minecraft:white_bed":1,"minecraft:chiseled_sandstone":63,"minecraft:saddle":1,"minecraft:spruce_planks":1216,"minecraft:lectern":8,"minecraft:iron_pickaxe":1,"minecraft:iron_leggings":1},"minecraft:killed":{"minecraft:stray":23,"minecraft:pig":15,"minecraft:piglin":11,"minecraft:vindicator":3,"minecraft:ravager":1,"minecraft:bat":2,"minecraft:silverfish":79,"minecraft:zombie":771,"minecraft:glow_squid":3,"minecraft:zombie_villager":1,"minecraft:rabbit":7,"minecraft:chicken":5,"minecraft:squid":2,"minecraft:drowned":2,"minecraft:cow":28,"minecraft:slime":28,"minecraft:pillager":24,"minecraft:skeleton":160,"minecraft:iron_golem":4,"minecraft:frog":1,"minecraft:spider":38,"minecraft:horse":5,"minecraft:husk":138,"minecraft:wither_skeleton":6,"minecraft:creeper":64,"minecraft:hoglin":2,"minecraft:sheep":4,"minecraft:enderman":14,"minecraft:magma_cube":16,"minecraft:ghast":5,"minecraft:breeze":14,"minecraft:blaze":8},"minecraft:picked_up":{"minecraft:sweet_berries":26,"minecraft:cherry_sign":2,"minecraft:cobblestone":1709,"minecraft:brick":135,"minecraft:saddle":1,"minecraft:bee_nest":2,"minecraft:sugar_cane":168,"minecraft:bone":223,"minecraft:clay_ball":124,"minecraft:waxed_copper_grate":2,"minecraft:iron_sword":1,"minecraft:white_banner":5,"minecraft:blaze_rod":8,"minecraft:emerald":180,"minecraft:book":11,"minecraft:ink_sac":7,"minecraft:wildflowers":4,"minecraft:bow":19,"minecraft:arrow":388,"minecraft:smooth_basalt":26,"minecraft:iron_ingot":68,"minecraft:cactus":13,"minecraft:crossbow":4,"minecraft:azalea":2,"minecraft:golden_leggings":1,"minecraft:music_disc_chirp":2,"minecraft:mutton":7,"minecraft:guster_pottery_sherd":5,"minecraft:cut_sandstone":571,"minecraft:golden_carrot":11,"minecraft:iron_chestplate":1,"minecraft:polished_blackstone_bricks":110,"minecraft:axolotl_bucket":1,"minecraft:rabbit_hide":5,"minecraft:stonecutter":3,"minecraft:crimson_nylium":1,"minecraft:crimson_stem":26,"minecraft:oak_log":39,"minecraft:sand":10742,"minecraft:furnace":21,"minecraft:mangrove_boat":44,"minecraft:wheat_seeds":570,"minecraft:leather_leggings":2,"minecraft:quartz":262,"minecraft:snowball":32,"minecraft:blast_furnace":6,"minecraft:dried_kelp":9,"minecraft:chiseled_tuff_bricks":7,"minecraft:oak_sign":1,"minecraft:ender_pearl":19,"minecraft:string":63,"minecraft:golden_sword":1,"minecraft:smithing_table":3,"minecraft:stone_bricks":96,"minecraft:obsidian":37,"minecraft:leather_boots":1,"minecraft:writable_book":5,"minecraft:nether_wart_block":3,"minecraft:warped_fungus":1,"minecraft:ender_chest":68,"minecraft:enchanted_book":1,"minecraft:spruce_sapling":78,"minecraft:scrape_pottery_sherd":4,"minecraft:deepslate_brick_wall":1,"minecraft:flowering_azalea":1,"minecraft:white_bed":15,"minecraft:bucket":1,"minecraft:leather":55,"minecraft:honey_bottle":6,"minecraft:lead":4,"minecraft:wooden_axe":1,"minecraft:moss_carpet":5,"minecraft:ghast_tear":1,"minecraft:music_disc_tears":1,"minecraft:peony":3,"minecraft:netherite_upgrade_smithing_template":1,"minecraft:porkchop":37,"minecraft:spruce_sign":1,"minecraft:music_disc_precipice":5,"minecraft:stick":95,"minecraft:polished_tuff":11,"minecraft:bamboo":1,"minecraft:player_head":2,"minecraft:moss_block":15,"minecraft:cooked_porkchop":4,"minecraft:iron_axe":4,"minecraft:item_frame":3,"minecraft:raw_iron":565,"minecraft:mossy_cobblestone":1,"minecraft:detector_rail":9,"minecraft:nether_brick":8,"minecraft:leather_helmet":2,"minecraft:cherry_planks":3,"minecraft:chest":23,"minecraft:lectern":172,"minecraft:pink_petals":5,"minecraft:netherite_sword":1,"minecraft:yellow_bed":3,"minecraft:sculk":7,"minecraft:netherrack":3986,"minecraft:crimson_planks":9,"minecraft:stone":10276,"minecraft:gravel":31,"minecraft:bell":1,"minecraft:pink_dye":1,"minecraft:tuff":172,"minecraft:phantom_membrane":3,"minecraft:potato":7,"minecraft:dark_oak_stairs":3,"minecraft:shield":1,"minecraft:lapis_lazuli":328,"minecraft:jungle_log":14,"minecraft:ominous_bottle":7,"minecraft:trial_key":22,"minecraft:oak_boat":6,"minecraft:cherry_sapling":1,"minecraft:oak_planks":30,"minecraft:netherite_scrap":2,"minecraft:brown_egg":1,"minecraft:raw_copper":258,"minecraft:rotten_flesh":677,"minecraft:written_book":5,"minecraft:ancient_debris":50,"minecraft:apple":2,"minecraft:calcite":666,"minecraft:name_tag":2,"minecraft:brewing_stand":3,"minecraft:glass":38,"minecraft:composter":1,"minecraft:flint":2,"minecraft:suspicious_stew":1,"minecraft:warped_roots":1,"minecraft:redstone":575,"minecraft:music_disc_creator_music_box":3,"minecraft:flow_banner_pattern":2,"minecraft:glow_berries":2,"minecraft:diamond":246,"minecraft:slime_ball":56,"minecraft:granite":21,"minecraft:lily_pad":6,"minecraft:crimson_roots":3,"minecraft:nether_wart":3,"minecraft:acacia_sign":1,"minecraft:powered_rail":17,"minecraft:spruce_boat":3,"minecraft:gold_block":28,"minecraft:bowl":1,"minecraft:dark_oak_planks":1,"minecraft:chiseled_sandstone":124,"minecraft:hay_block":57,"minecraft:polished_blackstone_brick_stairs":1,"minecraft:raw_gold":167,"minecraft:stone_sword":1,"minecraft:acacia_log":2,"minecraft:emerald_block":5,"minecraft:spruce_planks":171,"minecraft:dirt":770,"minecraft:basalt":250,"minecraft:blue_egg":3,"minecraft:rail":32,"minecraft:bone_block":34,"minecraft:iron_shovel":1,"minecraft:torch":115,"minecraft:diamond_pickaxe":5,"minecraft:dripstone_block":35,"minecraft:ender_eye":1,"minecraft:cherry_log":9,"minecraft:bread":14,"minecraft:spruce_log":718,"minecraft:cactus_flower":6,"minecraft:coal":531,"minecraft:oak_fence":2,"minecraft:sculk_sensor":1,"minecraft:music_disc_relic":1,"minecraft:iron_pickaxe":1,"minecraft:anvil":1,"minecraft:nether_bricks":4,"minecraft:bookshelf":2,"minecraft:hopper":28,"minecraft:waxed_copper_block":11,"minecraft:birch_sapling":2,"minecraft:cooked_beef":27,"minecraft:white_wool":6,"minecraft:feather":3,"minecraft:potion":10,"minecraft:spruce_fence":2,"minecraft:warped_nylium":4,"minecraft:andesite":12,"minecraft:raw_iron_block":1,"minecraft:copper_ingot":1,"minecraft:ladder":8,"minecraft:amethyst_shard":150,"minecraft:sandstone":471,"minecraft:filled_map":2,"minecraft:soul_sand":50,"minecraft:diamond_axe":1,"minecraft:carrot":535,"minecraft:black_terracotta":1,"minecraft:rabbit":4,"minecraft:soul_soil":48,"minecraft:breeze_rod":28,"minecraft:flow_pottery_sherd":4,"minecraft:cracked_polished_blackstone_bricks":21,"minecraft:gold_nugget":388,"minecraft:water_bucket":2,"minecraft:stone_pickaxe":1,"minecraft:chiseled_tuff":1,"minecraft:gold_ingot":36,"minecraft:baked_potato":24,"minecraft:glow_ink_sac":12,"minecraft:golden_apple":4,"minecraft:waxed_oxidized_cut_copper":1,"minecraft:black_wool":1,"minecraft:chicken":4,"minecraft:clay":2,"minecraft:leather_chestplate":2,"minecraft:nether_brick_stairs":1,"minecraft:golden_chestplate":2,"minecraft:cooked_chicken":5,"minecraft:cobbled_deepslate":1392,"minecraft:pointed_dripstone":4,"minecraft:glowstone_dust":292,"minecraft:pumpkin_seeds":1,"minecraft:amethyst_block":400,"minecraft:wheat":202,"minecraft:tuff_bricks":44,"minecraft:gunpowder":153,"minecraft:blackstone":106,"minecraft:cut_sandstone_slab":60,"minecraft:leaf_litter":20,"minecraft:grass_block":1,"minecraft:birch_log":6,"minecraft:pumpkin":2,"minecraft:diamond_block":12,"minecraft:spider_eye":36,"minecraft:sculk_shrieker":1,"minecraft:bone_meal":102,"minecraft:dark_oak_log":1,"minecraft:tipped_arrow":41,"minecraft:diorite":65,"minecraft:wooden_pickaxe":1,"minecraft:sandstone_stairs":57,"minecraft:golden_helmet":2,"minecraft:crafting_table":27,"minecraft:ominous_trial_key":1,"minecraft:decorated_pot":28,"minecraft:oak_sapling":5,"minecraft:beef":73,"minecraft:cake":2,"minecraft:wind_charge":21,"minecraft:dark_oak_boat":8,"minecraft:glass_bottle":1,"minecraft:oak_slab":1,"minecraft:netherite_ingot":2,"minecraft:waxed_oxidized_copper":21,"minecraft:dried_ghast":15,"minecraft:paper":1},"minecraft:mined":{"minecraft:torch":42,"minecraft:spruce_log":678,"minecraft:nether_quartz_ore":99,"minecraft:chest":24,"minecraft:smooth_basalt":27,"minecraft:oak_sign":1,"minecraft:pumpkin":2,"minecraft:netherrack":3271,"minecraft:bone_block":30,"minecraft:waxed_oxidized_cut_copper":2,"minecraft:amethyst_block":377,"minecraft:spruce_planks":138,"minecraft:birch_log":6,"minecraft:sweet_berry_bush":2,"minecraft:large_fern":2,"minecraft:magma_block":2,"minecraft:obsidian":28,"minecraft:dark_oak_planks":1,"minecraft:waxed_oxidized_copper":20,"minecraft:waxed_weathered_copper_bulb":1,"minecraft:cave_vines":5,"minecraft:sandstone":482,"minecraft:redstone_lamp":1,"minecraft:blackstone":99,"minecraft:anvil":1,"minecraft:nether_wart_block":4,"minecraft:birch_leaves":12,"minecraft:sculk_shrieker":1,"minecraft:moss_block":14,"minecraft:gold_block":14,"minecraft:bamboo":1,"minecraft:wall_torch":17,"minecraft:decorated_pot":74,"minecraft:yellow_bed":3,"minecraft:fire":26,"minecraft:smithing_table":2,"minecraft:deepslate_diamond_ore":229,"minecraft:ender_chest":68,"minecraft:dripstone_block":35,"minecraft:azalea":3,"minecraft:iron_ore":148,"minecraft:acacia_log":2,"minecraft:dark_oak_log":1,"minecraft:podzol":86,"minecraft:spruce_wall_sign":1,"minecraft:glass":38,"minecraft:oak_planks":12,"minecraft:cobblestone":178,"minecraft:light_gray_stained_glass":1,"minecraft:sugar_cane":216,"minecraft:cherry_leaves":25,"minecraft:oak_leaves":3,"minecraft:furnace":20,"minecraft:brewing_stand":3,"minecraft:clay":36,"minecraft:chiseled_sandstone":70,"minecraft:powered_rail":5,"minecraft:waxed_oxidized_copper_door":1,"minecraft:iron_bars":1,"minecraft:deepslate_coal_ore":6,"minecraft:wildflowers":1,"minecraft:large_amethyst_bud":1,"minecraft:tall_grass":2,"minecraft:waxed_copper_block":13,"minecraft:pointed_dripstone":3,"minecraft:rail":22,"minecraft:dirt":138,"minecraft:hopper":30,"minecraft:pink_petals":2,"minecraft:soul_fire":17,"minecraft:ladder":8,"minecraft:basalt":279,"minecraft:sand":14352,"minecraft:deepslate":1360,"minecraft:cherry_planks":3,"minecraft:snow":32,"minecraft:spruce_sign":2,"minecraft:stonecutter":2,"minecraft:oak_log":39,"minecraft:lapis_ore":6,"minecraft:cherry_log":9,"minecraft:sculk":29,"minecraft:spawner":2,"minecraft:vine":1,"minecraft:warped_nylium":5,"minecraft:polished_blackstone_brick_stairs":3,"minecraft:carrots":123,"minecraft:oak_slab":1,"minecraft:lectern":171,"minecraft:gravel":32,"minecraft:short_grass":10,"minecraft:waxed_copper_grate":5,"minecraft:dirt_path":2,"minecraft:infested_stone":2,"minecraft:cracked_polished_blackstone_bricks":39,"minecraft:crafting_table":26,"minecraft:flowering_azalea":1,"minecraft:deepslate_redstone_ore":100,"minecraft:dark_oak_stairs":3,"minecraft:leaf_litter":3,"minecraft:jungle_log":15,"minecraft:copper_ore":73,"minecraft:raw_iron_block":1,"minecraft:gold_ore":7,"minecraft:chiseled_tuff":1,"minecraft:nether_brick_stairs":1,"minecraft:andesite":19,"minecraft:glowstone":100,"minecraft:cave_vines_plant":4,"minecraft:blast_furnace":4,"minecraft:deepslate_gold_ore":151,"minecraft:budding_amethyst":8,"minecraft:nether_bricks":4,"minecraft:dark_oak_leaves":1,"minecraft:deepslate_lapis_ore":35,"minecraft:cactus":6,"minecraft:deepslate_iron_ore":271,"minecraft:amethyst_cluster":37,"minecraft:black_terracotta":1,"minecraft:stone":7648,"minecraft:stone_bricks":97,"minecraft:sandstone_stairs":51,"minecraft:granite":26,"minecraft:spruce_fence":2,"minecraft:detector_rail":5,"minecraft:crimson_stem":33,"minecraft:coal_ore":325,"minecraft:sculk_sensor":1,"minecraft:diorite":77,"minecraft:wheat":208,"minecraft:ancient_debris":41,"minecraft:red_sand":1,"minecraft:hay_block":57,"minecraft:deepslate_brick_wall":1,"minecraft:dried_ghast":15,"minecraft:white_bed":13,"minecraft:bee_nest":1,"minecraft:sculk_vein":8,"minecraft:bookshelf":2,"minecraft:soul_sand":54,"minecraft:crimson_nylium":37,"minecraft:soul_soil":51,"minecraft:cherry_wall_sign":1,"minecraft:powder_snow":10,"minecraft:cactus_flower":2,"minecraft:gilded_blackstone":1,"minecraft:polished_blackstone_bricks":134,"minecraft:mossy_cobblestone":1,"minecraft:nether_wart":1,"minecraft:grass_block":79,"minecraft:cobweb":21,"minecraft:peony":2,"minecraft:spruce_leaves":13,"minecraft:chiseled_tuff_bricks":7,"minecraft:cobbled_deepslate":41,"minecraft:tuff":160,"minecraft:polished_tuff":7,"minecraft:tuff_bricks":51,"minecraft:cut_sandstone":378,"minecraft:nether_gold_ore":26,"minecraft:calcite":534,"minecraft:bell":1,"minecraft:dead_bush":7,"minecraft:crimson_planks":10},"minecraft:dropped":{"minecraft:lily_pad":6,"minecraft:soul_soil":29,"minecraft:andesite":7,"minecraft:scrape_pottery_sherd":4,"minecraft:sweet_berries":18,"minecraft:cracked_polished_blackstone_bricks":7,"minecraft:oak_boat":1,"minecraft:crimson_roots":3,"minecraft:gravel":21,"minecraft:bone":168,"minecraft:brick":75,"minecraft:bowl":2,"minecraft:blackstone":92,"minecraft:tuff_bricks":13,"minecraft:raw_gold":39,"minecraft:moss_block":8,"minecraft:crossbow":3,"minecraft:oak_sapling":2,"minecraft:soul_sand":26,"minecraft:filled_map":1,"minecraft:diamond_block":12,"minecraft:glowstone_dust":2,"minecraft:name_tag":1,"minecraft:emerald_block":1,"minecraft:leather_chestplate":2,"minecraft:amethyst_block":82,"minecraft:redstone":26,"minecraft:music_disc_precipice":1,"minecraft:grass_block":1,"minecraft:golden_carrot":19,"minecraft:tuff":145,"minecraft:iron_leggings":1,"minecraft:bee_nest":2,"minecraft:crimson_nylium":1,"minecraft:arrow":283,"minecraft:spruce_sapling":1,"minecraft:carrot":4,"minecraft:white_bed":3,"minecraft:spruce_log":1,"minecraft:gunpowder":54,"minecraft:cactus_flower":3,"minecraft:wooden_axe":1,"minecraft:smooth_basalt":25,"minecraft:bone_block":5,"minecraft:flow_pottery_sherd":2,"minecraft:baked_potato":7,"minecraft:diorite":31,"minecraft:tipped_arrow":35,"minecraft:rotten_flesh":130,"minecraft:iron_helmet":1,"minecraft:iron_chestplate":2,"minecraft:torch":5,"minecraft:sandstone":11,"minecraft:stone_sword":1,"minecraft:leather_leggings":3,"minecraft:bow":8,"minecraft:bucket":2,"minecraft:dirt":527,"minecraft:black_wool":1,"minecraft:raw_copper":34,"minecraft:stone":1604,"minecraft:obsidian":5,"minecraft:golden_chestplate":1,"minecraft:sand":139,"minecraft:cherry_sign":1,"minecraft:oak_fence":2,"minecraft:shears":1,"minecraft:ender_pearl":1,"minecraft:coal":74,"minecraft:honey_bottle":3,"minecraft:potato":1,"minecraft:glass_bottle":6,"minecraft:decorated_pot":2,"minecraft:cooked_beef":1,"minecraft:nether_wart":3,"minecraft:wooden_pickaxe":2,"minecraft:written_book":2,"minecraft:cactus":2,"minecraft:raw_iron":20,"minecraft:waxed_copper_grate":1,"minecraft:crafting_table":1,"minecraft:golden_helmet":4,"minecraft:lapis_lazuli":32,"minecraft:netherrack":2780,"minecraft:flowering_azalea":1,"minecraft:mutton":2,"minecraft:white_banner":4,"minecraft:glow_ink_sac":6,"minecraft:azalea":1,"minecraft:iron_axe":4,"minecraft:iron_shovel":2,"minecraft:glow_berries":1,"minecraft:oak_planks":10,"minecraft:rabbit_hide":3,"minecraft:warped_fungus":1,"minecraft:music_disc_chirp":1,"minecraft:porkchop":5,"minecraft:basalt":122,"minecraft:cobbled_deepslate":798,"minecraft:sugar_cane":15,"minecraft:clay":1,"minecraft:wheat_seeds":135,"minecraft:iron_ingot":30,"minecraft:flint_and_steel":1,"minecraft:polished_tuff":5,"minecraft:calcite":276,"minecraft:warped_roots":1,"minecraft:diamond_pickaxe":6,"minecraft:string":41,"minecraft:golden_boots":4,"minecraft:polished_blackstone_bricks":22,"minecraft:oak_sign":1,"minecraft:clay_ball":104,"minecraft:stick":22,"minecraft:nether_brick_stairs":1,"minecraft:bread":47,"minecraft:spider_eye":26,"minecraft:waxed_oxidized_cut_copper":1,"minecraft:iron_boots":1,"minecraft:snowball":17,"minecraft:guster_pottery_sherd":5,"minecraft:polished_blackstone_brick_stairs":1,"minecraft:cobblestone":618,"minecraft:pointed_dripstone":4,"minecraft:spruce_planks":18,"minecraft:leather_boots":1,"minecraft:rabbit":2,"minecraft:wind_charge":4,"minecraft:dried_ghast":2,"minecraft:potion":1,"minecraft:leather":1,"minecraft:quartz":222,"minecraft:granite":18,"minecraft:dripstone_block":31,"minecraft:moss_carpet":4,"minecraft:saddle":1,"minecraft:golden_sword":1,"minecraft:waxed_copper_block":3,"minecraft:birch_sapling":1,"minecraft:crimson_stem":17,"minecraft:waxed_oxidized_copper":14,"minecraft:water_bucket":3,"minecraft:chiseled_tuff":1,"minecraft:netherite_sword":1,"minecraft:trial_key":4,"minecraft:chiseled_tuff_bricks":1,"minecraft:leaf_litter":131,"minecraft:chicken":2,"minecraft:beef":1,"minecraft:flint":2,"minecraft:golden_leggings":2,"minecraft:gold_nugget":273,"minecraft:netherite_upgrade_smithing_template":1,"minecraft:amethyst_shard":20,"minecraft:writable_book":2},"minecraft:used":{"minecraft:polished_tuff":1,"minecraft:birch_sapling":1,"minecraft:iron_axe":82,"minecraft:leaf_litter":2052,"minecraft:ominous_trial_key":1,"minecraft:clay":4,"minecraft:cactus":11,"minecraft:netherite_shovel":1504,"minecraft:netherite_axe":1047,"minecraft:diamond_sword":1073,"minecraft:mangrove_boat":44,"minecraft:cherry_planks":3,"minecraft:wheat_seeds":217,"minecraft:glass":104,"minecraft:dark_oak_stairs":3,"minecraft:netherite_pickaxe":4482,"minecraft:black_terracotta":1,"minecraft:cooked_porkchop":2,"minecraft:granite":3,"minecraft:decorated_pot":26,"minecraft:iron_shovel":9316,"minecraft:chiseled_tuff_bricks":6,"minecraft:detector_rail":7,"minecraft:smithing_table":3,"minecraft:stonecutter":4,"minecraft:diamond_axe":89,"minecraft:blackstone":14,"minecraft:snowball":6,"minecraft:moss_block":7,"minecraft:jukebox":1,"minecraft:stone_pickaxe":886,"minecraft:calcite":7,"minecraft:bow":112,"minecraft:iron_leggings":2,"minecraft:cobbled_deepslate":474,"minecraft:netherrack":1196,"minecraft:spruce_boat":2,"minecraft:suspicious_stew":1,"minecraft:yellow_bed":3,"minecraft:pink_petals":5,"minecraft:mossy_cobblestone":1,"minecraft:diamond_shovel":3676,"minecraft:dried_ghast":3,"minecraft:rotten_flesh":31,"minecraft:writable_book":42,"minecraft:bone_meal":25,"minecraft:item_frame":2,"minecraft:dark_oak_planks":1,"minecraft:glowstone":24,"minecraft:anvil":2,"minecraft:blue_egg":3,"minecraft:dirt":732,"minecraft:written_book":12,"minecraft:honey_bottle":3,"minecraft:obsidian":10,"minecraft:sand":160,"minecraft:redstone_block":1,"minecraft:wind_charge":14,"minecraft:spruce_planks":140,"minecraft:chest_minecart":2,"minecraft:basalt":128,"minecraft:rail":34,"minecraft:nether_wart_block":3,"minecraft:lectern":173,"minecraft:bucket":189,"minecraft:spyglass":137,"minecraft:powered_rail":34,"minecraft:dripstone_block":4,"minecraft:oak_planks":27,"minecraft:porkchop":3,"minecraft:oak_sapling":7,"minecraft:brown_egg":1,"minecraft:sugar_cane":1,"minecraft:trial_key":18,"minecraft:stone_axe":9,"minecraft:spruce_fence":2,"minecraft:nether_bricks":4,"minecraft:wildflowers":4,"minecraft:netherite_sword":1579,"minecraft:shield":34,"minecraft:iron_pickaxe":395,"minecraft:andesite":5,"minecraft:dark_oak_log":1,"minecraft:waxed_copper_block":3,"minecraft:iron_sword":250,"minecraft:oak_boat":4,"minecraft:golden_carrot":278,"minecraft:cherry_sapling":1,"minecraft:peony":3,"minecraft:cactus_flower":3,"minecraft:bookshelf":26,"minecraft:diamond_pickaxe":11833,"minecraft:crimson_planks":45,"minecraft:ladder":14,"minecraft:stone_bricks":96,"minecraft:crossbow":1,"minecraft:blast_furnace":5,"minecraft:azalea":1,"minecraft:tuff":27,"minecraft:chiseled_sandstone":139,"minecraft:cut_sandstone":3126,"minecraft:brewing_stand":3,"minecraft:stone_sword":130,"minecraft:sweet_berries":8,"minecraft:diorite":5,"minecraft:ominous_bottle":1,"minecraft:oak_slab":1,"minecraft:wooden_pickaxe":3,"minecraft:cobblestone":336,"minecraft:cherry_sign":4,"minecraft:stone":2,"minecraft:hopper":48,"minecraft:waxed_copper_grate":1,"minecraft:golden_apple":5,"minecraft:axolotl_bucket":4,"minecraft:carrot":144,"minecraft:crafting_table":26,"minecraft:spruce_sign":16,"minecraft:potion":4,"minecraft:tuff_bricks":28,"minecraft:white_bed":9,"minecraft:diamond_boots":2,"minecraft:bone_block":5,"minecraft:sandstone_stairs":123,"minecraft:waxed_oxidized_copper":3,"minecraft:apple":1,"minecraft:moss_carpet":1,"minecraft:soul_soil":19,"minecraft:spruce_log":26,"minecraft:water_bucket":187,"minecraft:soul_sand":24,"minecraft:golden_helmet":1,"minecraft:smooth_basalt":1,"minecraft:deepslate_brick_wall":1,"minecraft:furnace":26,"minecraft:bread":88,"minecraft:torch":311,"minecraft:iron_boots":2,"minecraft:black_bed":9,"minecraft:golden_axe":9,"minecraft:dried_kelp":14,"minecraft:polished_blackstone_bricks":73,"minecraft:spruce_button":2,"minecraft:gravel":9,"minecraft:cake":2,"minecraft:composter":1,"minecraft:cooked_chicken":5,"minecraft:cooked_beef":52,"minecraft:ender_chest":68,"minecraft:flint_and_steel":1,"minecraft:cracked_polished_blackstone_bricks":11,"minecraft:dark_oak_boat":7,"minecraft:chest":70,"minecraft:iron_helmet":2,"minecraft:enchanting_table":1,"minecraft:beef":1,"minecraft:spruce_sapling":35,"minecraft:sandstone":472,"minecraft:ender_pearl":6,"minecraft:leather_helmet":1}},"DataVersion":4440}