{"stats":{"minecraft:killed_by":{"minecraft:skeleton":2,"minecraft:endermite":1,"minecraft:stray":1,"minecraft:zombie":3},"minecraft:custom":{"minecraft:eat_cake_slice":4,"minecraft:time_since_rest":37685,"minecraft:talked_to_villager":3,"minecraft:leave_game":28,"minecraft:damage_taken":14023,"minecraft:mob_kills":299,"minecraft:boat_one_cm":22837,"minecraft:time_since_death":37669,"minecraft:open_enderchest":3,"minecraft:interact_with_furnace":169,"minecraft:sleep_in_bed":16,"minecraft:swim_one_cm":271010,"minecraft:total_world_time":570306,"minecraft:crouch_one_cm":142731,"minecraft:climb_one_cm":1929,"minecraft:deaths":19,"minecraft:interact_with_stonecutter":46,"minecraft:fish_caught":1,"minecraft:enchant_item":3,"minecraft:damage_blocked_by_shield":4650,"minecraft:interact_with_crafting_table":155,"minecraft:inspect_dropper":2,"minecraft:walk_one_cm":4877053,"minecraft:play_noteblock":47,"minecraft:walk_under_water_one_cm":54493,"minecraft:interact_with_lectern":6,"minecraft:damage_dealt":47949,"minecraft:play_time":570306,"minecraft:jump":11101,"minecraft:play_record":4,"minecraft:drop":2,"minecraft:open_barrel":26,"minecraft:sprint_one_cm":2322102,"minecraft:open_chest":977,"minecraft:inspect_hopper":5,"minecraft:interact_with_smoker":71,"minecraft:fall_one_cm":248067,"minecraft:tune_noteblock":319,"minecraft:fly_one_cm":1468163,"minecraft:interact_with_anvil":7,"minecraft:walk_on_water_one_cm":41721,"minecraft:sneak_time":18178,"minecraft:interact_with_blast_furnace":131,"minecraft:interact_with_grindstone":1},"minecraft:broken":{"minecraft:stone_shovel":2,"minecraft:diamond_shovel":1,"minecraft:iron_axe":1,"minecraft:iron_shovel":2,"minecraft:iron_pickaxe":9,"minecraft:stone_pickaxe":7,"minecraft:iron_boots":1,"minecraft:iron_sword":1},"minecraft:crafted":{"minecraft:cooked_salmon":4,"minecraft:gold_ingot":42,"minecraft:iron_chestplate":1,"minecraft:stick":136,"minecraft:cherry_sign":9,"minecraft:oak_fence":30,"minecraft:cooked_porkchop":12,"minecraft:cherry_slab":6,"minecraft:iron_block":3,"minecraft:diamond_pickaxe":1,"minecraft:chest":15,"minecraft:air":0,"minecraft:bow":2,"minecraft:repeater":25,"minecraft:bucket":1,"minecraft:bone_meal":168,"minecraft:spyglass":1,"minecraft:oak_boat":1,"minecraft:snow_block":79,"minecraft:oak_stairs":12,"minecraft:item_frame":2,"minecraft:oak_pressure_plate":1,"minecraft:jukebox":1,"minecraft:stone_hoe":1,"minecraft:leaf_litter":6,"minecraft:diamond_shovel":1,"minecraft:stone_button":2,"minecraft:glass":77,"minecraft:oak_sign":12,"minecraft:blast_furnace":3,"minecraft:redstone_torch":56,"minecraft:oak_planks":684,"minecraft:cherry_pressure_plate":4,"minecraft:cherry_door":3,"minecraft:iron_shovel":7,"minecraft:iron_sword":1,"minecraft:fishing_rod":1,"minecraft:shears":1,"minecraft:smoker":1,"minecraft:stone_shovel":1,"minecraft:lantern":13,"minecraft:cooked_chicken":6,"minecraft:note_block":30,"minecraft:hopper":2,"minecraft:stone_pickaxe":7,"minecraft:cooked_mutton":12,"minecraft:iron_boots":2,"minecraft:anvil":1,"minecraft:amethyst_block":6,"minecraft:smooth_stone":9,"minecraft:cooked_beef":9,"minecraft:oak_door":3,"minecraft:stonecutter":1,"minecraft:glowstone":8,"minecraft:oak_slab":24,"minecraft:cherry_planks":396,"minecraft:barrel":1,"minecraft:composter":1,"minecraft:diamond_sword":1,"minecraft:iron_nugget":108,"minecraft:furnace":7,"minecraft:gold_block":3,"minecraft:iron_ingot":219,"minecraft:cooked_rabbit":2,"minecraft:copper_ingot":400,"minecraft:beetroot_soup":7,"minecraft:bread":50,"minecraft:redstone_lamp":8,"minecraft:stone":255,"minecraft:crafting_table":2,"minecraft:torch":212,"minecraft:white_bed":1,"minecraft:baked_potato":153,"minecraft:bowl":4,"minecraft:shield":2,"minecraft:iron_pickaxe":10,"minecraft:copper_block":43,"minecraft:iron_axe":1,"minecraft:iron_leggings":1,"minecraft:golden_apple":1},"minecraft:killed":{"minecraft:stray":12,"minecraft:skeleton":46,"minecraft:pig":6,"minecraft:witch":2,"minecraft:bat":3,"minecraft:spider":30,"minecraft:salmon":5,"minecraft:zombie":117,"minecraft:glow_squid":6,"minecraft:creeper":33,"minecraft:zombie_villager":4,"minecraft:chicken":6,"minecraft:enderman":1,"minecraft:sheep":8,"minecraft:drowned":1,"minecraft:cow":3,"minecraft:magma_cube":8},"minecraft:picked_up":{"minecraft:poisonous_potato":1,"minecraft:sweet_berries":27,"minecraft:cherry_sign":6,"minecraft:stone_button":4,"minecraft:cobblestone":3722,"minecraft:composter":2,"minecraft:flint":5,"minecraft:sugar_cane":13,"minecraft:redstone":186,"minecraft:bone":58,"minecraft:deepslate_tiles":25,"minecraft:lantern":4,"minecraft:firefly_bush":2,"minecraft:melon_slice":8,"minecraft:diamond":31,"minecraft:granite":80,"minecraft:smoker":2,"minecraft:lily_pad":2,"minecraft:sugar":2,"minecraft:deepslate_brick_slab":19,"minecraft:salmon":5,"minecraft:gold_block":4,"minecraft:bow":2,"minecraft:smooth_basalt":11,"minecraft:arrow":57,"minecraft:magma_cream":1,"minecraft:raw_gold":42,"minecraft:dandelion":1,"minecraft:deepslate_bricks":577,"minecraft:mutton":11,"minecraft:beetroot":54,"minecraft:dirt":1307,"minecraft:rabbit_hide":1,"minecraft:stonecutter":2,"minecraft:azure_bluet":1,"minecraft:torch":76,"minecraft:cherry_log":114,"minecraft:bread":16,"minecraft:oak_stairs":1,"minecraft:coal":418,"minecraft:oak_log":197,"minecraft:oak_fence":3,"minecraft:sand":78,"minecraft:furnace":4,"minecraft:oak_door":7,"minecraft:wheat_seeds":589,"minecraft:cherry_leaves":10,"minecraft:deepslate_brick_stairs":20,"minecraft:leather_leggings":1,"minecraft:egg":2,"minecraft:hopper":2,"minecraft:poppy":2,"minecraft:white_wool":49,"minecraft:feather":5,"minecraft:potion":1,"minecraft:snowball":333,"minecraft:blast_furnace":3,"minecraft:chiseled_deepslate":35,"minecraft:andesite":172,"minecraft:beetroot_seeds":149,"minecraft:oak_sign":6,"minecraft:deepslate_tile_slab":2,"minecraft:string":41,"minecraft:amethyst_shard":28,"minecraft:carrot":74,"minecraft:rabbit":2,"minecraft:white_bed":1,"minecraft:chiseled_stone_bricks":2,"minecraft:leather":5,"minecraft:cod":1,"minecraft:melon_seeds":1,"minecraft:glow_ink_sac":4,"minecraft:oak_leaves":110,"minecraft:porkchop":12,"minecraft:spruce_sign":1,"minecraft:oak_pressure_plate":5,"minecraft:stick":78,"minecraft:redstone_torch":2,"minecraft:black_wool":3,"minecraft:chicken":6,"minecraft:player_head":1,"minecraft:cooked_porkchop":48,"minecraft:repeater":28,"minecraft:item_frame":1,"minecraft:raw_iron":224,"minecraft:cobbled_deepslate":2780,"minecraft:glowstone_dust":35,"minecraft:amethyst_block":16,"minecraft:wheat":193,"minecraft:gunpowder":20,"minecraft:chest":4,"minecraft:magma_block":8,"minecraft:note_block":26,"minecraft:gravel":34,"minecraft:light_gray_wool":17,"minecraft:tuff":884,"minecraft:phantom_membrane":2,"minecraft:potato":236,"minecraft:lapis_lazuli":241,"minecraft:spider_eye":6,"minecraft:bone_meal":14,"minecraft:tipped_arrow":8,"minecraft:diorite":119,"minecraft:cherry_sapling":68,"minecraft:oak_planks":71,"minecraft:crafting_table":2,"minecraft:cherry_pressure_plate":1,"minecraft:raw_copper":582,"minecraft:oak_sapling":101,"minecraft:beef":8,"minecraft:rotten_flesh":100,"minecraft:apple":9,"minecraft:music_disc_cat":3,"minecraft:glass_bottle":2,"minecraft:jukebox":1,"minecraft:calcite":22,"minecraft:purple_wool":6,"minecraft:gray_wool":4},"minecraft:mined":{"minecraft:torch":23,"minecraft:note_block":26,"minecraft:chest":4,"minecraft:smooth_basalt":11,"minecraft:amethyst_block":16,"minecraft:magma_block":9,"minecraft:farmland":54,"minecraft:redstone_torch":2,"minecraft:melon":3,"minecraft:deepslate_bricks":591,"minecraft:oak_fence":3,"minecraft:repeater":28,"minecraft:gold_block":4,"minecraft:diamond_ore":1,"minecraft:wall_torch":31,"minecraft:fire":1,"minecraft:deepslate_diamond_ore":30,"minecraft:potatoes":60,"minecraft:dripstone_block":1,"minecraft:deepslate_tiles":25,"minecraft:oak_sapling":9,"minecraft:azure_bluet":1,"minecraft:iron_ore":156,"minecraft:deepslate_brick_slab":18,"minecraft:beetroots":55,"minecraft:dandelion":1,"minecraft:glass":9,"minecraft:oak_planks":72,"minecraft:cobblestone":11,"minecraft:sugar_cane":12,"minecraft:lantern":4,"minecraft:oak_wall_sign":5,"minecraft:cherry_leaves":49,"minecraft:oak_leaves":298,"minecraft:furnace":4,"minecraft:deepslate_copper_ore":12,"minecraft:deepslate_coal_ore":2,"minecraft:tall_grass":11,"minecraft:deepslate_tile_slab":1,"minecraft:pointed_dripstone":1,"minecraft:dirt":886,"minecraft:hopper":2,"minecraft:deepslate":2795,"minecraft:sand":115,"minecraft:snow":336,"minecraft:stonecutter":2,"minecraft:oak_log":198,"minecraft:lapis_ore":27,"minecraft:oak_door":2,"minecraft:redstone_ore":2,"minecraft:cherry_log":112,"minecraft:sculk":65,"minecraft:chiseled_stone_bricks":2,"minecraft:carrots":23,"minecraft:gravel":35,"minecraft:short_grass":81,"minecraft:sculk_catalyst":1,"minecraft:dirt_path":141,"minecraft:crafting_table":2,"minecraft:melon_stem":1,"minecraft:deepslate_redstone_ore":33,"minecraft:copper_ore":160,"minecraft:firefly_bush":2,"minecraft:gold_ore":18,"minecraft:andesite":237,"minecraft:packed_ice":1,"minecraft:blast_furnace":3,"minecraft:glowstone":12,"minecraft:cherry_pressure_plate":1,"minecraft:deepslate_gold_ore":24,"minecraft:ice":23,"minecraft:chiseled_deepslate":35,"minecraft:deepslate_lapis_ore":9,"minecraft:deepslate_iron_ore":69,"minecraft:amethyst_cluster":7,"minecraft:stone":3824,"minecraft:deepslate_brick_stairs":20,"minecraft:granite":129,"minecraft:bush":4,"minecraft:coal_ore":326,"minecraft:diorite":183,"minecraft:sculk_sensor":2,"minecraft:wheat":210,"minecraft:white_bed":1,"minecraft:smoker":2,"minecraft:cherry_sapling":6,"minecraft:composter":2,"minecraft:sculk_vein":3,"minecraft:cherry_wall_sign":6,"minecraft:glow_lichen":1,"minecraft:powder_snow":2,"minecraft:oak_stairs":1,"minecraft:grass_block":1022,"minecraft:cobweb":14,"minecraft:cobbled_deepslate":2,"minecraft:white_wool":14,"minecraft:tuff":894,"minecraft:stone_button":4,"minecraft:calcite":22,"minecraft:jukebox":1,"minecraft:oak_pressure_plate":5,"minecraft:redstone_wire":14},"minecraft:dropped":{"minecraft:cobblestone":64,"minecraft:diamond":4},"minecraft:used":{"minecraft:iron_axe":197,"minecraft:repeater":29,"minecraft:player_head":1,"minecraft:diamond_sword":608,"minecraft:cherry_planks":35,"minecraft:potato":70,"minecraft:wheat_seeds":249,"minecraft:glass_bottle":2,"minecraft:glass":69,"minecraft:oak_sign":16,"minecraft:salmon":1,"minecraft:cherry_pressure_plate":5,"minecraft:lantern":17,"minecraft:cooked_porkchop":27,"minecraft:granite":7,"minecraft:iron_shovel":918,"minecraft:deepslate_tile_slab":23,"minecraft:firefly_bush":2,"minecraft:oak_log":17,"minecraft:stonecutter":3,"minecraft:diamond_axe":367,"minecraft:poppy":1,"minecraft:snowball":5,"minecraft:beetroot_seeds":79,"minecraft:jukebox":2,"minecraft:dandelion":1,"minecraft:stone_pickaxe":1022,"minecraft:oak_door":8,"minecraft:cobbled_deepslate":8,"minecraft:deepslate_brick_slab":344,"minecraft:diamond_shovel":1572,"minecraft:stone_shovel":269,"minecraft:rotten_flesh":6,"minecraft:bone_meal":179,"minecraft:item_frame":3,"minecraft:glowstone":12,"minecraft:anvil":1,"minecraft:melon_seeds":1,"minecraft:goat_horn":37,"minecraft:dirt":646,"minecraft:written_book":4,"minecraft:fishing_rod":6,"minecraft:oak_leaves":22,"minecraft:cooked_rabbit":2,"minecraft:beetroot_soup":5,"minecraft:shears":199,"minecraft:bucket":44,"minecraft:spyglass":193,"minecraft:deepslate_tiles":184,"minecraft:oak_planks":488,"minecraft:oak_sapling":53,"minecraft:stone_axe":8,"minecraft:oak_fence":31,"minecraft:cherry_leaves":8,"minecraft:shield":48,"minecraft:iron_pickaxe":2491,"minecraft:deepslate":26,"minecraft:andesite":1,"minecraft:polished_deepslate":58,"minecraft:chiseled_deepslate":94,"minecraft:oak_boat":1,"minecraft:iron_sword":252,"minecraft:cherry_sapling":22,"minecraft:deepslate_bricks":1452,"minecraft:diamond_pickaxe":6272,"minecraft:cooked_mutton":11,"minecraft:beetroot":1,"minecraft:magma_block":5,"minecraft:blast_furnace":6,"minecraft:tuff":2,"minecraft:stone_sword":51,"minecraft:redstone":18,"minecraft:oak_slab":16,"minecraft:cobblestone":183,"minecraft:cherry_sign":10,"minecraft:stone":3,"minecraft:hopper":2,"minecraft:carrot":30,"minecraft:crafting_table":4,"minecraft:note_block":28,"minecraft:oak_pressure_plate":5,"minecraft:potion":2,"minecraft:white_bed":2,"minecraft:gold_block":6,"minecraft:baked_potato":33,"minecraft:apple":4,"minecraft:smoker":3,"minecraft:stone_hoe":62,"minecraft:water_bucket":44,"minecraft:cherry_door":2,"minecraft:deepslate_brick_wall":64,"minecraft:furnace":7,"minecraft:barrel":1,"minecraft:torch":281,"minecraft:bread":43,"minecraft:chiseled_stone_bricks":3,"minecraft:stone_button":5,"minecraft:gravel":5,"minecraft:composter":2,"minecraft:deepslate_brick_stairs":126,"minecraft:cooked_chicken":6,"minecraft:white_wool":14,"minecraft:oak_stairs":13,"minecraft:cherry_log":15,"minecraft:redstone_lamp":6,"minecraft:cooked_beef":9,"minecraft:redstone_torch":8,"minecraft:amethyst_block":3,"minecraft:chest":17,"minecraft:egg":1}},"DataVersion":4440}