{"stats":{"minecraft:killed_by":{"minecraft:player":12,"minecraft:silverfish":1,"minecraft:zombified_piglin":2,"minecraft:enderman":1,"minecraft:creaking":1,"minecraft:spider":1,"minecraft:warden":4,"minecraft:wither_skeleton":1,"minecraft:zombie":9,"minecraft:skeleton":1,"minecraft:polar_bear":1,"minecraft:hoglin":1,"minecraft:drowned":1},"minecraft:custom":{"minecraft:eat_cake_slice":3,"minecraft:time_since_rest":147171,"minecraft:leave_game":76,"minecraft:boat_one_cm":1731077,"minecraft:damage_absorbed":192,"minecraft:time_since_death":147150,"minecraft:interact_with_furnace":322,"minecraft:happy_ghast_one_cm":168585,"minecraft:total_world_time":3697547,"minecraft:crouch_one_cm":337448,"minecraft:raid_win":4,"minecraft:climb_one_cm":354996,"minecraft:deaths":84,"minecraft:interact_with_stonecutter":54,"minecraft:damage_dealt_resisted":3,"minecraft:animals_bred":1,"minecraft:minecart_one_cm":33671,"minecraft:traded_with_villager":725,"minecraft:damage_blocked_by_shield":6848,"minecraft:interact_with_crafting_table":363,"minecraft:inspect_dropper":1,"minecraft:walk_one_cm":10949234,"minecraft:walk_under_water_one_cm":102638,"minecraft:horse_one_cm":319800,"minecraft:damage_dealt":196840,"minecraft:play_time":3697547,"minecraft:jump":52365,"minecraft:play_record":1,"minecraft:target_hit":15,"minecraft:sprint_one_cm":12755240,"minecraft:inspect_hopper":26,"minecraft:fly_one_cm":13791515,"minecraft:walk_on_water_one_cm":118429,"minecraft:interact_with_blast_furnace":269,"minecraft:interact_with_grindstone":13,"minecraft:talked_to_villager":364,"minecraft:damage_taken":48932,"minecraft:mob_kills":2708,"minecraft:open_shulker_box":2,"minecraft:interact_with_beacon":10,"minecraft:open_enderchest":336,"minecraft:interact_with_brewingstand":9,"minecraft:interact_with_smithing_table":15,"minecraft:sleep_in_bed":22,"minecraft:inspect_dispenser":66,"minecraft:swim_one_cm":280279,"minecraft:pot_flower":11,"minecraft:player_kills":48,"minecraft:enchant_item":14,"minecraft:interact_with_loom":7,"minecraft:interact_with_campfire":8,"minecraft:interact_with_lectern":42,"minecraft:drop":445,"minecraft:use_cauldron":7,"minecraft:interact_with_cartography_table":6,"minecraft:bell_ring":136,"minecraft:open_barrel":179,"minecraft:open_chest":4376,"minecraft:interact_with_smoker":122,"minecraft:fall_one_cm":1657825,"minecraft:interact_with_anvil":74,"minecraft:sneak_time":87429},"minecraft:broken":{"minecraft:shield":1,"minecraft:iron_sword":2},"minecraft:crafted":{"minecraft:stone_sword":5,"minecraft:mace":1,"minecraft:netherite_shovel":1,"minecraft:arrow":192,"minecraft:gold_ingot":385,"minecraft:book":20,"minecraft:glass_pane":80,"minecraft:raw_copper_block":185,"minecraft:netherite_sword":1,"minecraft:birch_door":3,"minecraft:diamond_pickaxe":7,"minecraft:chest":71,"minecraft:iron_block":1371,"minecraft:bookshelf":10,"minecraft:bucket":4,"minecraft:flint_and_steel":2,"minecraft:pale_oak_door":6,"minecraft:ladder":174,"minecraft:item_frame":4,"minecraft:oak_stairs":16,"minecraft:dark_oak_planks":456,"minecraft:cauldron":2,"minecraft:beacon":1,"minecraft:diamond_shovel":4,"minecraft:pale_oak_sign":6,"minecraft:glass":41,"minecraft:oak_sign":18,"minecraft:mangrove_planks":276,"minecraft:iron_hoe":4,"minecraft:spruce_fence":315,"minecraft:oak_trapdoor":118,"minecraft:red_wool":30,"minecraft:soul_torch":32,"minecraft:deepslate_tiles":320,"minecraft:pink_dye":2,"minecraft:netherite_upgrade_smithing_template":40,"minecraft:netherite_helmet":2,"minecraft:yellow_dye":2,"minecraft:cooked_mutton":13,"minecraft:iron_boots":1,"minecraft:charcoal":137,"minecraft:cooked_beef":77,"minecraft:diamond":18,"minecraft:stonecutter":3,"minecraft:blue_dye":5,"minecraft:oak_slab":54,"minecraft:golden_carrot":24,"minecraft:decorated_pot":7,"minecraft:spruce_sign":33,"minecraft:cherry_planks":440,"minecraft:brick":12,"minecraft:barrel":12,"minecraft:netherite_axe":1,"minecraft:red_banner":5,"minecraft:raw_iron":108,"minecraft:paper":243,"minecraft:furnace":16,"minecraft:netherite_leggings":2,"minecraft:iron_ingot":16272,"minecraft:pale_oak_trapdoor":10,"minecraft:diamond_helmet":1,"minecraft:stone":218,"minecraft:raw_iron_block":11,"minecraft:blaze_powder":2,"minecraft:candle":14,"minecraft:experience_bottle":122,"minecraft:diamond_leggings":1,"minecraft:enchanted_book":14,"minecraft:baked_potato":39,"minecraft:spruce_stairs":168,"minecraft:shield":3,"minecraft:pale_oak_stairs":212,"minecraft:netherite_pickaxe":1,"minecraft:birch_sign":3,"minecraft:name_tag":3,"minecraft:golden_apple":5,"minecraft:spruce_fence_gate":4,"minecraft:diamond_boots":1,"minecraft:smithing_table":2,"minecraft:writable_book":9,"minecraft:ender_eye":1,"minecraft:map":23,"minecraft:soul_lantern":8,"minecraft:stick":8786,"minecraft:deepslate_bricks":512,"minecraft:compass":28,"minecraft:ender_chest":1,"minecraft:cherry_slab":696,"minecraft:cooked_porkchop":27,"minecraft:iron_helmet":12,"minecraft:diamond_axe":1,"minecraft:polished_andesite":32,"minecraft:air":0,"minecraft:quartz_pillar":506,"minecraft:snow_block":6,"minecraft:deepslate_tile_slab":174,"minecraft:glass_bottle":21,"minecraft:red_dye":37,"minecraft:flower_pot":4,"minecraft:blast_furnace":1,"minecraft:pale_oak_slab":42,"minecraft:quartz_block":507,"minecraft:written_book":1,"minecraft:oak_button":18,"minecraft:pale_oak_boat":1,"minecraft:bundle":1,"minecraft:snow":12,"minecraft:oak_planks":3672,"minecraft:coal":189,"minecraft:iron_sword":3,"minecraft:shears":2,"minecraft:polished_deepslate":512,"minecraft:orange_candle":3,"minecraft:mangrove_slab":84,"minecraft:white_dye":3,"minecraft:lantern":47,"minecraft:chainmail_helmet":4,"minecraft:cooked_chicken":35,"minecraft:birch_planks":540,"minecraft:hopper":1,"minecraft:chainmail_leggings":6,"minecraft:anvil":6,"minecraft:amethyst_block":2,"minecraft:netherite_ingot":14,"minecraft:mangrove_stairs":4,"minecraft:spruce_slab":366,"minecraft:oak_fence_gate":16,"minecraft:dark_oak_trapdoor":42,"minecraft:light_blue_dye":7,"minecraft:chain":11,"minecraft:netherite_boots":2,"minecraft:diamond_chestplate":2,"minecraft:diamond_sword":2,"minecraft:polished_tuff":60,"minecraft:iron_nugget":452,"minecraft:emerald":588,"minecraft:netherite_scrap":73,"minecraft:birch_boat":1,"minecraft:black_carpet":18,"minecraft:pale_oak_planks":1040,"minecraft:black_bed":2,"minecraft:spruce_trapdoor":44,"minecraft:orange_dye":4,"minecraft:chiseled_bookshelf":84,"minecraft:spruce_boat":1,"minecraft:copper_ingot":10,"minecraft:crafting_table":19,"minecraft:netherite_chestplate":1,"minecraft:torch":428,"minecraft:birch_slab":6,"minecraft:crossbow":5,"minecraft:purple_dye":2,"minecraft:spruce_planks":4312,"minecraft:lectern":4,"minecraft:silence_armor_trim_smithing_template":10,"minecraft:iron_pickaxe":2,"minecraft:iron_leggings":1},"minecraft:killed":{"minecraft:zombified_piglin":16,"minecraft:stray":6,"minecraft:pig":15,"minecraft:piglin":13,"minecraft:vindicator":14,"minecraft:ravager":4,"minecraft:bat":6,"minecraft:silverfish":1083,"minecraft:salmon":1,"minecraft:zombie":361,"minecraft:glow_squid":1,"minecraft:zombie_villager":5,"minecraft:chicken":40,"minecraft:creaking":1,"minecraft:squid":20,"minecraft:drowned":1,"minecraft:cow":26,"minecraft:slime":163,"minecraft:pillager":149,"minecraft:skeleton":244,"minecraft:iron_golem":2,"minecraft:witch":7,"minecraft:spider":47,"minecraft:bogged":15,"minecraft:husk":21,"minecraft:wither_skeleton":32,"minecraft:creeper":227,"minecraft:hoglin":5,"minecraft:sheep":3,"minecraft:enderman":3,"minecraft:evoker":1,"minecraft:polar_bear":1,"minecraft:magma_cube":32,"minecraft:vex":2,"minecraft:breeze":8,"minecraft:blaze":14},"minecraft:picked_up":{"minecraft:sweet_berries":100,"minecraft:pale_oak_log":289,"minecraft:cobblestone":1817,"minecraft:shears":1,"minecraft:minecart":1,"minecraft:saddle":4,"minecraft:sugar_cane":169,"minecraft:stripped_dark_oak_log":2,"minecraft:bone":326,"minecraft:cooked_mutton":16,"minecraft:diamond_shovel":1,"minecraft:clay_ball":28,"minecraft:stripped_spruce_log":3,"minecraft:white_banner":16,"minecraft:white_terracotta":5,"minecraft:blaze_rod":31,"minecraft:emerald":139,"minecraft:chainmail_chestplate":3,"minecraft:pale_oak_sapling":29,"minecraft:deepslate_diamond_ore":12,"minecraft:sugar":20,"minecraft:book":15,"minecraft:ink_sac":47,"minecraft:wildflowers":27,"minecraft:bow":13,"minecraft:birch_boat":25,"minecraft:arrow":292,"minecraft:smooth_basalt":7,"minecraft:stone_shovel":4,"minecraft:iron_ingot":26,"minecraft:pale_oak_stairs":13,"minecraft:tadpole_bucket":1,"minecraft:spruce_slab":19,"minecraft:crossbow":18,"minecraft:heavy_core":2,"minecraft:mace":2,"minecraft:dandelion":2,"minecraft:mutton":14,"minecraft:golden_carrot":1,"minecraft:iron_chestplate":1,"minecraft:spruce_leaves":33,"minecraft:red_banner":6,"minecraft:brown_wool":1,"minecraft:stonecutter":1,"minecraft:verdant_froglight":9,"minecraft:oak_stairs":17,"minecraft:oak_log":149,"minecraft:sand":55,"minecraft:furnace":3,"minecraft:raw_copper_block":348,"minecraft:mangrove_boat":18,"minecraft:wheat_seeds":131,"minecraft:black_bed":3,"minecraft:leather_leggings":1,"minecraft:quartz":2525,"minecraft:egg":9,"minecraft:diamond_sword":9,"minecraft:snowball":296,"minecraft:blast_furnace":3,"minecraft:dried_kelp":1,"minecraft:chiseled_tuff_bricks":1,"minecraft:oak_sign":4,"minecraft:beetroot_seeds":5,"minecraft:chainmail_boots":1,"minecraft:ender_pearl":3,"minecraft:string":107,"minecraft:golden_sword":1,"minecraft:stone_bricks":57,"minecraft:obsidian":37,"minecraft:leather_boots":2,"minecraft:writable_book":3,"minecraft:light_gray_terracotta":1,"minecraft:nether_wart_block":1,"minecraft:chain":3,"minecraft:enchanted_book":3,"minecraft:birch_door":1,"minecraft:oak_fence_gate":5,"minecraft:experience_bottle":1,"minecraft:spruce_sapling":154,"minecraft:iron_block":1,"minecraft:yellow_terracotta":3,"minecraft:mangrove_log":7,"minecraft:white_bed":1,"minecraft:chiseled_stone_bricks":14,"minecraft:leather":35,"minecraft:honey_bottle":5,"minecraft:lead":4,"minecraft:brown_mushroom":15,"minecraft:armadillo_scute":6,"minecraft:moss_carpet":16,"minecraft:sculk_vein":1,"minecraft:glass_pane":2,"minecraft:scaffolding":30,"minecraft:netherite_upgrade_smithing_template":1,"minecraft:mangrove_slab":43,"minecraft:porkchop":29,"minecraft:spruce_sign":11,"minecraft:music_disc_precipice":1,"minecraft:stick":160,"minecraft:redstone_torch":1,"minecraft:polished_tuff":6,"minecraft:bamboo":68,"minecraft:player_head":9,"minecraft:moss_block":1,"minecraft:cooked_porkchop":43,"minecraft:iron_axe":4,"minecraft:deepslate":16,"minecraft:cauldron":1,"minecraft:cookie":5,"minecraft:item_frame":99,"minecraft:raw_iron":916,"minecraft:diamond_chestplate":1,"minecraft:music_disc_far":1,"minecraft:waxed_oxidized_copper_grate":4,"minecraft:dead_bush":1,"minecraft:mossy_cobblestone":24,"minecraft:nether_brick":9,"minecraft:spruce_door":8,"minecraft:cherry_planks":2,"minecraft:chest":25,"minecraft:quartz_pillar":9,"minecraft:lectern":1,"minecraft:netherite_sword":1,"minecraft:sculk":1,"minecraft:netherrack":2541,"minecraft:wither_rose":6,"minecraft:stone":77,"minecraft:gravel":129,"minecraft:bell":1,"minecraft:deepslate_tile_stairs":41,"minecraft:tuff":2356,"minecraft:phantom_membrane":3,"minecraft:cooked_cod":4,"minecraft:potato":48,"minecraft:lapis_lazuli":567,"minecraft:spruce_stairs":22,"minecraft:stripped_pale_oak_log":3,"minecraft:ominous_bottle":24,"minecraft:trial_key":5,"minecraft:netherite_shovel":1,"minecraft:cobweb":5,"minecraft:cherry_sapling":51,"minecraft:oak_planks":164,"minecraft:brown_egg":1,"minecraft:raw_copper":1805,"minecraft:stone_brick_stairs":7,"minecraft:rotten_flesh":475,"minecraft:written_book":5,"minecraft:ancient_debris":77,"minecraft:apple":9,"minecraft:calcite":1,"minecraft:mangrove_stairs":4,"minecraft:polished_andesite":2,"minecraft:flint":83,"minecraft:redstone":691,"minecraft:deepslate_tiles":84,"minecraft:birch_slab":3,"minecraft:flow_banner_pattern":4,"minecraft:orange_terracotta":2,"minecraft:firefly_bush":1,"minecraft:lantern":15,"minecraft:diamond":271,"minecraft:slime_ball":275,"minecraft:granite":31,"minecraft:goat_horn":3,"minecraft:dark_oak_sapling":56,"minecraft:chiseled_bookshelf":4,"minecraft:stone_brick_slab":15,"minecraft:deepslate_brick_slab":3,"minecraft:bush":2,"minecraft:creaking_heart":1,"minecraft:flow_armor_trim_smithing_template":5,"minecraft:salmon":1,"minecraft:charcoal":17,"minecraft:spruce_boat":5,"minecraft:red_sand":4,"minecraft:magma_cream":24,"minecraft:bowl":2,"minecraft:enchanted_golden_apple":1,"minecraft:raw_gold":288,"minecraft:stone_sword":6,"minecraft:emerald_block":3,"minecraft:deepslate_bricks":9,"minecraft:beetroot":2,"minecraft:pale_oak_sign":2,"minecraft:spruce_planks":253,"minecraft:dirt":1808,"minecraft:basalt":245,"minecraft:cooked_rabbit":2,"minecraft:rail":3,"minecraft:pale_oak_door":1,"minecraft:golden_boots":1,"minecraft:torch":132,"minecraft:diamond_pickaxe":4,"minecraft:dripstone_block":87,"minecraft:silence_armor_trim_smithing_template":1,"minecraft:cherry_log":148,"minecraft:bread":7,"minecraft:spruce_log":854,"minecraft:coal":446,"minecraft:birch_planks":15,"minecraft:sculk_sensor":1,"minecraft:deepslate_brick_stairs":1,"minecraft:tnt":5,"minecraft:nether_bricks":2,"minecraft:bookshelf":137,"minecraft:birch_sapling":20,"minecraft:totem_of_undying":2,"minecraft:poppy":6,"minecraft:stone_hoe":1,"minecraft:cooked_beef":52,"minecraft:nether_star":1,"minecraft:white_wool":6,"minecraft:feather":46,"minecraft:soul_lantern":2,"minecraft:mangrove_propagule":5,"minecraft:potion":19,"minecraft:spruce_fence":2,"minecraft:andesite":40,"minecraft:deepslate_tile_slab":275,"minecraft:mangrove_planks":45,"minecraft:diamond_hoe":1,"minecraft:raw_iron_block":1,"minecraft:ladder":182,"minecraft:amethyst_shard":36,"minecraft:filled_map":34,"minecraft:soul_sand":73,"minecraft:diamond_axe":3,"minecraft:carrot":141,"minecraft:black_terracotta":2,"minecraft:mangrove_roots":51,"minecraft:soul_soil":44,"minecraft:breeze_rod":34,"minecraft:black_concrete":4,"minecraft:gold_nugget":475,"minecraft:resin_clump":1,"minecraft:water_bucket":2,"minecraft:stone_pickaxe":4,"minecraft:cod":1,"minecraft:gold_ingot":19,"minecraft:baked_potato":30,"minecraft:glow_ink_sac":13,"minecraft:oak_leaves":2,"minecraft:golden_apple":2,"minecraft:polished_tuff_slab":1,"minecraft:waxed_oxidized_cut_copper":1,"minecraft:polished_andesite_slab":3,"minecraft:oak_trapdoor":20,"minecraft:black_wool":50,"minecraft:chicken":39,"minecraft:clay":1,"minecraft:red_terracotta":3,"minecraft:golden_chestplate":2,"minecraft:cooked_chicken":6,"minecraft:kelp":2,"minecraft:cobbled_deepslate":4404,"minecraft:pointed_dripstone":5,"minecraft:glowstone_dust":4,"minecraft:music_disc_lava_chicken":2,"minecraft:stone_axe":6,"minecraft:amethyst_block":5,"minecraft:wheat":34,"minecraft:tuff_bricks":3,"minecraft:map":35,"minecraft:tuff_brick_slab":1,"minecraft:cherry_slab":19,"minecraft:gunpowder":47,"minecraft:spruce_trapdoor":14,"minecraft:blackstone":247,"minecraft:pale_moss_carpet":3,"minecraft:coarse_dirt":2,"minecraft:waxed_cut_copper_slab":1,"minecraft:magma_block":87,"minecraft:short_grass":3,"minecraft:amethyst_cluster":2,"minecraft:polished_deepslate":11,"minecraft:leaf_litter":457,"minecraft:pale_oak_planks":61,"minecraft:pale_oak_boat":36,"minecraft:birch_log":53,"minecraft:music_disc_creator":1,"minecraft:diamond_block":2,"minecraft:spider_eye":58,"minecraft:dark_oak_log":234,"minecraft:tipped_arrow":42,"minecraft:diorite":188,"minecraft:flower_pot":1,"minecraft:pale_moss_block":6,"minecraft:golden_helmet":1,"minecraft:crafting_table":15,"minecraft:ominous_trial_key":13,"minecraft:decorated_pot":7,"minecraft:oak_sapling":70,"minecraft:beef":50,"minecraft:wither_skeleton_skull":5,"minecraft:wind_charge":160,"minecraft:glass_bottle":8,"minecraft:oak_slab":17,"minecraft:barrel":7,"minecraft:paper":15},"minecraft:mined":{"minecraft:torch":67,"minecraft:mangrove_roots":68,"minecraft:oak_fence_gate":5,"minecraft:spruce_log":831,"minecraft:nether_quartz_ore":1184,"minecraft:chest":25,"minecraft:netherrack":17272,"minecraft:spruce_sapling":8,"minecraft:red_wall_banner":4,"minecraft:waxed_oxidized_cut_copper":1,"minecraft:brown_mushroom":7,"minecraft:spruce_planks":254,"minecraft:wither_skeleton_skull":2,"minecraft:birch_log":53,"minecraft:sweet_berry_bush":12,"minecraft:large_fern":23,"minecraft:magma_block":105,"minecraft:smooth_quartz":1,"minecraft:blackstone":299,"minecraft:deepslate_bricks":9,"minecraft:dark_oak_sapling":2,"minecraft:diamond_ore":5,"minecraft:wall_torch":36,"minecraft:fire":41,"minecraft:mangrove_planks":45,"minecraft:dripstone_block":5,"minecraft:deepslate_tiles":84,"minecraft:oak_sapling":2,"minecraft:deepslate_brick_slab":2,"minecraft:glass_pane":2,"minecraft:dark_oak_log":169,"minecraft:stripped_pale_oak_log":3,"minecraft:chain":3,"minecraft:spruce_wall_sign":4,"minecraft:dandelion":2,"minecraft:lantern":13,"minecraft:diamond_block":1,"minecraft:kelp":2,"minecraft:oak_wall_sign":3,"minecraft:cherry_leaves":114,"minecraft:scaffolding":52,"minecraft:oak_leaves":41,"minecraft:birch_slab":3,"minecraft:mangrove_slab":38,"minecraft:clay":7,"minecraft:spruce_stairs":22,"minecraft:deepslate_copper_ore":1,"minecraft:tall_grass":13,"minecraft:deepslate_tile_slab":131,"minecraft:pale_oak_door":1,"minecraft:water_cauldron":1,"minecraft:moss_carpet":2,"minecraft:spruce_door":6,"minecraft:sand":64,"minecraft:seagrass":2,"minecraft:spruce_sign":3,"minecraft:stonecutter":1,"minecraft:waxed_cut_copper_slab":1,"minecraft:lapis_ore":25,"minecraft:yellow_concrete":1,"minecraft:black_bed":3,"minecraft:chiseled_stone_bricks":14,"minecraft:vine":6,"minecraft:raw_copper_block":1,"minecraft:carrots":38,"minecraft:lectern":1,"minecraft:short_grass":39,"minecraft:dirt_path":2,"minecraft:crafting_table":13,"minecraft:deepslate_redstone_ore":99,"minecraft:leaf_litter":76,"minecraft:coarse_dirt":2,"minecraft:copper_ore":221,"minecraft:raw_iron_block":1,"minecraft:cave_vines_plant":2,"minecraft:blast_furnace":3,"minecraft:birch_door":1,"minecraft:iron_block":1,"minecraft:birch_planks":15,"minecraft:white_wall_banner":1,"minecraft:stone_bricks":57,"minecraft:bush":2,"minecraft:sculk_sensor":1,"minecraft:wheat":34,"minecraft:red_sand":2,"minecraft:oak_trapdoor":16,"minecraft:dried_ghast":1,"minecraft:mangrove_stairs":4,"minecraft:red_terracotta":3,"minecraft:soul_sand":58,"minecraft:light_gray_terracotta":1,"minecraft:soul_soil":48,"minecraft:barrel":7,"minecraft:mossy_cobblestone":24,"minecraft:grass_block":1005,"minecraft:stone_brick_slab":3,"minecraft:tuff_bricks":2,"minecraft:potted_spruce_sapling":1,"minecraft:pale_oak_leaves":93,"minecraft:calcite":9,"minecraft:spruce_slab":20,"minecraft:red_banner":2,"minecraft:pale_oak_sapling":2,"minecraft:smooth_basalt":11,"minecraft:white_terracotta":5,"minecraft:amethyst_block":13,"minecraft:stripped_dark_oak_log":2,"minecraft:obsidian":37,"minecraft:waxed_oxidized_copper_grate":4,"minecraft:cave_vines":1,"minecraft:pale_moss_carpet":3,"minecraft:stripped_spruce_log":3,"minecraft:birch_leaves":36,"minecraft:oak_fence":2,"minecraft:moss_block":1,"minecraft:bamboo":18,"minecraft:decorated_pot":7,"minecraft:fern":38,"minecraft:stone_brick_stairs":7,"minecraft:deepslate_diamond_ore":136,"minecraft:potatoes":14,"minecraft:mangrove_propagule":1,"minecraft:iron_ore":224,"minecraft:beetroots":2,"minecraft:pale_moss_block":6,"minecraft:podzol":212,"minecraft:oak_planks":92,"minecraft:cobblestone":101,"minecraft:tuff_brick_slab":2,"minecraft:sugar_cane":131,"minecraft:mangrove_leaves":12,"minecraft:red_mushroom_block":1,"minecraft:furnace":3,"minecraft:yellow_terracotta":3,"minecraft:deepslate_coal_ore":1,"minecraft:wildflowers":12,"minecraft:pointed_dripstone":8,"minecraft:tall_seagrass":4,"minecraft:dirt":2061,"minecraft:ladder":157,"minecraft:basalt":842,"minecraft:deepslate":2639,"minecraft:cherry_planks":1,"minecraft:snow":248,"minecraft:cherry_slab":19,"minecraft:deepslate_tile_stairs":40,"minecraft:oak_log":150,"minecraft:pale_oak_stairs":13,"minecraft:redstone_ore":9,"minecraft:cherry_log":113,"minecraft:sculk":2,"minecraft:spawner":1,"minecraft:oak_slab":17,"minecraft:gravel":310,"minecraft:verdant_froglight":1,"minecraft:gold_ore":17,"minecraft:andesite":57,"minecraft:chiseled_bookshelf":7,"minecraft:deepslate_gold_ore":117,"minecraft:ice":30,"minecraft:nether_bricks":2,"minecraft:dark_oak_leaves":11,"minecraft:polished_andesite_slab":3,"minecraft:poppy":5,"minecraft:deepslate_lapis_ore":15,"minecraft:deepslate_iron_ore":179,"minecraft:amethyst_cluster":3,"minecraft:black_terracotta":2,"minecraft:stone":2431,"minecraft:deepslate_brick_stairs":1,"minecraft:orange_terracotta":2,"minecraft:granite":42,"minecraft:spruce_fence":2,"minecraft:coal_ore":148,"minecraft:diorite":265,"minecraft:ancient_debris":77,"minecraft:spruce_trapdoor":12,"minecraft:white_bed":1,"minecraft:polished_deepslate":11,"minecraft:sculk_vein":1,"minecraft:bookshelf":11,"minecraft:creaking_heart":2,"minecraft:oak_stairs":17,"minecraft:mangrove_log":7,"minecraft:cobweb":22,"minecraft:spruce_leaves":352,"minecraft:cobbled_deepslate":17,"minecraft:tuff":1153,"minecraft:polished_tuff":1,"minecraft:pale_oak_log":290,"minecraft:nether_gold_ore":52,"minecraft:pale_oak_planks":50,"minecraft:soul_lantern":2,"minecraft:polished_andesite":2,"minecraft:quartz_pillar":9,"minecraft:bell":1},"minecraft:dropped":{"minecraft:soul_soil":44,"minecraft:andesite":13,"minecraft:sweet_berries":5,"minecraft:magma_block":29,"minecraft:nether_brick":3,"minecraft:flow_banner_pattern":1,"minecraft:gravel":9,"minecraft:bone":52,"minecraft:poppy":65,"minecraft:bowl":2,"minecraft:blackstone":83,"minecraft:enchanted_book":1,"minecraft:raw_gold":4,"minecraft:crossbow":2,"minecraft:oak_sapling":3,"minecraft:filled_map":3,"minecraft:cooked_chicken":10,"minecraft:redstone":5,"minecraft:tuff":9,"minecraft:arrow":85,"minecraft:spruce_sapling":13,"minecraft:carrot":3,"minecraft:gunpowder":16,"minecraft:stone_axe":3,"minecraft:cooked_mutton":15,"minecraft:dark_oak_log":1,"minecraft:baked_potato":15,"minecraft:diorite":22,"minecraft:golden_apple":1,"minecraft:tipped_arrow":4,"minecraft:rotten_flesh":189,"minecraft:stone_shovel":1,"minecraft:torch":6,"minecraft:leather_leggings":1,"minecraft:ominous_trial_key":7,"minecraft:bow":6,"minecraft:cooked_cod":4,"minecraft:dirt":163,"minecraft:raw_copper":70,"minecraft:golden_chestplate":2,"minecraft:chest":1,"minecraft:sculk":1,"minecraft:rail":1,"minecraft:bookshelf":3,"minecraft:coal":16,"minecraft:spruce_boat":1,"minecraft:glass_bottle":5,"minecraft:bamboo":1,"minecraft:cooked_beef":16,"minecraft:silence_armor_trim_smithing_template":1,"minecraft:written_book":5,"minecraft:cookie":1,"minecraft:slime_ball":15,"minecraft:crafting_table":1,"minecraft:netherrack":1179,"minecraft:mutton":1,"minecraft:cooked_porkchop":8,"minecraft:glow_ink_sac":2,"minecraft:iron_axe":1,"minecraft:diamond_shovel":2,"minecraft:oak_planks":207,"minecraft:mossy_cobblestone":11,"minecraft:lead":1,"minecraft:basalt":50,"minecraft:tuff_brick_slab":1,"minecraft:kelp":2,"minecraft:cobbled_deepslate":640,"minecraft:music_disc_lava_chicken":2,"minecraft:egg":6,"minecraft:wheat_seeds":6,"minecraft:iron_ingot":23,"minecraft:spruce_trapdoor":2,"minecraft:paper":2,"minecraft:heavy_core":1,"minecraft:diamond_pickaxe":3,"minecraft:string":42,"minecraft:golden_boots":1,"minecraft:deepslate_tile_stairs":4,"minecraft:stick":131,"minecraft:spider_eye":26,"minecraft:snowball":70,"minecraft:ladder":33,"minecraft:cobblestone":259,"minecraft:nether_wart_block":1,"minecraft:spruce_planks":63,"minecraft:leather_boots":2,"minecraft:wind_charge":5,"minecraft:diamond_axe":2,"minecraft:potion":1,"minecraft:diamond_chestplate":2,"minecraft:granite":5,"minecraft:dripstone_block":2,"minecraft:diamond":85,"minecraft:bone_meal":32,"minecraft:beetroot_seeds":2,"minecraft:sculk_sensor":1,"minecraft:map":3,"minecraft:netherite_sword":1,"minecraft:leaf_litter":14,"minecraft:pale_oak_log":25,"minecraft:sculk_vein":1,"minecraft:flint":66,"minecraft:diamond_sword":4,"minecraft:iron_sword":1,"minecraft:gold_nugget":77,"minecraft:spruce_fence":255,"minecraft:netherite_upgrade_smithing_template":6,"minecraft:amethyst_shard":28,"minecraft:cod":1},"minecraft:used":{"minecraft:polished_tuff":65,"minecraft:birch_door":2,"minecraft:diamond_helmet":1,"minecraft:birch_sign":3,"minecraft:white_banner":3,"minecraft:diamond_sword":851,"minecraft:cobbled_deepslate_slab":34,"minecraft:mangrove_boat":17,"minecraft:cherry_planks":29,"minecraft:wheat_seeds":34,"minecraft:raw_copper_block":1,"minecraft:black_terracotta":2,"minecraft:decorated_pot":14,"minecraft:deepslate_tile_slab":449,"minecraft:stripped_pale_oak_log":2,"minecraft:oak_log":195,"minecraft:spruce_slab":159,"minecraft:stonecutter":4,"minecraft:polished_deepslate_slab":41,"minecraft:diamond_axe":1246,"minecraft:poppy":2,"minecraft:snowball":203,"minecraft:pale_oak_stairs":161,"minecraft:moss_block":1,"minecraft:calcite":64,"minecraft:pointed_dripstone":5,"minecraft:large_amethyst_bud":1,"minecraft:spruce_hanging_sign":1,"minecraft:iron_leggings":2,"minecraft:cobbled_deepslate":348,"minecraft:quartz_pillar":509,"minecraft:mossy_cobblestone":12,"minecraft:deepslate_brick_slab":84,"minecraft:pale_oak_trapdoor":10,"minecraft:red_sand":2,"minecraft:anvil":6,"minecraft:spruce_fence_gate":4,"minecraft:goat_horn":11,"minecraft:written_book":49,"minecraft:sand":6,"minecraft:wind_charge":5,"minecraft:glow_ink_sac":14,"minecraft:shears":47,"minecraft:mangrove_planks":268,"minecraft:waxed_oxidized_copper_grate":4,"minecraft:bucket":11,"minecraft:oak_sapling":13,"minecraft:flower_pot":7,"minecraft:brown_egg":1,"minecraft:oak_trapdoor":137,"minecraft:nether_bricks":2,"minecraft:string":6,"minecraft:wildflowers":11,"minecraft:shield":71,"minecraft:birch_slab":9,"minecraft:deepslate":16,"minecraft:iron_pickaxe":84,"minecraft:andesite":141,"minecraft:polished_deepslate":11,"minecraft:pale_oak_sapling":29,"minecraft:dark_oak_log":413,"minecraft:iron_sword":397,"minecraft:stone_brick_slab":25,"minecraft:deepslate_bricks":192,"minecraft:verdant_froglight":1,"minecraft:light_gray_terracotta":1,"minecraft:cooked_mutton":205,"minecraft:cookie":1,"minecraft:stone_bricks":385,"minecraft:minecart":1,"minecraft:diorite":14,"minecraft:pale_oak_boat":36,"minecraft:spruce_door":12,"minecraft:map":3,"minecraft:diamond_leggings":2,"minecraft:pale_oak_planks":456,"minecraft:cobblestone":546,"minecraft:diamond_chestplate":1,"minecraft:stone":161,"minecraft:golden_apple":4,"minecraft:chain":11,"minecraft:crafting_table":27,"minecraft:spruce_sign":42,"minecraft:red_dye":3,"minecraft:iron_chestplate":2,"minecraft:spruce_trapdoor":56,"minecraft:potion":16,"minecraft:tuff_bricks":2,"minecraft:bush":1,"minecraft:air":4,"minecraft:baked_potato":39,"minecraft:apple":2,"minecraft:scaffolding":62,"minecraft:moss_carpet":16,"minecraft:red_banner":11,"minecraft:black_concrete":1,"minecraft:spruce_log":366,"minecraft:water_bucket":8,"minecraft:soul_sand":8,"minecraft:bread":4,"minecraft:torch":500,"minecraft:black_bed":5,"minecraft:chiseled_stone_bricks":164,"minecraft:pink_dye":2,"minecraft:cobblestone_stairs":6,"minecraft:yellow_terracotta":3,"minecraft:cobweb":5,"minecraft:gravel":12,"minecraft:beacon":1,"minecraft:cooked_chicken":40,"minecraft:white_wool":1,"minecraft:red_terracotta":3,"minecraft:snow_block":12,"minecraft:deepslate_tile_stairs":220,"minecraft:amethyst_block":3,"minecraft:dark_oak_trapdoor":23,"minecraft:chest":97,"minecraft:cauldron":3,"minecraft:leaf_litter":50,"minecraft:player_head":7,"minecraft:ominous_trial_key":10,"minecraft:iron_block":140,"minecraft:netherite_shovel":2126,"minecraft:netherite_axe":2836,"minecraft:potato":14,"minecraft:mangrove_slab":107,"minecraft:glass_bottle":12,"minecraft:black_carpet":18,"minecraft:oak_sign":20,"minecraft:lantern":63,"minecraft:glass_pane":69,"minecraft:netherite_pickaxe":20300,"minecraft:cooked_porkchop":66,"minecraft:granite":3,"minecraft:soul_lantern":4,"minecraft:coarse_dirt":2,"minecraft:chiseled_tuff_bricks":1,"minecraft:pale_oak_sign":7,"minecraft:smithing_table":2,"minecraft:pale_oak_door":7,"minecraft:cherry_slab":539,"minecraft:blackstone":5,"minecraft:beetroot_seeds":2,"minecraft:stone_pickaxe":9,"minecraft:mangrove_roots":51,"minecraft:netherrack":390,"minecraft:spruce_boat":4,"minecraft:suspicious_stew":1,"minecraft:diamond_shovel":1747,"minecraft:deepslate_diamond_ore":12,"minecraft:birch_planks":177,"minecraft:rotten_flesh":2,"minecraft:writable_book":207,"minecraft:bone_meal":16,"minecraft:item_frame":66,"minecraft:dark_oak_planks":91,"minecraft:dirt":485,"minecraft:compass":1,"minecraft:obsidian":10,"minecraft:stripped_spruce_log":3,"minecraft:spruce_leaves":33,"minecraft:dark_oak_sapling":30,"minecraft:spruce_planks":1249,"minecraft:oak_leaves":2,"minecraft:orange_terracotta":2,"minecraft:basalt":3,"minecraft:birch_log":1,"minecraft:cooked_cod":64,"minecraft:rail":1,"minecraft:lectern":6,"minecraft:stone_brick_stairs":65,"minecraft:spyglass":75,"minecraft:splash_potion":3,"minecraft:deepslate_tiles":514,"minecraft:dripstone_block":3,"minecraft:chiseled_bookshelf":88,"minecraft:oak_planks":429,"minecraft:totem_of_undying":2,"minecraft:sugar_cane":10,"minecraft:trial_key":8,"minecraft:stone_axe":76,"minecraft:purple_dye":1,"minecraft:spruce_fence":46,"minecraft:white_terracotta":5,"minecraft:netherite_sword":2508,"minecraft:orange_candle":3,"minecraft:spruce_stairs":130,"minecraft:cherry_sapling":18,"minecraft:bookshelf":140,"minecraft:diamond_pickaxe":7952,"minecraft:nether_brick":1,"minecraft:ladder":248,"minecraft:stripped_dark_oak_log":2,"minecraft:crossbow":59,"minecraft:magma_block":31,"minecraft:blast_furnace":4,"minecraft:tuff":20,"minecraft:stone_sword":8,"minecraft:sweet_berries":51,"minecraft:pearlescent_froglight":1,"minecraft:ominous_bottle":1,"minecraft:oak_slab":27,"minecraft:mace":22,"minecraft:dead_bush":1,"minecraft:hopper":1,"minecraft:polished_andesite":17,"minecraft:carrot":134,"minecraft:birch_boat":25,"minecraft:oak_fence_gate":21,"minecraft:white_bed":1,"minecraft:diamond_boots":2,"minecraft:light_blue_dye":4,"minecraft:wither_skeleton_skull":5,"minecraft:bell":3,"minecraft:pale_oak_log":50,"minecraft:amethyst_cluster":14,"minecraft:deepslate_brick_wall":16,"minecraft:furnace":17,"minecraft:barrel":22,"minecraft:iron_boots":1,"minecraft:waxed_cut_copper_slab":1,"minecraft:oak_button":18,"minecraft:mangrove_stairs":8,"minecraft:dried_kelp":1,"minecraft:spruce_button":1,"minecraft:stone_stairs":4,"minecraft:deepslate_brick_stairs":60,"minecraft:oak_stairs":26,"minecraft:cherry_log":8,"minecraft:cooked_beef":189,"minecraft:waxed_oxidized_cut_copper":1,"minecraft:ender_chest":1,"minecraft:flint_and_steel":3,"minecraft:redstone_torch":1,"minecraft:iron_helmet":1,"minecraft:pale_moss_carpet":3,"minecraft:brown_wool":1,"minecraft:spruce_sapling":45,"minecraft:polished_andesite_slab":9,"minecraft:ender_pearl":2}},"DataVersion":4440}