{"stats":{"minecraft:custom":{"minecraft:interact_with_crafting_table":4,"minecraft:time_since_rest":15112,"minecraft:walk_one_cm":41686,"minecraft:leave_game":2,"minecraft:mob_kills":9,"minecraft:damage_taken":190,"minecraft:damage_dealt":801,"minecraft:play_time":15112,"minecraft:jump":407,"minecraft:time_since_death":15112,"minecraft:interact_with_furnace":5,"minecraft:sprint_one_cm":44785,"minecraft:open_chest":3,"minecraft:fall_one_cm":9900,"minecraft:total_world_time":15112,"minecraft:fly_one_cm":91341,"minecraft:walk_on_water_one_cm":740,"minecraft:crouch_one_cm":1038,"minecraft:sneak_time":282,"minecraft:climb_one_cm":3785},"minecraft:killed":{"minecraft:skeleton":1,"minecraft:sheep":8},"minecraft:picked_up":{"minecraft:spruce_log":5,"minecraft:spruce_sapling":2,"minecraft:stick":2,"minecraft:cobblestone":3,"minecraft:white_wool":8,"minecraft:mutton":11,"minecraft:crafting_table":1,"minecraft:bone":1},"minecraft:crafted":{"minecraft:stick":4,"minecraft:wooden_axe":1,"minecraft:wooden_pickaxe":1,"minecraft:baked_potato":28,"minecraft:spruce_planks":20,"minecraft:crafting_table":1},"minecraft:used":{"minecraft:baked_potato":4,"minecraft:wooden_axe":11,"minecraft:crafting_table":1,"minecraft:wooden_pickaxe":3,"minecraft:mutton":3},"minecraft:mined":{"minecraft:spruce_log":6,"minecraft:crafting_table":1,"minecraft:large_fern":1,"minecraft:spruce_leaves":20,"minecraft:stone":3}},"DataVersion":4440}