{"stats":{"minecraft:killed_by":{"minecraft:skeleton":2,"minecraft:player":18,"minecraft:piglin":1,"minecraft:drowned":1,"minecraft:zombie":6},"minecraft:custom":{"minecraft:eat_cake_slice":43,"minecraft:time_since_rest":6148,"minecraft:leave_game":123,"minecraft:boat_one_cm":1674084,"minecraft:damage_absorbed":297,"minecraft:time_since_death":6136,"minecraft:interact_with_furnace":561,"minecraft:happy_ghast_one_cm":2479711,"minecraft:total_world_time":4413431,"minecraft:crouch_one_cm":430631,"minecraft:raid_win":2,"minecraft:climb_one_cm":324549,"minecraft:deaths":76,"minecraft:interact_with_stonecutter":7,"minecraft:animals_bred":14,"minecraft:traded_with_villager":455,"minecraft:damage_blocked_by_shield":2220,"minecraft:interact_with_crafting_table":266,"minecraft:inspect_dropper":18,"minecraft:walk_one_cm":15496684,"minecraft:walk_under_water_one_cm":2267145,"minecraft:horse_one_cm":3117851,"minecraft:damage_dealt":68980,"minecraft:play_time":4413431,"minecraft:jump":145403,"minecraft:play_record":28,"minecraft:sprint_one_cm":23980044,"minecraft:inspect_hopper":8,"minecraft:fly_one_cm":42699000,"minecraft:walk_on_water_one_cm":1484333,"minecraft:interact_with_blast_furnace":21,"minecraft:interact_with_grindstone":1,"minecraft:talked_to_villager":241,"minecraft:damage_taken":80954,"minecraft:mob_kills":371,"minecraft:interact_with_beacon":29,"minecraft:open_enderchest":34,"minecraft:damage_dealt_absorbed":1,"minecraft:interact_with_brewingstand":5,"minecraft:interact_with_smithing_table":10,"minecraft:sleep_in_bed":3,"minecraft:inspect_dispenser":40,"minecraft:swim_one_cm":3068828,"minecraft:pot_flower":1,"minecraft:player_kills":41,"minecraft:enchant_item":1,"minecraft:interact_with_loom":2,"minecraft:interact_with_lectern":34,"minecraft:drop":907,"minecraft:bell_ring":8,"minecraft:open_barrel":334,"minecraft:open_chest":3843,"minecraft:interact_with_smoker":9,"minecraft:fall_one_cm":5686610,"minecraft:tune_noteblock":22,"minecraft:interact_with_anvil":31,"minecraft:sneak_time":62676,"minecraft:raid_trigger":4},"minecraft:broken":{"minecraft:golden_axe":1,"minecraft:iron_shovel":1,"minecraft:iron_boots":1},"minecraft:crafted":{"minecraft:iron_trapdoor":1,"minecraft:stone_brick_wall":126,"minecraft:wooden_axe":2,"minecraft:brick_slab":288,"minecraft:nether_brick":13,"minecraft:gold_ingot":171,"minecraft:book":5,"minecraft:birch_trapdoor":72,"minecraft:stone_bricks":460,"minecraft:birch_door":24,"minecraft:diamond_pickaxe":5,"minecraft:chest":25,"minecraft:iron_block":26,"minecraft:bookshelf":1,"minecraft:stone_slab":168,"minecraft:bow":9,"minecraft:bucket":9,"minecraft:flint_and_steel":1,"minecraft:item_frame":25,"minecraft:dark_oak_planks":32,"minecraft:cauldron":1,"minecraft:jukebox":1,"minecraft:diamond_shovel":5,"minecraft:glass":32,"minecraft:oak_sign":18,"minecraft:mangrove_planks":16,"minecraft:iron_hoe":1,"minecraft:wooden_hoe":1,"minecraft:oak_trapdoor":32,"minecraft:red_wool":9,"minecraft:deepslate_tiles":4,"minecraft:netherite_upgrade_smithing_template":8,"minecraft:netherite_helmet":1,"minecraft:polished_diorite":196,"minecraft:coal_block":1,"minecraft:terracotta":7,"minecraft:dark_oak_boat":1,"minecraft:smooth_stone":237,"minecraft:cooked_beef":1,"minecraft:diamond":135,"minecraft:blue_dye":189,"minecraft:oak_slab":42,"minecraft:golden_carrot":159,"minecraft:spruce_sign":9,"minecraft:brick":2093,"minecraft:barrel":2,"minecraft:apple":48,"minecraft:paper":219,"minecraft:furnace":4,"minecraft:netherite_leggings":1,"minecraft:iron_ingot":317,"minecraft:waxed_cut_copper_stairs":128,"minecraft:diamond_helmet":1,"minecraft:scaffolding":96,"minecraft:tripwire_hook":2,"minecraft:stone":577,"minecraft:diamond_leggings":1,"minecraft:enchanted_book":6,"minecraft:baked_potato":76,"minecraft:clay":2,"minecraft:bamboo_planks":434,"minecraft:iron_axe":1,"minecraft:spruce_button":116,"minecraft:cobblestone_stairs":24,"minecraft:cooked_salmon":8,"minecraft:diamond_boots":1,"minecraft:map":26,"minecraft:stick":6188,"minecraft:deepslate_bricks":4,"minecraft:stone_brick_slab":522,"minecraft:compass":24,"minecraft:smooth_stone_slab":144,"minecraft:cooked_porkchop":9,"minecraft:diamond_axe":2,"minecraft:polished_andesite":48,"minecraft:air":0,"minecraft:bone_meal":42,"minecraft:oak_boat":5,"minecraft:snow_block":217,"minecraft:glass_bottle":126,"minecraft:pumpkin_pie":288,"minecraft:red_dye":8,"minecraft:quartz_block":33,"minecraft:oak_button":8,"minecraft:lapis_lazuli":189,"minecraft:oak_planks":1096,"minecraft:red_concrete_powder":32,"minecraft:cooked_cod":3,"minecraft:coal":306,"minecraft:melon_seeds":10,"minecraft:shears":3,"minecraft:iron_shovel":3,"minecraft:golden_axe":2,"minecraft:polished_deepslate":4,"minecraft:cooked_chicken":1,"minecraft:birch_planks":1780,"minecraft:stone_pickaxe":1,"minecraft:anvil":2,"minecraft:sea_lantern":2,"minecraft:wooden_pickaxe":1,"minecraft:spruce_slab":18,"minecraft:oak_door":21,"minecraft:netherite_boots":2,"minecraft:diamond_chestplate":1,"minecraft:diamond_sword":3,"minecraft:bamboo_block":161,"minecraft:emerald":327,"minecraft:netherite_scrap":4,"minecraft:spruce_trapdoor":50,"minecraft:polished_diorite_slab":78,"minecraft:spruce_boat":2,"minecraft:cooked_rabbit":2,"minecraft:copper_ingot":18,"minecraft:brick_stairs":400,"minecraft:bread":810,"minecraft:orange_concrete_powder":720,"minecraft:bamboo_stairs":8,"minecraft:blue_concrete_powder":1384,"minecraft:golden_hoe":1,"minecraft:crafting_table":17,"minecraft:netherite_chestplate":2,"minecraft:bricks":824,"minecraft:diorite_slab":54,"minecraft:torch":72,"minecraft:white_bed":7,"minecraft:polished_andesite_slab":96,"minecraft:birch_slab":380,"minecraft:quartz_stairs":20,"minecraft:crossbow":1,"minecraft:spruce_planks":3584,"minecraft:iron_pickaxe":2,"minecraft:copper_block":1},"minecraft:killed":{"minecraft:stray":11,"minecraft:pig":3,"minecraft:piglin":2,"minecraft:vindicator":16,"minecraft:bat":2,"minecraft:silverfish":2,"minecraft:salmon":2,"minecraft:zombie":139,"minecraft:zombie_villager":1,"minecraft:rabbit":3,"minecraft:drowned":16,"minecraft:cow":12,"minecraft:endermite":1,"minecraft:pillager":23,"minecraft:skeleton":29,"minecraft:witch":5,"minecraft:spider":15,"minecraft:bogged":40,"minecraft:husk":2,"minecraft:wither_skeleton":1,"minecraft:creeper":24,"minecraft:sheep":1,"minecraft:enderman":1,"minecraft:evoker":2,"minecraft:breeze":3,"minecraft:blaze":2},"minecraft:picked_up":{"minecraft:sweet_berries":148,"minecraft:pale_oak_log":24,"minecraft:smooth_stone_slab":10,"minecraft:cobblestone":1492,"minecraft:shears":1,"minecraft:brick":91,"minecraft:saddle":5,"minecraft:diorite_wall":3,"minecraft:sugar_cane":302,"minecraft:bone":121,"minecraft:cooked_mutton":2,"minecraft:snow_block":2,"minecraft:diamond_shovel":2,"minecraft:clay_ball":2736,"minecraft:waxed_copper_grate":4,"minecraft:end_stone_brick_stairs":2,"minecraft:sculk_catalyst":1,"minecraft:stripped_spruce_log":3,"minecraft:white_banner":1,"minecraft:blaze_rod":2,"minecraft:emerald":272,"minecraft:sugar":2,"minecraft:book":3,"minecraft:armor_stand":1,"minecraft:ink_sac":2,"minecraft:waxed_cut_copper_stairs":3,"minecraft:wildflowers":4,"minecraft:shroomlight":1,"minecraft:bow":10,"minecraft:birch_boat":3,"minecraft:arrow":157,"minecraft:smooth_basalt":1,"minecraft:red_tulip":1,"minecraft:iron_ingot":28,"minecraft:pale_oak_stairs":5,"minecraft:cactus":1,"minecraft:spruce_slab":15,"minecraft:cherry_stairs":4,"minecraft:blue_concrete":1809,"minecraft:crossbow":18,"minecraft:dandelion":9,"minecraft:brick_stairs":1,"minecraft:firework_rocket":5,"minecraft:lava_bucket":1,"minecraft:mutton":5,"minecraft:cut_sandstone":1,"minecraft:golden_carrot":94,"minecraft:diamond_leggings":2,"minecraft:iron_chestplate":1,"minecraft:waxed_cut_copper":6,"minecraft:rabbit_hide":3,"minecraft:orange_concrete":740,"minecraft:bamboo_stairs":21,"minecraft:stonecutter":1,"minecraft:verdant_froglight":1,"minecraft:cobblestone_stairs":26,"minecraft:oxeye_daisy":1,"minecraft:oak_log":40,"minecraft:lingering_potion":1,"minecraft:sand":2073,"minecraft:furnace":1,"minecraft:wheat_seeds":1828,"minecraft:oak_door":13,"minecraft:egg":23,"minecraft:iron_leggings":1,"minecraft:diamond_sword":1,"minecraft:orange_concrete_powder":1,"minecraft:red_concrete_powder":3,"minecraft:warped_wart_block":13,"minecraft:red_mushroom":1,"minecraft:snowball":1080,"minecraft:chiseled_tuff_bricks":8,"minecraft:oak_button":7,"minecraft:oak_sign":21,"minecraft:beetroot_seeds":2,"minecraft:ender_pearl":3,"minecraft:string":88,"minecraft:golden_sword":1,"minecraft:stone_bricks":42,"minecraft:obsidian":1,"minecraft:writable_book":24,"minecraft:mushroom_stew":1,"minecraft:waxed_copper_bulb":2,"minecraft:pale_oak_trapdoor":2,"minecraft:cornflower":1,"minecraft:warped_fungus":1,"minecraft:ender_chest":5,"minecraft:dark_oak_slab":1,"minecraft:enchanted_book":7,"minecraft:birch_door":1,"minecraft:spruce_sapling":54,"minecraft:iron_block":156,"minecraft:scrape_pottery_sherd":2,"minecraft:tripwire_hook":1,"minecraft:flowering_azalea":1,"minecraft:bamboo_mosaic":4,"minecraft:white_bed":4,"minecraft:bucket":2,"minecraft:guster_banner_pattern":1,"minecraft:leather":39,"minecraft:salmon_bucket":1,"minecraft:honey_bottle":2,"minecraft:cyan_terracotta":1,"minecraft:lead":6,"minecraft:brown_mushroom":1,"minecraft:moss_carpet":14,"minecraft:music_disc_blocks":3,"minecraft:music_disc_tears":1,"minecraft:scaffolding":146,"minecraft:netherite_upgrade_smithing_template":1,"minecraft:prismarine_crystals":1,"minecraft:porkchop":4,"minecraft:carved_pumpkin":3,"minecraft:spruce_sign":35,"minecraft:oak_pressure_plate":1,"minecraft:stick":518,"minecraft:white_concrete":63,"minecraft:polished_tuff":3,"minecraft:bamboo":1753,"minecraft:diamond_boots":2,"minecraft:moss_block":2,"minecraft:cooked_porkchop":2,"minecraft:iron_axe":1,"minecraft:deepslate":458,"minecraft:cookie":11,"minecraft:item_frame":36,"minecraft:raw_iron":103,"minecraft:diamond_chestplate":7,"minecraft:waxed_oxidized_copper_grate":1,"minecraft:mossy_cobblestone":28,"minecraft:netherite_leggings":3,"minecraft:leather_helmet":2,"minecraft:chest":32,"minecraft:lectern":38,"minecraft:netherite_sword":2,"minecraft:dark_oak_trapdoor":7,"minecraft:netherrack":6,"minecraft:cod_bucket":1,"minecraft:red_wool":9,"minecraft:beacon":1,"minecraft:trident":3,"minecraft:stone":309,"minecraft:gravel":789,"minecraft:quartz_block":2,"minecraft:deepslate_tile_stairs":1,"minecraft:tuff":243,"minecraft:cooked_cod":7,"minecraft:potato":109,"minecraft:dark_oak_stairs":1,"minecraft:shield":7,"minecraft:lapis_lazuli":12,"minecraft:ominous_bottle":8,"minecraft:trial_key":18,"minecraft:mangrove_sign":5,"minecraft:black_banner":1,"minecraft:oak_boat":14,"minecraft:oak_planks":38,"minecraft:netherite_chestplate":5,"minecraft:raw_copper":6,"minecraft:red_candle":11,"minecraft:rotten_flesh":260,"minecraft:written_book":7,"minecraft:apple":5,"minecraft:jukebox":8,"minecraft:iron_door":1,"minecraft:poisonous_potato":1,"minecraft:prismarine_shard":4,"minecraft:composter":1,"minecraft:music_disc_ward":2,"minecraft:flint":165,"minecraft:warped_roots":1,"minecraft:redstone":65,"minecraft:deepslate_tiles":23,"minecraft:dark_oak_sign":6,"minecraft:birch_slab":8,"minecraft:flow_banner_pattern":4,"minecraft:orange_terracotta":7,"minecraft:glow_berries":1,"minecraft:firefly_bush":5,"minecraft:lantern":3,"minecraft:melon_slice":192,"minecraft:diamond":289,"minecraft:granite":42,"minecraft:goat_horn":3,"minecraft:dark_oak_sapling":1,"minecraft:stone_brick_slab":13,"minecraft:spruce_button":68,"minecraft:creaking_heart":1,"minecraft:nether_wart":12,"minecraft:salmon":1,"minecraft:packed_ice":8,"minecraft:happy_ghast_spawn_egg":1,"minecraft:spruce_boat":15,"minecraft:gold_block":64,"minecraft:spyglass":1,"minecraft:bowl":2,"minecraft:enchanted_golden_apple":6,"minecraft:chiseled_sandstone":1,"minecraft:hay_block":1,"minecraft:raw_gold":1,"minecraft:stone_sword":1,"minecraft:emerald_block":17,"minecraft:deepslate_bricks":26,"minecraft:polished_blackstone":9,"minecraft:beetroot":1,"minecraft:spruce_planks":138,"minecraft:dirt":636,"minecraft:basalt":47,"minecraft:cooked_rabbit":3,"minecraft:blue_egg":4,"minecraft:diamond_helmet":2,"minecraft:quartz_stairs":7,"minecraft:iron_shovel":1,"minecraft:golden_boots":1,"minecraft:crimson_door":1,"minecraft:azure_bluet":1,"minecraft:torch":163,"minecraft:diamond_pickaxe":16,"minecraft:dripstone_block":2,"minecraft:bread":136,"minecraft:stripped_birch_log":78,"minecraft:red_concrete":182,"minecraft:spruce_log":889,"minecraft:cactus_flower":2,"minecraft:coal":73,"minecraft:stone_stairs":3,"minecraft:birch_planks":62,"minecraft:splash_potion":6,"minecraft:ochre_froglight":11,"minecraft:music_disc_mall":3,"minecraft:golden_axe":1,"minecraft:anvil":1,"minecraft:milk_bucket":2,"minecraft:green_concrete":126,"minecraft:hopper":3,"minecraft:waxed_copper_block":208,"minecraft:birch_sapling":58,"minecraft:totem_of_undying":4,"minecraft:poppy":3,"minecraft:cooked_beef":95,"minecraft:white_wool":47,"minecraft:potion":22,"minecraft:warped_nylium":9,"minecraft:andesite":149,"minecraft:deepslate_tile_slab":29,"minecraft:mangrove_planks":1,"minecraft:copper_ingot":3,"minecraft:ladder":18,"minecraft:amethyst_shard":2,"minecraft:sandstone":4,"minecraft:filled_map":49,"minecraft:brick_slab":5,"minecraft:coal_ore":34,"minecraft:diamond_axe":6,"minecraft:carrot":10,"minecraft:black_terracotta":1,"minecraft:rabbit":3,"minecraft:mangrove_roots":64,"minecraft:polished_deepslate_slab":116,"minecraft:breeze_rod":4,"minecraft:netherite_boots":2,"minecraft:gold_nugget":32,"minecraft:stripped_bamboo_block":20,"minecraft:water_bucket":1,"minecraft:polished_diorite_stairs":10,"minecraft:cod":9,"minecraft:gold_ingot":36,"minecraft:baked_potato":235,"minecraft:bolt_armor_trim_smithing_template":1,"minecraft:melon_seeds":5,"minecraft:glow_ink_sac":4,"minecraft:golden_apple":6,"minecraft:oak_trapdoor":2,"minecraft:honey_block":106,"minecraft:cooked_chicken":44,"minecraft:kelp":146,"minecraft:cobbled_deepslate":2019,"minecraft:pointed_dripstone":2,"minecraft:glowstone_dust":1,"minecraft:pumpkin_seeds":6,"minecraft:music_disc_lava_chicken":2,"minecraft:stone_axe":1,"minecraft:wheat":343,"minecraft:tuff_bricks":101,"minecraft:gunpowder":25,"minecraft:pumpkin_pie":8,"minecraft:netherite_helmet":3,"minecraft:spruce_trapdoor":1,"minecraft:waxed_cut_copper_slab":5,"minecraft:magma_block":63,"minecraft:tinted_glass":1,"minecraft:clock":1,"minecraft:smooth_stone":2,"minecraft:light_gray_wool":1,"minecraft:sea_lantern":4,"minecraft:polished_deepslate":38,"minecraft:leaf_litter":74,"minecraft:pale_oak_planks":10,"minecraft:grass_block":13,"minecraft:pale_oak_boat":2,"minecraft:birch_log":323,"minecraft:music_disc_creator":5,"minecraft:torchflower_seeds":1,"minecraft:pumpkin":2,"minecraft:bamboo_planks":1,"minecraft:spider_eye":12,"minecraft:bone_meal":1,"minecraft:netherite_axe":1,"minecraft:tipped_arrow":82,"minecraft:diorite":164,"minecraft:flower_pot":1,"minecraft:crafting_table":14,"minecraft:ominous_trial_key":8,"minecraft:blue_dye":1,"minecraft:decorated_pot":15,"minecraft:oak_sapling":8,"minecraft:warped_stem":309,"minecraft:bundle":1,"minecraft:beef":25,"minecraft:polished_deepslate_stairs":25,"minecraft:cake":1,"minecraft:wind_charge":81,"minecraft:cobblestone_slab":1,"minecraft:dark_oak_boat":4,"minecraft:music_disc_cat":4,"minecraft:glass_bottle":4,"minecraft:oak_slab":3,"minecraft:netherite_ingot":10,"minecraft:waxed_oxidized_copper":8,"minecraft:iron_hoe":1,"minecraft:cocoa_beans":9,"minecraft:paper":17},"minecraft:mined":{"minecraft:torch":50,"minecraft:dark_oak_wall_sign":1,"minecraft:lever":1,"minecraft:dispenser":1,"minecraft:spruce_log":637,"minecraft:chest":8,"minecraft:pumpkin":2,"minecraft:netherrack":25,"minecraft:quartz_stairs":7,"minecraft:spruce_sapling":1,"minecraft:ochre_froglight":11,"minecraft:spruce_planks":85,"minecraft:honey_block":16,"minecraft:birch_log":317,"minecraft:sweet_berry_bush":24,"minecraft:large_fern":3,"minecraft:magma_block":55,"minecraft:red_wool":9,"minecraft:anvil":1,"minecraft:deepslate_bricks":25,"minecraft:sculk_shrieker":1,"minecraft:dark_oak_trapdoor":7,"minecraft:gold_block":62,"minecraft:diamond_ore":1,"minecraft:wall_torch":27,"minecraft:fire":41,"minecraft:mangrove_planks":1,"minecraft:ender_chest":5,"minecraft:polished_blackstone":10,"minecraft:dripstone_block":2,"minecraft:deepslate_tiles":11,"minecraft:black_wall_banner":1,"minecraft:spruce_wall_sign":4,"minecraft:brick_stairs":1,"minecraft:dandelion":1,"minecraft:glass":5,"minecraft:tripwire_hook":1,"minecraft:kelp":18,"minecraft:oak_wall_sign":7,"minecraft:scaffolding":121,"minecraft:oak_leaves":49,"minecraft:birch_slab":3,"minecraft:brewing_stand":1,"minecraft:clay":591,"minecraft:chiseled_sandstone":1,"minecraft:spruce_button":3,"minecraft:tall_grass":54,"minecraft:waxed_copper_block":223,"minecraft:deepslate_tile_slab":27,"minecraft:emerald_ore":2,"minecraft:lily_pad":1,"minecraft:tripwire":3,"minecraft:flower_pot":1,"minecraft:end_stone_brick_stairs":2,"minecraft:moss_carpet":1,"minecraft:sand":3093,"minecraft:stripped_birch_log":78,"minecraft:seagrass":21,"minecraft:bamboo_sapling":2,"minecraft:spruce_sign":26,"minecraft:stonecutter":1,"minecraft:waxed_cut_copper_slab":6,"minecraft:warped_roots":1,"minecraft:vine":2,"minecraft:raw_copper_block":1,"minecraft:stripped_bamboo_block":20,"minecraft:terracotta":1,"minecraft:carrots":1,"minecraft:lectern":38,"minecraft:short_grass":383,"minecraft:mangrove_wall_sign":2,"minecraft:dirt_path":23,"minecraft:crafting_table":13,"minecraft:flowering_azalea":1,"minecraft:deepslate_redstone_ore":6,"minecraft:dark_oak_stairs":1,"minecraft:leaf_litter":41,"minecraft:copper_ore":6,"minecraft:bamboo_planks":8,"minecraft:smooth_stone":2,"minecraft:bamboo_mosaic":4,"minecraft:packed_ice":7,"minecraft:birch_door":1,"minecraft:iron_block":1,"minecraft:birch_planks":24,"minecraft:stone_bricks":51,"minecraft:orange_concrete_powder":1,"minecraft:bush":13,"minecraft:wheat":492,"minecraft:soul_sand":1,"minecraft:snow_block":313,"minecraft:nether_wart":4,"minecraft:grass_block":1247,"minecraft:stone_brick_slab":10,"minecraft:tuff_bricks":137,"minecraft:spruce_slab":6,"minecraft:jukebox":7,"minecraft:brick_slab":5,"minecraft:smooth_basalt":17,"minecraft:oak_sign":6,"minecraft:red_concrete_powder":3,"minecraft:oak_button":2,"minecraft:bamboo_stairs":20,"minecraft:farmland":2,"minecraft:obsidian":2,"minecraft:waxed_oxidized_copper_grate":3,"minecraft:waxed_oxidized_copper":10,"minecraft:sandstone":8,"minecraft:melon":41,"minecraft:potted_brown_mushroom":1,"minecraft:white_concrete":77,"minecraft:stripped_spruce_log":3,"minecraft:nether_wart_block":1,"minecraft:iron_door":1,"minecraft:birch_leaves":16,"minecraft:smooth_stone_slab":9,"minecraft:moss_block":2,"minecraft:crimson_door":1,"minecraft:bamboo":328,"minecraft:waxed_cut_copper_stairs":4,"minecraft:decorated_pot":52,"minecraft:fern":1,"minecraft:kelp_plant":12,"minecraft:deepslate_diamond_ore":79,"minecraft:potatoes":33,"minecraft:diorite_slab":1,"minecraft:attached_melon_stem":1,"minecraft:pale_oak_trapdoor":1,"minecraft:warped_stem":317,"minecraft:iron_ore":43,"minecraft:pumpkin_stem":2,"minecraft:podzol":18,"minecraft:red_candle":1,"minecraft:oak_planks":24,"minecraft:cobblestone":108,"minecraft:sugar_cane":628,"minecraft:shroomlight":1,"minecraft:mangrove_leaves":3,"minecraft:waxed_cut_copper":7,"minecraft:wildflowers":2,"minecraft:orange_concrete":722,"minecraft:tall_seagrass":12,"minecraft:dirt":1585,"minecraft:hopper":1,"minecraft:ladder":4,"minecraft:basalt":48,"minecraft:deepslate":1811,"minecraft:snow":136,"minecraft:deepslate_tile_stairs":4,"minecraft:oak_log":41,"minecraft:pale_oak_stairs":4,"minecraft:blue_concrete":1875,"minecraft:oak_door":8,"minecraft:polished_diorite_stairs":6,"minecraft:sculk":4,"minecraft:spawner":2,"minecraft:warped_wart_block":16,"minecraft:warped_nylium":11,"minecraft:gravel":1181,"minecraft:waxed_copper_grate":6,"minecraft:polished_deepslate_slab":62,"minecraft:black_wool":1,"minecraft:firefly_bush":5,"minecraft:verdant_froglight":1,"minecraft:andesite":323,"minecraft:dark_oak_slab":1,"minecraft:deepslate_gold_ore":1,"minecraft:ice":78,"minecraft:warped_fungus":1,"minecraft:poppy":1,"minecraft:deepslate_lapis_ore":1,"minecraft:deepslate_iron_ore":7,"minecraft:waxed_copper_bulb":4,"minecraft:stone":9716,"minecraft:granite":105,"minecraft:cobblestone_stairs":27,"minecraft:coal_ore":131,"minecraft:diorite":430,"minecraft:spruce_trapdoor":3,"minecraft:white_bed":4,"minecraft:dark_oak_sign":3,"minecraft:polished_deepslate_stairs":1,"minecraft:polished_deepslate":12,"minecraft:composter":1,"minecraft:bookshelf":1,"minecraft:white_carpet":1,"minecraft:powder_snow":13,"minecraft:cobweb":58,"minecraft:spruce_leaves":82,"minecraft:chiseled_tuff_bricks":9,"minecraft:cobbled_deepslate":65,"minecraft:carved_pumpkin":1,"minecraft:tuff":255,"minecraft:polished_tuff":3,"minecraft:cut_sandstone":1,"minecraft:redstone_wire":1,"minecraft:red_concrete":208,"minecraft:stone_stairs":3},"minecraft:dropped":{"minecraft:dark_oak_sign":2,"minecraft:andesite":11,"minecraft:scrape_pottery_sherd":1,"minecraft:sweet_berries":48,"minecraft:music_disc_tears":1,"minecraft:magma_block":1,"minecraft:flow_banner_pattern":3,"minecraft:mangrove_roots":64,"minecraft:netherite_helmet":5,"minecraft:gravel":6,"minecraft:bone":11,"minecraft:brick":9,"minecraft:ink_sac":1,"minecraft:netherite_chestplate":8,"minecraft:poppy":2,"minecraft:bowl":2,"minecraft:tuff_bricks":44,"minecraft:beetroot":1,"minecraft:enchanted_book":4,"minecraft:spruce_sign":19,"minecraft:crossbow":9,"minecraft:oak_sapling":2,"minecraft:filled_map":16,"minecraft:cooked_chicken":32,"minecraft:diamond_block":14,"minecraft:jukebox":1,"minecraft:golden_carrot":48,"minecraft:book":2,"minecraft:milk_bucket":2,"minecraft:netherite_leggings":5,"minecraft:arrow":3,"minecraft:spruce_sapling":7,"minecraft:carved_pumpkin":1,"minecraft:spruce_log":54,"minecraft:gunpowder":7,"minecraft:deepslate":226,"minecraft:enchanted_golden_apple":1,"minecraft:cooked_mutton":10,"minecraft:baked_potato":198,"minecraft:diorite":64,"minecraft:golden_apple":2,"minecraft:tipped_arrow":3,"minecraft:rotten_flesh":17,"minecraft:iron_helmet":1,"minecraft:torch":4,"minecraft:clock":1,"minecraft:ominous_trial_key":4,"minecraft:bow":14,"minecraft:bucket":4,"minecraft:dirt":148,"minecraft:stone":56,"minecraft:ominous_bottle":12,"minecraft:melon_slice":169,"minecraft:sand":2,"minecraft:deepslate_bricks":1,"minecraft:emerald":134,"minecraft:coal":4,"minecraft:potato":1,"minecraft:glass_bottle":130,"minecraft:bamboo":12,"minecraft:cooked_beef":89,"minecraft:iron_block":6,"minecraft:written_book":5,"minecraft:raw_iron":1,"minecraft:polished_deepslate":3,"minecraft:lapis_lazuli":1,"minecraft:cooked_porkchop":3,"minecraft:terracotta":1,"minecraft:glow_ink_sac":3,"minecraft:diamond_shovel":3,"minecraft:oak_planks":69,"minecraft:red_candle":4,"minecraft:kelp":63,"minecraft:cobbled_deepslate":91,"minecraft:sugar_cane":66,"minecraft:wheat_seeds":526,"minecraft:iron_ingot":29,"minecraft:green_concrete":64,"minecraft:goat_horn":2,"minecraft:paper":149,"minecraft:trident":4,"minecraft:shield":2,"minecraft:glistering_melon_slice":2,"minecraft:netherite_ingot":7,"minecraft:spruce_slab":7,"minecraft:red_tulip":1,"minecraft:warped_roots":1,"minecraft:polished_diorite_slab":7,"minecraft:diamond_pickaxe":15,"minecraft:dandelion":2,"minecraft:string":24,"minecraft:golden_boots":1,"minecraft:oak_sign":3,"minecraft:stick":79,"minecraft:orange_concrete":129,"minecraft:coal_ore":34,"minecraft:cooked_salmon":1,"minecraft:bread":278,"minecraft:spider_eye":1,"minecraft:music_disc_mall":1,"minecraft:firefly_bush":1,"minecraft:netherite_boots":4,"minecraft:snowball":16,"minecraft:ladder":12,"minecraft:leather_helmet":1,"minecraft:netherite_pickaxe":1,"minecraft:cobblestone":603,"minecraft:spruce_planks":146,"minecraft:pumpkin_seeds":1,"minecraft:wind_charge":42,"minecraft:diamond_axe":7,"minecraft:blue_concrete":3,"minecraft:golden_axe":2,"minecraft:potion":8,"minecraft:diamond_helmet":1,"minecraft:white_wool":100,"minecraft:firework_rocket":21,"minecraft:leather":6,"minecraft:diamond_boots":1,"minecraft:diamond_chestplate":6,"minecraft:gold_block":1,"minecraft:diamond_leggings":1,"minecraft:splash_potion":4,"minecraft:granite":1,"minecraft:dripstone_block":1,"minecraft:moss_carpet":3,"minecraft:diamond":41,"minecraft:waxed_copper_block":1,"minecraft:pumpkin_pie":31,"minecraft:birch_sapling":7,"minecraft:orange_terracotta":3,"minecraft:waxed_oxidized_copper":1,"minecraft:water_bucket":1,"minecraft:netherite_sword":2,"minecraft:music_disc_blocks":1,"minecraft:trial_key":6,"minecraft:chiseled_tuff_bricks":3,"minecraft:leaf_litter":6,"minecraft:deepslate_tiles":1,"minecraft:flint":4,"minecraft:diamond_sword":3,"minecraft:polished_deepslate_slab":60,"minecraft:oak_trapdoor":2,"minecraft:netherite_upgrade_smithing_template":5,"minecraft:amethyst_shard":64,"minecraft:writable_book":17},"minecraft:used":{"minecraft:polished_tuff":3,"minecraft:birch_door":3,"minecraft:kelp":147,"minecraft:clay":129,"minecraft:diamond_sword":124,"minecraft:wheat_seeds":589,"minecraft:brick_stairs":403,"minecraft:mushroom_stew":3,"minecraft:glass":20,"minecraft:polished_blackstone":7,"minecraft:decorated_pot":28,"minecraft:deepslate_tile_slab":10,"minecraft:blue_concrete":1531,"minecraft:oak_log":1,"minecraft:sea_lantern":6,"minecraft:spruce_slab":8,"minecraft:polished_deepslate_slab":120,"minecraft:golden_hoe":7,"minecraft:diamond_axe":2451,"minecraft:snowball":96,"minecraft:pale_oak_stairs":5,"minecraft:pointed_dripstone":3,"minecraft:armor_stand":1,"minecraft:bow":9,"minecraft:cod_bucket":3,"minecraft:cobbled_deepslate":582,"minecraft:polished_diorite":157,"minecraft:cod":10,"minecraft:honey_block":12,"minecraft:anvil":2,"minecraft:melon_seeds":12,"minecraft:waxed_cut_copper":93,"minecraft:mutton":3,"minecraft:goat_horn":82,"minecraft:written_book":48,"minecraft:terracotta":6,"minecraft:cooked_salmon":11,"minecraft:sand":168,"minecraft:wind_charge":5,"minecraft:lodestone":2,"minecraft:bamboo_stairs":61,"minecraft:shears":11,"minecraft:waxed_oxidized_copper_grate":1,"minecraft:bucket":73,"minecraft:oak_sapling":5,"minecraft:flower_pot":1,"minecraft:smooth_stone_slab":122,"minecraft:iron_door":1,"minecraft:grass_block":12,"minecraft:string":3,"minecraft:emerald_block":16,"minecraft:shield":38,"minecraft:birch_slab":122,"minecraft:deepslate":76,"minecraft:iron_pickaxe":418,"minecraft:andesite":29,"minecraft:polished_deepslate":11,"minecraft:happy_ghast_spawn_egg":1,"minecraft:orange_concrete":1,"minecraft:bamboo":210,"minecraft:waxed_copper_block":5,"minecraft:firework_rocket":10,"minecraft:oak_boat":17,"minecraft:golden_carrot":193,"minecraft:stone_brick_slab":171,"minecraft:verdant_froglight":1,"minecraft:cactus_flower":2,"minecraft:cooked_mutton":49,"minecraft:ochre_froglight":34,"minecraft:stone_bricks":59,"minecraft:light_gray_wool":1,"minecraft:blue_wool":2,"minecraft:packed_ice":140,"minecraft:smooth_stone":2,"minecraft:oxeye_daisy":1,"minecraft:birch_trapdoor":48,"minecraft:diorite":24,"minecraft:pale_oak_boat":1,"minecraft:wooden_pickaxe":3,"minecraft:pumpkin_seeds":3,"minecraft:waxed_cut_copper_stairs":82,"minecraft:pale_oak_planks":6,"minecraft:cobblestone":340,"minecraft:yellow_glazed_terracotta":56,"minecraft:stone":108,"minecraft:waxed_copper_grate":4,"minecraft:golden_apple":7,"minecraft:crafting_table":28,"minecraft:stripped_birch_log":77,"minecraft:spruce_sign":20,"minecraft:spruce_trapdoor":35,"minecraft:potion":13,"minecraft:tuff_bricks":27,"minecraft:baked_potato":398,"minecraft:apple":3,"minecraft:scaffolding":297,"minecraft:moss_carpet":2,"minecraft:melon_slice":13,"minecraft:stone_hoe":4,"minecraft:spruce_log":146,"minecraft:end_stone_brick_stairs":2,"minecraft:pumpkin":2,"minecraft:water_bucket":55,"minecraft:netherite_boots":5,"minecraft:bread":643,"minecraft:torch":222,"minecraft:red_wool":9,"minecraft:cobblestone_stairs":50,"minecraft:orange_concrete_powder":721,"minecraft:gravel":8,"minecraft:beacon":1,"minecraft:cooked_chicken":56,"minecraft:bamboo_planks":183,"minecraft:snow_block":224,"minecraft:dark_oak_trapdoor":9,"minecraft:dark_oak_boat":4,"minecraft:chest":55,"minecraft:cauldron":1,"minecraft:sandstone":6,"minecraft:stone_brick_wall":83,"minecraft:birch_sapling":18,"minecraft:iron_axe":40,"minecraft:leaf_litter":1,"minecraft:ominous_trial_key":5,"minecraft:brick_slab":101,"minecraft:iron_block":165,"minecraft:netherite_axe":888,"minecraft:black_banner":1,"minecraft:potato":58,"minecraft:glass_bottle":2,"minecraft:wooden_axe":49,"minecraft:oak_sign":24,"minecraft:dark_oak_stairs":1,"minecraft:lantern":16,"minecraft:netherite_pickaxe":7858,"minecraft:cooked_porkchop":8,"minecraft:granite":14,"minecraft:iron_shovel":501,"minecraft:chiseled_tuff_bricks":3,"minecraft:bricks":108,"minecraft:firefly_bush":1,"minecraft:flowering_azalea":1,"minecraft:tinted_glass":1,"minecraft:red_concrete_powder":78,"minecraft:nether_wart":4,"minecraft:pumpkin_pie":186,"minecraft:crimson_door":1,"minecraft:jukebox":7,"minecraft:stone_pickaxe":31,"minecraft:dandelion":1,"minecraft:oak_door":21,"minecraft:netherrack":16,"minecraft:spruce_boat":15,"minecraft:suspicious_stew":1,"minecraft:diamond_shovel":7640,"minecraft:fire_charge":1,"minecraft:birch_planks":956,"minecraft:rotten_flesh":60,"minecraft:sculk_catalyst":1,"minecraft:writable_book":58,"minecraft:bone_meal":76,"minecraft:item_frame":57,"minecraft:glowstone":4,"minecraft:enchanted_book":2,"minecraft:blue_egg":4,"minecraft:dirt":312,"minecraft:dark_oak_sign":4,"minecraft:salmon_bucket":9,"minecraft:dark_oak_sapling":1,"minecraft:spruce_planks":495,"minecraft:oak_leaves":2,"minecraft:cooked_rabbit":5,"minecraft:bamboo_block":20,"minecraft:orange_terracotta":4,"minecraft:basalt":44,"minecraft:birch_log":575,"minecraft:cooked_cod":15,"minecraft:waxed_copper_bulb":2,"minecraft:lectern":39,"minecraft:spyglass":62,"minecraft:iron_trapdoor":1,"minecraft:splash_potion":5,"minecraft:deepslate_tiles":138,"minecraft:red_candle":7,"minecraft:dripstone_block":1,"minecraft:oak_planks":38,"minecraft:totem_of_undying":7,"minecraft:sugar_cane":5,"minecraft:quartz_stairs":23,"minecraft:warped_wart_block":4,"minecraft:trial_key":11,"minecraft:stone_axe":11,"minecraft:netherite_sword":460,"minecraft:mangrove_sign":3,"minecraft:red_concrete":269,"minecraft:milk_bucket":5,"minecraft:bookshelf":1,"minecraft:diamond_pickaxe":8922,"minecraft:ladder":2,"minecraft:crossbow":48,"minecraft:magma_block":35,"minecraft:tuff":34,"minecraft:diorite_slab":16,"minecraft:sweet_berries":108,"minecraft:lava_bucket":6,"minecraft:ominous_bottle":6,"minecraft:oak_slab":13,"minecraft:hopper":2,"minecraft:carrot":11,"minecraft:blue_concrete_powder":1384,"minecraft:birch_boat":2,"minecraft:netherite_chestplate":7,"minecraft:oak_pressure_plate":1,"minecraft:white_bed":5,"minecraft:gold_block":124,"minecraft:netherite_helmet":4,"minecraft:trident":781,"minecraft:polished_diorite_slab":89,"minecraft:iron_hoe":139,"minecraft:netherite_leggings":5,"minecraft:furnace":4,"minecraft:barrel":1,"minecraft:wooden_hoe":2,"minecraft:golden_axe":28,"minecraft:dark_oak_slab":1,"minecraft:white_concrete":104,"minecraft:oak_button":11,"minecraft:tripwire_hook":1,"minecraft:spruce_button":31,"minecraft:cyan_terracotta":1,"minecraft:cooked_beef":158,"minecraft:ender_chest":5,"minecraft:flint_and_steel":96,"minecraft:iron_helmet":1,"minecraft:cornflower":1,"minecraft:carved_pumpkin":1,"minecraft:spruce_sapling":16,"minecraft:polished_andesite_slab":7,"minecraft:egg":17}},"DataVersion":4440}