{"stats":{"minecraft:killed":{"minecraft:zombie":6,"minecraft:skeleton":4,"minecraft:creeper":1},"minecraft:used":{"minecraft:stone_axe":88,"minecraft:birch_sapling":11,"minecraft:sand":102,"minecraft:birch_door":1,"minecraft:sweet_berries":776,"minecraft:potato":1,"minecraft:stone_shovel":4,"minecraft:birch_planks":41,"minecraft:crafting_table":1,"minecraft:ladder":6,"minecraft:oak_planks":128,"minecraft:oak_sapling":13,"minecraft:egg":6,"minecraft:dirt":27},"minecraft:mined":{"minecraft:birch_leaves":10,"minecraft:grass_block":18,"minecraft:oak_planks":2,"minecraft:short_grass":4,"minecraft:birch_sapling":1,"minecraft:sand":100,"minecraft:oak_leaves":86,"minecraft:birch_log":15,"minecraft:leaf_litter":4,"minecraft:oak_log":35,"minecraft:sweet_berry_bush":30,"minecraft:birch_planks":1,"minecraft:oak_sapling":1},"minecraft:crafted":{"minecraft:ladder":6,"minecraft:birch_slab":24,"minecraft:oak_planks":140,"minecraft:birch_planks":60,"minecraft:birch_door":3,"minecraft:crafting_table":1},"minecraft:picked_up":{"minecraft:egg":7,"minecraft:sweet_berries":636,"minecraft:dirt":31,"minecraft:birch_sapling":11,"minecraft:stick":23,"minecraft:oak_planks":2,"minecraft:bone":4,"minecraft:arrow":2,"minecraft:oak_sapling":13,"minecraft:rotten_flesh":6,"minecraft:leaf_litter":43,"minecraft:oak_log":35,"minecraft:potato":1,"minecraft:birch_log":15,"minecraft:sand":102,"minecraft:birch_planks":1,"minecraft:gunpowder":1},"minecraft:custom":{"minecraft:interact_with_crafting_table":5,"minecraft:time_since_rest":43567,"minecraft:walk_one_cm":222474,"minecraft:leave_game":2,"minecraft:walk_under_water_one_cm":1035,"minecraft:mob_kills":13,"minecraft:damage_taken":1540,"minecraft:play_time":43960,"minecraft:damage_dealt":1848,"minecraft:jump":1077,"minecraft:time_since_death":43551,"minecraft:sprint_one_cm":225322,"minecraft:open_chest":1,"minecraft:fall_one_cm":26470,"minecraft:total_world_time":43960,"minecraft:swim_one_cm":16958,"minecraft:fly_one_cm":238933,"minecraft:walk_on_water_one_cm":14690,"minecraft:crouch_one_cm":38986,"minecraft:sneak_time":4948,"minecraft:climb_one_cm":443,"minecraft:deaths":1}},"DataVersion":4440}