{"stats":{"minecraft:killed_by":{"minecraft:player":1,"minecraft:creeper":1,"minecraft:enderman":1,"minecraft:drowned":2},"minecraft:custom":{"minecraft:eat_cake_slice":3,"minecraft:time_since_rest":552341,"minecraft:leave_game":89,"minecraft:boat_one_cm":2389886,"minecraft:time_since_death":552122,"minecraft:interact_with_furnace":303,"minecraft:happy_ghast_one_cm":5635229,"minecraft:total_world_time":3136335,"minecraft:crouch_one_cm":594795,"minecraft:raid_win":1,"minecraft:climb_one_cm":130622,"minecraft:deaths":12,"minecraft:interact_with_stonecutter":75,"minecraft:fish_caught":7,"minecraft:animals_bred":28,"minecraft:minecart_one_cm":218,"minecraft:traded_with_villager":1619,"minecraft:damage_blocked_by_shield":3440,"minecraft:interact_with_crafting_table":318,"minecraft:inspect_dropper":2,"minecraft:walk_one_cm":12127332,"minecraft:walk_under_water_one_cm":206756,"minecraft:horse_one_cm":333808,"minecraft:damage_dealt":406213,"minecraft:play_time":3136335,"minecraft:jump":47570,"minecraft:play_record":10,"minecraft:sprint_one_cm":12566659,"minecraft:fill_cauldron":131,"minecraft:inspect_hopper":63,"minecraft:fly_one_cm":12042294,"minecraft:walk_on_water_one_cm":275223,"minecraft:interact_with_blast_furnace":92,"minecraft:interact_with_grindstone":65,"minecraft:talked_to_villager":1205,"minecraft:damage_taken":18333,"minecraft:mob_kills":4581,"minecraft:interact_with_beacon":1,"minecraft:open_enderchest":166,"minecraft:interact_with_brewingstand":615,"minecraft:interact_with_smithing_table":25,"minecraft:sleep_in_bed":17,"minecraft:inspect_dispenser":8,"minecraft:swim_one_cm":428220,"minecraft:player_kills":1,"minecraft:enchant_item":69,"minecraft:interact_with_loom":2,"minecraft:interact_with_campfire":1,"minecraft:interact_with_lectern":31,"minecraft:drop":565,"minecraft:use_cauldron":19,"minecraft:bell_ring":174,"minecraft:open_barrel":1183,"minecraft:open_chest":3067,"minecraft:interact_with_smoker":35,"minecraft:fall_one_cm":1634633,"minecraft:interact_with_anvil":57,"minecraft:sneak_time":64088},"minecraft:broken":{"minecraft:stone_shovel":4,"minecraft:iron_axe":2,"minecraft:golden_sword":1,"minecraft:stone_axe":1,"minecraft:iron_pickaxe":2,"minecraft:stone_pickaxe":1,"minecraft:shears":1},"minecraft:crafted":{"minecraft:sandstone":18,"minecraft:gold_ingot":192,"minecraft:book":7,"minecraft:iron_chestplate":1,"minecraft:cookie":72,"minecraft:resin_brick":168,"minecraft:flow_armor_trim_smithing_template":6,"minecraft:oak_chest_boat":1,"minecraft:clock":1,"minecraft:netherite_sword":2,"minecraft:oak_fence":6,"minecraft:stone_bricks":25,"minecraft:diamond_pickaxe":1,"minecraft:chest":54,"minecraft:iron_block":15,"minecraft:bookshelf":43,"minecraft:pale_oak_fence":3,"minecraft:stone_slab":6,"minecraft:orange_stained_glass":8,"minecraft:bow":57,"minecraft:ender_pearl":8,"minecraft:bucket":12,"minecraft:light_blue_bundle":1,"minecraft:pale_oak_door":3,"minecraft:ladder":21,"minecraft:oak_stairs":24,"minecraft:dark_oak_planks":52,"minecraft:cauldron":18,"minecraft:stone_hoe":3,"minecraft:jukebox":1,"minecraft:diamond_shovel":2,"minecraft:glass":487,"minecraft:oak_sign":12,"minecraft:spruce_fence":12,"minecraft:oak_trapdoor":2,"minecraft:brewing_stand":10,"minecraft:cobbled_deepslate_slab":4,"minecraft:sugar":20,"minecraft:deepslate_tiles":32,"minecraft:campfire":1,"minecraft:pink_dye":2,"minecraft:netherite_upgrade_smithing_template":26,"minecraft:netherite_helmet":2,"minecraft:polished_basalt":1,"minecraft:yellow_dye":8,"minecraft:polished_diorite":20,"minecraft:polished_andesite_stairs":8,"minecraft:chiseled_tuff_bricks":15,"minecraft:cooked_mutton":2,"minecraft:coal_block":16,"minecraft:iron_boots":1,"minecraft:smooth_stone":1,"minecraft:charcoal":71,"minecraft:cooked_beef":37,"minecraft:diamond":144,"minecraft:stonecutter":1,"minecraft:blue_dye":1,"minecraft:oak_slab":18,"minecraft:golden_carrot":129,"minecraft:fletching_table":7,"minecraft:spruce_sign":12,"minecraft:cherry_planks":12,"minecraft:barrel":8,"minecraft:black_harness":1,"minecraft:paper":351,"minecraft:furnace":7,"minecraft:diorite_wall":6,"minecraft:grindstone":1,"minecraft:netherite_leggings":2,"minecraft:iron_ingot":600,"minecraft:pale_oak_trapdoor":18,"minecraft:tuff_brick_slab":22,"minecraft:diamond_hoe":1,"minecraft:dark_oak_slab":12,"minecraft:lead":6,"minecraft:diamond_helmet":1,"minecraft:resin_bricks":103,"minecraft:stone":145,"minecraft:blaze_powder":62,"minecraft:experience_bottle":12,"minecraft:wolf_armor":1,"minecraft:diamond_leggings":1,"minecraft:enchanted_book":26,"minecraft:baked_potato":475,"minecraft:spruce_stairs":28,"minecraft:shield":3,"minecraft:stone_axe":10,"minecraft:purple_bundle":1,"minecraft:diamond_block":12,"minecraft:netherite_pickaxe":1,"minecraft:birch_stairs":8,"minecraft:bamboo_planks":4,"minecraft:black_wool":1,"minecraft:birch_sign":3,"minecraft:name_tag":1,"minecraft:iron_axe":2,"minecraft:tipped_arrow":20,"minecraft:spruce_button":64,"minecraft:golden_apple":2,"minecraft:cooked_salmon":6,"minecraft:diamond_boots":1,"minecraft:polished_deepslate_wall":10,"minecraft:spruce_hanging_sign":6,"minecraft:writable_book":1,"minecraft:cherry_boat":2,"minecraft:ender_eye":9,"minecraft:stick":38264,"minecraft:deepslate_bricks":31,"minecraft:ender_chest":1,"minecraft:black_dye":2,"minecraft:cooked_porkchop":8,"minecraft:iron_helmet":1,"minecraft:diamond_axe":1,"minecraft:black_banner":2,"minecraft:bolt_armor_trim_smithing_template":8,"minecraft:polished_andesite":27,"minecraft:air":0,"minecraft:redstone":45,"minecraft:bone_meal":42,"minecraft:oak_boat":8,"minecraft:snow_block":31,"minecraft:glass_bottle":384,"minecraft:red_dye":1,"minecraft:quartz_block":249,"minecraft:loom":1,"minecraft:chiseled_tuff":3,"minecraft:pale_oak_boat":2,"minecraft:lapis_lazuli":27,"minecraft:bundle":2,"minecraft:oak_planks":704,"minecraft:gold_nugget":1151,"minecraft:cooked_cod":12,"minecraft:enchanting_table":1,"minecraft:resin_brick_slab":10,"minecraft:melon_seeds":8,"minecraft:fishing_rod":2,"minecraft:shears":4,"minecraft:white_banner":2,"minecraft:stone_shovel":4,"minecraft:white_dye":2,"minecraft:lantern":75,"minecraft:polished_deepslate_stairs":25,"minecraft:cooked_chicken":2,"minecraft:birch_planks":48,"minecraft:hopper":4,"minecraft:stone_pickaxe":3,"minecraft:anvil":5,"minecraft:netherite_ingot":6,"minecraft:emerald_block":1,"minecraft:spruce_slab":18,"minecraft:light_blue_dye":2,"minecraft:tuff_bricks":28,"minecraft:glowstone":17,"minecraft:chain":2,"minecraft:fermented_spider_eye":15,"minecraft:polished_tuff_slab":30,"minecraft:netherite_boots":2,"minecraft:diamond_chestplate":1,"minecraft:diamond_sword":2,"minecraft:bamboo_block":2,"minecraft:iron_nugget":9,"minecraft:emerald":1300,"minecraft:netherite_scrap":25,"minecraft:stone_brick_stairs":15,"minecraft:pale_oak_planks":228,"minecraft:spruce_trapdoor":6,"minecraft:polished_diorite_slab":4,"minecraft:spruce_boat":4,"minecraft:copper_ingot":267,"minecraft:bread":67,"minecraft:deepslate_tile_wall":119,"minecraft:crafting_table":14,"minecraft:netherite_chestplate":2,"minecraft:glistering_melon_slice":18,"minecraft:torch":124,"minecraft:polished_andesite_slab":28,"minecraft:bowl":16,"minecraft:polished_deepslate_slab":42,"minecraft:crossbow":19,"minecraft:spruce_planks":19608,"minecraft:lectern":2,"minecraft:iron_pickaxe":2,"minecraft:resin_brick_stairs":3,"minecraft:copper_block":7,"minecraft:iron_leggings":1},"minecraft:killed":{"minecraft:zombified_piglin":130,"minecraft:stray":2381,"minecraft:pig":1,"minecraft:piglin":13,"minecraft:vindicator":1,"minecraft:silverfish":23,"minecraft:zombie":167,"minecraft:glow_squid":6,"minecraft:chicken":5,"minecraft:squid":6,"minecraft:drowned":50,"minecraft:cow":12,"minecraft:pillager":1,"minecraft:skeleton":1342,"minecraft:iron_golem":1,"minecraft:witch":3,"minecraft:spider":39,"minecraft:husk":44,"minecraft:wither_skeleton":36,"minecraft:cave_spider":17,"minecraft:creeper":61,"minecraft:hoglin":4,"minecraft:sheep":2,"minecraft:enderman":7,"minecraft:evoker":1,"minecraft:magma_cube":113,"minecraft:ghast":5,"minecraft:camel":1,"minecraft:breeze":9,"minecraft:blaze":77},"minecraft:picked_up":{"minecraft:cobblestone_wall":1,"minecraft:music_disc_wait":1,"minecraft:sweet_berries":146,"minecraft:pale_oak_log":86,"minecraft:cobblestone":1552,"minecraft:minecart":4,"minecraft:saddle":3,"minecraft:sugar_cane":1210,"minecraft:bone":1234,"minecraft:rose_bush":1,"minecraft:diamond_shovel":1,"minecraft:clay_ball":4,"minecraft:stripped_spruce_log":6,"minecraft:blaze_rod":128,"minecraft:emerald":23,"minecraft:chainmail_chestplate":1,"minecraft:pale_oak_sapling":18,"minecraft:sugar":5,"minecraft:book":84,"minecraft:ink_sac":23,"minecraft:wildflowers":42,"minecraft:chainmail_helmet":2,"minecraft:bow":80,"minecraft:birch_boat":1,"minecraft:arrow":1355,"minecraft:smooth_basalt":9,"minecraft:iron_ingot":92,"minecraft:cactus":50,"minecraft:spruce_slab":14,"minecraft:crossbow":13,"minecraft:golden_leggings":1,"minecraft:dandelion":8,"minecraft:firework_rocket":30,"minecraft:nautilus_shell":1,"minecraft:mutton":2,"minecraft:golden_carrot":5,"minecraft:stonecutter":8,"minecraft:oak_stairs":5,"minecraft:oak_log":172,"minecraft:sand":91,"minecraft:furnace":9,"minecraft:wheat_seeds":1360,"minecraft:quartz":1020,"minecraft:egg":84,"minecraft:diamond_sword":2,"minecraft:snowball":276,"minecraft:dried_kelp":1,"minecraft:mushroom_stem":1,"minecraft:chiseled_tuff_bricks":6,"minecraft:oak_sign":5,"minecraft:ender_pearl":17,"minecraft:string":70,"minecraft:stone_bricks":48,"minecraft:obsidian":133,"minecraft:leather_boots":2,"minecraft:polished_diorite":8,"minecraft:mushroom_stew":2,"minecraft:pale_oak_trapdoor":33,"minecraft:dark_oak_slab":3,"minecraft:enchanted_book":3,"minecraft:spruce_sapling":458,"minecraft:bucket":1,"minecraft:leather":26,"minecraft:birch_sign":4,"minecraft:slime_block":1,"minecraft:lead":25,"minecraft:brown_mushroom":51,"minecraft:polished_andesite_stairs":8,"minecraft:armadillo_scute":3,"minecraft:moss_carpet":2,"minecraft:ghast_tear":2,"minecraft:music_disc_tears":6,"minecraft:scaffolding":6,"minecraft:birch_stairs":4,"minecraft:porkchop":15,"minecraft:carved_pumpkin":4,"minecraft:spruce_sign":23,"minecraft:music_disc_precipice":2,"minecraft:stick":675,"minecraft:redstone_torch":1,"minecraft:polished_tuff":4,"minecraft:bamboo":23,"minecraft:player_head":14,"minecraft:cauldron":7,"minecraft:cookie":5,"minecraft:item_frame":6,"minecraft:raw_iron":485,"minecraft:diamond_chestplate":1,"minecraft:birch_fence":2,"minecraft:spruce_hanging_sign":7,"minecraft:waxed_oxidized_copper_grate":1,"minecraft:leather_helmet":1,"minecraft:cherry_boat":69,"minecraft:chest":34,"minecraft:lectern":133,"minecraft:cobbled_deepslate_slab":17,"minecraft:netherrack":655,"minecraft:trident":5,"minecraft:stone":35,"minecraft:gravel":171,"minecraft:resin_brick_stairs":4,"minecraft:jungle_planks":6,"minecraft:deepslate_tile_stairs":7,"minecraft:tuff":405,"minecraft:potato":975,"minecraft:purple_bundle":1,"minecraft:lapis_lazuli":621,"minecraft:jungle_log":7,"minecraft:spruce_stairs":3,"minecraft:ominous_bottle":1,"minecraft:trial_key":2,"minecraft:black_banner":2,"minecraft:oak_boat":70,"minecraft:oak_planks":45,"minecraft:netherite_scrap":3,"minecraft:brown_egg":2,"minecraft:raw_copper":1621,"minecraft:purple_bed":3,"minecraft:rotten_flesh":405,"minecraft:written_book":2,"minecraft:ancient_debris":20,"minecraft:apple":5,"minecraft:calcite":11,"minecraft:iron_nugget":10,"minecraft:jukebox":1,"minecraft:cracked_stone_bricks":1,"minecraft:poisonous_potato":7,"minecraft:glow_item_frame":7,"minecraft:polished_andesite":7,"minecraft:brewing_stand":4,"minecraft:flint":28,"minecraft:polished_deepslate_wall":9,"minecraft:redstone":397,"minecraft:deepslate_tiles":4,"minecraft:flow_banner_pattern":1,"minecraft:lantern":47,"minecraft:melon_slice":194,"minecraft:diamond":383,"minecraft:granite":37,"minecraft:goat_horn":1,"minecraft:lily_pad":1,"minecraft:spruce_button":2,"minecraft:bush":2,"minecraft:nether_wart":447,"minecraft:salmon":2,"minecraft:spruce_boat":152,"minecraft:magma_cream":56,"minecraft:bowl":2,"minecraft:enchanted_golden_apple":2,"minecraft:raw_gold":181,"minecraft:emerald_block":1,"minecraft:deepslate_bricks":24,"minecraft:spruce_planks":306,"minecraft:dirt":760,"minecraft:basalt":91,"minecraft:rail":54,"minecraft:pale_oak_door":1,"minecraft:golden_boots":2,"minecraft:azure_bluet":1,"minecraft:torch":114,"minecraft:diamond_pickaxe":4,"minecraft:dripstone_block":11,"minecraft:ender_eye":6,"minecraft:bread":38,"minecraft:red_concrete":2,"minecraft:spruce_log":4727,"minecraft:cactus_flower":13,"minecraft:coal":558,"minecraft:tuff_brick_wall":4,"minecraft:splash_potion":2,"minecraft:music_disc_mall":4,"minecraft:nether_bricks":28,"minecraft:milk_bucket":1,"minecraft:hopper":2,"minecraft:waxed_copper_block":2,"minecraft:birch_sapling":12,"minecraft:totem_of_undying":1,"minecraft:poppy":1,"minecraft:cooked_beef":4,"minecraft:white_wool":22,"minecraft:feather":8,"minecraft:potion":80,"minecraft:fletching_table":5,"minecraft:chiseled_deepslate":8,"minecraft:andesite":86,"minecraft:light_blue_bundle":1,"minecraft:copper_ingot":4,"minecraft:mycelium":12,"minecraft:resin_brick_slab":2,"minecraft:ladder":7,"minecraft:amethyst_shard":344,"minecraft:filled_map":6,"minecraft:vine":1,"minecraft:podzol":1,"minecraft:diamond_axe":2,"minecraft:carrot":562,"minecraft:mangrove_roots":17,"minecraft:polished_deepslate_slab":7,"minecraft:breeze_rod":43,"minecraft:gold_nugget":326,"minecraft:resin_clump":1216,"minecraft:cod":6,"minecraft:chiseled_tuff":1,"minecraft:baked_potato":9,"minecraft:melon_seeds":3,"minecraft:glow_ink_sac":17,"minecraft:polished_tuff_slab":9,"minecraft:polished_andesite_slab":11,"minecraft:oak_trapdoor":5,"minecraft:acacia_slab":1,"minecraft:black_wool":10,"minecraft:chicken":6,"minecraft:nether_brick_stairs":2,"minecraft:golden_chestplate":3,"minecraft:cooked_chicken":3,"minecraft:cobbled_deepslate":3078,"minecraft:pointed_dripstone":10,"minecraft:resin_bricks":3,"minecraft:glowstone_dust":39,"minecraft:pumpkin_seeds":6,"minecraft:music_disc_lava_chicken":9,"minecraft:stone_axe":9,"minecraft:amethyst_block":180,"minecraft:wheat":496,"minecraft:tuff_bricks":12,"minecraft:tuff_brick_slab":34,"minecraft:gunpowder":128,"minecraft:spruce_trapdoor":5,"minecraft:blackstone":36,"minecraft:deepslate_tile_wall":45,"minecraft:cut_sandstone_slab":2,"minecraft:magma_block":36,"minecraft:lever":1,"minecraft:short_grass":181,"minecraft:polished_deepslate":3,"minecraft:leaf_litter":486,"minecraft:pale_oak_planks":17,"minecraft:nether_brick_fence":2,"minecraft:grass_block":7,"minecraft:pale_oak_boat":38,"minecraft:birch_log":25,"minecraft:music_disc_creator":3,"minecraft:pumpkin":2,"minecraft:bamboo_planks":12,"minecraft:spider_eye":37,"minecraft:bone_meal":3,"minecraft:polished_blackstone_wall":3,"minecraft:dark_oak_log":50,"minecraft:tipped_arrow":636,"minecraft:diorite":59,"minecraft:golden_helmet":5,"minecraft:crafting_table":11,"minecraft:ominous_trial_key":5,"minecraft:oak_sapling":58,"minecraft:beef":26,"minecraft:wither_skeleton_skull":2,"minecraft:polished_deepslate_stairs":8,"minecraft:wind_charge":11,"minecraft:cobblestone_slab":3,"minecraft:dark_oak_boat":1,"minecraft:music_disc_cat":2,"minecraft:glass_bottle":5,"minecraft:oak_slab":5,"minecraft:barrel":6,"minecraft:cocoa_beans":292},"minecraft:mined":{"minecraft:torch":51,"minecraft:pale_oak_sapling":7,"minecraft:birch_stairs":4,"minecraft:spruce_log":4764,"minecraft:nether_quartz_ore":726,"minecraft:chest":34,"minecraft:smooth_basalt":9,"minecraft:oak_sign":2,"minecraft:pumpkin":2,"minecraft:netherrack":1365,"minecraft:mycelium":12,"minecraft:spruce_sapling":5,"minecraft:polished_andesite_stairs":8,"minecraft:amethyst_block":180,"minecraft:birch_wall_sign":4,"minecraft:brown_mushroom":16,"minecraft:spruce_wall_hanging_sign":2,"minecraft:spruce_planks":39,"minecraft:birch_log":25,"minecraft:sweet_berry_bush":22,"minecraft:magma_block":39,"minecraft:farmland":2,"minecraft:obsidian":141,"minecraft:waxed_oxidized_copper_grate":1,"minecraft:melon":44,"minecraft:stripped_spruce_log":6,"minecraft:blackstone":38,"minecraft:deepslate_bricks":22,"minecraft:birch_leaves":9,"minecraft:jungle_planks":6,"minecraft:mushroom_stem":16,"minecraft:bamboo":3,"minecraft:nether_brick_fence":2,"minecraft:wall_torch":35,"minecraft:fire":47,"minecraft:deepslate_diamond_ore":193,"minecraft:potatoes":279,"minecraft:attached_melon_stem":1,"minecraft:pale_oak_trapdoor":32,"minecraft:dripstone_block":16,"minecraft:deepslate_tiles":4,"minecraft:oak_sapling":1,"minecraft:iron_ore":112,"minecraft:pumpkin_stem":1,"minecraft:black_wall_banner":1,"minecraft:dark_oak_log":51,"minecraft:spruce_wall_sign":9,"minecraft:dandelion":2,"minecraft:glass":7,"minecraft:oak_planks":51,"minecraft:cobblestone":170,"minecraft:tuff_brick_slab":1,"minecraft:sugar_cane":1221,"minecraft:tripwire_hook":1,"minecraft:lantern":44,"minecraft:resin_brick_stairs":4,"minecraft:oak_wall_sign":2,"minecraft:oak_leaves":44,"minecraft:polished_diorite":6,"minecraft:furnace":9,"minecraft:brown_mushroom_block":90,"minecraft:brewing_stand":4,"minecraft:orange_stained_glass":8,"minecraft:clay":2,"minecraft:spruce_stairs":3,"minecraft:rose_bush":1,"minecraft:fletching_table":5,"minecraft:black_banner":1,"minecraft:spruce_button":2,"minecraft:crimson_roots":1,"minecraft:cracked_stone_bricks":2,"minecraft:wildflowers":12,"minecraft:tall_grass":39,"minecraft:waxed_copper_block":1,"minecraft:pointed_dripstone":5,"minecraft:purple_bed":3,"minecraft:polished_tuff_slab":9,"minecraft:emerald_ore":3,"minecraft:rail":52,"minecraft:cobbled_deepslate_slab":20,"minecraft:dirt":307,"minecraft:cobblestone_wall":1,"minecraft:pale_oak_door":1,"minecraft:acacia_slab":1,"minecraft:hopper":2,"minecraft:basalt":71,"minecraft:sand":97,"minecraft:deepslate":5966,"minecraft:snow":47,"minecraft:seagrass":1,"minecraft:spruce_sign":9,"minecraft:stonecutter":8,"minecraft:deepslate_tile_stairs":3,"minecraft:oak_log":178,"minecraft:infested_deepslate":2,"minecraft:cocoa":81,"minecraft:lapis_ore":6,"minecraft:redstone_ore":4,"minecraft:sculk":23,"minecraft:carrots":148,"minecraft:oak_slab":3,"minecraft:lectern":133,"minecraft:gravel":228,"minecraft:short_grass":256,"minecraft:infested_stone_bricks":1,"minecraft:dirt_path":14,"minecraft:crafting_table":11,"minecraft:deepslate_redstone_ore":84,"minecraft:leaf_litter":235,"minecraft:polished_deepslate_slab":15,"minecraft:jungle_log":7,"minecraft:redstone_wall_torch":1,"minecraft:copper_ore":93,"minecraft:bamboo_planks":8,"minecraft:gold_ore":13,"minecraft:chiseled_tuff":1,"minecraft:nether_brick_stairs":2,"minecraft:andesite":116,"minecraft:glowstone":11,"minecraft:dark_oak_slab":2,"minecraft:deepslate_gold_ore":72,"minecraft:ice":2,"minecraft:budding_amethyst":1,"minecraft:nether_bricks":30,"minecraft:dark_oak_leaves":4,"minecraft:chiseled_deepslate":8,"minecraft:polished_andesite_slab":6,"minecraft:cauldron":7,"minecraft:poppy":2,"minecraft:deepslate_lapis_ore":44,"minecraft:cactus":41,"minecraft:deepslate_iron_ore":125,"minecraft:amethyst_cluster":58,"minecraft:stone":2818,"minecraft:frosted_ice":14,"minecraft:stone_bricks":51,"minecraft:granite":62,"minecraft:bush":4,"minecraft:coal_ore":226,"minecraft:diorite":113,"minecraft:wheat":517,"minecraft:ancient_debris":20,"minecraft:spruce_trapdoor":5,"minecraft:polished_blackstone_wall":3,"minecraft:oak_trapdoor":4,"minecraft:resin_bricks":3,"minecraft:polished_deepslate_stairs":8,"minecraft:polished_deepslate":3,"minecraft:birch_fence":2,"minecraft:sculk_vein":4,"minecraft:bookshelf":27,"minecraft:tuff_brick_wall":4,"minecraft:powder_snow":16,"minecraft:snow_block":65,"minecraft:cactus_flower":4,"minecraft:barrel":7,"minecraft:oak_stairs":5,"minecraft:nether_wart":141,"minecraft:polished_deepslate_wall":9,"minecraft:grass_block":816,"minecraft:cobweb":22,"minecraft:spruce_leaves":83,"minecraft:chiseled_tuff_bricks":3,"minecraft:cobbled_deepslate":65,"minecraft:carved_pumpkin":2,"minecraft:tuff":724,"minecraft:polished_tuff":4,"minecraft:tuff_bricks":8,"minecraft:pale_oak_log":87,"minecraft:nether_gold_ore":46,"minecraft:pale_oak_leaves":2,"minecraft:deepslate_tile_wall":49,"minecraft:calcite":5,"minecraft:spruce_slab":10,"minecraft:pale_oak_planks":10,"minecraft:polished_andesite":8,"minecraft:cobblestone_slab":2,"minecraft:jukebox":1},"minecraft:dropped":{"minecraft:cut_sandstone":2,"minecraft:sugar":1,"minecraft:waxed_oxidized_copper_grate":1,"minecraft:andesite":16,"minecraft:sweet_berries":1,"minecraft:mangrove_roots":17,"minecraft:spruce_button":64,"minecraft:gravel":56,"minecraft:bone":532,"minecraft:glass":47,"minecraft:ink_sac":9,"minecraft:bowl":15,"minecraft:blackstone":19,"minecraft:tuff_bricks":7,"minecraft:enchanted_book":3,"minecraft:spruce_sign":3,"minecraft:polished_deepslate_wall":14,"minecraft:nether_bricks":4,"minecraft:crossbow":9,"minecraft:oak_sapling":4,"minecraft:filled_map":2,"minecraft:polished_tuff_slab":2,"minecraft:redstone":98,"minecraft:golden_carrot":1,"minecraft:tuff":41,"minecraft:book":2,"minecraft:resin_bricks":60,"minecraft:arrow":489,"minecraft:spruce_sapling":64,"minecraft:carrot":55,"minecraft:spruce_log":9,"minecraft:gunpowder":12,"minecraft:smooth_basalt":8,"minecraft:stone_axe":12,"minecraft:baked_potato":3,"minecraft:diorite":9,"minecraft:rotten_flesh":270,"minecraft:cut_sandstone_slab":2,"minecraft:torch":1,"minecraft:stone_sword":1,"minecraft:leather_leggings":1,"minecraft:bow":59,"minecraft:cooked_cod":10,"minecraft:deepslate_tile_wall":19,"minecraft:bucket":1,"minecraft:dirt":120,"minecraft:raw_copper":22,"minecraft:smooth_stone":1,"minecraft:golden_chestplate":2,"minecraft:ominous_bottle":1,"minecraft:melon_slice":6,"minecraft:sand":7,"minecraft:resin_clump":1408,"minecraft:chest":1,"minecraft:purple_bundle":1,"minecraft:deepslate_bricks":1,"minecraft:nether_brick_fence":2,"minecraft:emerald":4,"minecraft:rail":4,"minecraft:coal":1,"minecraft:spruce_boat":3,"minecraft:cracked_stone_bricks":1,"minecraft:glass_bottle":2,"minecraft:brown_mushroom":5,"minecraft:cooked_beef":1,"minecraft:raw_iron":3,"minecraft:item_frame":1,"minecraft:crafting_table":3,"minecraft:vine":1,"minecraft:polished_deepslate":12,"minecraft:golden_helmet":3,"minecraft:netherrack":167,"minecraft:yellow_dye":6,"minecraft:polished_deepslate_stairs":1,"minecraft:diamond_shovel":1,"minecraft:oak_planks":5,"minecraft:porkchop":2,"minecraft:wheat":7,"minecraft:basalt":92,"minecraft:tuff_brick_slab":34,"minecraft:chainmail_helmet":1,"minecraft:cobbled_deepslate":667,"minecraft:music_disc_lava_chicken":2,"minecraft:egg":18,"minecraft:sugar_cane":1,"minecraft:wheat_seeds":68,"minecraft:iron_ingot":39,"minecraft:flint_and_steel":1,"minecraft:chiseled_deepslate":58,"minecraft:paper":10,"minecraft:stone_pickaxe":3,"minecraft:trident":3,"minecraft:spruce_slab":1,"minecraft:polished_basalt":55,"minecraft:polished_tuff":2,"minecraft:copper_ingot":1,"minecraft:polished_andesite_slab":1,"minecraft:diamond_pickaxe":4,"minecraft:dandelion":1,"minecraft:string":12,"minecraft:deepslate_tile_stairs":1,"minecraft:oak_sign":2,"minecraft:stick":332,"minecraft:pale_oak_planks":7,"minecraft:polished_diorite":2,"minecraft:bamboo_planks":4,"minecraft:resin_brick_slab":2,"minecraft:nether_brick_stairs":2,"minecraft:bread":13,"minecraft:spider_eye":1,"minecraft:music_disc_mall":2,"minecraft:snowball":1,"minecraft:leather_helmet":1,"minecraft:totem_of_undying":1,"minecraft:cobblestone":118,"minecraft:spruce_planks":190,"minecraft:light_blue_bundle":1,"minecraft:leather_boots":1,"minecraft:diamond_axe":2,"minecraft:potion":20,"minecraft:leather":1,"minecraft:iron_hoe":1,"minecraft:diamond_chestplate":1,"minecraft:splash_potion":2,"minecraft:quartz":3,"minecraft:granite":28,"minecraft:moss_carpet":1,"minecraft:diamond":27,"minecraft:feather":1,"minecraft:golden_sword":1,"minecraft:waxed_copper_block":1,"minecraft:wildflowers":21,"minecraft:poisonous_potato":3,"minecraft:chiseled_tuff":1,"minecraft:red_concrete":2,"minecraft:chiseled_tuff_bricks":3,"minecraft:stone_bricks":4,"minecraft:leaf_litter":15,"minecraft:beef":1,"minecraft:flint":16,"minecraft:diamond_sword":2,"minecraft:polished_deepslate_slab":42,"minecraft:oak_trapdoor":1,"minecraft:gold_nugget":16,"minecraft:fishing_rod":1,"minecraft:netherite_upgrade_smithing_template":2,"minecraft:pale_oak_trapdoor":4},"minecraft:used":{"minecraft:polished_tuff":88,"minecraft:diamond_helmet":1,"minecraft:cactus":7,"minecraft:birch_sign":5,"minecraft:polished_tuff_slab":37,"minecraft:diamond_sword":4305,"minecraft:cobbled_deepslate_slab":52,"minecraft:acacia_slab":1,"minecraft:campfire":1,"minecraft:resin_brick_stairs":7,"minecraft:wheat_seeds":564,"minecraft:mycelium":8,"minecraft:mushroom_stew":10,"minecraft:glass":16,"minecraft:ender_eye":14,"minecraft:polished_diorite_stairs":4,"minecraft:mushroom_stem":1,"minecraft:deepslate_tile_slab":6,"minecraft:cut_sandstone_slab":6,"minecraft:birch_fence":2,"minecraft:cherry_boat":68,"minecraft:jungle_log":7,"minecraft:spruce_slab":15,"minecraft:stonecutter":9,"minecraft:polished_deepslate_slab":73,"minecraft:diorite_wall":6,"minecraft:powder_snow_bucket":1,"minecraft:diamond_axe":4978,"minecraft:snowball":15,"minecraft:calcite":7,"minecraft:pointed_dripstone":9,"minecraft:bow":14,"minecraft:spruce_hanging_sign":8,"minecraft:iron_leggings":1,"minecraft:loom":1,"minecraft:cobbled_deepslate":571,"minecraft:polished_diorite":22,"minecraft:cod":1,"minecraft:pale_oak_trapdoor":45,"minecraft:stone_shovel":667,"minecraft:fletching_table":11,"minecraft:anvil":5,"minecraft:melon_seeds":9,"minecraft:mutton":2,"minecraft:goat_horn":6,"minecraft:written_book":9,"minecraft:cooked_salmon":6,"minecraft:sand":5,"minecraft:wind_charge":41,"minecraft:glow_ink_sac":4,"minecraft:shears":239,"minecraft:bucket":442,"minecraft:cocoa_beans":101,"minecraft:porkchop":2,"minecraft:oak_sapling":27,"minecraft:brown_egg":2,"minecraft:oak_fence":5,"minecraft:oak_trapdoor":6,"minecraft:grass_block":7,"minecraft:nether_bricks":24,"minecraft:wildflowers":7,"minecraft:shield":27,"minecraft:deepslate":9,"minecraft:iron_pickaxe":511,"minecraft:andesite":47,"minecraft:polished_deepslate":39,"minecraft:chiseled_deepslate":14,"minecraft:pale_oak_sapling":9,"minecraft:dark_oak_log":4,"minecraft:waxed_copper_block":1,"minecraft:oak_boat":69,"minecraft:golden_carrot":128,"minecraft:deepslate_bricks":259,"minecraft:cooked_mutton":2,"minecraft:shroomlight":1,"minecraft:stone_bricks":105,"minecraft:resin_bricks":35,"minecraft:smooth_stone":5,"minecraft:orange_stained_glass":8,"minecraft:diorite":2,"minecraft:redstone":1,"minecraft:pale_oak_boat":40,"minecraft:pumpkin_seeds":2,"minecraft:tuff_brick_slab":26,"minecraft:diamond_leggings":1,"minecraft:pale_oak_planks":86,"minecraft:cobblestone":643,"minecraft:diamond_chestplate":1,"minecraft:crafting_table":21,"minecraft:spruce_sign":28,"minecraft:iron_chestplate":1,"minecraft:spruce_trapdoor":11,"minecraft:potion":126,"minecraft:tuff_bricks":33,"minecraft:bush":2,"minecraft:glow_item_frame":4,"minecraft:baked_potato":427,"minecraft:scaffolding":6,"minecraft:moss_carpet":1,"minecraft:stone_hoe":78,"minecraft:spruce_log":20,"minecraft:pumpkin":1,"minecraft:water_bucket":419,"minecraft:soul_sand":20,"minecraft:deepslate_tile_wall":134,"minecraft:golden_sword":1,"minecraft:netherite_boots":4,"minecraft:bread":87,"minecraft:torch":251,"minecraft:gravel":17,"minecraft:cooked_chicken":4,"minecraft:bamboo_planks":8,"minecraft:snow_block":44,"minecraft:deepslate_tile_stairs":32,"minecraft:amethyst_block":3,"minecraft:chest":81,"minecraft:cauldron":23,"minecraft:enchanting_table":1,"minecraft:deepslate_iron_ore":25,"minecraft:polished_andesite_stairs":23,"minecraft:birch_sapling":8,"minecraft:iron_axe":853,"minecraft:diamond_hoe":34,"minecraft:ominous_trial_key":2,"minecraft:black_banner":2,"minecraft:potato":472,"minecraft:glass_bottle":127,"minecraft:jungle_planks":6,"minecraft:oak_sign":10,"minecraft:lantern":115,"minecraft:netherite_pickaxe":9486,"minecraft:cooked_porkchop":8,"minecraft:granite":8,"minecraft:tuff_brick_wall":4,"minecraft:chiseled_tuff_bricks":26,"minecraft:grindstone":1,"minecraft:pale_oak_door":2,"minecraft:nether_wart":161,"minecraft:blackstone":7,"minecraft:jukebox":2,"minecraft:stone_pickaxe":131,"minecraft:netherrack":321,"minecraft:spruce_boat":147,"minecraft:chiseled_tuff":3,"minecraft:diamond_shovel":820,"minecraft:dried_ghast":1,"minecraft:deepslate_diamond_ore":3,"minecraft:nether_quartz_ore":20,"minecraft:rotten_flesh":5,"minecraft:writable_book":15,"minecraft:bone_meal":241,"minecraft:item_frame":5,"minecraft:glowstone":16,"minecraft:dirt":297,"minecraft:fishing_rod":20,"minecraft:obsidian":19,"minecraft:dark_oak_sign":1,"minecraft:spruce_planks":68,"minecraft:oak_chest_boat":1,"minecraft:rose_bush":1,"minecraft:basalt":63,"minecraft:cooked_cod":2,"minecraft:rail":35,"minecraft:pale_oak_fence":2,"minecraft:deepslate_gold_ore":3,"minecraft:lectern":135,"minecraft:stone_brick_stairs":15,"minecraft:spyglass":76,"minecraft:splash_potion":5,"minecraft:deepslate_tiles":86,"minecraft:dripstone_block":6,"minecraft:resin_brick_slab":8,"minecraft:oak_planks":168,"minecraft:sugar_cane":34,"minecraft:iron_ore":2,"minecraft:trial_key":2,"minecraft:stone_axe":96,"minecraft:spruce_fence":11,"minecraft:polished_deepslate_wall":42,"minecraft:netherite_sword":1556,"minecraft:spruce_stairs":31,"minecraft:milk_bucket":82,"minecraft:purple_bed":4,"minecraft:bookshelf":42,"minecraft:diamond_pickaxe":4088,"minecraft:ladder":14,"minecraft:crossbow":139,"minecraft:magma_block":9,"minecraft:tuff":75,"minecraft:cut_sandstone":12,"minecraft:brewing_stand":14,"minecraft:stone_sword":100,"minecraft:sweet_berries":35,"minecraft:lava_bucket":9,"minecraft:polished_deepslate_stairs":60,"minecraft:cobblestone_wall":7,"minecraft:oak_slab":8,"minecraft:brown_mushroom":5,"minecraft:mace":8,"minecraft:hopper":6,"minecraft:polished_andesite":29,"minecraft:carrot":252,"minecraft:netherite_chestplate":1,"minecraft:polished_blackstone_wall":3,"minecraft:diamond_boots":1,"minecraft:netherite_helmet":2,"minecraft:trident":212,"minecraft:polished_diorite_slab":4,"minecraft:birch_stairs":12,"minecraft:iron_hoe":1,"minecraft:slime_block":1,"minecraft:netherite_leggings":2,"minecraft:deepslate_lapis_ore":1,"minecraft:smooth_basalt":1,"minecraft:pale_oak_log":18,"minecraft:furnace":16,"minecraft:barrel":22,"minecraft:iron_boots":1,"minecraft:lever":1,"minecraft:dark_oak_slab":2,"minecraft:dried_kelp":1,"minecraft:bundle":1,"minecraft:spruce_button":2,"minecraft:oak_stairs":29,"minecraft:cooked_beef":40,"minecraft:ender_chest":1,"minecraft:flint_and_steel":1,"minecraft:redstone_torch":1,"minecraft:iron_helmet":1,"minecraft:carved_pumpkin":3,"minecraft:spruce_sapling":247,"minecraft:polished_andesite_slab":37,"minecraft:egg":59,"minecraft:azure_bluet":1,"minecraft:ender_pearl":5}},"DataVersion":4440}