{"stats":{"minecraft:killed_by":{"minecraft:bogged":7,"minecraft:skeleton":1,"minecraft:blaze":1,"minecraft:player":30,"minecraft:magma_cube":1,"minecraft:creaking":1,"minecraft:husk":2,"minecraft:zombie":1},"minecraft:custom":{"minecraft:pig_one_cm":41344,"minecraft:trigger_trapped_chest":1,"minecraft:time_since_rest":39,"minecraft:leave_game":87,"minecraft:boat_one_cm":780219,"minecraft:damage_absorbed":230,"minecraft:time_since_death":0,"minecraft:interact_with_furnace":598,"minecraft:happy_ghast_one_cm":57483850,"minecraft:total_world_time":4010281,"minecraft:crouch_one_cm":976544,"minecraft:raid_win":5,"minecraft:climb_one_cm":563411,"minecraft:deaths":73,"minecraft:fish_caught":1,"minecraft:damage_dealt_resisted":6348,"minecraft:animals_bred":16,"minecraft:traded_with_villager":77,"minecraft:damage_blocked_by_shield":29448,"minecraft:interact_with_crafting_table":672,"minecraft:walk_one_cm":13278540,"minecraft:walk_under_water_one_cm":411416,"minecraft:horse_one_cm":166807,"minecraft:damage_dealt":198927,"minecraft:play_time":4010281,"minecraft:jump":93160,"minecraft:play_record":14,"minecraft:sprint_one_cm":13144042,"minecraft:inspect_hopper":4,"minecraft:fly_one_cm":21757044,"minecraft:walk_on_water_one_cm":271493,"minecraft:interact_with_blast_furnace":23,"minecraft:interact_with_grindstone":50,"minecraft:talked_to_villager":119,"minecraft:damage_taken":85778,"minecraft:mob_kills":3406,"minecraft:open_shulker_box":8,"minecraft:interact_with_beacon":8,"minecraft:open_enderchest":152,"minecraft:damage_dealt_absorbed":211,"minecraft:interact_with_brewingstand":17,"minecraft:interact_with_smithing_table":17,"minecraft:sleep_in_bed":12,"minecraft:inspect_dispenser":11,"minecraft:swim_one_cm":729261,"minecraft:pot_flower":9,"minecraft:player_kills":73,"minecraft:enchant_item":71,"minecraft:interact_with_loom":11,"minecraft:interact_with_lectern":82,"minecraft:drop":1203,"minecraft:bell_ring":5,"minecraft:open_barrel":119,"minecraft:open_chest":2665,"minecraft:interact_with_smoker":46,"minecraft:fall_one_cm":3910706,"minecraft:interact_with_anvil":37,"minecraft:sneak_time":266369},"minecraft:broken":{"minecraft:iron_helmet":1,"minecraft:diamond_shovel":1,"minecraft:wooden_axe":1,"minecraft:shield":2,"minecraft:iron_leggings":1,"minecraft:golden_helmet":1,"minecraft:iron_pickaxe":1,"minecraft:stone_pickaxe":7,"minecraft:diamond_pickaxe":1,"minecraft:iron_boots":1},"minecraft:crafted":{"minecraft:stone_sword":1,"minecraft:quartz_slab":18,"minecraft:wooden_axe":2,"minecraft:mace":1,"minecraft:yellow_bundle":1,"minecraft:wind_charge":1188,"minecraft:gold_ingot":57,"minecraft:book":19,"minecraft:iron_chestplate":1,"minecraft:oak_chest_boat":4,"minecraft:netherite_sword":1,"minecraft:leather_chestplate":1,"minecraft:deepslate_tile_stairs":144,"minecraft:polished_diorite_stairs":12,"minecraft:oak_fence":15,"minecraft:lever":1,"minecraft:smooth_quartz_slab":162,"minecraft:diamond_pickaxe":5,"minecraft:chest":37,"minecraft:iron_block":8,"minecraft:bookshelf":40,"minecraft:pale_oak_fence":114,"minecraft:stone_slab":6,"minecraft:acacia_planks":12,"minecraft:bucket":2,"minecraft:flint_and_steel":2,"minecraft:pale_oak_door":3,"minecraft:ladder":117,"minecraft:item_frame":2,"minecraft:oak_stairs":12,"minecraft:dark_oak_planks":920,"minecraft:jukebox":1,"minecraft:diamond_shovel":2,"minecraft:pale_oak_sign":35,"minecraft:glass":4,"minecraft:oak_sign":12,"minecraft:spruce_fence":24,"minecraft:brewing_stand":1,"minecraft:cobbled_deepslate_slab":12,"minecraft:deepslate_tiles":892,"minecraft:smooth_quartz":734,"minecraft:netherite_upgrade_smithing_template":18,"minecraft:netherite_helmet":3,"minecraft:yellow_dye":16,"minecraft:polished_diorite":100,"minecraft:cooked_mutton":39,"minecraft:ward_armor_trim_smithing_template":6,"minecraft:spruce_door":3,"minecraft:iron_boots":2,"minecraft:smooth_stone":3,"minecraft:white_wool":7,"minecraft:cooked_beef":73,"minecraft:diamond":9,"minecraft:blue_dye":2,"minecraft:oak_slab":132,"minecraft:fletching_table":3,"minecraft:decorated_pot":1,"minecraft:spruce_sign":6,"minecraft:barrel":3,"minecraft:cobbled_deepslate_wall":6,"minecraft:iron_bars":32,"minecraft:paper":57,"minecraft:armor_stand":2,"minecraft:furnace":15,"minecraft:diorite_wall":6,"minecraft:grindstone":1,"minecraft:netherite_leggings":2,"minecraft:iron_ingot":192,"minecraft:pale_oak_trapdoor":206,"minecraft:dark_oak_slab":30,"minecraft:lead":24,"minecraft:diamond_helmet":1,"minecraft:stone":6,"minecraft:blaze_powder":6,"minecraft:diamond_leggings":1,"minecraft:baked_potato":46,"minecraft:deepslate_brick_slab":18,"minecraft:spruce_stairs":56,"minecraft:shield":8,"minecraft:stone_axe":1,"minecraft:pale_oak_stairs":288,"minecraft:cobblestone_stairs":12,"minecraft:pale_oak_fence_gate":1,"minecraft:cooked_salmon":10,"minecraft:diamond_boots":1,"minecraft:smithing_table":1,"minecraft:writable_book":3,"minecraft:ender_eye":1,"minecraft:dark_oak_stairs":72,"minecraft:white_harness":2,"minecraft:stick":612,"minecraft:white_stained_glass_pane":48,"minecraft:deepslate_bricks":1240,"minecraft:gray_carpet":21,"minecraft:smooth_stone_slab":6,"minecraft:ender_chest":1,"minecraft:black_dye":11,"minecraft:cooked_porkchop":38,"minecraft:iron_helmet":1,"minecraft:lightning_rod":1,"minecraft:black_banner":1,"minecraft:light_gray_dye":1,"minecraft:air":0,"minecraft:quartz_pillar":4,"minecraft:bone_meal":3,"minecraft:spyglass":1,"minecraft:oak_boat":10,"minecraft:snow_block":2,"minecraft:deepslate_tile_slab":612,"minecraft:red_dye":17,"minecraft:flower_pot":6,"minecraft:pale_oak_slab":630,"minecraft:quartz_block":2722,"minecraft:redstone_torch":1,"minecraft:loom":1,"minecraft:oak_button":1,"minecraft:pale_oak_boat":4,"minecraft:bundle":8,"minecraft:oak_planks":400,"minecraft:cooked_cod":11,"minecraft:enchanting_table":1,"minecraft:fishing_rod":1,"minecraft:shears":3,"minecraft:iron_shovel":1,"minecraft:polished_deepslate":2196,"minecraft:white_banner":1,"minecraft:smoker":2,"minecraft:white_dye":3,"minecraft:yellow_banner":1,"minecraft:lantern":40,"minecraft:polished_deepslate_stairs":56,"minecraft:cooked_chicken":190,"minecraft:birch_planks":80,"minecraft:stone_pickaxe":9,"minecraft:anvil":3,"minecraft:netherite_ingot":6,"minecraft:wooden_pickaxe":1,"minecraft:oak_door":3,"minecraft:dark_oak_trapdoor":32,"minecraft:glowstone":47,"minecraft:netherite_boots":1,"minecraft:diamond_chestplate":1,"minecraft:diamond_sword":2,"minecraft:iron_nugget":324,"minecraft:dark_oak_door":6,"minecraft:yellow_wool":6,"minecraft:emerald":39,"minecraft:netherite_scrap":25,"minecraft:wheat":263,"minecraft:pale_oak_planks":2616,"minecraft:deepslate_brick_wall":12,"minecraft:black_bed":1,"minecraft:spruce_trapdoor":32,"minecraft:chiseled_bookshelf":3,"minecraft:spruce_boat":4,"minecraft:deepslate_brick_stairs":8,"minecraft:copper_ingot":177,"minecraft:bread":251,"minecraft:dark_oak_sign":6,"minecraft:deepslate_tile_wall":108,"minecraft:crafting_table":19,"minecraft:netherite_chestplate":2,"minecraft:spruce_pressure_plate":1,"minecraft:diorite_slab":12,"minecraft:torch":400,"minecraft:white_bed":7,"minecraft:black_bundle":1,"minecraft:quartz_stairs":12,"minecraft:dark_oak_fence":6,"minecraft:saddle":1,"minecraft:polished_deepslate_slab":570,"minecraft:spruce_planks":1016,"minecraft:iron_pickaxe":2,"minecraft:gray_bed":2,"minecraft:iron_leggings":1},"minecraft:killed":{"minecraft:zombified_piglin":9,"minecraft:stray":2,"minecraft:pig":104,"minecraft:piglin":42,"minecraft:zoglin":1,"minecraft:vindicator":17,"minecraft:ravager":4,"minecraft:bat":11,"minecraft:silverfish":2226,"minecraft:salmon":10,"minecraft:zombie":190,"minecraft:zombie_villager":1,"minecraft:rabbit":1,"minecraft:chicken":31,"minecraft:goat":1,"minecraft:squid":6,"minecraft:cow":41,"minecraft:endermite":1,"minecraft:slime":88,"minecraft:pillager":36,"minecraft:skeleton":85,"minecraft:witch":8,"minecraft:cod":10,"minecraft:spider":32,"minecraft:horse":2,"minecraft:bogged":121,"minecraft:husk":39,"minecraft:wither_skeleton":16,"minecraft:warden":1,"minecraft:cave_spider":13,"minecraft:creeper":33,"minecraft:hoglin":18,"minecraft:sheep":70,"minecraft:enderman":2,"minecraft:evoker":4,"minecraft:magma_cube":19,"minecraft:vex":7,"minecraft:ghast":6,"minecraft:breeze":16,"minecraft:blaze":7},"minecraft:picked_up":{"minecraft:enchanting_table":8,"minecraft:sweet_berries":415,"minecraft:pale_oak_log":334,"minecraft:smooth_stone_slab":6,"minecraft:cherry_sign":1,"minecraft:cobblestone":2555,"minecraft:minecart":1,"minecraft:brick":11,"minecraft:saddle":1,"minecraft:sugar_cane":110,"minecraft:stripped_dark_oak_log":5,"minecraft:bone":354,"minecraft:cooked_mutton":66,"minecraft:waxed_copper_grate":32,"minecraft:stripped_spruce_log":11,"minecraft:iron_sword":1,"minecraft:white_banner":15,"minecraft:white_terracotta":560,"minecraft:blaze_rod":4,"minecraft:emerald":109,"minecraft:pale_oak_sapling":48,"minecraft:sugar":6,"minecraft:book":72,"minecraft:armor_stand":18,"minecraft:ink_sac":15,"minecraft:crimson_fungus":10,"minecraft:oak_chest_boat":10,"minecraft:wildflowers":8,"minecraft:bow":12,"minecraft:arrow":197,"minecraft:smooth_basalt":29,"minecraft:stone_shovel":1,"minecraft:iron_ingot":28,"minecraft:pale_oak_stairs":29,"minecraft:mangrove_door":3,"minecraft:crossbow":5,"minecraft:heavy_core":1,"minecraft:golden_leggings":3,"minecraft:dandelion":17,"minecraft:firework_rocket":3,"minecraft:white_candle":21,"minecraft:pale_oak_fence":11,"minecraft:mutton":47,"minecraft:golden_carrot":9,"minecraft:brown_wool":2,"minecraft:black_dye":4,"minecraft:cobblestone_stairs":1,"minecraft:oak_log":271,"minecraft:sand":12,"minecraft:furnace":25,"minecraft:wheat_seeds":1612,"minecraft:black_bed":4,"minecraft:oak_door":1,"minecraft:leather_leggings":1,"minecraft:quartz":10766,"minecraft:egg":17,"minecraft:diamond_sword":5,"minecraft:light_blue_carpet":6,"minecraft:red_mushroom":4,"minecraft:snowball":209,"minecraft:blast_furnace":7,"minecraft:loom":2,"minecraft:chiseled_tuff_bricks":2,"minecraft:oak_button":1,"minecraft:oak_sign":8,"minecraft:beetroot_seeds":1,"minecraft:ender_pearl":4,"minecraft:string":172,"minecraft:golden_sword":1,"minecraft:smithing_table":4,"minecraft:stone_bricks":33,"minecraft:obsidian":41,"minecraft:writable_book":2,"minecraft:polished_basalt":2,"minecraft:light_gray_terracotta":246,"minecraft:polished_diorite":20,"minecraft:nether_wart_block":4,"minecraft:pale_oak_trapdoor":17,"minecraft:chain":40,"minecraft:ender_chest":5,"minecraft:dark_oak_slab":8,"minecraft:enchanted_book":6,"minecraft:gray_carpet":24,"minecraft:spruce_sapling":5,"minecraft:iron_block":2,"minecraft:yellow_terracotta":142,"minecraft:white_bed":14,"minecraft:bucket":1,"minecraft:stripped_oak_log":2,"minecraft:leather":55,"minecraft:cracked_deepslate_tiles":18,"minecraft:honey_bottle":5,"minecraft:lead":182,"minecraft:armadillo_scute":21,"minecraft:moss_carpet":3,"minecraft:music_disc_blocks":1,"minecraft:ghast_tear":1,"minecraft:music_disc_tears":2,"minecraft:scaffolding":26,"minecraft:netherite_upgrade_smithing_template":3,"minecraft:porkchop":53,"minecraft:carved_pumpkin":3,"minecraft:spruce_sign":4,"minecraft:music_disc_precipice":10,"minecraft:stick":104,"minecraft:redstone_torch":2,"minecraft:polished_tuff":14,"minecraft:dark_oak_fence":19,"minecraft:bamboo":1,"minecraft:smooth_quartz_slab":5,"minecraft:player_head":8,"minecraft:brown_terracotta":6,"minecraft:diamond_boots":1,"minecraft:moss_block":14,"minecraft:cooked_porkchop":182,"minecraft:iron_axe":4,"minecraft:deepslate":6,"minecraft:item_frame":3,"minecraft:raw_iron":150,"minecraft:diamond_chestplate":2,"minecraft:waxed_oxidized_copper_grate":8,"minecraft:mossy_cobblestone":1,"minecraft:leather_helmet":1,"minecraft:chest":37,"minecraft:quartz_pillar":16,"minecraft:lectern":21,"minecraft:netherite_sword":2,"minecraft:cobbled_deepslate_slab":2,"minecraft:dark_oak_trapdoor":10,"minecraft:netherrack":3307,"minecraft:skeleton_skull":4,"minecraft:pale_oak_slab":41,"minecraft:trident":2,"minecraft:waxed_exposed_copper_bulb":1,"minecraft:stone":169,"minecraft:gravel":84,"minecraft:quartz_block":133,"minecraft:deepslate_tile_stairs":10,"minecraft:tuff":162,"minecraft:phantom_membrane":4,"minecraft:redstone_block":7,"minecraft:potato":74,"minecraft:dark_oak_stairs":3,"minecraft:terracotta":32,"minecraft:shield":1,"minecraft:lapis_lazuli":148,"minecraft:spruce_stairs":18,"minecraft:ominous_bottle":3,"minecraft:trial_key":10,"minecraft:oak_boat":41,"minecraft:cobweb":49,"minecraft:oak_planks":228,"minecraft:brown_egg":24,"minecraft:flint_and_steel":2,"minecraft:raw_copper":131,"minecraft:red_candle":24,"minecraft:stone_brick_stairs":3,"minecraft:rotten_flesh":266,"minecraft:written_book":3,"minecraft:fermented_spider_eye":1,"minecraft:ancient_debris":25,"minecraft:apple":7,"minecraft:blue_carpet":18,"minecraft:calcite":25,"minecraft:iron_nugget":2,"minecraft:jukebox":1,"minecraft:orange_bed":2,"minecraft:iron_door":2,"minecraft:glow_item_frame":1,"minecraft:flint":24,"minecraft:candle":254,"minecraft:redstone":51,"minecraft:deepslate_tiles":66,"minecraft:gray_bed":4,"minecraft:dark_oak_sign":1,"minecraft:flow_banner_pattern":2,"minecraft:orange_terracotta":259,"minecraft:glow_berries":1,"minecraft:firefly_bush":12,"minecraft:lantern":1,"minecraft:melon_slice":12,"minecraft:diamond":217,"minecraft:slime_ball":69,"minecraft:chipped_anvil":3,"minecraft:granite":93,"minecraft:smoker":6,"minecraft:crimson_roots":9,"minecraft:flow_armor_trim_smithing_template":2,"minecraft:salmon":10,"minecraft:ward_armor_trim_smithing_template":2,"minecraft:charcoal":2,"minecraft:spruce_boat":22,"minecraft:gold_block":1,"minecraft:spyglass":1,"minecraft:magma_cream":1,"minecraft:dark_oak_planks":270,"minecraft:enchanted_golden_apple":1,"minecraft:hay_block":45,"minecraft:raw_gold":19,"minecraft:stone_sword":5,"minecraft:acacia_log":3,"minecraft:emerald_block":14,"minecraft:deepslate_bricks":34,"minecraft:pale_oak_sign":44,"minecraft:spruce_planks":67,"minecraft:dirt":2065,"minecraft:basalt":25,"minecraft:cooked_rabbit":1,"minecraft:rail":26,"minecraft:pale_oak_door":2,"minecraft:black_carpet":2,"minecraft:quartz_stairs":5,"minecraft:iron_shovel":1,"minecraft:azure_bluet":1,"minecraft:torch":88,"minecraft:diamond_pickaxe":3,"minecraft:dripstone_block":22,"minecraft:cobbled_deepslate_wall":6,"minecraft:bread":4,"minecraft:spruce_log":387,"minecraft:coal":267,"minecraft:acacia_boat":1,"minecraft:oak_fence":21,"minecraft:birch_planks":1,"minecraft:splash_potion":1,"minecraft:deepslate_brick_stairs":1,"minecraft:smooth_quartz":44,"minecraft:anvil":1,"minecraft:nether_bricks":22,"minecraft:waxed_copper_block":30,"minecraft:birch_sapling":16,"minecraft:totem_of_undying":4,"minecraft:poppy":19,"minecraft:cooked_beef":20,"minecraft:white_wool":68,"minecraft:feather":28,"minecraft:soul_lantern":1,"minecraft:jack_o_lantern":1,"minecraft:potion":21,"minecraft:spruce_fence":8,"minecraft:fletching_table":3,"minecraft:jungle_fence":2,"minecraft:red_glazed_terracotta":1,"minecraft:chiseled_deepslate":1,"minecraft:andesite":109,"minecraft:deepslate_tile_slab":62,"minecraft:ladder":33,"minecraft:amethyst_shard":26,"minecraft:filled_map":3,"minecraft:dark_oak_door":5,"minecraft:stone_pressure_plate":3,"minecraft:soul_sand":4,"minecraft:diamond_axe":5,"minecraft:carrot":1071,"minecraft:black_terracotta":369,"minecraft:polished_deepslate_slab":26,"minecraft:breeze_rod":78,"minecraft:black_concrete":2,"minecraft:flow_pottery_sherd":2,"minecraft:gold_nugget":220,"minecraft:resin_clump":1,"minecraft:stone_pickaxe":5,"minecraft:polished_diorite_stairs":1,"minecraft:cod":13,"minecraft:baked_potato":32,"minecraft:glow_ink_sac":12,"minecraft:oak_leaves":1,"minecraft:golden_apple":4,"minecraft:polished_tuff_slab":5,"minecraft:waxed_oxidized_cut_copper":1,"minecraft:oak_trapdoor":2,"minecraft:black_wool":26,"minecraft:chicken":13,"minecraft:leather_chestplate":5,"minecraft:red_terracotta":589,"minecraft:golden_chestplate":1,"minecraft:repeater":2,"minecraft:cooked_chicken":19,"minecraft:grindstone":6,"minecraft:kelp":2,"minecraft:cobbled_deepslate":3400,"minecraft:glowstone_dust":195,"minecraft:music_disc_lava_chicken":2,"minecraft:stone_axe":2,"minecraft:amethyst_block":46,"minecraft:wheat":512,"minecraft:tuff_bricks":45,"minecraft:gunpowder":31,"minecraft:netherite_helmet":1,"minecraft:spruce_trapdoor":8,"minecraft:blackstone":191,"minecraft:deepslate_tile_wall":10,"minecraft:waxed_cut_copper_slab":1,"minecraft:magma_block":48,"minecraft:lever":2,"minecraft:light_gray_wool":1,"minecraft:heavy_weighted_pressure_plate":2,"minecraft:polished_deepslate":28,"minecraft:leaf_litter":1182,"minecraft:pale_oak_planks":49,"minecraft:nether_brick_fence":3,"minecraft:pale_oak_boat":42,"minecraft:birch_log":86,"minecraft:music_disc_creator":5,"minecraft:music_disc_stal":2,"minecraft:sticky_piston":15,"minecraft:pumpkin":23,"minecraft:diamond_block":2,"minecraft:spider_eye":13,"minecraft:bone_meal":1,"minecraft:dark_oak_log":421,"minecraft:tipped_arrow":169,"minecraft:diorite":274,"minecraft:flower_pot":3,"minecraft:pale_moss_block":2,"minecraft:golden_helmet":2,"minecraft:cherry_pressure_plate":1,"minecraft:crafting_table":65,"minecraft:ominous_trial_key":11,"minecraft:decorated_pot":5,"minecraft:oak_sapling":47,"minecraft:bundle":2,"minecraft:beef":82,"minecraft:polished_deepslate_stairs":11,"minecraft:wind_charge":79,"minecraft:glass_bottle":4,"minecraft:oak_slab":8,"minecraft:waxed_oxidized_copper":1,"minecraft:dried_ghast":10,"minecraft:barrel":5,"minecraft:paper":2,"minecraft:gray_wool":40},"minecraft:mined":{"minecraft:torch":23,"minecraft:lever":2,"minecraft:spruce_log":240,"minecraft:nether_quartz_ore":6547,"minecraft:chest":42,"minecraft:pumpkin":17,"minecraft:netherrack":49986,"minecraft:black_concrete":2,"minecraft:quartz_stairs":5,"minecraft:waxed_oxidized_cut_copper":3,"minecraft:spruce_planks":37,"minecraft:birch_log":85,"minecraft:sweet_berry_bush":141,"minecraft:large_fern":3,"minecraft:magma_block":280,"minecraft:smooth_quartz":49,"minecraft:dark_oak_planks":258,"minecraft:redstone_torch":2,"minecraft:blackstone":275,"minecraft:anvil":1,"minecraft:sticky_piston":14,"minecraft:grindstone":6,"minecraft:deepslate_bricks":35,"minecraft:pale_oak_sign":24,"minecraft:dark_oak_trapdoor":10,"minecraft:gold_block":8,"minecraft:wall_torch":33,"minecraft:fire":163,"minecraft:smithing_table":4,"minecraft:ender_chest":5,"minecraft:brown_terracotta":6,"minecraft:dripstone_block":27,"minecraft:dark_oak_door":5,"minecraft:deepslate_tiles":60,"minecraft:azure_bluet":1,"minecraft:acacia_log":3,"minecraft:dark_oak_log":104,"minecraft:gray_wool":48,"minecraft:chain":41,"minecraft:dandelion":18,"minecraft:gray_bed":4,"minecraft:lantern":1,"minecraft:diamond_block":1,"minecraft:kelp":2,"minecraft:birch_sapling":1,"minecraft:scaffolding":2,"minecraft:oak_leaves":145,"minecraft:spruce_stairs":14,"minecraft:fletching_table":3,"minecraft:deepslate_copper_ore":1,"minecraft:crimson_roots":9,"minecraft:jack_o_lantern":1,"minecraft:large_amethyst_bud":2,"minecraft:tall_grass":14,"minecraft:waxed_copper_block":18,"minecraft:deepslate_tile_slab":61,"minecraft:polished_tuff_slab":5,"minecraft:chipped_anvil":3,"minecraft:cobbled_deepslate_slab":3,"minecraft:pale_oak_door":2,"minecraft:crimson_fungus":8,"minecraft:potted_oak_sapling":2,"minecraft:tripwire":1,"minecraft:medium_amethyst_bud":1,"minecraft:heavy_weighted_pressure_plate":2,"minecraft:sand":5,"minecraft:white_banner":5,"minecraft:quartz_block":49,"minecraft:spruce_sign":3,"minecraft:orange_bed":3,"minecraft:gray_carpet":14,"minecraft:waxed_cut_copper_slab":2,"minecraft:lapis_ore":4,"minecraft:black_bed":4,"minecraft:terracotta":41,"minecraft:carrots":300,"minecraft:lectern":22,"minecraft:short_grass":69,"minecraft:black_stained_glass":5,"minecraft:potted_pale_oak_sapling":1,"minecraft:sculk_catalyst":8,"minecraft:dirt_path":4,"minecraft:crafting_table":65,"minecraft:deepslate_redstone_ore":15,"minecraft:dark_oak_stairs":3,"minecraft:leaf_litter":231,"minecraft:stripped_oak_log":2,"minecraft:copper_ore":37,"minecraft:waxed_exposed_copper_bulb":1,"minecraft:skeleton_wall_skull":1,"minecraft:packed_ice":2,"minecraft:cherry_pressure_plate":1,"minecraft:blast_furnace":7,"minecraft:budding_amethyst":2,"minecraft:iron_block":22,"minecraft:stone_bricks":26,"minecraft:white_stained_glass_pane":9,"minecraft:bush":4,"minecraft:sculk_sensor":31,"minecraft:wheat":564,"minecraft:oak_trapdoor":1,"minecraft:dried_ghast":7,"minecraft:white_stained_glass":9,"minecraft:red_terracotta":1027,"minecraft:soul_sand":19,"minecraft:light_gray_terracotta":249,"minecraft:snow_block":50,"minecraft:enchanting_table":8,"minecraft:barrel":5,"minecraft:mossy_cobblestone":1,"minecraft:grass_block":1133,"minecraft:smooth_quartz_slab":6,"minecraft:tuff_bricks":55,"minecraft:white_wool":1,"minecraft:cracked_deepslate_tiles":16,"minecraft:pale_oak_leaves":8,"minecraft:player_wall_head":2,"minecraft:deepslate_tile_wall":12,"minecraft:calcite":25,"minecraft:emerald_block":62,"minecraft:jukebox":2,"minecraft:pale_oak_sapling":3,"minecraft:smooth_basalt":15,"minecraft:oak_sign":2,"minecraft:white_terracotta":677,"minecraft:amethyst_block":31,"minecraft:weeping_vines_plant":5,"minecraft:oak_button":1,"minecraft:stripped_dark_oak_log":5,"minecraft:obsidian":41,"minecraft:waxed_oxidized_copper_grate":9,"minecraft:cave_vines":3,"minecraft:melon":1,"minecraft:stripped_spruce_log":11,"minecraft:nether_wart_block":24,"minecraft:iron_door":2,"minecraft:birch_leaves":66,"minecraft:oak_fence":19,"minecraft:smooth_stone_slab":4,"minecraft:repeater":2,"minecraft:moss_block":8,"minecraft:bamboo":1,"minecraft:nether_brick_fence":3,"minecraft:decorated_pot":17,"minecraft:fern":5,"minecraft:stone_brick_stairs":1,"minecraft:deepslate_diamond_ore":148,"minecraft:potatoes":20,"minecraft:pale_oak_trapdoor":16,"minecraft:iron_ore":55,"minecraft:pale_moss_block":1,"minecraft:podzol":1,"minecraft:red_candle":8,"minecraft:oak_planks":244,"minecraft:cobblestone":136,"minecraft:pale_oak_fence":7,"minecraft:sugar_cane":141,"minecraft:shroomlight":3,"minecraft:mangrove_leaves":2,"minecraft:polished_diorite":17,"minecraft:furnace":25,"minecraft:yellow_terracotta":223,"minecraft:wildflowers":2,"minecraft:pointed_dripstone":1,"minecraft:rail":25,"minecraft:dirt":870,"minecraft:ladder":6,"minecraft:basalt":153,"minecraft:deepslate":5780,"minecraft:snow":52,"minecraft:deepslate_tile_stairs":10,"minecraft:oak_log":278,"minecraft:pale_oak_stairs":29,"minecraft:oak_door":1,"minecraft:white_candle":11,"minecraft:polished_diorite_stairs":1,"minecraft:sculk":3136,"minecraft:spawner":2,"minecraft:oak_slab":6,"minecraft:gravel":240,"minecraft:waxed_copper_grate":19,"minecraft:pale_oak_wall_sign":19,"minecraft:loom":2,"minecraft:polished_deepslate_slab":24,"minecraft:firefly_bush":11,"minecraft:gold_ore":9,"minecraft:pale_oak_slab":33,"minecraft:andesite":217,"minecraft:chiseled_bookshelf":2,"minecraft:glowstone":73,"minecraft:dark_oak_slab":8,"minecraft:redstone_block":7,"minecraft:deepslate_gold_ore":9,"minecraft:nether_bricks":26,"minecraft:polished_basalt":2,"minecraft:dark_oak_leaves":6,"minecraft:chiseled_deepslate":2,"minecraft:poppy":14,"minecraft:deepslate_lapis_ore":22,"minecraft:deepslate_iron_ore":55,"minecraft:waxed_copper_bulb":1,"minecraft:amethyst_cluster":5,"minecraft:black_terracotta":403,"minecraft:stone":4179,"minecraft:skeleton_skull":2,"minecraft:deepslate_brick_stairs":3,"minecraft:orange_terracotta":282,"minecraft:granite":161,"minecraft:cobblestone_stairs":1,"minecraft:spruce_fence":6,"minecraft:coal_ore":236,"minecraft:diorite":456,"minecraft:ancient_debris":26,"minecraft:spruce_trapdoor":8,"minecraft:mangrove_door":3,"minecraft:white_bed":12,"minecraft:smoker":6,"minecraft:polished_deepslate_stairs":6,"minecraft:cobbled_deepslate_wall":6,"minecraft:polished_deepslate":20,"minecraft:sculk_vein":386,"minecraft:bookshelf":24,"minecraft:candle":123,"minecraft:crimson_nylium":92,"minecraft:dark_oak_fence":24,"minecraft:powder_snow":9,"minecraft:red_glazed_terracotta":1,"minecraft:player_head":1,"minecraft:cobweb":130,"minecraft:spruce_leaves":96,"minecraft:chiseled_tuff_bricks":5,"minecraft:cobbled_deepslate":125,"minecraft:carved_pumpkin":1,"minecraft:tuff":105,"minecraft:polished_tuff":11,"minecraft:pale_oak_log":334,"minecraft:nether_gold_ore":134,"minecraft:pale_oak_planks":47,"minecraft:polished_andesite":1,"minecraft:cornflower":1,"minecraft:quartz_pillar":4,"minecraft:redstone_wire":4},"minecraft:dropped":{"minecraft:andesite":31,"minecraft:sweet_berries":16,"minecraft:magma_block":22,"minecraft:stone_pressure_plate":3,"minecraft:bone":109,"minecraft:brown_egg":5,"minecraft:poppy":1,"minecraft:blackstone":178,"minecraft:tuff_bricks":10,"minecraft:raw_gold":3,"minecraft:pumpkin":7,"minecraft:oak_sapling":11,"minecraft:cooked_chicken":4,"minecraft:mace":1,"minecraft:name_tag":1,"minecraft:amethyst_block":26,"minecraft:redstone":34,"minecraft:music_disc_precipice":1,"minecraft:golden_carrot":8,"minecraft:tuff":46,"minecraft:book":1,"minecraft:netherite_leggings":1,"minecraft:scaffolding":11,"minecraft:white_bed":2,"minecraft:gunpowder":12,"minecraft:wooden_axe":1,"minecraft:smooth_basalt":19,"minecraft:stone_axe":2,"minecraft:cooked_mutton":6,"minecraft:iron_pickaxe":1,"minecraft:flow_pottery_sherd":1,"minecraft:diorite":46,"minecraft:torch":38,"minecraft:stone_sword":6,"minecraft:leather_leggings":1,"minecraft:birch_planks":1,"minecraft:bow":12,"minecraft:charcoal":2,"minecraft:bucket":1,"minecraft:black_wool":1,"minecraft:raw_copper":17,"minecraft:stone":51,"minecraft:ominous_bottle":2,"minecraft:melon_slice":5,"minecraft:sand":2,"minecraft:stone_brick_stairs":3,"minecraft:shears":1,"minecraft:music_disc_creator":1,"minecraft:nether_brick_fence":3,"minecraft:bamboo":1,"minecraft:cooked_beef":1,"minecraft:iron_block":2,"minecraft:wooden_pickaxe":1,"minecraft:raw_iron":24,"minecraft:item_frame":1,"minecraft:waxed_copper_grate":30,"minecraft:polished_deepslate":4,"minecraft:golden_helmet":1,"minecraft:light_gray_terracotta":6,"minecraft:netherrack":1783,"minecraft:spyglass":2,"minecraft:yellow_dye":7,"minecraft:polished_deepslate_stairs":5,"minecraft:mutton":4,"minecraft:cooked_porkchop":6,"minecraft:white_banner":10,"minecraft:glow_ink_sac":3,"minecraft:iron_axe":4,"minecraft:netherite_scrap":1,"minecraft:cracked_deepslate_tiles":7,"minecraft:kelp":2,"minecraft:soul_lantern":1,"minecraft:cobbled_deepslate":977,"minecraft:egg":4,"minecraft:armadillo_scute":21,"minecraft:flint_and_steel":3,"minecraft:yellow_terracotta":11,"minecraft:iron_nugget":3,"minecraft:chiseled_deepslate":1,"minecraft:stone_pickaxe":7,"minecraft:trident":1,"minecraft:shield":3,"minecraft:calcite":25,"minecraft:acacia_boat":1,"minecraft:string":31,"minecraft:oak_sign":4,"minecraft:pale_oak_fence":3,"minecraft:bread":33,"minecraft:spider_eye":12,"minecraft:snowball":3,"minecraft:cobblestone":490,"minecraft:spruce_planks":7,"minecraft:red_terracotta":128,"minecraft:potion":24,"minecraft:diamond_helmet":1,"minecraft:white_wool":6,"minecraft:music_disc_13":1,"minecraft:leather":28,"minecraft:diamond_boots":2,"minecraft:diamond_chestplate":2,"minecraft:splash_potion":1,"minecraft:dripstone_block":21,"minecraft:moss_carpet":3,"minecraft:saddle":1,"minecraft:gray_carpet":10,"minecraft:cobbled_deepslate_slab":9,"minecraft:waxed_copper_block":25,"minecraft:bone_meal":1,"minecraft:beetroot_seeds":1,"minecraft:birch_sapling":10,"minecraft:orange_terracotta":6,"minecraft:netherite_sword":3,"minecraft:chiseled_tuff_bricks":2,"minecraft:deepslate_tiles":27,"minecraft:jungle_fence":2,"minecraft:iron_sword":1,"minecraft:spruce_fence":1,"minecraft:amethyst_shard":8,"minecraft:writable_book":1,"minecraft:gray_wool":4,"minecraft:deepslate_tile_slab":1,"minecraft:quartz_slab":10,"minecraft:echo_shard":1,"minecraft:sugar":2,"minecraft:waxed_oxidized_copper_grate":6,"minecraft:music_disc_tears":1,"minecraft:flow_banner_pattern":1,"minecraft:oak_boat":2,"minecraft:crimson_roots":9,"minecraft:netherite_helmet":2,"minecraft:gravel":54,"minecraft:brick":7,"minecraft:pale_moss_block":1,"minecraft:netherite_chestplate":1,"minecraft:enchanted_book":3,"minecraft:moss_block":13,"minecraft:nether_bricks":7,"minecraft:crossbow":5,"minecraft:filled_map":2,"minecraft:polished_tuff_slab":5,"minecraft:glowstone_dust":4,"minecraft:leather_chestplate":5,"minecraft:spruce_stairs":3,"minecraft:arrow":115,"minecraft:spruce_sapling":2,"minecraft:carrot":75,"minecraft:redstone_torch":1,"minecraft:carved_pumpkin":1,"minecraft:deepslate":6,"minecraft:golden_apple":2,"minecraft:tipped_arrow":134,"minecraft:rotten_flesh":227,"minecraft:stone_shovel":1,"minecraft:iron_chestplate":1,"minecraft:deepslate_tile_wall":1,"minecraft:dirt":103,"minecraft:black_dye":4,"minecraft:obsidian":4,"minecraft:golden_chestplate":1,"minecraft:cherry_sign":1,"minecraft:oak_fence":10,"minecraft:red_glazed_terracotta":1,"minecraft:ender_pearl":1,"minecraft:deepslate_bricks":8,"minecraft:emerald":118,"minecraft:rail":6,"minecraft:coal":8,"minecraft:honey_bottle":5,"minecraft:potato":4,"minecraft:glass_bottle":15,"minecraft:written_book":2,"minecraft:waxed_exposed_copper_bulb":1,"minecraft:lapis_lazuli":31,"minecraft:diamond_shovel":1,"minecraft:oak_planks":41,"minecraft:lectern":1,"minecraft:porkchop":4,"minecraft:red_candle":18,"minecraft:mossy_cobblestone":1,"minecraft:wheat":3,"minecraft:lead":11,"minecraft:basalt":7,"minecraft:wheat_seeds":731,"minecraft:iron_ingot":16,"minecraft:polished_tuff":11,"minecraft:diorite_wall":3,"minecraft:oak_log":4,"minecraft:diamond_pickaxe":4,"minecraft:stick":59,"minecraft:polished_diorite":3,"minecraft:phantom_membrane":3,"minecraft:crimson_fungus":1,"minecraft:netherite_boots":1,"minecraft:ladder":14,"minecraft:leather_helmet":1,"minecraft:waxed_cut_copper_slab":1,"minecraft:wind_charge":184,"minecraft:diamond_axe":6,"minecraft:red_mushroom":3,"minecraft:dried_ghast":4,"minecraft:bundle":1,"minecraft:gold_block":1,"minecraft:quartz":1,"minecraft:granite":81,"minecraft:ward_armor_trim_smithing_template":2,"minecraft:diamond":187,"minecraft:feather":5,"minecraft:golden_sword":1,"minecraft:pumpkin_pie":1,"minecraft:sculk_sensor":1,"minecraft:stone_bricks":16,"minecraft:light_blue_carpet":6,"minecraft:leaf_litter":455,"minecraft:chicken":2,"minecraft:flint":5,"minecraft:diamond_sword":3,"minecraft:golden_leggings":3,"minecraft:oak_trapdoor":2,"minecraft:gold_nugget":14,"minecraft:netherite_upgrade_smithing_template":4,"minecraft:cod":2,"minecraft:pale_oak_sign":19},"minecraft:used":{"minecraft:polished_tuff":2,"minecraft:diamond_helmet":4,"minecraft:skeleton_skull":3,"minecraft:light_gray_dye":1,"minecraft:white_banner":5,"minecraft:diamond_sword":1368,"minecraft:cobbled_deepslate_slab":5,"minecraft:wheat_seeds":566,"minecraft:polished_diorite_stairs":13,"minecraft:black_terracotta":2457,"minecraft:quartz_block":796,"minecraft:decorated_pot":1,"minecraft:deepslate_tile_slab":622,"minecraft:stripped_pale_oak_log":20,"minecraft:oak_log":4,"minecraft:gray_carpet":35,"minecraft:polished_deepslate_slab":536,"minecraft:diorite_wall":3,"minecraft:diamond_axe":2442,"minecraft:poppy":7,"minecraft:snowball":25,"minecraft:pale_oak_stairs":313,"minecraft:moss_block":1,"minecraft:armor_stand":20,"minecraft:bow":181,"minecraft:loom":3,"minecraft:cobbled_deepslate":680,"minecraft:polished_diorite":93,"minecraft:quartz_pillar":6,"minecraft:deepslate_brick_slab":17,"minecraft:leather_chestplate":1,"minecraft:pale_oak_trapdoor":222,"minecraft:fletching_table":3,"minecraft:anvil":4,"minecraft:white_stained_glass_pane":364,"minecraft:mutton":3,"minecraft:written_book":265,"minecraft:terracotta":47,"minecraft:cooked_salmon":10,"minecraft:sand":1,"minecraft:redstone_block":6,"minecraft:wind_charge":1186,"minecraft:lodestone":1,"minecraft:orange_bed":2,"minecraft:shears":122,"minecraft:nether_wart_block":4,"minecraft:bucket":722,"minecraft:porkchop":11,"minecraft:blue_carpet":18,"minecraft:oak_sapling":1,"minecraft:flower_pot":9,"minecraft:brown_egg":19,"minecraft:smooth_stone_slab":6,"minecraft:iron_door":2,"minecraft:oak_fence":25,"minecraft:diamond_block":1,"minecraft:nether_bricks":15,"minecraft:string":1,"minecraft:wildflowers":3,"minecraft:emerald_block":13,"minecraft:shield":233,"minecraft:iron_pickaxe":354,"minecraft:andesite":9,"minecraft:polished_deepslate":274,"minecraft:pale_oak_sapling":47,"minecraft:dark_oak_log":12,"minecraft:waxed_copper_block":5,"minecraft:oak_boat":45,"minecraft:golden_carrot":31,"minecraft:deepslate_bricks":85,"minecraft:light_gray_terracotta":49,"minecraft:cooked_mutton":99,"minecraft:stone_bricks":17,"minecraft:minecart":1,"minecraft:quartz_slab":8,"minecraft:diorite":103,"minecraft:gray_bed":6,"minecraft:pale_oak_boat":46,"minecraft:wooden_pickaxe":16,"minecraft:white_stained_glass":266,"minecraft:spruce_door":3,"minecraft:diamond_leggings":2,"minecraft:pale_oak_planks":767,"minecraft:cobblestone":749,"minecraft:diamond_chestplate":2,"minecraft:waxed_copper_grate":2,"minecraft:golden_apple":5,"minecraft:chain":38,"minecraft:crafting_table":79,"minecraft:spruce_sign":4,"minecraft:red_dye":10,"minecraft:spruce_trapdoor":40,"minecraft:potion":15,"minecraft:tuff_bricks":21,"minecraft:pale_oak_fence_gate":1,"minecraft:glow_item_frame":1,"minecraft:baked_potato":76,"minecraft:brown_terracotta":1,"minecraft:apple":5,"minecraft:scaffolding":15,"minecraft:smoker":8,"minecraft:melon_slice":2,"minecraft:black_concrete":2,"minecraft:spruce_log":94,"minecraft:pumpkin":16,"minecraft:water_bucket":702,"minecraft:soul_sand":1,"minecraft:deepslate_tile_wall":109,"minecraft:netherite_boots":2,"minecraft:golden_helmet":1,"minecraft:bread":248,"minecraft:torch":403,"minecraft:black_bed":5,"minecraft:pale_moss_block":1,"minecraft:chicken":1,"minecraft:cobblestone_stairs":9,"minecraft:yellow_terracotta":47,"minecraft:cobweb":42,"minecraft:gravel":1,"minecraft:chipped_anvil":3,"minecraft:cooked_chicken":192,"minecraft:white_wool":8,"minecraft:red_terracotta":113,"minecraft:snow_block":2,"minecraft:deepslate_tile_stairs":135,"minecraft:amethyst_block":11,"minecraft:dark_oak_trapdoor":42,"minecraft:chest":70,"minecraft:enchanting_table":9,"minecraft:beef":3,"minecraft:birch_sapling":1,"minecraft:leaf_litter":96,"minecraft:cracked_deepslate_tiles":10,"minecraft:diamond_hoe":3258,"minecraft:player_head":3,"minecraft:ominous_trial_key":11,"minecraft:spruce_pressure_plate":1,"minecraft:potato":20,"minecraft:glow_berries":15,"minecraft:sticky_piston":11,"minecraft:wooden_axe":55,"minecraft:oak_sign":13,"minecraft:cherry_pressure_plate":1,"minecraft:dark_oak_stairs":72,"minecraft:lantern":39,"minecraft:cooked_porkchop":198,"minecraft:granite":4,"minecraft:iron_shovel":241,"minecraft:pale_oak_sign":44,"minecraft:firefly_bush":14,"minecraft:black_wool":1,"minecraft:smithing_table":5,"minecraft:grindstone":7,"minecraft:smooth_quartz":947,"minecraft:pale_oak_door":4,"minecraft:blackstone":8,"minecraft:candle":69,"minecraft:jukebox":2,"minecraft:stone_pickaxe":1001,"minecraft:dandelion":1,"minecraft:oak_door":2,"minecraft:netherrack":597,"minecraft:spruce_boat":25,"minecraft:diamond_shovel":1624,"minecraft:dried_ghast":6,"minecraft:lightning_rod":1,"minecraft:birch_planks":35,"minecraft:rotten_flesh":14,"minecraft:sculk_catalyst":1,"minecraft:writable_book":67,"minecraft:item_frame":5,"minecraft:dark_oak_planks":655,"minecraft:yellow_dye":1,"minecraft:glowstone":31,"minecraft:dirt":1245,"minecraft:fishing_rod":1,"minecraft:obsidian":23,"minecraft:dark_oak_sign":6,"minecraft:stripped_spruce_log":6,"minecraft:salmon_bucket":1,"minecraft:spruce_planks":223,"minecraft:oak_chest_boat":14,"minecraft:oak_leaves":1,"minecraft:dark_oak_door":9,"minecraft:cooked_rabbit":1,"minecraft:crimson_fungus":1,"minecraft:orange_terracotta":4,"minecraft:basalt":18,"minecraft:cooked_cod":11,"minecraft:rail":3,"minecraft:iron_bars":17,"minecraft:pale_oak_fence":118,"minecraft:lectern":21,"minecraft:spyglass":1607,"minecraft:splash_potion":8,"minecraft:deepslate_tiles":201,"minecraft:dripstone_block":1,"minecraft:chiseled_bookshelf":3,"minecraft:oak_planks":182,"minecraft:totem_of_undying":3,"minecraft:sugar_cane":51,"minecraft:quartz_stairs":15,"minecraft:trial_key":11,"minecraft:stone_axe":41,"minecraft:spruce_fence":23,"minecraft:white_terracotta":4,"minecraft:netherite_sword":1901,"minecraft:spruce_stairs":68,"minecraft:milk_bucket":3,"minecraft:bookshelf":40,"minecraft:diamond_pickaxe":72061,"minecraft:ladder":122,"minecraft:stripped_dark_oak_log":2,"minecraft:crossbow":9,"minecraft:dark_oak_fence":21,"minecraft:blast_furnace":7,"minecraft:cobbled_deepslate_wall":9,"minecraft:tuff":26,"minecraft:brewing_stand":1,"minecraft:jack_o_lantern":1,"minecraft:stone_sword":94,"minecraft:diorite_slab":8,"minecraft:sweet_berries":535,"minecraft:lava_bucket":19,"minecraft:polished_deepslate_stairs":53,"minecraft:pale_oak_slab":636,"minecraft:ominous_bottle":2,"minecraft:oak_slab":124,"minecraft:mace":280,"minecraft:mangrove_door":1,"minecraft:carrot":1272,"minecraft:netherite_chestplate":5,"minecraft:white_bed":14,"minecraft:diamond_boots":3,"minecraft:netherite_helmet":10,"minecraft:trident":78,"minecraft:waxed_oxidized_copper":1,"minecraft:smooth_quartz_slab":170,"minecraft:netherite_leggings":1,"minecraft:pale_oak_log":4,"minecraft:deepslate_brick_wall":12,"minecraft:furnace":37,"minecraft:barrel":8,"minecraft:iron_boots":2,"minecraft:lever":2,"minecraft:dark_oak_slab":26,"minecraft:oak_button":1,"minecraft:dried_kelp":33,"minecraft:bundle":10,"minecraft:deepslate_brick_stairs":9,"minecraft:oak_stairs":12,"minecraft:cooked_beef":92,"minecraft:ender_chest":6,"minecraft:flint_and_steel":167,"minecraft:redstone_torch":2,"minecraft:iron_helmet":1,"minecraft:carved_pumpkin":1,"minecraft:spruce_sapling":2,"minecraft:egg":10,"minecraft:ender_pearl":5,"minecraft:heavy_weighted_pressure_plate":2}},"DataVersion":4440}