{"stats":{"minecraft:custom":{"minecraft:time_since_rest":462,"minecraft:walk_one_cm":12200,"minecraft:leave_game":1,"minecraft:mob_kills":2,"minecraft:damage_taken":3090,"minecraft:play_time":956,"minecraft:damage_dealt":359,"minecraft:jump":26,"minecraft:time_since_death":450,"minecraft:sprint_one_cm":12586,"minecraft:fall_one_cm":1000,"minecraft:total_world_time":956,"minecraft:fly_one_cm":3966,"minecraft:walk_on_water_one_cm":276,"minecraft:deaths":1},"minecraft:picked_up":{"minecraft:spider_eye":1,"minecraft:rotten_flesh":2},"minecraft:killed":{"minecraft:zombie":1,"minecraft:spider":1},"minecraft:killed_by":{"minecraft:endermite":1},"minecraft:used":{"minecraft:stone_sword":12}},"DataVersion":4440}