{"stats":{"minecraft:killed_by":{"minecraft:player":85,"minecraft:magma_cube":2,"minecraft:creeper":2,"minecraft:endermite":1,"minecraft:zombified_piglin":1,"minecraft:creaking":2,"minecraft:spider":1,"minecraft:warden":3,"minecraft:zombie":2},"minecraft:custom":{"minecraft:pig_one_cm":109410,"minecraft:eat_cake_slice":50,"minecraft:time_since_rest":22,"minecraft:leave_game":79,"minecraft:boat_one_cm":767752,"minecraft:damage_absorbed":240,"minecraft:time_since_death":0,"minecraft:interact_with_furnace":296,"minecraft:happy_ghast_one_cm":8493585,"minecraft:total_world_time":4414848,"minecraft:crouch_one_cm":942940,"minecraft:raid_win":1,"minecraft:climb_one_cm":412848,"minecraft:deaths":170,"minecraft:interact_with_stonecutter":6,"minecraft:fish_caught":7,"minecraft:damage_dealt_resisted":361,"minecraft:animals_bred":13,"minecraft:minecart_one_cm":38192,"minecraft:traded_with_villager":39,"minecraft:damage_resisted":181,"minecraft:damage_blocked_by_shield":7062,"minecraft:interact_with_crafting_table":274,"minecraft:inspect_dropper":8,"minecraft:walk_one_cm":25660157,"minecraft:walk_under_water_one_cm":638982,"minecraft:horse_one_cm":246273,"minecraft:damage_dealt":163070,"minecraft:play_time":4414848,"minecraft:jump":135431,"minecraft:play_record":73,"minecraft:sprint_one_cm":10080663,"minecraft:fill_cauldron":11,"minecraft:inspect_hopper":62,"minecraft:fly_one_cm":26840967,"minecraft:walk_on_water_one_cm":221045,"minecraft:interact_with_blast_furnace":8,"minecraft:interact_with_grindstone":33,"minecraft:talked_to_villager":231,"minecraft:damage_taken":105400,"minecraft:mob_kills":6740,"minecraft:open_shulker_box":164,"minecraft:interact_with_beacon":8,"minecraft:open_enderchest":430,"minecraft:damage_dealt_absorbed":58,"minecraft:interact_with_brewingstand":106,"minecraft:interact_with_smithing_table":71,"minecraft:sleep_in_bed":7,"minecraft:inspect_dispenser":85,"minecraft:swim_one_cm":745782,"minecraft:pot_flower":8,"minecraft:player_kills":141,"minecraft:enchant_item":87,"minecraft:interact_with_loom":4,"minecraft:interact_with_lectern":44,"minecraft:drop":2141,"minecraft:use_cauldron":3,"minecraft:bell_ring":3,"minecraft:open_barrel":453,"minecraft:open_chest":4077,"minecraft:interact_with_smoker":11,"minecraft:fall_one_cm":4846032,"minecraft:tune_noteblock":29,"minecraft:interact_with_anvil":116,"minecraft:sneak_time":136174},"minecraft:broken":{"minecraft:stone_shovel":2,"minecraft:golden_leggings":1,"minecraft:iron_helmet":1,"minecraft:diamond_shovel":1,"minecraft:iron_leggings":1,"minecraft:bow":1,"minecraft:stone_axe":3,"minecraft:stone_sword":1,"minecraft:stone_pickaxe":1,"minecraft:iron_boots":1,"minecraft:fishing_rod":1,"minecraft:golden_helmet":1,"minecraft:diamond_sword":1,"minecraft:diamond_pickaxe":2},"minecraft:crafted":{"minecraft:mace":1,"minecraft:wind_charge":376,"minecraft:gold_ingot":257,"minecraft:crimson_planks":44,"minecraft:resin_brick":1,"minecraft:oak_chest_boat":3,"minecraft:creaking_heart":1,"minecraft:jungle_pressure_plate":1,"minecraft:netherite_sword":2,"minecraft:oak_fence":9,"minecraft:lever":1,"minecraft:diamond_pickaxe":3,"minecraft:chest":15,"minecraft:iron_block":66,"minecraft:bow":1,"minecraft:bucket":7,"minecraft:jungle_planks":128,"minecraft:oak_stairs":4,"minecraft:dark_oak_planks":24,"minecraft:jukebox":1,"minecraft:diamond_shovel":1,"minecraft:glass":125,"minecraft:oak_sign":6,"minecraft:spruce_fence":6,"minecraft:sugar":86,"minecraft:pink_dye":2,"minecraft:netherite_upgrade_smithing_template":38,"minecraft:netherite_helmet":4,"minecraft:cooked_mutton":2,"minecraft:ward_armor_trim_smithing_template":18,"minecraft:spruce_door":3,"minecraft:dark_oak_boat":3,"minecraft:cooked_beef":50,"minecraft:diamond":234,"minecraft:vex_armor_trim_smithing_template":8,"minecraft:golden_carrot":58,"minecraft:acacia_button":1,"minecraft:resin_block":1,"minecraft:black_harness":1,"minecraft:paper":27,"minecraft:armor_stand":1,"minecraft:furnace":2,"minecraft:netherite_leggings":4,"minecraft:iron_ingot":187,"minecraft:lead":68,"minecraft:diamond_helmet":2,"minecraft:stone":31,"minecraft:blaze_powder":2,"minecraft:diamond_leggings":2,"minecraft:enchanted_book":13,"minecraft:baked_potato":30,"minecraft:shield":3,"minecraft:stone_axe":2,"minecraft:diamond_block":26,"minecraft:netherite_pickaxe":1,"minecraft:black_wool":7,"minecraft:iron_axe":1,"minecraft:piston":1,"minecraft:spruce_button":1,"minecraft:diamond_boots":2,"minecraft:golden_helmet":1,"minecraft:smithing_table":1,"minecraft:ender_eye":2,"minecraft:white_harness":1,"minecraft:map":1,"minecraft:stick":512,"minecraft:compass":1,"minecraft:smooth_stone_slab":6,"minecraft:ender_chest":1,"minecraft:black_dye":4,"minecraft:cooked_porkchop":28,"minecraft:spruce_chest_boat":2,"minecraft:jungle_slab":66,"minecraft:black_banner":2,"minecraft:bolt_armor_trim_smithing_template":2,"minecraft:pink_wool":2,"minecraft:air":0,"minecraft:oak_boat":3,"minecraft:lapis_block":10,"minecraft:glass_bottle":36,"minecraft:jungle_fence":3,"minecraft:written_book":51,"minecraft:bundle":2,"minecraft:oak_planks":236,"minecraft:gold_nugget":477,"minecraft:fishing_rod":1,"minecraft:stone_shovel":1,"minecraft:birch_planks":68,"minecraft:jungle_stairs":8,"minecraft:anvil":1,"minecraft:netherite_ingot":5,"minecraft:sea_lantern":24,"minecraft:emerald_block":34,"minecraft:fermented_spider_eye":24,"minecraft:netherite_boots":3,"minecraft:diamond_chestplate":3,"minecraft:diamond_sword":4,"minecraft:emerald":314,"minecraft:netherite_scrap":20,"minecraft:wheat":90,"minecraft:birch_boat":3,"minecraft:gold_block":37,"minecraft:chiseled_bookshelf":11,"minecraft:spruce_boat":2,"minecraft:copper_ingot":49,"minecraft:bread":71,"minecraft:crafting_table":10,"minecraft:netherite_chestplate":4,"minecraft:torch":28,"minecraft:dark_oak_fence":3,"minecraft:spruce_planks":488,"minecraft:silence_armor_trim_smithing_template":24,"minecraft:copper_block":1},"minecraft:killed":{"minecraft:zombified_piglin":598,"minecraft:stray":56,"minecraft:pig":2,"minecraft:mooshroom":2,"minecraft:vindicator":3,"minecraft:mule":1,"minecraft:bat":17,"minecraft:silverfish":5375,"minecraft:cat":1,"minecraft:zombie":144,"minecraft:zombie_villager":2,"minecraft:squid":1,"minecraft:drowned":2,"minecraft:cow":12,"minecraft:wolf":1,"minecraft:endermite":1,"minecraft:armadillo":2,"minecraft:slime":37,"minecraft:pillager":13,"minecraft:skeleton":181,"minecraft:witch":1,"minecraft:frog":1,"minecraft:spider":35,"minecraft:allay":3,"minecraft:bogged":3,"minecraft:wither":1,"minecraft:husk":74,"minecraft:wither_skeleton":7,"minecraft:cave_spider":37,"minecraft:creeper":44,"minecraft:hoglin":1,"minecraft:sheep":3,"minecraft:enderman":5,"minecraft:magma_cube":7,"minecraft:ghast":2,"minecraft:breeze":15,"minecraft:blaze":14},"minecraft:picked_up":{"minecraft:sweet_berries":697,"minecraft:pale_oak_log":165,"minecraft:smooth_stone_slab":1,"minecraft:cobblestone":747,"minecraft:shears":2,"minecraft:brick":52,"minecraft:rose_bush":7,"minecraft:clay_ball":64,"minecraft:waxed_copper_grate":7,"minecraft:sculk_catalyst":3,"minecraft:iron_bars":12,"minecraft:white_banner":4,"minecraft:white_terracotta":3,"minecraft:blaze_rod":8,"minecraft:emerald":175,"minecraft:chainmail_chestplate":1,"minecraft:pale_oak_sapling":24,"minecraft:sugar":11,"minecraft:ink_sac":5,"minecraft:oak_chest_boat":3,"minecraft:birch_boat":20,"minecraft:arrow":528,"minecraft:smooth_basalt":4,"minecraft:azalea":1,"minecraft:mace":9,"minecraft:dandelion":3,"minecraft:lava_bucket":1,"minecraft:mutton":5,"minecraft:golden_carrot":76,"minecraft:glow_squid_spawn_egg":1,"minecraft:iron_chestplate":3,"minecraft:polished_blackstone_bricks":3,"minecraft:crimson_nylium":1,"minecraft:oak_log":325,"minecraft:sand":582,"minecraft:furnace":4,"minecraft:oak_hanging_sign":4,"minecraft:wheat_seeds":579,"minecraft:iron_ore":30,"minecraft:leather_leggings":1,"minecraft:egg":7,"minecraft:iron_leggings":1,"minecraft:snowball":246,"minecraft:red_nether_bricks":10,"minecraft:beetroot_seeds":8,"minecraft:ender_pearl":35,"minecraft:string":208,"minecraft:stone_bricks":168,"minecraft:obsidian":45,"minecraft:white_carpet":12,"minecraft:waxed_copper_bulb":4,"minecraft:end_crystal":2,"minecraft:ender_chest":89,"minecraft:spruce_sapling":48,"minecraft:scrape_pottery_sherd":1,"minecraft:yellow_terracotta":10,"minecraft:cherry_fence":2,"minecraft:honey_bottle":11,"minecraft:peony":2,"minecraft:scaffolding":141,"minecraft:prismarine":1,"minecraft:spruce_sign":13,"minecraft:deepslate_lapis_ore":16,"minecraft:music_disc_precipice":8,"minecraft:stick":78,"minecraft:wooden_sword":1,"minecraft:bamboo":1,"minecraft:deepslate_redstone_ore":4,"minecraft:diamond_boots":4,"minecraft:moss_block":1,"minecraft:vex_armor_trim_smithing_template":3,"minecraft:iron_axe":3,"minecraft:deepslate":1663,"minecraft:item_frame":32,"minecraft:raw_iron":101,"minecraft:leather_helmet":4,"minecraft:netherite_sword":7,"minecraft:sculk":1,"minecraft:netherrack":878,"minecraft:stone":5605,"minecraft:gravel":176,"minecraft:jungle_planks":1,"minecraft:bell":12,"minecraft:stripped_mangrove_log":8,"minecraft:dark_oak_stairs":2,"minecraft:shield":7,"minecraft:black_banner":3,"minecraft:brown_egg":4,"minecraft:netherite_chestplate":5,"minecraft:red_candle":3,"minecraft:rotten_flesh":296,"minecraft:written_book":61,"minecraft:ancient_debris":20,"minecraft:apple":12,"minecraft:iron_nugget":43,"minecraft:jukebox":22,"minecraft:tropical_fish":2,"minecraft:light_blue_dye":2,"minecraft:brewing_stand":3,"minecraft:glass":35,"minecraft:warped_roots":1,"minecraft:redstone":435,"minecraft:deepslate_tiles":65,"minecraft:orange_terracotta":1,"minecraft:glow_berries":4,"minecraft:diamond":849,"minecraft:slime_ball":41,"minecraft:granite":120,"minecraft:dark_oak_sapling":2,"minecraft:lily_pad":3,"minecraft:bush":1,"minecraft:creaking_heart":1,"minecraft:packed_ice":26,"minecraft:gold_block":4,"minecraft:enchanted_golden_apple":14,"minecraft:raw_gold":238,"minecraft:deepslate_bricks":2,"minecraft:polished_blackstone":7,"minecraft:crying_obsidian":12,"minecraft:pale_oak_sign":2,"minecraft:spruce_planks":131,"minecraft:dirt":1958,"minecraft:basalt":169,"minecraft:bone_block":23,"minecraft:torch":174,"minecraft:bread":38,"minecraft:iron_boots":3,"minecraft:cactus_flower":2,"minecraft:coal":162,"minecraft:snow":135,"minecraft:sculk_sensor":1,"minecraft:splash_potion":4,"minecraft:anvil":2,"minecraft:milk_bucket":18,"minecraft:bookshelf":13,"minecraft:waxed_copper_block":4,"minecraft:jungle_stairs":1,"minecraft:poppy":129,"minecraft:mangrove_propagule":3,"minecraft:potion":78,"minecraft:spruce_fence":2,"minecraft:jungle_fence":2,"minecraft:sandstone":1,"minecraft:dark_oak_door":1,"minecraft:coal_ore":123,"minecraft:black_terracotta":4,"minecraft:mangrove_roots":2,"minecraft:polished_deepslate_slab":3,"minecraft:breeze_rod":20,"minecraft:gold_nugget":38,"minecraft:stone_slab":6,"minecraft:resin_clump":47,"minecraft:water_bucket":3,"minecraft:cod":7,"minecraft:baked_potato":539,"minecraft:copper_ore":2,"minecraft:resin_block":1,"minecraft:oak_trapdoor":5,"minecraft:fire_charge":7,"minecraft:clay":1,"minecraft:red_terracotta":12,"minecraft:honey_block":7,"minecraft:lapis_block":1,"minecraft:glowstone_dust":15,"minecraft:pumpkin_seeds":2,"minecraft:wheat":139,"minecraft:cyan_concrete_powder":4,"minecraft:map":1,"minecraft:damaged_anvil":2,"minecraft:cherry_slab":1,"minecraft:gunpowder":88,"minecraft:nether_gold_ore":14,"minecraft:brown_banner":2,"minecraft:blackstone":65,"minecraft:waxed_cut_copper_slab":1,"minecraft:lever":3,"minecraft:clock":2,"minecraft:amethyst_cluster":38,"minecraft:blue_ice":2,"minecraft:sea_lantern":42,"minecraft:leaf_litter":74,"minecraft:grass_block":411,"minecraft:music_disc_creator":17,"minecraft:piston":1,"minecraft:sculk_shrieker":1,"minecraft:bone_meal":9,"minecraft:decorated_pot":29,"minecraft:oak_sapling":100,"minecraft:bundle":2,"minecraft:resin_brick":3,"minecraft:wither_skeleton_skull":22,"minecraft:cake":6,"minecraft:wind_charge":122,"minecraft:netherite_ingot":1,"minecraft:dried_ghast":5,"minecraft:cocoa_beans":6,"minecraft:cherry_sign":5,"minecraft:minecart":4,"minecraft:saddle":1,"minecraft:sugar_cane":117,"minecraft:bone":199,"minecraft:diamond_shovel":2,"minecraft:iron_sword":1,"minecraft:deepslate_diamond_ore":47,"minecraft:book":82,"minecraft:armor_stand":12,"minecraft:cyan_concrete":192,"minecraft:wildflowers":17,"minecraft:spectral_arrow":52,"minecraft:bow":11,"minecraft:iron_ingot":27,"minecraft:lilac":1,"minecraft:pale_oak_stairs":2,"minecraft:tadpole_bucket":1,"minecraft:spruce_slab":4,"minecraft:crossbow":7,"minecraft:spore_blossom":1,"minecraft:heavy_core":2,"minecraft:golden_leggings":1,"minecraft:white_candle":1,"minecraft:pale_oak_fence":2,"minecraft:music_disc_chirp":1,"minecraft:nautilus_shell":13,"minecraft:waxed_cut_copper":1,"minecraft:light_gray_carpet":9,"minecraft:axolotl_bucket":1,"minecraft:verdant_froglight":6,"minecraft:black_dye":1,"minecraft:crimson_stem":11,"minecraft:gray_terracotta":9,"minecraft:mangrove_boat":20,"minecraft:music_disc_13":5,"minecraft:quartz":66,"minecraft:waxed_copper_trapdoor":1,"minecraft:diamond_sword":11,"minecraft:dried_kelp":71,"minecraft:chiseled_tuff_bricks":15,"minecraft:oak_sign":3,"minecraft:golden_sword":5,"minecraft:writable_book":61,"minecraft:light_gray_terracotta":6,"minecraft:polished_diorite":3,"minecraft:nether_wart_block":17,"minecraft:pale_oak_trapdoor":1,"minecraft:cornflower":3,"minecraft:enchanted_book":28,"minecraft:oak_fence_gate":2,"minecraft:iron_block":41,"minecraft:tripwire_hook":1,"minecraft:glowstone":576,"minecraft:fishing_rod":1,"minecraft:bucket":6,"minecraft:guster_banner_pattern":1,"minecraft:leather":31,"minecraft:lead":98,"minecraft:armadillo_scute":1,"minecraft:moss_carpet":2,"minecraft:ghast_tear":2,"minecraft:music_disc_tears":6,"minecraft:prismarine_crystals":12,"minecraft:porkchop":6,"minecraft:carved_pumpkin":1,"minecraft:polished_tuff":21,"minecraft:player_head":19,"minecraft:cooked_porkchop":15,"minecraft:cookie":57,"minecraft:red_carpet":29,"minecraft:diamond_chestplate":2,"minecraft:dead_bush":2,"minecraft:nether_brick":50,"minecraft:netherite_leggings":3,"minecraft:spruce_door":1,"minecraft:chest":51,"minecraft:pink_petals":2,"minecraft:crimson_planks":2,"minecraft:copper_trapdoor":4,"minecraft:quartz_block":1,"minecraft:tuff":737,"minecraft:phantom_membrane":23,"minecraft:cooked_cod":3,"minecraft:potato":182,"minecraft:terracotta":60,"minecraft:lapis_lazuli":544,"minecraft:jungle_log":2,"minecraft:spruce_stairs":1,"minecraft:stripped_pale_oak_log":1,"minecraft:light_gray_shulker_box":67,"minecraft:ominous_bottle":4,"minecraft:trial_key":42,"minecraft:oak_boat":7,"minecraft:pufferfish":1,"minecraft:oak_planks":82,"minecraft:raw_copper":285,"minecraft:calcite":8,"minecraft:iron_door":1,"minecraft:nether_brick_wall":4,"minecraft:poisonous_potato":1,"minecraft:name_tag":1,"minecraft:stone_button":8,"minecraft:music_disc_ward":7,"minecraft:flint":2,"minecraft:lantern":4,"minecraft:melon_slice":7,"minecraft:goat_horn":4,"minecraft:deepslate_iron_ore":15,"minecraft:spruce_button":10,"minecraft:flow_armor_trim_smithing_template":3,"minecraft:nether_wart":21,"minecraft:acacia_button":9,"minecraft:magenta_harness":1,"minecraft:ward_armor_trim_smithing_template":11,"minecraft:spruce_boat":23,"minecraft:spyglass":5,"minecraft:magma_cream":2,"minecraft:dark_oak_planks":21,"minecraft:emerald_block":29,"minecraft:beetroot":2,"minecraft:blue_egg":4,"minecraft:rail":11,"minecraft:pale_oak_door":3,"minecraft:black_carpet":2,"minecraft:iron_shovel":4,"minecraft:diamond_pickaxe":4,"minecraft:dripstone_block":4,"minecraft:silence_armor_trim_smithing_template":1,"minecraft:spruce_log":363,"minecraft:acacia_boat":3,"minecraft:netherite_pickaxe":7,"minecraft:oak_fence":40,"minecraft:birch_planks":16,"minecraft:smooth_quartz":9,"minecraft:ochre_froglight":28,"minecraft:nether_bricks":16,"minecraft:green_concrete":63,"minecraft:hopper":6,"minecraft:totem_of_undying":1,"minecraft:cooked_beef":36,"minecraft:nether_star":3,"minecraft:white_wool":76,"minecraft:feather":1,"minecraft:rooted_dirt":23,"minecraft:andesite":44,"minecraft:amethyst_shard":164,"minecraft:filled_map":44,"minecraft:light_blue_stained_glass":1,"minecraft:soul_sand":101,"minecraft:diamond_axe":3,"minecraft:carrot":423,"minecraft:flow_pottery_sherd":3,"minecraft:netherite_boots":4,"minecraft:gold_ingot":144,"minecraft:dark_prismarine":15,"minecraft:bolt_armor_trim_smithing_template":3,"minecraft:glow_ink_sac":1,"minecraft:polished_tuff_slab":1,"minecraft:prismarine_bricks":3,"minecraft:black_wool":16,"minecraft:cooked_chicken":39,"minecraft:jungle_slab":3,"minecraft:cobbled_deepslate":1685,"minecraft:bedrock":1,"minecraft:music_disc_lava_chicken":42,"minecraft:amethyst_block":5,"minecraft:tuff_bricks":83,"minecraft:pumpkin_pie":3,"minecraft:netherite_helmet":3,"minecraft:spruce_trapdoor":9,"minecraft:white_stained_glass":4,"minecraft:magma_block":11,"minecraft:polished_deepslate":21,"minecraft:pale_oak_planks":2,"minecraft:diamond_ore":2,"minecraft:deepslate_gold_ore":6,"minecraft:birch_log":17,"minecraft:sticky_piston":5,"minecraft:compass":1,"minecraft:diamond_block":5,"minecraft:spider_eye":60,"minecraft:dark_oak_log":311,"minecraft:tipped_arrow":144,"minecraft:diorite":58,"minecraft:wet_sponge":1,"minecraft:crafting_table":14,"minecraft:ominous_trial_key":5,"minecraft:hoglin_spawn_egg":2,"minecraft:beef":49,"minecraft:dark_oak_boat":2,"minecraft:music_disc_cat":5,"minecraft:glass_bottle":90,"minecraft:oak_slab":5,"minecraft:blue_bed":1,"minecraft:paper":27},"minecraft:mined":{"minecraft:torch":57,"minecraft:mangrove_roots":1,"minecraft:lever":1,"minecraft:oak_fence_gate":1,"minecraft:spruce_log":258,"minecraft:nether_quartz_ore":57,"minecraft:chest":17,"minecraft:blue_ice":2,"minecraft:netherrack":2755,"minecraft:spruce_sapling":1,"minecraft:bone_block":1,"minecraft:waxed_oxidized_cut_copper":5,"minecraft:ochre_froglight":10,"minecraft:spruce_planks":328,"minecraft:honey_block":5,"minecraft:wither_skeleton_skull":2,"minecraft:birch_log":17,"minecraft:sweet_berry_bush":233,"minecraft:large_fern":2,"minecraft:magma_block":19,"minecraft:smooth_quartz":9,"minecraft:dark_oak_planks":13,"minecraft:blackstone":28,"minecraft:anvil":1,"minecraft:sticky_piston":1,"minecraft:deepslate_bricks":2,"minecraft:gold_block":3,"minecraft:diamond_ore":2,"minecraft:wall_torch":26,"minecraft:fire":50,"minecraft:ender_chest":89,"minecraft:polished_blackstone":5,"minecraft:dripstone_block":5,"minecraft:deepslate_tiles":1,"minecraft:oak_sapling":2,"minecraft:black_wall_banner":1,"minecraft:dark_oak_log":85,"minecraft:spruce_wall_sign":1,"minecraft:stone_slab":3,"minecraft:dandelion":1,"minecraft:glass":22,"minecraft:lantern":1,"minecraft:diamond_block":2,"minecraft:nether_brick_wall":4,"minecraft:oak_wall_sign":1,"minecraft:cherry_leaves":1,"minecraft:scaffolding":34,"minecraft:oak_leaves":63,"minecraft:rooted_dirt":133,"minecraft:light_gray_shulker_box":66,"minecraft:brewing_stand":3,"minecraft:clay":27,"minecraft:chiseled_sandstone":1,"minecraft:deepslate_copper_ore":26,"minecraft:iron_bars":12,"minecraft:tall_grass":10,"minecraft:waxed_copper_block":32,"minecraft:polished_tuff_slab":1,"minecraft:emerald_ore":2,"minecraft:lily_pad":1,"minecraft:dark_prismarine":15,"minecraft:wet_sponge":1,"minecraft:soul_fire":1,"minecraft:acacia_button":8,"minecraft:sand":934,"minecraft:seagrass":3,"minecraft:spruce_sign":5,"minecraft:oxidized_copper":1,"minecraft:waxed_cut_copper_slab":1,"minecraft:cocoa":2,"minecraft:lapis_ore":12,"minecraft:warped_roots":1,"minecraft:vine":5,"minecraft:sea_lantern":47,"minecraft:terracotta":127,"minecraft:carrots":89,"minecraft:weeping_vines":1,"minecraft:short_grass":77,"minecraft:dirt_path":3,"minecraft:infested_stone":6,"minecraft:crafting_table":10,"minecraft:deepslate_redstone_ore":250,"minecraft:dark_oak_stairs":1,"minecraft:leaf_litter":18,"minecraft:copper_ore":32,"minecraft:black_stained_glass_pane":2,"minecraft:packed_ice":28,"minecraft:iron_block":37,"minecraft:birch_planks":8,"minecraft:stone_bricks":146,"minecraft:bush":1,"minecraft:crimson_stem":14,"minecraft:wheat":110,"minecraft:oak_trapdoor":5,"minecraft:dried_ghast":1,"minecraft:prismarine":1,"minecraft:red_terracotta":12,"minecraft:soul_sand":10,"minecraft:light_gray_terracotta":3,"minecraft:soul_soil":1,"minecraft:cactus_flower":1,"minecraft:jungle_slab":2,"minecraft:nether_wart":1,"minecraft:grass_block":2720,"minecraft:tuff_bricks":296,"minecraft:white_wool":3,"minecraft:light_gray_carpet":7,"minecraft:flowering_azalea_leaves":3,"minecraft:damaged_anvil":2,"minecraft:pale_oak_leaves":3,"minecraft:calcite":10,"minecraft:spruce_slab":5,"minecraft:jukebox":19,"minecraft:cherry_sign":5,"minecraft:pale_oak_sapling":2,"minecraft:smooth_basalt":8,"minecraft:cherry_fence":1,"minecraft:white_terracotta":7,"minecraft:amethyst_block":5,"minecraft:weeping_vines_plant":2,"minecraft:cyan_concrete":192,"minecraft:piston_head":4,"minecraft:farmland":9,"minecraft:obsidian":37,"minecraft:waxed_oxidized_copper_grate":2,"minecraft:waxed_oxidized_copper":12,"minecraft:cave_vines":1,"minecraft:sandstone":1,"minecraft:piston":1,"minecraft:stripped_spruce_log":1,"minecraft:nether_wart_block":46,"minecraft:iron_door":2,"minecraft:birch_leaves":2,"minecraft:oak_fence":28,"minecraft:smooth_stone_slab":1,"minecraft:red_nether_bricks":10,"minecraft:moss_block":1,"minecraft:decorated_pot":24,"minecraft:fern":8,"minecraft:deepslate_diamond_ore":299,"minecraft:potatoes":28,"minecraft:small_dripleaf":1,"minecraft:mangrove_propagule":1,"minecraft:iron_ore":50,"minecraft:nether_sprouts":1,"minecraft:beetroots":2,"minecraft:podzol":2,"minecraft:red_candle":1,"minecraft:oak_planks":32,"minecraft:cobblestone":497,"minecraft:sugar_cane":91,"minecraft:mangrove_leaves":8,"minecraft:polished_diorite":5,"minecraft:furnace":4,"minecraft:yellow_terracotta":5,"minecraft:waxed_oxidized_chiseled_copper":1,"minecraft:waxed_cut_copper":1,"minecraft:wildflowers":2,"minecraft:dirt":4629,"minecraft:hopper":6,"minecraft:gray_terracotta":1,"minecraft:ladder":3,"minecraft:basalt":192,"minecraft:deepslate":6623,"minecraft:snow":468,"minecraft:cherry_slab":1,"minecraft:oak_log":191,"minecraft:pale_oak_stairs":2,"minecraft:sculk":38,"minecraft:warped_nylium":2,"minecraft:gravel":182,"minecraft:waxed_copper_grate":29,"minecraft:light_blue_stained_glass":1,"minecraft:pale_oak_wall_sign":1,"minecraft:red_carpet":25,"minecraft:prismarine_bricks":4,"minecraft:polished_deepslate_slab":3,"minecraft:jungle_log":2,"minecraft:verdant_froglight":5,"minecraft:chiseled_tuff":2,"minecraft:andesite":226,"minecraft:glowstone":705,"minecraft:dark_oak_slab":1,"minecraft:deepslate_gold_ore":112,"minecraft:ice":4,"minecraft:nether_bricks":51,"minecraft:dark_oak_leaves":5,"minecraft:jungle_stairs":1,"minecraft:deepslate_lapis_ore":35,"minecraft:deepslate_iron_ore":51,"minecraft:waxed_copper_bulb":5,"minecraft:amethyst_cluster":11,"minecraft:black_terracotta":5,"minecraft:stone":8734,"minecraft:heavy_core":1,"minecraft:orange_terracotta":1,"minecraft:granite":256,"minecraft:coal_ore":208,"minecraft:diorite":81,"minecraft:ancient_debris":21,"minecraft:spruce_trapdoor":9,"minecraft:cyan_wool":1,"minecraft:polished_deepslate":21,"minecraft:waxed_copper_trapdoor":1,"minecraft:composter":1,"minecraft:sculk_vein":1,"minecraft:bookshelf":23,"minecraft:white_carpet":7,"minecraft:crimson_nylium":2,"minecraft:cherry_wall_sign":1,"minecraft:dark_oak_fence":8,"minecraft:powder_snow":1,"minecraft:polished_blackstone_bricks":3,"minecraft:waxed_chiseled_copper":2,"minecraft:red_glazed_terracotta":1,"minecraft:potted_dead_bush":1,"minecraft:player_head":2,"minecraft:cobweb":80,"minecraft:spruce_leaves":94,"minecraft:chiseled_tuff_bricks":55,"minecraft:cobbled_deepslate":129,"minecraft:tuff":868,"minecraft:polished_tuff":32,"minecraft:stone_button":5,"minecraft:pale_oak_log":53,"minecraft:nether_gold_ore":22,"minecraft:redstone_wire":2,"minecraft:dead_bush":2,"minecraft:crimson_planks":3},"minecraft:dropped":{"minecraft:andesite":15,"minecraft:scrape_pottery_sherd":1,"minecraft:sweet_berries":156,"minecraft:nether_brick":11,"minecraft:wooden_sword":1,"minecraft:bone":62,"minecraft:brown_egg":1,"minecraft:poppy":171,"minecraft:breeze_rod":5,"minecraft:tuff_bricks":59,"minecraft:spruce_sign":4,"minecraft:raw_gold":19,"minecraft:mangrove_propagule":2,"minecraft:oak_sapling":38,"minecraft:cooked_chicken":3,"minecraft:jukebox":1,"minecraft:mace":8,"minecraft:amethyst_block":5,"minecraft:redstone":3,"minecraft:music_disc_precipice":1,"minecraft:golden_carrot":9,"minecraft:bolt_armor_trim_smithing_template":2,"minecraft:tuff":427,"minecraft:book":2,"minecraft:milk_bucket":2,"minecraft:netherite_leggings":4,"minecraft:oak_slab":4,"minecraft:spruce_log":66,"minecraft:gunpowder":28,"minecraft:dried_kelp":46,"minecraft:gold_ingot":77,"minecraft:smooth_basalt":4,"minecraft:flow_pottery_sherd":1,"minecraft:baked_potato":636,"minecraft:diorite":8,"minecraft:iron_helmet":1,"minecraft:torch":17,"minecraft:leather_leggings":1,"minecraft:birch_planks":25,"minecraft:bow":3,"minecraft:cooked_cod":1,"minecraft:pufferfish":64,"minecraft:ender_eye":1,"minecraft:bucket":27,"minecraft:black_wool":16,"minecraft:raw_copper":50,"minecraft:stone":885,"minecraft:ominous_bottle":3,"minecraft:melon_slice":7,"minecraft:sand":6,"minecraft:hoglin_spawn_egg":1,"minecraft:shears":2,"minecraft:ender_chest":1,"minecraft:wet_sponge":1,"minecraft:music_disc_creator":1,"minecraft:spruce_boat":2,"minecraft:lever":1,"minecraft:decorated_pot":3,"minecraft:bamboo":1,"minecraft:stone_slab":6,"minecraft:cooked_beef":8,"minecraft:mangrove_sign":2,"minecraft:raw_iron":29,"minecraft:item_frame":4,"minecraft:slime_ball":22,"minecraft:crafting_table":2,"minecraft:netherrack":308,"minecraft:spyglass":3,"minecraft:cooked_porkchop":7,"minecraft:white_banner":4,"minecraft:glow_ink_sac":1,"minecraft:iron_axe":2,"minecraft:tripwire_hook":1,"minecraft:netherite_scrap":1,"minecraft:glow_berries":2,"minecraft:packed_ice":18,"minecraft:cobbled_deepslate":643,"minecraft:egg":1,"minecraft:sugar_cane":1,"minecraft:yellow_terracotta":5,"minecraft:iron_nugget":8,"minecraft:paper":8,"minecraft:black_banner":1,"minecraft:shield":7,"minecraft:chainmail_chestplate":1,"minecraft:flow_armor_trim_smithing_template":1,"minecraft:player_head":2,"minecraft:nether_star":1,"minecraft:amethyst_cluster":37,"minecraft:dark_prismarine":14,"minecraft:string":82,"minecraft:tadpole_bucket":3,"minecraft:clay_ball":64,"minecraft:black_carpet":2,"minecraft:pale_oak_fence":2,"minecraft:bread":5,"minecraft:spider_eye":87,"minecraft:snowball":64,"minecraft:netherite_pickaxe":7,"minecraft:cobblestone":470,"minecraft:copper_ore":2,"minecraft:spruce_planks":56,"minecraft:stripped_pale_oak_log":1,"minecraft:potion":91,"minecraft:white_wool":71,"minecraft:music_disc_13":1,"minecraft:leather":6,"minecraft:stripped_mangrove_log":8,"minecraft:diamond_boots":5,"minecraft:diamond_chestplate":2,"minecraft:splash_potion":3,"minecraft:dripstone_block":4,"minecraft:saddle":1,"minecraft:copper_trapdoor":4,"minecraft:bone_meal":9,"minecraft:beetroot_seeds":6,"minecraft:waxed_cut_copper":1,"minecraft:netherite_sword":8,"minecraft:stone_button":1,"minecraft:chiseled_tuff_bricks":5,"minecraft:deepslate_tiles":2,"minecraft:jungle_fence":2,"minecraft:pale_oak_log":70,"minecraft:beef":12,"minecraft:iron_sword":1,"minecraft:prismarine_shard":24,"minecraft:spruce_door":1,"minecraft:spruce_fence":5,"minecraft:amethyst_shard":14,"minecraft:dark_oak_planks":5,"minecraft:writable_book":39,"minecraft:cake":3,"minecraft:sugar":11,"minecraft:ghast_tear":2,"minecraft:oak_boat":1,"minecraft:mangrove_roots":1,"minecraft:spruce_button":7,"minecraft:netherite_helmet":3,"minecraft:tropical_fish":2,"minecraft:gravel":95,"minecraft:brick":19,"minecraft:ink_sac":5,"minecraft:netherite_chestplate":5,"minecraft:glowstone":256,"minecraft:enchanted_book":15,"minecraft:nether_bricks":5,"minecraft:crossbow":7,"minecraft:soul_sand":52,"minecraft:filled_map":20,"minecraft:diamond_block":6,"minecraft:polished_tuff_slab":1,"minecraft:grass_block":84,"minecraft:bush":1,"minecraft:fire_charge":2,"minecraft:crimson_nylium":1,"minecraft:arrow":163,"minecraft:carrot":104,"minecraft:carved_pumpkin":1,"minecraft:cactus_flower":1,"minecraft:deepslate":230,"minecraft:dead_bush":2,"minecraft:enchanted_golden_apple":10,"minecraft:polished_blackstone":2,"minecraft:tipped_arrow":83,"minecraft:rotten_flesh":909,"minecraft:lava_bucket":1,"minecraft:iron_chestplate":3,"minecraft:ominous_trial_key":2,"minecraft:dirt":56,"minecraft:obsidian":11,"minecraft:gray_terracotta":8,"minecraft:resin_clump":4,"minecraft:cherry_sign":4,"minecraft:oak_fence":2,"minecraft:ender_pearl":14,"minecraft:emerald":13,"minecraft:rail":8,"minecraft:bookshelf":31,"minecraft:coal":86,"minecraft:honey_bottle":19,"minecraft:potato":72,"minecraft:deepslate_diamond_ore":1,"minecraft:glass_bottle":73,"minecraft:silence_armor_trim_smithing_template":1,"minecraft:written_book":88,"minecraft:cookie":60,"minecraft:jungle_planks":5,"minecraft:lapis_lazuli":73,"minecraft:terracotta":6,"minecraft:blaze_rod":2,"minecraft:diamond_shovel":1,"minecraft:oak_planks":55,"minecraft:porkchop":3,"minecraft:red_candle":3,"minecraft:wheat":47,"minecraft:lead":39,"minecraft:basalt":77,"minecraft:sea_lantern":66,"minecraft:music_disc_lava_chicken":2,"minecraft:light_blue_dye":5,"minecraft:wheat_seeds":179,"minecraft:iron_ingot":20,"minecraft:green_concrete":63,"minecraft:goat_horn":5,"minecraft:piston":1,"minecraft:rose_bush":1,"minecraft:jungle_slab":17,"minecraft:polished_tuff":10,"minecraft:oak_log":80,"minecraft:diamond_pickaxe":3,"minecraft:dandelion":1,"minecraft:hopper":6,"minecraft:snow":118,"minecraft:oak_chest_boat":1,"minecraft:stick":34,"minecraft:coal_ore":4,"minecraft:pale_oak_planks":2,"minecraft:phantom_membrane":9,"minecraft:prismarine_crystals":4,"minecraft:netherite_boots":5,"minecraft:iron_boots":1,"minecraft:bamboo_hanging_sign":3,"minecraft:leather_helmet":3,"minecraft:totem_of_undying":1,"minecraft:nautilus_shell":12,"minecraft:waxed_cut_copper_slab":1,"minecraft:pale_oak_sapling":18,"minecraft:pumpkin_seeds":2,"minecraft:wind_charge":51,"minecraft:diamond_axe":2,"minecraft:bundle":5,"minecraft:firework_rocket":50,"minecraft:cocoa_beans":6,"minecraft:quartz":20,"minecraft:granite":150,"minecraft:ward_armor_trim_smithing_template":4,"minecraft:diamond":259,"minecraft:feather":3,"minecraft:blue_bed":1,"minecraft:golden_sword":95,"minecraft:poisonous_potato":128,"minecraft:pumpkin_pie":1,"minecraft:jungle_stairs":4,"minecraft:water_bucket":2,"minecraft:trial_key":27,"minecraft:stone_bricks":4,"minecraft:resin_block":1,"minecraft:leaf_litter":48,"minecraft:flint":1,"minecraft:diamond_sword":11,"minecraft:polished_deepslate_slab":1,"minecraft:lingering_potion":1,"minecraft:gold_nugget":11,"minecraft:netherite_upgrade_smithing_template":2,"minecraft:wither_skeleton_skull":9,"minecraft:cod":7,"minecraft:honey_block":1},"minecraft:used":{"minecraft:polished_tuff":11,"minecraft:end_crystal":12,"minecraft:filled_map":3,"minecraft:diamond_sword":2994,"minecraft:mangrove_boat":22,"minecraft:wheat_seeds":109,"minecraft:mushroom_stew":2,"minecraft:glass":231,"minecraft:black_terracotta":4,"minecraft:polished_blackstone":5,"minecraft:decorated_pot":26,"minecraft:damaged_anvil":2,"minecraft:light_gray_carpet":9,"minecraft:jungle_log":2,"minecraft:coal_ore":119,"minecraft:oak_log":50,"minecraft:sea_lantern":2,"minecraft:spruce_slab":4,"minecraft:polished_deepslate_slab":2,"minecraft:diamond_axe":770,"minecraft:white_carpet":5,"minecraft:poppy":4,"minecraft:gray_terracotta":1,"minecraft:snowball":70,"minecraft:pale_oak_stairs":2,"minecraft:jungle_slab":19,"minecraft:moss_block":1,"minecraft:calcite":2,"minecraft:armor_stand":13,"minecraft:bow":52,"minecraft:iron_leggings":1,"minecraft:cobbled_deepslate":260,"minecraft:polished_diorite":3,"minecraft:dark_prismarine":1,"minecraft:pink_petals":2,"minecraft:stone_shovel":263,"minecraft:honey_block":6,"minecraft:anvil":3,"minecraft:light_gray_shulker_box":67,"minecraft:goat_horn":113,"minecraft:light_blue_stained_glass":1,"minecraft:red_nether_bricks":8,"minecraft:written_book":483,"minecraft:terracotta":1,"minecraft:wind_charge":549,"minecraft:diamond_ore":1,"minecraft:shears":1,"minecraft:nether_wart_block":17,"minecraft:bucket":56,"minecraft:oak_sapling":6,"minecraft:brown_egg":3,"minecraft:smooth_stone_slab":1,"minecraft:iron_door":1,"minecraft:oak_fence":34,"minecraft:diamond_block":2,"minecraft:oak_trapdoor":5,"minecraft:acacia_button":10,"minecraft:nether_bricks":11,"minecraft:wildflowers":17,"minecraft:shield":49,"minecraft:deepslate":343,"minecraft:polished_deepslate":6,"minecraft:glow_squid_spawn_egg":1,"minecraft:pale_oak_sapling":5,"minecraft:dark_oak_log":19,"minecraft:waxed_copper_block":4,"minecraft:firework_rocket":76,"minecraft:oak_boat":6,"minecraft:golden_carrot":72,"minecraft:peony":2,"minecraft:deepslate_bricks":2,"minecraft:verdant_froglight":6,"minecraft:cactus_flower":1,"minecraft:light_gray_terracotta":6,"minecraft:cooked_mutton":2,"minecraft:cookie":32,"minecraft:ochre_froglight":28,"minecraft:stone_bricks":112,"minecraft:jungle_stairs":5,"minecraft:minecart":3,"minecraft:packed_ice":8,"minecraft:redstone":1,"minecraft:pale_oak_boat":1,"minecraft:poisonous_potato":1,"minecraft:spruce_door":2,"minecraft:cobblestone":556,"minecraft:diamond_chestplate":3,"minecraft:cherry_sign":1,"minecraft:stone":418,"minecraft:waxed_copper_grate":7,"minecraft:crafting_table":20,"minecraft:spruce_sign":10,"minecraft:sculk":1,"minecraft:spruce_trapdoor":1,"minecraft:potion":54,"minecraft:tuff_bricks":24,"minecraft:baked_potato":743,"minecraft:apple":1,"minecraft:scaffolding":116,"minecraft:moss_carpet":2,"minecraft:spruce_log":93,"minecraft:spore_blossom":2,"minecraft:water_bucket":48,"minecraft:soul_sand":27,"minecraft:netherite_boots":6,"minecraft:bread":104,"minecraft:torch":175,"minecraft:yellow_terracotta":5,"minecraft:cake":16,"minecraft:cooked_chicken":27,"minecraft:white_wool":11,"minecraft:nether_brick_wall":4,"minecraft:red_terracotta":12,"minecraft:jungle_pressure_plate":1,"minecraft:dark_oak_boat":5,"minecraft:chest":57,"minecraft:sandstone":1,"minecraft:acacia_boat":3,"minecraft:prismarine":1,"minecraft:iron_axe":136,"minecraft:leaf_litter":16,"minecraft:player_head":2,"minecraft:ominous_trial_key":3,"minecraft:iron_block":4,"minecraft:black_banner":2,"minecraft:potato":32,"minecraft:glow_berries":1,"minecraft:sticky_piston":5,"minecraft:glass_bottle":3,"minecraft:jungle_planks":1,"minecraft:oak_sign":7,"minecraft:dark_oak_stairs":2,"minecraft:lantern":3,"minecraft:netherite_pickaxe":12581,"minecraft:cooked_porkchop":30,"minecraft:granite":112,"minecraft:jungle_fence":3,"minecraft:chiseled_tuff_bricks":10,"minecraft:pale_oak_sign":2,"minecraft:red_carpet":29,"minecraft:smithing_table":1,"minecraft:warped_roots":1,"minecraft:grindstone":1,"minecraft:smooth_quartz":9,"minecraft:pale_oak_door":3,"minecraft:nether_gold_ore":6,"minecraft:nether_wart":18,"minecraft:cherry_slab":1,"minecraft:blackstone":15,"minecraft:pumpkin_pie":2,"minecraft:beetroot_seeds":2,"minecraft:jukebox":21,"minecraft:stone_pickaxe":131,"minecraft:dandelion":2,"minecraft:mangrove_roots":1,"minecraft:netherrack":254,"minecraft:lilac":1,"minecraft:spruce_boat":23,"minecraft:lingering_potion":4,"minecraft:diamond_shovel":8734,"minecraft:dried_ghast":5,"minecraft:fire_charge":14,"minecraft:deepslate_diamond_ore":76,"minecraft:cyan_concrete_powder":196,"minecraft:birch_planks":5,"minecraft:rotten_flesh":1,"minecraft:sculk_catalyst":2,"minecraft:prismarine_bricks":3,"minecraft:writable_book":705,"minecraft:item_frame":42,"minecraft:spider_eye":2,"minecraft:dark_oak_planks":8,"minecraft:glowstone":9,"minecraft:blue_egg":4,"minecraft:dirt":258,"minecraft:honey_bottle":11,"minecraft:compass":1,"minecraft:fishing_rod":128,"minecraft:obsidian":45,"minecraft:stripped_spruce_log":1,"minecraft:tadpole_bucket":2,"minecraft:dark_oak_sapling":2,"minecraft:spruce_planks":181,"minecraft:oak_chest_boat":5,"minecraft:dark_oak_door":1,"minecraft:rose_bush":6,"minecraft:orange_terracotta":1,"minecraft:basalt":50,"minecraft:cooked_cod":2,"minecraft:rail":2,"minecraft:iron_bars":12,"minecraft:deepslate_gold_ore":6,"minecraft:spyglass":334,"minecraft:splash_potion":5,"minecraft:deepslate_tiles":63,"minecraft:chiseled_bookshelf":11,"minecraft:enchanted_golden_apple":1,"minecraft:oak_planks":126,"minecraft:totem_of_undying":1,"minecraft:sugar_cane":2,"minecraft:iron_ore":8,"minecraft:trial_key":17,"minecraft:stone_axe":401,"minecraft:spruce_fence":17,"minecraft:white_terracotta":3,"minecraft:waxed_copper_trapdoor":1,"minecraft:netherite_sword":1507,"minecraft:spruce_stairs":1,"minecraft:mangrove_sign":1,"minecraft:milk_bucket":17,"minecraft:brown_banner":2,"minecraft:bookshelf":50,"minecraft:diamond_pickaxe":11295,"minecraft:crimson_planks":46,"minecraft:beetroot":2,"minecraft:crossbow":263,"minecraft:dark_oak_fence":1,"minecraft:azalea":1,"minecraft:tuff":64,"minecraft:brewing_stand":2,"minecraft:stone_sword":131,"minecraft:piston":1,"minecraft:sweet_berries":1032,"minecraft:ominous_bottle":1,"minecraft:mace":103,"minecraft:heavy_core":1,"minecraft:carrot":218,"minecraft:birch_boat":24,"minecraft:netherite_chestplate":6,"minecraft:oak_fence_gate":2,"minecraft:gold_block":37,"minecraft:netherite_helmet":6,"minecraft:white_candle":1,"minecraft:netherite_leggings":6,"minecraft:deepslate_lapis_ore":16,"minecraft:wither_skeleton_skull":11,"minecraft:pale_oak_log":5,"minecraft:amethyst_cluster":10,"minecraft:furnace":6,"minecraft:iron_boots":2,"minecraft:lever":4,"minecraft:blue_ice":2,"minecraft:dried_kelp":25,"minecraft:polished_blackstone_bricks":2,"minecraft:stone_button":7,"minecraft:creaking_heart":2,"minecraft:spruce_button":4,"minecraft:oak_stairs":4,"minecraft:cooked_beef":129,"minecraft:ender_chest":89,"minecraft:flint_and_steel":3,"minecraft:iron_helmet":2,"minecraft:mangrove_propagule":1,"minecraft:cornflower":1,"minecraft:spruce_sapling":3,"minecraft:egg":6,"minecraft:ender_pearl":15,"minecraft:spruce_chest_boat":2}},"DataVersion":4440}