{"stats":{"minecraft:custom":{"minecraft:talked_to_villager":3,"minecraft:time_since_rest":1763,"minecraft:walk_one_cm":43812,"minecraft:leave_game":2,"minecraft:mob_kills":1,"minecraft:walk_under_water_one_cm":719,"minecraft:damage_taken":6210,"minecraft:damage_dealt":80,"minecraft:play_time":3010,"minecraft:jump":111,"minecraft:time_since_death":1750,"minecraft:open_enderchest":1,"minecraft:open_barrel":1,"minecraft:sprint_one_cm":29704,"minecraft:open_chest":21,"minecraft:fall_one_cm":3158,"minecraft:swim_one_cm":1961,"minecraft:total_world_time":3010,"minecraft:fly_one_cm":23142,"minecraft:walk_on_water_one_cm":553,"minecraft:crouch_one_cm":318,"minecraft:sneak_time":38,"minecraft:deaths":2},"minecraft:killed_by":{"minecraft:creaking":2},"minecraft:picked_up":{"minecraft:white_wool":1,"minecraft:mutton":1},"minecraft:killed":{"minecraft:sheep":1},"minecraft:used":{"minecraft:stone_sword":8,"minecraft:sweet_berries":2,"minecraft:mutton":1}},"DataVersion":4440}