{"stats":{"minecraft:dropped":{"minecraft:rotten_flesh":1,"minecraft:granite":12,"minecraft:clock":1,"minecraft:cobbled_deepslate":64,"minecraft:dirt":17},"minecraft:custom":{"minecraft:eat_cake_slice":2,"minecraft:talked_to_villager":2,"minecraft:time_since_rest":710,"minecraft:leave_game":5,"minecraft:damage_taken":7606,"minecraft:mob_kills":9,"minecraft:time_since_death":703,"minecraft:interact_with_furnace":44,"minecraft:total_world_time":59249,"minecraft:swim_one_cm":8222,"minecraft:crouch_one_cm":62671,"minecraft:deaths":5,"minecraft:climb_one_cm":5392,"minecraft:damage_dealt_resisted":211,"minecraft:interact_with_crafting_table":33,"minecraft:walk_one_cm":789252,"minecraft:walk_under_water_one_cm":12753,"minecraft:play_time":59249,"minecraft:damage_dealt":2291,"minecraft:jump":1487,"minecraft:drop":5,"minecraft:use_cauldron":6,"minecraft:open_barrel":2,"minecraft:sprint_one_cm":248976,"minecraft:open_chest":23,"minecraft:fall_one_cm":38987,"minecraft:fly_one_cm":164405,"minecraft:walk_on_water_one_cm":9026,"minecraft:sneak_time":6562},"minecraft:picked_up":{"minecraft:spruce_planks":90,"minecraft:sweet_berries":45,"minecraft:spruce_sapling":17,"minecraft:dirt":94,"minecraft:cobblestone":97,"minecraft:flint":1,"minecraft:clock":1,"minecraft:gravel":14,"minecraft:sugar_cane":29,"minecraft:torch":4,"minecraft:bone":3,"minecraft:spruce_log":310,"minecraft:tuff":47,"minecraft:coal":56,"minecraft:stripped_spruce_log":12,"minecraft:furnace":2,"minecraft:diamond":14,"minecraft:wheat_seeds":51,"minecraft:granite":12,"minecraft:spruce_stairs":31,"minecraft:spruce_sign":1,"minecraft:diorite":1,"minecraft:stick":15,"minecraft:potion":8,"minecraft:spruce_fence":2,"minecraft:moss_block":1,"minecraft:crafting_table":7,"minecraft:snowball":4,"minecraft:arrow":3,"minecraft:raw_copper":2,"minecraft:rotten_flesh":11,"minecraft:raw_iron":25,"minecraft:spruce_slab":2,"minecraft:cobbled_deepslate":314,"minecraft:glass_bottle":69,"minecraft:golden_leggings":1,"minecraft:ladder":9,"minecraft:wheat":17,"minecraft:chest":1,"minecraft:gunpowder":1},"minecraft:killed_by":{"minecraft:creaking":3},"minecraft:crafted":{"minecraft:furnace":2,"minecraft:ladder":6,"minecraft:stone_shovel":1,"minecraft:iron_ingot":23,"minecraft:stone_pickaxe":1,"minecraft:bread":5,"minecraft:spruce_door":3,"minecraft:iron_chestplate":1,"minecraft:crafting_table":4,"minecraft:torch":16,"minecraft:stick":20,"minecraft:spruce_slab":156,"minecraft:spruce_stairs":268,"minecraft:shield":1,"minecraft:stone_axe":1,"minecraft:spruce_sign":3,"minecraft:iron_helmet":1,"minecraft:chest":3,"minecraft:diamond_pickaxe":1,"minecraft:spruce_planks":872,"minecraft:iron_pickaxe":1,"minecraft:iron_sword":1,"minecraft:air":0,"minecraft:iron_axe":1},"minecraft:killed":{"minecraft:zombie":3,"minecraft:skeleton":3,"minecraft:creeper":3},"minecraft:used":{"minecraft:stone_axe":257,"minecraft:iron_axe":250,"minecraft:spruce_fence":2,"minecraft:cobbled_deepslate":7,"minecraft:iron_pickaxe":250,"minecraft:spruce_stairs":253,"minecraft:iron_sword":37,"minecraft:wheat_seeds":17,"minecraft:spruce_log":92,"minecraft:stone_shovel":173,"minecraft:rotten_flesh":4,"minecraft:glass_bottle":9,"minecraft:diamond_pickaxe":116,"minecraft:ladder":12,"minecraft:furnace":4,"minecraft:bread":5,"minecraft:torch":16,"minecraft:dirt":13,"minecraft:stripped_spruce_log":7,"minecraft:stone_sword":36,"minecraft:sweet_berries":49,"minecraft:spruce_planks":370,"minecraft:spruce_door":2,"minecraft:cobblestone":1,"minecraft:spruce_slab":59,"minecraft:crafting_table":10,"minecraft:chest":4,"minecraft:iron_helmet":1,"minecraft:spruce_sign":2,"minecraft:snowball":4,"minecraft:iron_chestplate":1,"minecraft:potion":3,"minecraft:spruce_sapling":14,"minecraft:stone_pickaxe":262},"minecraft:broken":{"minecraft:stone_shovel":1,"minecraft:iron_axe":1,"minecraft:stone_axe":1,"minecraft:iron_pickaxe":1,"minecraft:stone_pickaxe":2},"minecraft:mined":{"minecraft:granite":13,"minecraft:spruce_fence":2,"minecraft:spruce_log":310,"minecraft:chest":1,"minecraft:podzol":4,"minecraft:coal_ore":32,"minecraft:wheat":17,"minecraft:diorite":1,"minecraft:spruce_sapling":2,"minecraft:cobblestone":2,"minecraft:sugar_cane":20,"minecraft:gravel":22,"minecraft:spruce_planks":105,"minecraft:furnace":2,"minecraft:crafting_table":8,"minecraft:spruce_stairs":31,"minecraft:sweet_berry_bush":2,"minecraft:copper_ore":2,"minecraft:stripped_spruce_log":12,"minecraft:dirt":15,"minecraft:grass_block":130,"minecraft:cobbled_deepslate":1,"minecraft:tuff":49,"minecraft:ladder":5,"minecraft:fern":1,"minecraft:deepslate":359,"minecraft:spruce_slab":2,"minecraft:snow":4,"minecraft:spruce_sign":1,"minecraft:deepslate_diamond_ore":14,"minecraft:deepslate_iron_ore":18,"minecraft:iron_ore":5,"minecraft:stone":129}},"DataVersion":4440}