{"stats":{"minecraft:killed_by":{"minecraft:bogged":1,"minecraft:skeleton":3,"minecraft:player":6,"minecraft:creeper":1,"minecraft:vindicator":1,"minecraft:stray":1,"minecraft:zombie":2},"minecraft:custom":{"minecraft:time_since_rest":60922,"minecraft:leave_game":96,"minecraft:boat_one_cm":739730,"minecraft:damage_absorbed":151,"minecraft:time_since_death":961972,"minecraft:interact_with_furnace":439,"minecraft:happy_ghast_one_cm":79757,"minecraft:total_world_time":5325610,"minecraft:crouch_one_cm":428885,"minecraft:raid_win":2,"minecraft:climb_one_cm":193972,"minecraft:deaths":42,"minecraft:interact_with_stonecutter":6,"minecraft:traded_with_villager":1250,"minecraft:damage_resisted":50,"minecraft:damage_blocked_by_shield":6352,"minecraft:interact_with_crafting_table":186,"minecraft:walk_one_cm":26893613,"minecraft:walk_under_water_one_cm":381475,"minecraft:horse_one_cm":20860,"minecraft:damage_dealt":753724,"minecraft:play_time":5325610,"minecraft:jump":103311,"minecraft:play_record":1,"minecraft:sprint_one_cm":25034926,"minecraft:inspect_hopper":34,"minecraft:fly_one_cm":29574966,"minecraft:walk_on_water_one_cm":1580494,"minecraft:interact_with_blast_furnace":5,"minecraft:interact_with_grindstone":52,"minecraft:talked_to_villager":456,"minecraft:damage_taken":45324,"minecraft:mob_kills":12326,"minecraft:open_shulker_box":93,"minecraft:interact_with_beacon":3,"minecraft:open_enderchest":134,"minecraft:damage_dealt_absorbed":3,"minecraft:interact_with_brewingstand":2,"minecraft:interact_with_smithing_table":6,"minecraft:sleep_in_bed":135,"minecraft:inspect_dispenser":35,"minecraft:swim_one_cm":1115911,"minecraft:player_kills":7,"minecraft:enchant_item":31,"minecraft:interact_with_loom":9,"minecraft:interact_with_lectern":29,"minecraft:drop":1497,"minecraft:use_cauldron":2,"minecraft:interact_with_cartography_table":3,"minecraft:open_barrel":428,"minecraft:open_chest":8428,"minecraft:interact_with_smoker":33,"minecraft:fall_one_cm":2505587,"minecraft:interact_with_anvil":33,"minecraft:sneak_time":84446},"minecraft:broken":{"minecraft:stone_shovel":14,"minecraft:iron_helmet":1,"minecraft:diamond_shovel":5,"minecraft:iron_leggings":2,"minecraft:iron_shovel":1,"minecraft:iron_pickaxe":2,"minecraft:stone_pickaxe":1,"minecraft:iron_boots":2,"minecraft:diamond_leggings":1,"minecraft:diamond_sword":3,"minecraft:shears":1,"minecraft:wooden_pickaxe":1,"minecraft:iron_sword":2,"minecraft:wooden_shovel":1},"minecraft:crafted":{"minecraft:diamond_boots":1,"minecraft:spruce_hanging_sign":6,"minecraft:writable_book":2,"minecraft:gold_ingot":167,"minecraft:book":6,"minecraft:iron_chestplate":2,"minecraft:stick":27689,"minecraft:cherry_sign":3,"minecraft:oak_fence":69,"minecraft:black_dye":3,"minecraft:pumpkin_seeds":4,"minecraft:iron_helmet":1,"minecraft:diamond_axe":4,"minecraft:diamond_pickaxe":4,"minecraft:chest":82,"minecraft:bordure_indented_banner_pattern":1,"minecraft:iron_block":63,"minecraft:bookshelf":1,"minecraft:stone_slab":6,"minecraft:air":0,"minecraft:bow":18,"minecraft:bucket":1,"minecraft:flint_and_steel":1,"minecraft:raw_copper":2111,"minecraft:bone_meal":33,"minecraft:oak_boat":1,"minecraft:snow_block":166,"minecraft:dark_oak_planks":16,"minecraft:deepslate_tile_slab":90,"minecraft:lapis_block":483,"minecraft:diamond_shovel":6,"minecraft:red_dye":3,"minecraft:glass":4,"minecraft:oak_sign":57,"minecraft:slime_block":159,"minecraft:oak_planks":1572,"minecraft:gold_nugget":324,"minecraft:iron_sword":2,"minecraft:shears":1,"minecraft:redstone_block":383,"minecraft:netherite_upgrade_smithing_template":4,"minecraft:white_dye":25,"minecraft:chainmail_helmet":2,"minecraft:birch_planks":536,"minecraft:stone_pickaxe":1,"minecraft:coal_block":297,"minecraft:spruce_door":3,"minecraft:iron_boots":1,"minecraft:anvil":2,"minecraft:white_wool":2,"minecraft:wooden_pickaxe":1,"minecraft:cooked_beef":161,"minecraft:diamond":45,"minecraft:blue_dye":6,"minecraft:light_blue_dye":2,"minecraft:oak_slab":30,"minecraft:golden_carrot":400,"minecraft:spruce_sign":6,"minecraft:cherry_planks":40,"minecraft:brick":30,"minecraft:black_harness":2,"minecraft:diamond_chestplate":1,"minecraft:diamond_sword":4,"minecraft:emerald":1058,"minecraft:raw_iron":207,"minecraft:paper":15,"minecraft:furnace":13,"minecraft:black_bed":1,"minecraft:gold_block":14,"minecraft:grindstone":1,"minecraft:iron_ingot":320,"minecraft:copper_ingot":2156,"minecraft:diamond_helmet":2,"minecraft:bread":30,"minecraft:purple_banner":1,"minecraft:stone":221,"minecraft:crafting_table":4,"minecraft:experience_bottle":60,"minecraft:diamond_leggings":1,"minecraft:torch":368,"minecraft:enchanted_book":4,"minecraft:baked_potato":105,"minecraft:clay":1158,"minecraft:shield":3,"minecraft:stone_axe":1,"minecraft:purple_dye":6,"minecraft:spruce_planks":12836,"minecraft:lectern":1,"minecraft:iron_pickaxe":3,"minecraft:copper_block":1033,"minecraft:netherite_pickaxe":1,"minecraft:iron_axe":1,"minecraft:spruce_button":1,"minecraft:purple_harness":2,"minecraft:cobblestone_stairs":148,"minecraft:iron_leggings":1},"minecraft:killed":{"minecraft:stray":71,"minecraft:pig":6,"minecraft:vindicator":9,"minecraft:ravager":3,"minecraft:bat":3,"minecraft:silverfish":4266,"minecraft:zombie":4869,"minecraft:glow_squid":5,"minecraft:zombie_villager":49,"minecraft:rabbit":1,"minecraft:chicken":19,"minecraft:squid":6,"minecraft:drowned":8,"minecraft:cow":9,"minecraft:wolf":1,"minecraft:slime":1714,"minecraft:pillager":10,"minecraft:skeleton":577,"minecraft:witch":12,"minecraft:spider":345,"minecraft:bogged":4,"minecraft:husk":16,"minecraft:creeper":182,"minecraft:sheep":1,"minecraft:enderman":11,"minecraft:polar_bear":1,"minecraft:vex":6,"minecraft:breeze":36},"minecraft:picked_up":{"minecraft:cobblestone_wall":31,"minecraft:purple_dye":1,"minecraft:sweet_berries":322,"minecraft:pale_oak_log":776,"minecraft:cherry_sign":7,"minecraft:cobblestone":63283,"minecraft:brick":225,"minecraft:saddle":4,"minecraft:bee_nest":2,"minecraft:sugar_cane":113,"minecraft:bone":1181,"minecraft:acacia_sapling":5,"minecraft:rose_bush":19,"minecraft:diamond_shovel":4,"minecraft:clay_ball":4718,"minecraft:waxed_copper_grate":11,"minecraft:tuff_slab":1,"minecraft:stripped_spruce_log":28,"minecraft:iron_sword":1,"minecraft:white_banner":4,"minecraft:emerald":167,"minecraft:chainmail_chestplate":1,"minecraft:pale_oak_sapling":98,"minecraft:book":4,"minecraft:armor_stand":2,"minecraft:ink_sac":13,"minecraft:wildflowers":10,"minecraft:chainmail_helmet":2,"minecraft:pale_oak_button":1,"minecraft:spectral_arrow":22,"minecraft:bow":50,"minecraft:birch_boat":5,"minecraft:arrow":1300,"minecraft:stone_shovel":1,"minecraft:iron_ingot":126,"minecraft:lilac":26,"minecraft:spruce_slab":100,"minecraft:crossbow":7,"minecraft:azalea":22,"minecraft:golden_leggings":20,"minecraft:mace":1,"minecraft:dandelion":5,"minecraft:mutton":1,"minecraft:guster_pottery_sherd":3,"minecraft:golden_carrot":21,"minecraft:iron_chestplate":2,"minecraft:music_disc_11":1,"minecraft:mud_brick_slab":1,"minecraft:brown_wool":8,"minecraft:rabbit_hide":1,"minecraft:stonecutter":2,"minecraft:crimson_stem":7,"minecraft:big_dripleaf":70,"minecraft:cobblestone_stairs":27,"minecraft:oxeye_daisy":7,"minecraft:oak_log":5183,"minecraft:sand":876,"minecraft:furnace":17,"minecraft:raw_copper_block":25,"minecraft:wheat_seeds":626,"minecraft:black_bed":7,"minecraft:leather_leggings":8,"minecraft:music_disc_13":6,"minecraft:quartz":453,"minecraft:egg":7,"minecraft:iron_leggings":1,"minecraft:brown_bed":1,"minecraft:red_mushroom":2,"minecraft:snowball":1393,"minecraft:blast_furnace":2,"minecraft:loom":1,"minecraft:chiseled_tuff_bricks":7,"minecraft:oak_button":1,"minecraft:warped_planks":12,"minecraft:oak_sign":28,"minecraft:beetroot_seeds":88,"minecraft:green_bed":1,"minecraft:red_dye":36,"minecraft:ender_pearl":31,"minecraft:string":722,"minecraft:stone_bricks":18,"minecraft:obsidian":32,"minecraft:leather_boots":8,"minecraft:light_gray_terracotta":6,"minecraft:waxed_copper_bulb":3,"minecraft:chain":5,"minecraft:cornflower":2,"minecraft:enchanted_book":12,"minecraft:oak_fence_gate":1,"minecraft:spruce_sapling":4372,"minecraft:iron_block":3,"minecraft:scrape_pottery_sherd":15,"minecraft:mangrove_log":43,"minecraft:flowering_azalea":5,"minecraft:white_bed":7,"minecraft:fishing_rod":1,"minecraft:stripped_oak_log":5,"minecraft:leather":15,"minecraft:honey_bottle":3,"minecraft:lead":9,"minecraft:brown_mushroom":112,"minecraft:stripped_cherry_log":2,"minecraft:moss_carpet":36,"minecraft:glass_pane":10,"minecraft:music_disc_tears":2,"minecraft:peony":8,"minecraft:scaffolding":6,"minecraft:porkchop":20,"minecraft:spruce_sign":14,"minecraft:oak_pressure_plate":1,"minecraft:music_disc_precipice":6,"minecraft:stick":4299,"minecraft:polished_tuff":7,"minecraft:bamboo":73,"minecraft:player_head":23,"minecraft:moss_block":9,"minecraft:iron_axe":3,"minecraft:item_frame":2,"minecraft:raw_iron":818,"minecraft:shulker_box":58,"minecraft:diamond_chestplate":1,"minecraft:spruce_hanging_sign":2,"minecraft:music_disc_far":1,"minecraft:honeycomb":8,"minecraft:waxed_oxidized_copper_grate":6,"minecraft:mossy_cobblestone":878,"minecraft:nether_brick":28,"minecraft:white_dye":16,"minecraft:leather_helmet":11,"minecraft:spruce_door":33,"minecraft:cherry_planks":30,"minecraft:chest":205,"minecraft:yellow_bed":1,"minecraft:diamond_horse_armor":1,"minecraft:netherrack":291,"minecraft:pale_oak_slab":1,"minecraft:trident":2,"minecraft:stone":67,"minecraft:gravel":1197,"minecraft:bell":3,"minecraft:quartz_block":1,"minecraft:pink_dye":2,"minecraft:deepslate_tile_stairs":1,"minecraft:tuff":456,"minecraft:phantom_membrane":7,"minecraft:potato":1777,"minecraft:terracotta":1,"minecraft:shield":2,"minecraft:lapis_lazuli":3198,"minecraft:jungle_log":11,"minecraft:spruce_stairs":5,"minecraft:ominous_bottle":14,"minecraft:trial_key":58,"minecraft:oak_boat":28,"minecraft:cherry_sapling":166,"minecraft:oak_planks":221,"minecraft:ice":21,"minecraft:flint_and_steel":2,"minecraft:raw_copper":8626,"minecraft:dispenser":9,"minecraft:golden_shovel":1,"minecraft:rotten_flesh":8896,"minecraft:apple":219,"minecraft:iron_nugget":42,"minecraft:jukebox":1,"minecraft:iron_door":2,"minecraft:poisonous_potato":4,"minecraft:light_blue_dye":6,"minecraft:name_tag":2,"minecraft:stone_button":2,"minecraft:polished_andesite":8,"minecraft:brewing_stand":1,"minecraft:composter":2,"minecraft:music_disc_ward":1,"minecraft:flint":613,"minecraft:redstone":1866,"minecraft:deepslate_tiles":1454,"minecraft:music_disc_creator_music_box":1,"minecraft:flow_banner_pattern":1,"minecraft:glow_berries":13,"minecraft:firefly_bush":8,"minecraft:lantern":13,"minecraft:purple_banner":2,"minecraft:diamond":317,"minecraft:slime_ball":2403,"minecraft:granite":1840,"minecraft:smoker":2,"minecraft:dark_oak_sapling":9,"minecraft:bush":1,"minecraft:creaking_heart":2,"minecraft:flow_armor_trim_smithing_template":5,"minecraft:packed_ice":727,"minecraft:powered_rail":1,"minecraft:charcoal":8,"minecraft:spruce_boat":23,"minecraft:bowl":1,"minecraft:dark_oak_planks":48,"minecraft:chest_minecart":3,"minecraft:enchanted_golden_apple":3,"minecraft:wooden_shovel":1,"minecraft:raw_gold":197,"minecraft:stone_sword":3,"minecraft:acacia_log":13,"minecraft:beetroot":3,"minecraft:crying_obsidian":29,"minecraft:spruce_planks":120,"minecraft:dirt":57698,"minecraft:basalt":192,"minecraft:rail":31,"minecraft:bone_block":1,"minecraft:black_carpet":2,"minecraft:iron_shovel":4,"minecraft:golden_boots":7,"minecraft:torch":391,"minecraft:diamond_pickaxe":7,"minecraft:dripstone_block":1,"minecraft:cherry_log":197,"minecraft:bread":27,"minecraft:iron_boots":2,"minecraft:spruce_log":15175,"minecraft:music_disc_strad":1,"minecraft:birch_leaves":22,"minecraft:coal":8725,"minecraft:netherite_pickaxe":1,"minecraft:snow":34,"minecraft:oak_fence":99,"minecraft:splash_potion":2,"minecraft:iron_pickaxe":1,"minecraft:music_disc_mall":1,"minecraft:hopper":10,"minecraft:waxed_copper_block":7,"minecraft:birch_sapling":438,"minecraft:poppy":11,"minecraft:sunflower":7,"minecraft:cooked_beef":29,"minecraft:white_wool":1,"minecraft:feather":28,"minecraft:mangrove_propagule":14,"minecraft:potion":47,"minecraft:bricks":10,"minecraft:rooted_dirt":14,"minecraft:andesite":1077,"minecraft:lily_of_the_valley":3,"minecraft:deepslate_tile_slab":367,"minecraft:mangrove_planks":1,"minecraft:copper_ingot":12,"minecraft:ladder":35,"minecraft:amethyst_shard":68,"minecraft:sandstone":309,"minecraft:vine":7,"minecraft:coal_ore":64,"minecraft:soul_sand":78,"minecraft:diamond_axe":2,"minecraft:carrot":823,"minecraft:rabbit":4,"minecraft:mangrove_roots":156,"minecraft:breeze_rod":93,"minecraft:flow_pottery_sherd":6,"minecraft:resin_clump":16,"minecraft:water_bucket":1,"minecraft:stone_pickaxe":3,"minecraft:cod":1,"minecraft:chiseled_tuff":1,"minecraft:gold_ingot":57,"minecraft:baked_potato":78,"minecraft:bolt_armor_trim_smithing_template":1,"minecraft:glow_ink_sac":26,"minecraft:oak_leaves":265,"minecraft:golden_apple":6,"minecraft:black_harness":2,"minecraft:oak_trapdoor":17,"minecraft:fire_charge":2,"minecraft:black_wool":16,"minecraft:chicken":30,"minecraft:clay":17,"minecraft:leather_chestplate":7,"minecraft:golden_chestplate":9,"minecraft:cooked_chicken":13,"minecraft:grindstone":5,"minecraft:kelp":4,"minecraft:cobbled_deepslate":966,"minecraft:pointed_dripstone":1,"minecraft:glowstone_dust":6,"minecraft:pumpkin_seeds":9,"minecraft:music_disc_lava_chicken":6,"minecraft:stone_axe":1,"minecraft:jungle_sapling":1,"minecraft:wheat":138,"minecraft:tuff_bricks":132,"minecraft:tuff_brick_slab":100,"minecraft:gunpowder":248,"minecraft:blue_orchid":6,"minecraft:spruce_trapdoor":18,"minecraft:blackstone":192,"minecraft:pale_moss_carpet":1,"minecraft:coarse_dirt":63,"minecraft:waxed_cut_copper_slab":1,"minecraft:magma_block":57,"minecraft:lever":2,"minecraft:lodestone":1,"minecraft:leaf_litter":32971,"minecraft:pale_oak_planks":7,"minecraft:grass_block":1963,"minecraft:birch_log":1212,"minecraft:music_disc_creator":5,"minecraft:music_disc_stal":2,"minecraft:pumpkin":6,"minecraft:spider_eye":393,"minecraft:bone_meal":688,"minecraft:dark_oak_log":8,"minecraft:tipped_arrow":221,"minecraft:diorite":725,"minecraft:campfire":2,"minecraft:flower_pot":3,"minecraft:golden_helmet":14,"minecraft:crafting_table":16,"minecraft:ominous_trial_key":25,"minecraft:blue_dye":1,"minecraft:decorated_pot":14,"minecraft:oak_sapling":2188,"minecraft:beef":43,"minecraft:wind_charge":87,"minecraft:dark_oak_boat":5,"minecraft:music_disc_cat":3,"minecraft:glass_bottle":23,"minecraft:oak_slab":13,"minecraft:netherite_ingot":1,"minecraft:waxed_oxidized_copper":3,"minecraft:purple_wool":6,"minecraft:dried_ghast":3,"minecraft:barrel":8,"minecraft:cocoa_beans":19,"minecraft:paper":23,"minecraft:gray_wool":6},"minecraft:mined":{"minecraft:torch":65,"minecraft:mangrove_roots":84,"minecraft:pale_oak_sapling":2,"minecraft:dispenser":9,"minecraft:oak_fence_gate":1,"minecraft:spruce_log":15263,"minecraft:chest":204,"minecraft:oak_sign":5,"minecraft:pumpkin":3,"minecraft:netherrack":2,"minecraft:spruce_sapling":41,"minecraft:brown_bed":1,"minecraft:bone_block":1,"minecraft:warped_planks":12,"minecraft:spruce_planks":55,"minecraft:birch_log":1163,"minecraft:sweet_berry_bush":115,"minecraft:large_fern":94,"minecraft:magma_block":5,"minecraft:farmland":1,"minecraft:obsidian":14,"minecraft:waxed_oxidized_copper_grate":3,"minecraft:waxed_oxidized_copper":3,"minecraft:sandstone":314,"minecraft:stripped_spruce_log":28,"minecraft:grindstone":5,"minecraft:iron_door":2,"minecraft:birch_leaves":35,"minecraft:oak_fence":105,"minecraft:campfire":2,"minecraft:moss_block":2,"minecraft:bamboo":13,"minecraft:diamond_ore":2,"minecraft:wall_torch":44,"minecraft:decorated_pot":60,"minecraft:fern":62,"minecraft:yellow_bed":1,"minecraft:fire":22,"minecraft:kelp_plant":1,"minecraft:mangrove_planks":1,"minecraft:deepslate_diamond_ore":131,"minecraft:potatoes":472,"minecraft:small_dripleaf":2,"minecraft:deepslate_tiles":1396,"minecraft:iron_ore":307,"minecraft:acacia_log":8,"minecraft:beetroots":2,"minecraft:spruce_hanging_sign":2,"minecraft:glass_pane":10,"minecraft:gray_wool":1,"minecraft:podzol":1373,"minecraft:chain":6,"minecraft:spruce_wall_sign":2,"minecraft:oak_planks":160,"minecraft:cobblestone":1324,"minecraft:tuff_brick_slab":83,"minecraft:sugar_cane":72,"minecraft:lantern":6,"minecraft:kelp":4,"minecraft:mangrove_leaves":198,"minecraft:oak_wall_sign":11,"minecraft:cherry_leaves":9,"minecraft:scaffolding":13,"minecraft:oak_leaves":1242,"minecraft:furnace":17,"minecraft:rooted_dirt":7,"minecraft:brewing_stand":1,"minecraft:clay":1486,"minecraft:spruce_stairs":4,"minecraft:rose_bush":1,"minecraft:bricks":10,"minecraft:tall_grass":4,"minecraft:waxed_copper_block":6,"minecraft:pointed_dripstone":1,"minecraft:deepslate_tile_slab":305,"minecraft:tall_seagrass":161,"minecraft:rail":11,"minecraft:dirt":125941,"minecraft:cobblestone_wall":31,"minecraft:hopper":9,"minecraft:shulker_box":58,"minecraft:spruce_door":25,"minecraft:ladder":6,"minecraft:sand":2063,"minecraft:deepslate":848,"minecraft:snow":1442,"minecraft:seagrass":224,"minecraft:spruce_sign":2,"minecraft:stonecutter":2,"minecraft:deepslate_tile_stairs":1,"minecraft:oak_log":5004,"minecraft:pale_oak_button":1,"minecraft:waxed_cut_copper_slab":1,"minecraft:cocoa":5,"minecraft:lapis_ore":124,"minecraft:black_bed":7,"minecraft:redstone_ore":14,"minecraft:cherry_log":192,"minecraft:spawner":1,"minecraft:vine":13,"minecraft:carrots":213,"minecraft:oak_slab":10,"minecraft:gravel":2731,"minecraft:short_grass":98,"minecraft:waxed_copper_grate":11,"minecraft:loom":1,"minecraft:dirt_path":198,"minecraft:crafting_table":14,"minecraft:deepslate_redstone_ore":293,"minecraft:leaf_litter":409,"minecraft:stripped_oak_log":5,"minecraft:lilac":6,"minecraft:jungle_log":2,"minecraft:coarse_dirt":63,"minecraft:copper_ore":1154,"minecraft:firefly_bush":1,"minecraft:gold_ore":19,"minecraft:chiseled_tuff":1,"minecraft:pale_oak_slab":1,"minecraft:andesite":1926,"minecraft:stripped_cherry_log":2,"minecraft:packed_ice":728,"minecraft:glowstone":1,"minecraft:blast_furnace":2,"minecraft:deepslate_gold_ore":88,"minecraft:ice":134,"minecraft:dark_oak_leaves":3,"minecraft:resin_clump":1,"minecraft:poppy":1,"minecraft:deepslate_lapis_ore":82,"minecraft:deepslate_iron_ore":134,"minecraft:iron_block":1,"minecraft:green_bed":1,"minecraft:stone":169391,"minecraft:stone_bricks":18,"minecraft:tuff_slab":1,"minecraft:granite":2801,"minecraft:cobblestone_stairs":27,"minecraft:bush":3,"minecraft:azalea_leaves":36,"minecraft:coal_ore":3857,"minecraft:diorite":1050,"minecraft:wheat":118,"minecraft:spruce_trapdoor":16,"minecraft:oak_trapdoor":16,"minecraft:dried_ghast":1,"minecraft:white_bed":7,"minecraft:bee_nest":2,"minecraft:smoker":2,"minecraft:composter":2,"minecraft:glow_lichen":1,"minecraft:purple_banner":2,"minecraft:powder_snow":3,"minecraft:barrel":8,"minecraft:mossy_cobblestone":897,"minecraft:mangrove_log":43,"minecraft:grass_block":69625,"minecraft:cobweb":32,"minecraft:peony":2,"minecraft:spruce_leaves":1257,"minecraft:chiseled_tuff_bricks":8,"minecraft:cobbled_deepslate":48,"minecraft:tuff":420,"minecraft:polished_tuff":5,"minecraft:tuff_bricks":104,"minecraft:pale_oak_log":761,"minecraft:flowering_azalea_leaves":10,"minecraft:pale_oak_leaves":24,"minecraft:player_wall_head":14,"minecraft:spruce_slab":99,"minecraft:pale_oak_planks":4,"minecraft:polished_andesite":9,"minecraft:jukebox":1,"minecraft:oak_pressure_plate":1,"minecraft:bell":1,"minecraft:cherry_sign":1,"minecraft:dead_bush":2},"minecraft:dropped":{"minecraft:birch_button":1,"minecraft:andesite":147,"minecraft:sweet_berries":28,"minecraft:stripped_spruce_log":1,"minecraft:gravel":7,"minecraft:bone":127,"minecraft:brick":67,"minecraft:poppy":1,"minecraft:tuff_bricks":4,"minecraft:moss_block":4,"minecraft:crossbow":2,"minecraft:oak_sapling":19,"minecraft:leather_chestplate":8,"minecraft:redstone":4,"minecraft:grass_block":320,"minecraft:tuff":4,"minecraft:iron_leggings":1,"minecraft:arrow":109,"minecraft:spruce_sapling":357,"minecraft:carrot":9,"minecraft:rooted_dirt":4,"minecraft:spruce_log":64,"minecraft:gunpowder":49,"minecraft:purple_banner":1,"minecraft:gold_ingot":27,"minecraft:stone_axe":8,"minecraft:bone_block":1,"minecraft:diorite":1,"minecraft:tipped_arrow":3,"minecraft:rotten_flesh":7698,"minecraft:stone_shovel":7,"minecraft:iron_chestplate":1,"minecraft:stone_sword":8,"minecraft:leather_leggings":10,"minecraft:bow":33,"minecraft:dirt":15977,"minecraft:pale_oak_button":1,"minecraft:golden_chestplate":9,"minecraft:sand":6,"minecraft:chest":2,"minecraft:coal":139,"minecraft:potato":5,"minecraft:brown_mushroom":30,"minecraft:stone_hoe":8,"minecraft:wooden_pickaxe":1,"minecraft:slime_ball":203,"minecraft:golden_helmet":15,"minecraft:iron_axe":3,"minecraft:diamond_shovel":2,"minecraft:iron_shovel":1,"minecraft:oak_planks":10,"minecraft:coarse_dirt":5,"minecraft:mossy_cobblestone":5,"minecraft:wheat":1,"minecraft:kelp":4,"minecraft:chainmail_helmet":1,"minecraft:cobbled_deepslate":19,"minecraft:light_blue_dye":2,"minecraft:wheat_seeds":62,"minecraft:golden_shovel":1,"minecraft:stone_pickaxe":11,"minecraft:trident":1,"minecraft:mangrove_planks":1,"minecraft:chainmail_chestplate":1,"minecraft:cherry_planks":2,"minecraft:chest_minecart":1,"minecraft:oak_log":103,"minecraft:diamond_pickaxe":2,"minecraft:dandelion":2,"minecraft:snow":195,"minecraft:string":116,"minecraft:golden_boots":9,"minecraft:stick":193,"minecraft:coal_ore":64,"minecraft:bread":1,"minecraft:spider_eye":48,"minecraft:creaking_heart":1,"minecraft:iron_boots":2,"minecraft:bamboo_hanging_sign":1,"minecraft:snowball":136,"minecraft:leather_helmet":18,"minecraft:oak_button":1,"minecraft:netherite_pickaxe":1,"minecraft:melon_seeds":2,"minecraft:cobblestone":13147,"minecraft:wooden_hoe":1,"minecraft:leather_boots":7,"minecraft:pale_oak_sapling":1,"minecraft:rabbit":2,"minecraft:pumpkin_seeds":3,"minecraft:wind_charge":64,"minecraft:red_mushroom":2,"minecraft:potion":4,"minecraft:granite":198,"minecraft:feather":3,"minecraft:waxed_copper_block":2,"minecraft:poisonous_potato":4,"minecraft:birch_sapling":1,"minecraft:waxed_oxidized_copper":1,"minecraft:water_bucket":1,"minecraft:chiseled_tuff_bricks":2,"minecraft:leaf_litter":9459,"minecraft:deepslate_tiles":537,"minecraft:chicken":2,"minecraft:flint":7,"minecraft:iron_sword":1,"minecraft:golden_leggings":20,"minecraft:spruce_door":1,"minecraft:gold_nugget":1,"minecraft:netherite_upgrade_smithing_template":1,"minecraft:deepslate_tile_slab":1},"minecraft:used":{"minecraft:polished_tuff":4,"minecraft:iron_axe":3,"minecraft:leaf_litter":35,"minecraft:diamond_helmet":3,"minecraft:player_head":3,"minecraft:ominous_trial_key":13,"minecraft:white_banner":2,"minecraft:iron_block":26,"minecraft:shulker_box":57,"minecraft:diamond_sword":13426,"minecraft:potato":472,"minecraft:campfire":1,"minecraft:wheat_seeds":255,"minecraft:oak_sign":77,"minecraft:lantern":2,"minecraft:netherite_pickaxe":150748,"minecraft:granite":44,"minecraft:crimson_stem":1,"minecraft:coarse_dirt":1,"minecraft:decorated_pot":8,"minecraft:iron_shovel":10,"minecraft:deepslate_tile_slab":1433,"minecraft:copper_ore":15,"minecraft:chiseled_tuff_bricks":3,"minecraft:tuff_slab":1,"minecraft:coal_ore":67,"minecraft:oak_log":166,"minecraft:stonecutter":2,"minecraft:grindstone":6,"minecraft:diamond_axe":25584,"minecraft:snowball":143,"minecraft:beetroot_seeds":2,"minecraft:stone_pickaxe":175,"minecraft:armor_stand":2,"minecraft:bow":26,"minecraft:spruce_hanging_sign":3,"minecraft:iron_leggings":2,"minecraft:mangrove_roots":22,"minecraft:cobbled_deepslate":148,"minecraft:lilac":1,"minecraft:spruce_boat":17,"minecraft:yellow_bed":1,"minecraft:cod":3,"minecraft:chiseled_tuff":1,"minecraft:mossy_cobblestone":5,"minecraft:diamond_shovel":202809,"minecraft:dried_ghast":3,"minecraft:deepslate_diamond_ore":65,"minecraft:golden_leggings":1,"minecraft:stone_shovel":1804,"minecraft:purple_banner":3,"minecraft:rotten_flesh":6,"minecraft:writable_book":9,"minecraft:bone_meal":103,"minecraft:anvil":2,"minecraft:dirt":2682,"minecraft:written_book":7,"minecraft:stripped_spruce_log":7,"minecraft:sand":84,"minecraft:wind_charge":1,"minecraft:spruce_planks":54,"minecraft:oak_leaves":1,"minecraft:dispenser":8,"minecraft:glow_ink_sac":4,"minecraft:birch_log":3,"minecraft:shears":7,"minecraft:lectern":1,"minecraft:bucket":2671,"minecraft:enchanted_golden_apple":1,"minecraft:oak_planks":182,"minecraft:porkchop":1,"minecraft:sugar_cane":7,"minecraft:iron_ore":8,"minecraft:ice":21,"minecraft:trial_key":19,"minecraft:stone_axe":76,"minecraft:oak_fence":113,"minecraft:grass_block":2,"minecraft:mud_brick_slab":1,"minecraft:shield":62,"minecraft:iron_pickaxe":649,"minecraft:andesite":76,"minecraft:pale_oak_sapling":72,"minecraft:waxed_copper_block":4,"minecraft:iron_sword":489,"minecraft:oak_boat":27,"minecraft:golden_carrot":312,"minecraft:milk_bucket":1,"minecraft:acacia_log":4,"minecraft:peony":1,"minecraft:cooked_mutton":8,"minecraft:diamond_pickaxe":36926,"minecraft:ladder":121,"minecraft:stone_bricks":16,"minecraft:crossbow":5,"minecraft:tuff":14,"minecraft:sweet_berries":171,"minecraft:lava_bucket":2,"minecraft:mangrove_log":4,"minecraft:pale_oak_slab":1,"minecraft:diorite":27,"minecraft:ominous_bottle":3,"minecraft:oak_slab":40,"minecraft:wooden_pickaxe":19,"minecraft:pumpkin_seeds":5,"minecraft:tuff_brick_slab":592,"minecraft:spruce_door":27,"minecraft:diamond_leggings":5,"minecraft:pale_oak_planks":1,"minecraft:wooden_shovel":13,"minecraft:cobblestone":3516,"minecraft:diamond_chestplate":3,"minecraft:cherry_sign":4,"minecraft:waxed_copper_grate":3,"minecraft:golden_apple":1,"minecraft:polished_andesite":108,"minecraft:carrot":218,"minecraft:crafting_table":7,"minecraft:spruce_sign":9,"minecraft:birch_boat":4,"minecraft:red_dye":2,"minecraft:iron_chestplate":2,"minecraft:spruce_trapdoor":5,"minecraft:oak_pressure_plate":1,"minecraft:potion":4,"minecraft:tuff_bricks":138,"minecraft:bush":1,"minecraft:white_bed":1,"minecraft:diamond_boots":2,"minecraft:baked_potato":1008,"minecraft:trident":5,"minecraft:waxed_oxidized_copper":2,"minecraft:apple":4,"minecraft:scaffolding":6,"minecraft:blue_dye":1,"minecraft:spruce_log":788,"minecraft:iron_hoe":7,"minecraft:water_bucket":2666,"minecraft:golden_helmet":1,"minecraft:deepslate_lapis_ore":22,"minecraft:pale_oak_log":4,"minecraft:furnace":15,"minecraft:bread":28,"minecraft:torch":587,"minecraft:iron_boots":1,"minecraft:black_bed":1,"minecraft:cobblestone_stairs":128,"minecraft:lever":1,"minecraft:waxed_cut_copper_slab":1,"minecraft:deepslate_redstone_ore":54,"minecraft:creaking_heart":1,"minecraft:gravel":10,"minecraft:green_bed":1,"minecraft:composter":1,"minecraft:cooked_chicken":12,"minecraft:white_wool":2,"minecraft:cherry_log":34,"minecraft:cooked_beef":114,"minecraft:deepslate_tile_stairs":1,"minecraft:flint_and_steel":2,"minecraft:gold_ore":9,"minecraft:dark_oak_boat":5,"minecraft:chest":231,"minecraft:iron_helmet":1,"minecraft:brown_bed":1,"minecraft:deepslate_iron_ore":1,"minecraft:spruce_sapling":22,"minecraft:egg":2,"minecraft:sandstone":1}},"DataVersion":4440}