{"stats":{"minecraft:killed_by":{"minecraft:skeleton":1,"minecraft:creaking":1},"minecraft:custom":{"minecraft:time_since_rest":9429,"minecraft:leave_game":28,"minecraft:boat_one_cm":707702,"minecraft:time_since_death":9406,"minecraft:interact_with_furnace":1189,"minecraft:clean_banner":6,"minecraft:total_world_time":2103479,"minecraft:crouch_one_cm":696115,"minecraft:climb_one_cm":415989,"minecraft:deaths":8,"minecraft:interact_with_stonecutter":7,"minecraft:fish_caught":109,"minecraft:animals_bred":261,"minecraft:traded_with_villager":1025,"minecraft:damage_blocked_by_shield":2358,"minecraft:interact_with_crafting_table":454,"minecraft:inspect_dropper":5,"minecraft:walk_one_cm":25408212,"minecraft:walk_under_water_one_cm":557559,"minecraft:horse_one_cm":44,"minecraft:damage_dealt":92646,"minecraft:play_time":2103479,"minecraft:jump":32644,"minecraft:sprint_one_cm":10702968,"minecraft:fill_cauldron":4,"minecraft:inspect_hopper":10,"minecraft:fly_one_cm":2568335,"minecraft:walk_on_water_one_cm":255089,"minecraft:interact_with_blast_furnace":42,"minecraft:interact_with_grindstone":37,"minecraft:talked_to_villager":1463,"minecraft:damage_taken":10537,"minecraft:mob_kills":1265,"minecraft:interact_with_beacon":10,"minecraft:open_enderchest":130,"minecraft:interact_with_brewingstand":3,"minecraft:interact_with_smithing_table":2,"minecraft:sleep_in_bed":31,"minecraft:inspect_dispenser":1,"minecraft:swim_one_cm":130790,"minecraft:enchant_item":22,"minecraft:interact_with_loom":9,"minecraft:interact_with_lectern":38,"minecraft:drop":190,"minecraft:use_cauldron":101,"minecraft:open_barrel":1297,"minecraft:open_chest":2077,"minecraft:interact_with_smoker":237,"minecraft:fall_one_cm":389165,"minecraft:interact_with_anvil":55,"minecraft:sneak_time":66756},"minecraft:broken":{"minecraft:stone_shovel":1,"minecraft:iron_axe":2,"minecraft:golden_sword":2,"minecraft:stone_axe":12,"minecraft:stone_sword":2,"minecraft:brush":1,"minecraft:stone_pickaxe":41,"minecraft:shears":1},"minecraft:crafted":{"minecraft:stone_sword":27,"minecraft:arrow":136,"minecraft:gold_ingot":263,"minecraft:book":228,"minecraft:iron_chestplate":1,"minecraft:crimson_planks":28,"minecraft:cookie":496,"minecraft:raw_copper_block":23,"minecraft:melon":2,"minecraft:leather_chestplate":2,"minecraft:lever":6,"minecraft:iron_block":33,"minecraft:diamond_pickaxe":1,"minecraft:chest":5,"minecraft:bookshelf":11,"minecraft:stone_slab":6,"minecraft:bow":2,"minecraft:bucket":19,"minecraft:flint_and_steel":1,"minecraft:ladder":126,"minecraft:item_frame":1,"minecraft:mushroom_stew":1,"minecraft:cauldron":10,"minecraft:stone_hoe":4,"minecraft:diamond_shovel":1,"minecraft:leather_helmet":2,"minecraft:glass":47,"minecraft:oak_sign":9,"minecraft:brush":1,"minecraft:suspicious_stew":1,"minecraft:sugar":125,"minecraft:campfire":2,"minecraft:redstone_block":223,"minecraft:cooked_mutton":2,"minecraft:coal_block":16,"minecraft:iron_door":3,"minecraft:iron_boots":1,"minecraft:terracotta":128,"minecraft:smooth_stone":261,"minecraft:charcoal":250,"minecraft:cooked_beef":283,"minecraft:fletching_table":1,"minecraft:oak_slab":6,"minecraft:spruce_sign":36,"minecraft:cherry_planks":44,"minecraft:brick":1630,"minecraft:barrel":7,"minecraft:raw_iron":108,"minecraft:paper":1647,"minecraft:furnace":6,"minecraft:grindstone":2,"minecraft:iron_ingot":275,"minecraft:diamond_hoe":1,"minecraft:cartography_table":2,"minecraft:lead":2,"minecraft:diamond_helmet":1,"minecraft:stone":638,"minecraft:raw_iron_block":8,"minecraft:beehive":2,"minecraft:diamond_leggings":1,"minecraft:enchanted_book":60,"minecraft:baked_potato":461,"minecraft:clay":230,"minecraft:shield":1,"minecraft:stone_axe":20,"minecraft:diamond_block":14,"minecraft:bamboo_planks":4,"minecraft:iron_axe":4,"minecraft:tipped_arrow":25,"minecraft:golden_apple":21,"minecraft:spruce_button":6,"minecraft:spruce_fence_gate":1,"minecraft:cooked_salmon":18,"minecraft:diamond_boots":1,"minecraft:smithing_table":1,"minecraft:cherry_boat":2,"minecraft:map":12,"minecraft:leather_leggings":2,"minecraft:stick":8004,"minecraft:leather_boots":2,"minecraft:black_dye":73,"minecraft:cooked_porkchop":11,"minecraft:cherry_slab":6,"minecraft:iron_helmet":1,"minecraft:diamond_axe":2,"minecraft:lightning_rod":6,"minecraft:air":0,"minecraft:bone_meal":198,"minecraft:raw_copper":18,"minecraft:oak_boat":1,"minecraft:snow_block":13,"minecraft:lapis_block":94,"minecraft:glass_bottle":76,"minecraft:stone_button":1,"minecraft:pumpkin_pie":49,"minecraft:red_dye":1,"minecraft:blast_furnace":1,"minecraft:honey_block":37,"minecraft:lapis_lazuli":18,"minecraft:oak_planks":100,"minecraft:gold_nugget":2,"minecraft:cooked_cod":65,"minecraft:coal":45,"minecraft:iron_shovel":2,"minecraft:iron_sword":4,"minecraft:fishing_rod":3,"minecraft:shears":5,"minecraft:smoker":2,"minecraft:stone_shovel":6,"minecraft:white_dye":210,"minecraft:cooked_chicken":180,"minecraft:birch_planks":108,"minecraft:stone_pickaxe":42,"minecraft:emerald_block":18,"minecraft:spruce_slab":324,"minecraft:composter":3,"minecraft:diamond_chestplate":1,"minecraft:diamond_sword":1,"minecraft:iron_nugget":8,"minecraft:bamboo_block":15,"minecraft:emerald":1047,"minecraft:wheat":180,"minecraft:black_carpet":3,"minecraft:spruce_trapdoor":6,"minecraft:gold_block":17,"minecraft:spruce_boat":21,"minecraft:cooked_rabbit":2,"minecraft:copper_ingot":21,"minecraft:bread":39,"minecraft:hay_block":48,"minecraft:crafting_table":9,"minecraft:bricks":199,"minecraft:torch":820,"minecraft:birch_slab":18,"minecraft:bowl":4,"minecraft:lectern":11,"minecraft:spruce_planks":5320,"minecraft:iron_pickaxe":2,"minecraft:iron_leggings":1},"minecraft:killed":{"minecraft:slime":30,"minecraft:zombified_piglin":9,"minecraft:skeleton":60,"minecraft:iron_golem":1,"minecraft:pig":4,"minecraft:witch":3,"minecraft:villager":7,"minecraft:bat":7,"minecraft:spider":24,"minecraft:salmon":3,"minecraft:zombie":104,"minecraft:bee":1,"minecraft:turtle":1,"minecraft:rabbit":2,"minecraft:creeper":38,"minecraft:zombie_villager":2,"minecraft:chicken":314,"minecraft:enderman":2,"minecraft:hoglin":4,"minecraft:sheep":13,"minecraft:squid":44,"minecraft:drowned":8,"minecraft:cow":377,"minecraft:magma_cube":20},"minecraft:picked_up":{"minecraft:iron_door":4,"minecraft:tropical_fish":3,"minecraft:poisonous_potato":27,"minecraft:sweet_berries":1322,"minecraft:minecart":47,"minecraft:cobblestone":663,"minecraft:composter":17,"minecraft:flint":163,"minecraft:sugar_cane":3030,"minecraft:candle":13,"minecraft:redstone":1772,"minecraft:bone":63,"minecraft:glow_berries":5,"minecraft:clay_ball":2356,"minecraft:firefly_bush":1,"minecraft:stripped_spruce_log":3,"minecraft:melon_slice":407,"minecraft:slime_ball":23,"minecraft:diamond":152,"minecraft:granite":60,"minecraft:smoker":3,"minecraft:goat_horn":1,"minecraft:emerald":47,"minecraft:lily_pad":7,"minecraft:spruce_button":9,"minecraft:sugar":5,"minecraft:nether_wart":23,"minecraft:salmon":26,"minecraft:ink_sac":73,"minecraft:crimson_fungus":4,"minecraft:wildflowers":3,"minecraft:shroomlight":1,"minecraft:spruce_boat":72,"minecraft:bow":7,"minecraft:smooth_basalt":4,"minecraft:stone_shovel":1,"minecraft:arrow":74,"minecraft:magma_cream":15,"minecraft:iron_ingot":16,"minecraft:bowl":2,"minecraft:spruce_slab":37,"minecraft:raw_gold":125,"minecraft:stone_sword":8,"minecraft:dandelion":4,"minecraft:mutton":18,"minecraft:nautilus_shell":1,"minecraft:beetroot":927,"minecraft:spruce_planks":306,"minecraft:dirt":371,"minecraft:blue_egg":296,"minecraft:rail":60,"minecraft:black_carpet":1,"minecraft:crimson_stem":7,"minecraft:torch":153,"minecraft:dripstone_block":82,"minecraft:cherry_log":107,"minecraft:spruce_log":2743,"minecraft:cartography_table":15,"minecraft:iron_boots":1,"minecraft:coal":386,"minecraft:oak_log":292,"minecraft:birch_planks":1,"minecraft:sand":129,"minecraft:furnace":4,"minecraft:wheat_seeds":2974,"minecraft:black_bed":12,"minecraft:iron_pickaxe":1,"minecraft:seagrass":1,"minecraft:quartz":72,"minecraft:egg":767,"minecraft:birch_sapling":32,"minecraft:poppy":16,"minecraft:cooked_beef":204,"minecraft:white_wool":56,"minecraft:feather":516,"minecraft:mangrove_propagule":4,"minecraft:potion":1,"minecraft:spruce_fence":9,"minecraft:bricks":1,"minecraft:fletching_table":4,"minecraft:red_mushroom":8,"minecraft:snowball":64,"minecraft:blast_furnace":8,"minecraft:loom":4,"minecraft:chiseled_tuff_bricks":1,"minecraft:andesite":21,"minecraft:beetroot_seeds":3452,"minecraft:oak_sign":1,"minecraft:diamond_hoe":6,"minecraft:ender_pearl":1,"minecraft:string":39,"minecraft:golden_sword":3,"minecraft:raw_iron_block":4,"minecraft:copper_ingot":2,"minecraft:writable_book":2,"minecraft:leather_boots":1,"minecraft:nether_wart_block":1,"minecraft:ladder":1,"minecraft:amethyst_shard":32,"minecraft:chain":5,"minecraft:warped_fungus":2,"minecraft:diamond_axe":23,"minecraft:enchanted_book":1,"minecraft:carrot":2148,"minecraft:spruce_sapling":612,"minecraft:rabbit":2,"minecraft:iron_block":3,"minecraft:spruce_fence_gate":1,"minecraft:mangrove_roots":75,"minecraft:polished_deepslate_slab":6,"minecraft:mangrove_log":5,"minecraft:fishing_rod":3,"minecraft:leather":668,"minecraft:gold_nugget":311,"minecraft:lead":115,"minecraft:brown_mushroom":5,"minecraft:stone_pickaxe":1,"minecraft:polished_diorite_stairs":20,"minecraft:stripped_cherry_log":6,"minecraft:cod":71,"minecraft:armadillo_scute":7,"minecraft:moss_carpet":16,"minecraft:baked_potato":12,"minecraft:lightning_rod":7,"minecraft:porkchop":41,"minecraft:spruce_sign":6,"minecraft:stick":541,"minecraft:bamboo":816,"minecraft:black_wool":806,"minecraft:chicken":471,"minecraft:repeater":2,"minecraft:cauldron":3,"minecraft:cookie":1,"minecraft:cooked_chicken":70,"minecraft:red_carpet":8,"minecraft:item_frame":3,"minecraft:grindstone":7,"minecraft:raw_iron":185,"minecraft:cobbled_deepslate":3715,"minecraft:pointed_dripstone":153,"minecraft:honeycomb":639,"minecraft:glowstone_dust":120,"minecraft:pumpkin_seeds":2,"minecraft:jungle_sapling":1,"minecraft:wheat":832,"minecraft:tuff_bricks":2,"minecraft:cherry_boat":3,"minecraft:gunpowder":47,"minecraft:chest":1,"minecraft:lectern":572,"minecraft:spruce_trapdoor":55,"minecraft:cobbled_deepslate_slab":1,"minecraft:netherrack":749,"minecraft:chainmail_leggings":1,"minecraft:crimson_planks":25,"minecraft:magma_block":8,"minecraft:lever":10,"minecraft:gravel":198,"minecraft:gray_concrete":11,"minecraft:tuff":1008,"minecraft:leaf_litter":1035,"minecraft:phantom_membrane":2,"minecraft:potato":3823,"minecraft:birch_log":139,"minecraft:music_disc_creator":1,"minecraft:mud":169,"minecraft:lapis_lazuli":880,"minecraft:pumpkin":407,"minecraft:spider_eye":10,"minecraft:jungle_log":55,"minecraft:bone_meal":69,"minecraft:diorite":140,"minecraft:black_banner":7,"minecraft:oak_boat":6,"minecraft:pufferfish":11,"minecraft:cherry_sapling":54,"minecraft:oak_planks":7,"minecraft:golden_helmet":1,"minecraft:brown_egg":2,"minecraft:crafting_table":10,"minecraft:raw_copper":210,"minecraft:oak_sapling":209,"minecraft:beef":892,"minecraft:rotten_flesh":150,"minecraft:written_book":7,"minecraft:apple":25,"minecraft:cocoa_beans":1404,"minecraft:melon":300},"minecraft:mined":{"minecraft:torch":115,"minecraft:mangrove_roots":88,"minecraft:lever":11,"minecraft:spruce_log":2739,"minecraft:nether_quartz_ore":32,"minecraft:chest":1,"minecraft:smooth_basalt":4,"minecraft:pumpkin":517,"minecraft:netherrack":1339,"minecraft:spruce_sapling":5,"minecraft:brown_mushroom":4,"minecraft:spruce_planks":275,"minecraft:birch_log":139,"minecraft:sweet_berry_bush":21,"minecraft:large_fern":1,"minecraft:magma_block":8,"minecraft:farmland":1,"minecraft:cave_vines":3,"minecraft:melon":402,"minecraft:stripped_spruce_log":3,"minecraft:grindstone":7,"minecraft:nether_wart_block":1,"minecraft:iron_door":4,"minecraft:birch_leaves":24,"minecraft:repeater":2,"minecraft:bamboo":131,"minecraft:mushroom_stem":3,"minecraft:wall_torch":25,"minecraft:fern":2,"minecraft:fire":1,"minecraft:black_carpet":1,"minecraft:deepslate_diamond_ore":91,"minecraft:potatoes":836,"minecraft:dripstone_block":83,"minecraft:mangrove_propagule":3,"minecraft:iron_ore":95,"minecraft:beetroots":955,"minecraft:chain":5,"minecraft:spruce_wall_sign":2,"minecraft:dandelion":5,"minecraft:glass":36,"minecraft:oak_planks":2,"minecraft:cobblestone":57,"minecraft:sugar_cane":2908,"minecraft:spruce_fence_gate":1,"minecraft:mangrove_leaves":2,"minecraft:shroomlight":1,"minecraft:cherry_leaves":27,"minecraft:oak_leaves":115,"minecraft:furnace":4,"minecraft:clay":589,"minecraft:fletching_table":4,"minecraft:spruce_button":9,"minecraft:crimson_roots":1,"minecraft:black_banner":7,"minecraft:tall_grass":5,"minecraft:cartography_table":15,"minecraft:wildflowers":1,"minecraft:large_amethyst_bud":1,"minecraft:pointed_dripstone":152,"minecraft:tall_seagrass":2,"minecraft:rail":72,"minecraft:cobbled_deepslate_slab":1,"minecraft:dirt":308,"minecraft:crimson_fungus":4,"minecraft:tripwire":1,"minecraft:medium_amethyst_bud":1,"minecraft:moss_carpet":1,"minecraft:ladder":1,"minecraft:deepslate":4608,"minecraft:sand":155,"minecraft:snow":72,"minecraft:seagrass":3,"minecraft:spruce_sign":4,"minecraft:oak_log":294,"minecraft:cocoa":459,"minecraft:lapis_ore":6,"minecraft:black_bed":13,"minecraft:mud":14,"minecraft:polished_diorite_stairs":20,"minecraft:redstone_ore":12,"minecraft:cherry_log":107,"minecraft:sculk":7,"minecraft:vine":28,"minecraft:carrots":449,"minecraft:lectern":571,"minecraft:gray_concrete":12,"minecraft:gravel":516,"minecraft:short_grass":7,"minecraft:red_mushroom":8,"minecraft:loom":4,"minecraft:red_carpet":6,"minecraft:crafting_table":10,"minecraft:deepslate_redstone_ore":359,"minecraft:leaf_litter":434,"minecraft:polished_deepslate_slab":6,"minecraft:jungle_log":49,"minecraft:copper_ore":61,"minecraft:raw_iron_block":4,"minecraft:firefly_bush":1,"minecraft:gold_ore":2,"minecraft:andesite":27,"minecraft:stripped_cherry_log":6,"minecraft:blast_furnace":8,"minecraft:glowstone":34,"minecraft:cave_vines_plant":6,"minecraft:deepslate_gold_ore":91,"minecraft:warped_fungus":1,"minecraft:cauldron":3,"minecraft:poppy":10,"minecraft:deepslate_lapis_ore":94,"minecraft:deepslate_iron_ore":90,"minecraft:iron_block":3,"minecraft:birch_planks":1,"minecraft:amethyst_cluster":8,"minecraft:jungle_leaves":54,"minecraft:stone":850,"minecraft:granite":84,"minecraft:spruce_fence":10,"minecraft:bush":1,"minecraft:crimson_stem":7,"minecraft:coal_ore":357,"minecraft:diorite":176,"minecraft:wheat":856,"minecraft:spruce_trapdoor":57,"minecraft:smoker":3,"minecraft:composter":17,"minecraft:candle":6,"minecraft:crimson_nylium":12,"minecraft:nether_wart":8,"minecraft:mangrove_log":5,"minecraft:grass_block":290,"minecraft:cobweb":7,"minecraft:spruce_leaves":502,"minecraft:chiseled_tuff_bricks":1,"minecraft:cobbled_deepslate":142,"minecraft:tuff":1128,"minecraft:tuff_bricks":2,"minecraft:nether_gold_ore":43,"minecraft:calcite":3,"minecraft:spruce_slab":32,"minecraft:lightning_rod":7},"minecraft:dropped":{"minecraft:lily_pad":1,"minecraft:andesite":3,"minecraft:warped_fungus":1,"minecraft:porkchop":15,"minecraft:wheat":2,"minecraft:detector_rail":1,"minecraft:tropical_fish":1,"minecraft:gravel":8,"minecraft:cobbled_deepslate":128,"minecraft:bone":1,"minecraft:egg":86,"minecraft:iron_ingot":1,"minecraft:tuff_bricks":2,"minecraft:beetroot":1,"minecraft:goat_horn":1,"minecraft:stone_pickaxe":3,"minecraft:cooked_chicken":3,"minecraft:copper_ingot":2,"minecraft:tuff":12,"minecraft:book":3,"minecraft:string":2,"minecraft:seagrass":1,"minecraft:black_carpet":1,"minecraft:arrow":10,"minecraft:spruce_log":256,"minecraft:smooth_basalt":4,"minecraft:stone_axe":1,"minecraft:iron_pickaxe":1,"minecraft:baked_potato":10,"minecraft:rotten_flesh":27,"minecraft:stone_shovel":1,"minecraft:cobblestone":1,"minecraft:stone_sword":29,"minecraft:torch":12,"minecraft:bow":5,"minecraft:pumpkin_seeds":1,"minecraft:diamond_axe":1,"minecraft:dirt":210,"minecraft:crimson_planks":25,"minecraft:granite":4,"minecraft:diamond":5,"minecraft:feather":1,"minecraft:spruce_boat":1,"minecraft:blue_egg":2,"minecraft:potato":3,"minecraft:glass_bottle":1,"minecraft:wildflowers":3,"minecraft:poisonous_potato":25,"minecraft:bamboo":1,"minecraft:chiseled_tuff_bricks":1,"minecraft:stone_hoe":2,"minecraft:cookie":1,"minecraft:netherrack":548,"minecraft:shroomlight":1},"minecraft:used":{"minecraft:birch_sapling":24,"minecraft:iron_axe":696,"minecraft:leaf_litter":497,"minecraft:repeater":2,"minecraft:diamond_hoe":1161,"minecraft:cartography_table":17,"minecraft:melon":2,"minecraft:iron_block":27,"minecraft:mud":567,"minecraft:diamond_sword":185,"minecraft:cobbled_deepslate_slab":1,"minecraft:black_banner":6,"minecraft:potato":881,"minecraft:campfire":2,"minecraft:wheat_seeds":1250,"minecraft:glow_berries":7,"minecraft:glass_bottle":138,"minecraft:black_carpet":1,"minecraft:glass":19,"minecraft:oak_sign":8,"minecraft:polished_diorite_stairs":20,"minecraft:beehive":2,"minecraft:raw_copper_block":6,"minecraft:cooked_porkchop":11,"minecraft:iron_shovel":227,"minecraft:cherry_boat":5,"minecraft:red_carpet":8,"minecraft:firefly_bush":1,"minecraft:jungle_log":4,"minecraft:smithing_table":1,"minecraft:spruce_slab":198,"minecraft:polished_deepslate_slab":6,"minecraft:grindstone":7,"minecraft:diamond_axe":3493,"minecraft:nether_wart":8,"minecraft:poppy":35,"minecraft:snowball":12,"minecraft:beetroot_seeds":958,"minecraft:stone_pickaxe":5615,"minecraft:pointed_dripstone":102,"minecraft:bow":34,"minecraft:cobbled_deepslate":584,"minecraft:netherrack":70,"minecraft:loom":4,"minecraft:spruce_boat":90,"minecraft:diamond_shovel":875,"minecraft:lightning_rod":12,"minecraft:stone_shovel":730,"minecraft:birch_planks":1,"minecraft:writable_book":3,"minecraft:bone_meal":52,"minecraft:item_frame":4,"minecraft:fletching_table":4,"minecraft:spruce_fence_gate":1,"minecraft:goat_horn":1,"minecraft:blue_egg":182,"minecraft:dirt":331,"minecraft:written_book":18,"minecraft:fishing_rod":196,"minecraft:stripped_spruce_log":2,"minecraft:sand":1,"minecraft:spruce_planks":454,"minecraft:cooked_rabbit":2,"minecraft:cooked_cod":14,"minecraft:rail":7,"minecraft:shears":213,"minecraft:nether_wart_block":1,"minecraft:lectern":583,"minecraft:bucket":251,"minecraft:powered_rail":4,"minecraft:dripstone_block":45,"minecraft:cocoa_beans":463,"minecraft:oak_sapling":145,"minecraft:brown_egg":2,"minecraft:sugar_cane":254,"minecraft:iron_door":6,"minecraft:stone_axe":2136,"minecraft:spruce_fence":5,"minecraft:lily_pad":1,"minecraft:shield":33,"minecraft:iron_pickaxe":654,"minecraft:andesite":6,"minecraft:bamboo":108,"minecraft:oak_boat":6,"minecraft:iron_sword":738,"minecraft:cherry_sapling":1,"minecraft:diamond_pickaxe":3995,"minecraft:cooked_mutton":2,"minecraft:crimson_planks":3,"minecraft:cookie":11,"minecraft:ladder":118,"minecraft:stone_bricks":34,"minecraft:beetroot":5,"minecraft:blast_furnace":9,"minecraft:tuff":10,"minecraft:minecart":50,"minecraft:stone_sword":472,"minecraft:sweet_berries":102,"minecraft:lava_bucket":50,"minecraft:redstone":1,"minecraft:pumpkin_seeds":1,"minecraft:cobblestone":298,"minecraft:carrot":465,"minecraft:crafting_table":19,"minecraft:spruce_sign":45,"minecraft:spruce_trapdoor":57,"minecraft:red_mushroom":1,"minecraft:baked_potato":200,"minecraft:smoker":5,"minecraft:melon_slice":5,"minecraft:spruce_log":9,"minecraft:stone_hoe":64,"minecraft:water_bucket":114,"minecraft:golden_sword":9,"minecraft:furnace":7,"minecraft:barrel":7,"minecraft:torch":707,"minecraft:bread":2,"minecraft:gray_concrete":11,"minecraft:black_bed":8,"minecraft:lever":13,"minecraft:stone_button":1,"minecraft:spruce_button":7,"minecraft:composter":20,"minecraft:cooked_chicken":27,"minecraft:cherry_log":10,"minecraft:cooked_beef":108,"minecraft:chest":6,"minecraft:cauldron":11,"minecraft:spruce_sapling":435,"minecraft:egg":571}},"DataVersion":4440}