{"stats":{"minecraft:killed_by":{"minecraft:skeleton":5,"minecraft:silverfish":2,"minecraft:guardian":1,"minecraft:creaking":5,"minecraft:zombie":4},"minecraft:custom":{"minecraft:time_since_rest":1520,"minecraft:talked_to_villager":1,"minecraft:leave_game":16,"minecraft:damage_taken":25350,"minecraft:mob_kills":158,"minecraft:boat_one_cm":181179,"minecraft:time_since_death":1507,"minecraft:interact_with_furnace":26,"minecraft:inspect_dispenser":3,"minecraft:swim_one_cm":138991,"minecraft:total_world_time":423140,"minecraft:crouch_one_cm":9304,"minecraft:deaths":24,"minecraft:climb_one_cm":5285,"minecraft:damage_dealt_resisted":113,"minecraft:damage_blocked_by_shield":13584,"minecraft:interact_with_crafting_table":47,"minecraft:walk_one_cm":1092474,"minecraft:walk_under_water_one_cm":32310,"minecraft:damage_dealt":22508,"minecraft:interact_with_lectern":2,"minecraft:play_time":423140,"minecraft:jump":5910,"minecraft:drop":56,"minecraft:open_barrel":20,"minecraft:sprint_one_cm":717598,"minecraft:open_chest":81,"minecraft:interact_with_smoker":16,"minecraft:fall_one_cm":175254,"minecraft:fly_one_cm":1056072,"minecraft:walk_on_water_one_cm":39902,"minecraft:sneak_time":4069},"minecraft:broken":{"minecraft:stone_shovel":1,"minecraft:iron_axe":2,"minecraft:shield":1,"minecraft:stone_axe":4,"minecraft:iron_pickaxe":1,"minecraft:stone_pickaxe":1,"minecraft:leather_chestplate":1},"minecraft:crafted":{"minecraft:cooked_salmon":13,"minecraft:stone_shovel":2,"minecraft:stone_pickaxe":3,"minecraft:cooked_mutton":30,"minecraft:spruce_door":6,"minecraft:stick":24,"minecraft:spruce_slab":114,"minecraft:cooked_beef":2,"minecraft:oak_slab":114,"minecraft:cooked_porkchop":25,"minecraft:barrel":14,"minecraft:chest":2,"minecraft:air":0,"minecraft:bucket":1,"minecraft:furnace":3,"minecraft:oak_boat":2,"minecraft:iron_ingot":43,"minecraft:stone_hoe":1,"minecraft:oak_sign":3,"minecraft:crafting_table":3,"minecraft:torch":52,"minecraft:white_bed":1,"minecraft:spruce_stairs":44,"minecraft:shield":4,"minecraft:stone_axe":3,"minecraft:oak_planks":216,"minecraft:cobbled_deepslate_slab":30,"minecraft:spruce_planks":328,"minecraft:iron_pickaxe":2,"minecraft:smoker":1,"minecraft:iron_axe":3},"minecraft:killed":{"minecraft:salmon":16,"minecraft:zombie":17,"minecraft:skeleton":49,"minecraft:creeper":2,"minecraft:sheep":23,"minecraft:pig":13,"minecraft:cow":1,"minecraft:drowned":1,"minecraft:magma_cube":7,"minecraft:breeze":9,"minecraft:silverfish":9,"minecraft:spider":8},"minecraft:picked_up":{"minecraft:enchanted_book":2,"minecraft:sweet_berries":187,"minecraft:carrot":48,"minecraft:spruce_sapling":58,"minecraft:cobblestone":48,"minecraft:breeze_rod":20,"minecraft:white_bed":1,"minecraft:sugar_cane":7,"minecraft:leather":2,"minecraft:bone":94,"minecraft:honey_bottle":2,"minecraft:water_bucket":1,"minecraft:waxed_copper_grate":2,"minecraft:firefly_bush":4,"minecraft:baked_potato":4,"minecraft:diamond":12,"minecraft:smoker":4,"minecraft:emerald":20,"minecraft:pale_oak_sapling":2,"minecraft:golden_apple":1,"minecraft:porkchop":25,"minecraft:salmon":15,"minecraft:stick":107,"minecraft:polished_tuff":1,"minecraft:bamboo":23,"minecraft:black_wool":1,"minecraft:leather_chestplate":1,"minecraft:golden_chestplate":1,"minecraft:cooked_salmon":2,"minecraft:bow":4,"minecraft:arrow":55,"minecraft:iron_axe":2,"minecraft:iron_ingot":34,"minecraft:raw_iron":49,"minecraft:spruce_slab":13,"minecraft:cobbled_deepslate":436,"minecraft:stone_sword":1,"minecraft:stone_axe":1,"minecraft:tuff_bricks":31,"minecraft:spruce_door":3,"minecraft:mutton":30,"minecraft:gunpowder":1,"minecraft:chest":3,"minecraft:spruce_planks":106,"minecraft:cobbled_deepslate_slab":9,"minecraft:dirt":192,"minecraft:rail":33,"minecraft:copper_bulb":75,"minecraft:magma_block":2,"minecraft:waxed_exposed_copper_bulb":1,"minecraft:light_gray_wool":2,"minecraft:torch":13,"minecraft:spruce_log":393,"minecraft:tuff":3,"minecraft:polished_deepslate":4,"minecraft:leaf_litter":3,"minecraft:coal":235,"minecraft:oak_log":78,"minecraft:potato":58,"minecraft:furnace":5,"minecraft:iron_pickaxe":1,"minecraft:spider_eye":1,"minecraft:spruce_stairs":2,"minecraft:bone_meal":4,"minecraft:trial_key":3,"minecraft:diorite":1,"minecraft:waxed_copper_block":3,"minecraft:oak_boat":1,"minecraft:white_wool":27,"minecraft:cherry_sapling":2,"minecraft:oak_planks":76,"minecraft:crafting_table":10,"minecraft:decorated_pot":1,"minecraft:oak_sapling":10,"minecraft:chiseled_tuff_bricks":1,"minecraft:andesite":8,"minecraft:rotten_flesh":15,"minecraft:beef":2,"minecraft:oak_sign":1,"minecraft:wind_charge":18,"minecraft:string":32,"minecraft:oak_slab":2,"minecraft:barrel":1,"minecraft:waxed_copper_bulb":1,"minecraft:gray_wool":2},"minecraft:mined":{"minecraft:torch":7,"minecraft:sculk":3,"minecraft:spruce_log":265,"minecraft:chest":2,"minecraft:copper_bulb":39,"minecraft:oak_slab":2,"minecraft:carrots":8,"minecraft:spruce_sapling":3,"minecraft:waxed_oxidized_cut_copper":1,"minecraft:short_grass":4,"minecraft:waxed_copper_grate":2,"minecraft:spruce_planks":105,"minecraft:crafting_table":9,"minecraft:leaf_litter":1,"minecraft:sweet_berry_bush":76,"minecraft:magma_block":2,"minecraft:firefly_bush":4,"minecraft:waxed_exposed_copper_bulb":1,"minecraft:birch_leaves":1,"minecraft:andesite":7,"minecraft:bamboo":15,"minecraft:wall_torch":4,"minecraft:fern":3,"minecraft:decorated_pot":1,"minecraft:deepslate_diamond_ore":6,"minecraft:potatoes":8,"minecraft:deepslate_iron_ore":22,"minecraft:waxed_copper_bulb":1,"minecraft:iron_ore":24,"minecraft:stone":57,"minecraft:podzol":174,"minecraft:coal_ore":76,"minecraft:diorite":2,"minecraft:oak_planks":77,"minecraft:cobblestone":3,"minecraft:sugar_cane":5,"minecraft:white_bed":1,"minecraft:smoker":3,"minecraft:cherry_leaves":23,"minecraft:oak_leaves":26,"minecraft:furnace":5,"minecraft:polished_deepslate":4,"minecraft:spruce_stairs":2,"minecraft:sculk_vein":1,"minecraft:powder_snow":5,"minecraft:waxed_copper_block":11,"minecraft:tall_grass":2,"minecraft:barrel":1,"minecraft:rail":13,"minecraft:cobbled_deepslate_slab":9,"minecraft:dirt":5,"minecraft:grass_block":10,"minecraft:cobweb":7,"minecraft:chiseled_tuff_bricks":1,"minecraft:spruce_leaves":28,"minecraft:cobbled_deepslate":4,"minecraft:polished_tuff":1,"minecraft:tuff_bricks":37,"minecraft:tuff":3,"minecraft:deepslate":266,"minecraft:spruce_slab":9,"minecraft:oak_log":78},"minecraft:dropped":{"minecraft:rotten_flesh":13,"minecraft:stone_shovel":1,"minecraft:iron_axe":2,"minecraft:cobblestone":6,"minecraft:andesite":2,"minecraft:spruce_planks":1,"minecraft:magma_block":1,"minecraft:stone_sword":1,"minecraft:bow":1,"minecraft:cobbled_deepslate":59,"minecraft:white_wool":12,"minecraft:dirt":1,"minecraft:black_wool":1,"minecraft:sugar_cane":7,"minecraft:golden_chestplate":1,"minecraft:chest":1,"minecraft:tuff_bricks":17,"minecraft:oak_sapling":7,"minecraft:waxed_copper_block":1,"minecraft:honey_bottle":2,"minecraft:polished_tuff":1,"minecraft:bone_meal":4,"minecraft:light_gray_wool":2,"minecraft:water_bucket":1,"minecraft:bamboo":23,"minecraft:chiseled_tuff_bricks":1,"minecraft:leaf_litter":3,"minecraft:tuff":3,"minecraft:stick":28,"minecraft:arrow":5,"minecraft:spruce_sapling":1,"minecraft:crafting_table":1,"minecraft:gunpowder":1,"minecraft:bread":1,"minecraft:spider_eye":1,"minecraft:firefly_bush":3,"minecraft:stone_axe":1,"minecraft:gray_wool":2,"minecraft:baked_potato":4},"minecraft:used":{"minecraft:stone_axe":335,"minecraft:iron_axe":627,"minecraft:shield":204,"minecraft:iron_pickaxe":250,"minecraft:spruce_stairs":42,"minecraft:cobbled_deepslate_slab":36,"minecraft:potato":35,"minecraft:pale_oak_sapling":1,"minecraft:oak_boat":3,"minecraft:waxed_copper_block":2,"minecraft:cooked_mutton":30,"minecraft:oak_sign":3,"minecraft:cooked_porkchop":23,"minecraft:magma_block":1,"minecraft:decorated_pot":1,"minecraft:stone_sword":50,"minecraft:sweet_berries":93,"minecraft:lava_bucket":1,"minecraft:waxed_exposed_copper_bulb":1,"minecraft:diorite":1,"minecraft:firefly_bush":1,"minecraft:oak_slab":73,"minecraft:spruce_door":3,"minecraft:cobblestone":6,"minecraft:waxed_copper_grate":2,"minecraft:spruce_slab":88,"minecraft:carrot":34,"minecraft:crafting_table":12,"minecraft:tuff_bricks":10,"minecraft:white_bed":2,"minecraft:stone_pickaxe":356,"minecraft:bow":1,"minecraft:cobbled_deepslate":88,"minecraft:smoker":4,"minecraft:spruce_log":86,"minecraft:stone_hoe":83,"minecraft:stone_shovel":189,"minecraft:water_bucket":18,"minecraft:furnace":7,"minecraft:barrel":15,"minecraft:torch":65,"minecraft:written_book":5,"minecraft:dirt":9,"minecraft:cooked_salmon":15,"minecraft:spruce_planks":182,"minecraft:glow_ink_sac":1,"minecraft:copper_bulb":3,"minecraft:waxed_copper_bulb":1,"minecraft:bucket":20,"minecraft:chest":4,"minecraft:oak_planks":140,"minecraft:spruce_sapling":7,"minecraft:oak_sapling":3,"minecraft:trial_key":3}},"DataVersion":4440}