{"stats":{"minecraft:killed":{"minecraft:salmon":5,"minecraft:cod":3},"minecraft:custom":{"minecraft:time_since_rest":28122,"minecraft:leave_game":2,"minecraft:damage_taken":380,"minecraft:mob_kills":8,"minecraft:boat_one_cm":15252,"minecraft:time_since_death":28113,"minecraft:interact_with_furnace":10,"minecraft:total_world_time":28355,"minecraft:swim_one_cm":118326,"minecraft:crouch_one_cm":32625,"minecraft:deaths":1,"minecraft:climb_one_cm":9521,"minecraft:interact_with_crafting_table":35,"minecraft:walk_one_cm":337442,"minecraft:walk_under_water_one_cm":26322,"minecraft:play_time":28355,"minecraft:damage_dealt":278,"minecraft:jump":869,"minecraft:drop":1,"minecraft:sprint_one_cm":173418,"minecraft:open_chest":3,"minecraft:fall_one_cm":29142,"minecraft:fly_one_cm":106933,"minecraft:walk_on_water_one_cm":51202,"minecraft:sneak_time":2321},"minecraft:used":{"minecraft:stone_axe":615,"minecraft:stone_sword":9,"minecraft:spruce_fence":93,"minecraft:spruce_planks":1160,"minecraft:spruce_pressure_plate":3,"minecraft:firefly_bush":1,"minecraft:spruce_stairs":10,"minecraft:spruce_door":1,"minecraft:cooked_cod":3,"minecraft:spruce_log":1,"minecraft:stone_shovel":37,"minecraft:spruce_slab":6,"minecraft:crafting_table":9,"minecraft:chest":1,"minecraft:spruce_sign":2,"minecraft:ladder":25,"minecraft:spruce_trapdoor":16,"minecraft:furnace":1,"minecraft:spruce_sapling":3,"minecraft:torch":8,"minecraft:stone_pickaxe":38,"minecraft:dirt":24,"minecraft:cooked_salmon":5},"minecraft:dropped":{"minecraft:spruce_planks":1},"minecraft:picked_up":{"minecraft:spruce_planks":229,"minecraft:salmon":5,"minecraft:spruce_sapling":27,"minecraft:dirt":36,"minecraft:stick":22,"minecraft:cobblestone":29,"minecraft:spruce_fence":24,"minecraft:crafting_table":6,"minecraft:torch":4,"minecraft:spruce_slab":6,"minecraft:spruce_log":294,"minecraft:coal":8,"minecraft:firefly_bush":1,"minecraft:cod":3,"minecraft:ladder":6,"minecraft:spruce_stairs":1,"minecraft:spruce_trapdoor":4},"minecraft:mined":{"minecraft:firefly_bush":1,"minecraft:spruce_fence":24,"minecraft:dirt":24,"minecraft:spruce_log":308,"minecraft:coal_ore":9,"minecraft:grass_block":20,"minecraft:spruce_trapdoor":4,"minecraft:spruce_leaves":19,"minecraft:short_grass":1,"minecraft:ladder":6,"minecraft:wall_torch":4,"minecraft:spruce_slab":6,"minecraft:spruce_planks":231,"minecraft:crafting_table":6,"minecraft:spruce_stairs":1,"minecraft:stone":29},"minecraft:broken":{"minecraft:stone_axe":4},"minecraft:crafted":{"minecraft:furnace":1,"minecraft:ladder":21,"minecraft:spruce_trapdoor":12,"minecraft:cooked_salmon":5,"minecraft:spruce_door":3,"minecraft:crafting_table":4,"minecraft:spruce_pressure_plate":3,"minecraft:torch":12,"minecraft:stick":88,"minecraft:spruce_fence":69,"minecraft:spruce_slab":6,"minecraft:spruce_stairs":12,"minecraft:stone_axe":4,"minecraft:spruce_sign":3,"minecraft:chest":1,"minecraft:spruce_planks":1172,"minecraft:cooked_cod":3,"minecraft:air":0}},"DataVersion":4440}