{"stats":{"minecraft:crafted":{"minecraft:arrow":16,"minecraft:gold_ingot":168,"minecraft:book":79,"minecraft:iron_chestplate":1,"minecraft:glass_pane":592,"minecraft:blue_wool":1,"minecraft:painting":1,"minecraft:lever":4,"minecraft:diamond_pickaxe":3,"minecraft:chest":24,"minecraft:iron_block":9,"minecraft:bookshelf":29,"minecraft:stone_slab":6,"minecraft:bow":4,"minecraft:repeater":15,"minecraft:bucket":2,"minecraft:flint_and_steel":1,"minecraft:ladder":138,"minecraft:item_frame":1,"minecraft:mushroom_stew":1,"minecraft:jukebox":1,"minecraft:dispenser":1,"minecraft:diamond_shovel":2,"minecraft:sticky_piston":2,"minecraft:white_stained_glass":8,"minecraft:glass":305,"minecraft:iron_hoe":1,"minecraft:brush":1,"minecraft:spruce_fence":42,"minecraft:brewing_stand":1,"minecraft:sugar":1,"minecraft:campfire":20,"minecraft:blue_bed":2,"minecraft:yellow_dye":9,"minecraft:comparator":9,"minecraft:cooked_mutton":1,"minecraft:spruce_door":6,"minecraft:iron_boots":10,"minecraft:smooth_stone":24,"minecraft:white_wool":23,"minecraft:charcoal":25,"minecraft:cooked_beef":161,"minecraft:diamond":225,"minecraft:stonecutter":1,"minecraft:blue_dye":8,"minecraft:golden_carrot":66,"minecraft:fletching_table":3,"minecraft:spruce_sign":48,"minecraft:barrel":8,"minecraft:wooden_shovel":8,"minecraft:paper":732,"minecraft:armor_stand":1,"minecraft:furnace":5,"minecraft:grindstone":1,"minecraft:iron_ingot":298,"minecraft:diamond_hoe":4,"minecraft:cartography_table":1,"minecraft:lead":2,"minecraft:diamond_helmet":1,"minecraft:redstone_lamp":5,"minecraft:stone":191,"minecraft:blaze_powder":4,"minecraft:diamond_leggings":4,"minecraft:enchanted_book":20,"minecraft:spruce_stairs":44,"minecraft:shield":10,"minecraft:stone_axe":1,"minecraft:observer":4,"minecraft:diamond_block":2,"minecraft:iron_axe":1,"minecraft:piston":2,"minecraft:spruce_button":3,"minecraft:golden_apple":3,"minecraft:cooked_salmon":15,"minecraft:diamond_boots":4,"minecraft:writable_book":1,"minecraft:ender_eye":1,"minecraft:map":20,"minecraft:stick":26883,"minecraft:orange_bed":2,"minecraft:stone_brick_slab":26,"minecraft:smooth_stone_slab":6,"minecraft:ender_chest":1,"minecraft:cooked_porkchop":10,"minecraft:iron_helmet":1,"minecraft:diamond_axe":3,"minecraft:orange_wool":10,"minecraft:air":0,"minecraft:bone_meal":201,"minecraft:spyglass":1,"minecraft:chainmail_boots":12,"minecraft:glass_bottle":6,"minecraft:stone_button":2,"minecraft:red_dye":10,"minecraft:blast_furnace":1,"minecraft:redstone_torch":65,"minecraft:bundle":1,"minecraft:oak_planks":268,"minecraft:blue_harness":1,"minecraft:cooked_cod":11,"minecraft:enchanting_table":2,"minecraft:red_bed":1,"minecraft:iron_sword":1,"minecraft:fishing_rod":2,"minecraft:shears":3,"minecraft:iron_shovel":1,"minecraft:white_dye":9,"minecraft:yellow_banner":5,"minecraft:lantern":20,"minecraft:birch_planks":28,"minecraft:hopper":9,"minecraft:note_block":8,"minecraft:stone_pickaxe":2,"minecraft:anvil":3,"minecraft:amethyst_block":16,"minecraft:emerald_block":33,"minecraft:wooden_pickaxe":1,"minecraft:spruce_slab":858,"minecraft:composter":4,"minecraft:chain":9,"minecraft:fermented_spider_eye":1,"minecraft:diamond_chestplate":1,"minecraft:diamond_sword":3,"minecraft:iron_nugget":90,"minecraft:emerald":1117,"minecraft:black_bed":1,"minecraft:spruce_trapdoor":38,"minecraft:gold_block":1,"minecraft:orange_dye":16,"minecraft:spruce_boat":18,"minecraft:golden_boots":1,"minecraft:copper_ingot":44,"minecraft:bread":293,"minecraft:crafting_table":8,"minecraft:spruce_pressure_plate":2,"minecraft:torch":404,"minecraft:white_bed":3,"minecraft:bowl":4,"minecraft:crossbow":3,"minecraft:dropper":6,"minecraft:spruce_planks":15340,"minecraft:lectern":5,"minecraft:iron_pickaxe":2,"minecraft:iron_leggings":1},"minecraft:broken":{"minecraft:iron_axe":1,"minecraft:iron_hoe":1,"minecraft:iron_shovel":1,"minecraft:iron_pickaxe":2,"minecraft:stone_pickaxe":1,"minecraft:diamond_pickaxe":1,"minecraft:diamond_hoe":2,"minecraft:iron_sword":1},"minecraft:mined":{"minecraft:torch":6,"minecraft:comparator":12,"minecraft:note_block":4,"minecraft:spruce_log":4378,"minecraft:nether_quartz_ore":1,"minecraft:chest":1,"minecraft:smooth_basalt":1,"minecraft:pumpkin":526,"minecraft:netherrack":339,"minecraft:suspicious_gravel":2,"minecraft:spruce_sapling":31,"minecraft:brown_mushroom":1,"minecraft:spruce_planks":429,"minecraft:attached_pumpkin_stem":1,"minecraft:birch_log":7,"minecraft:magma_block":1,"minecraft:obsidian":66,"minecraft:red_wool":1,"minecraft:redstone_torch":12,"minecraft:blue_bed":1,"minecraft:redstone_lamp":1,"minecraft:stripped_spruce_log":5,"minecraft:grindstone":2,"minecraft:repeater":18,"minecraft:sculk_shrieker":15,"minecraft:campfire":4,"minecraft:moss_block":9,"minecraft:mushroom_stem":4,"minecraft:wall_torch":18,"minecraft:fire":46,"minecraft:kelp_plant":9,"minecraft:deepslate_diamond_ore":138,"minecraft:potatoes":275,"minecraft:ender_chest":22,"minecraft:dripstone_block":1,"minecraft:iron_ore":115,"minecraft:podzol":41,"minecraft:spruce_wall_sign":12,"minecraft:dandelion":1,"minecraft:glass":8,"minecraft:oak_planks":1,"minecraft:cobblestone":113,"minecraft:sugar_cane":763,"minecraft:lantern":2,"minecraft:diamond_block":2,"minecraft:kelp":1,"minecraft:mangrove_leaves":1,"minecraft:red_mushroom_block":1,"minecraft:oak_leaves":805,"minecraft:furnace":21,"minecraft:rooted_dirt":81,"minecraft:brown_mushroom_block":45,"minecraft:brewing_stand":4,"minecraft:bamboo_block":1,"minecraft:spruce_stairs":7,"minecraft:fletching_table":5,"minecraft:crimson_roots":10,"minecraft:iron_bars":2,"minecraft:wildflowers":34,"minecraft:tall_grass":9,"minecraft:cartography_table":4,"minecraft:emerald_ore":6,"minecraft:tall_seagrass":2,"minecraft:dirt":627,"minecraft:spruce_door":1,"minecraft:ladder":12,"minecraft:sand":211,"minecraft:deepslate":2103,"minecraft:cherry_planks":9,"minecraft:snow":63,"minecraft:seagrass":1,"minecraft:spruce_sign":16,"minecraft:stonecutter":4,"minecraft:oak_log":75,"minecraft:lapis_ore":7,"minecraft:cherry_log":1,"minecraft:sculk":4264,"minecraft:spawner":6,"minecraft:lectern":347,"minecraft:gravel":129,"minecraft:short_grass":42,"minecraft:red_mushroom":3,"minecraft:sculk_catalyst":22,"minecraft:dirt_path":2,"minecraft:crafting_table":35,"minecraft:deepslate_redstone_ore":51,"minecraft:leaf_litter":10,"minecraft:copper_ore":14,"minecraft:firefly_bush":1,"minecraft:gold_ore":5,"minecraft:andesite":144,"minecraft:glowstone":12,"minecraft:deepslate_gold_ore":108,"minecraft:ice":90,"minecraft:dark_oak_leaves":4,"minecraft:poppy":30,"minecraft:deepslate_lapis_ore":27,"minecraft:deepslate_iron_ore":34,"minecraft:birch_planks":3,"minecraft:amethyst_cluster":30,"minecraft:stone":1426,"minecraft:stone_bricks":7,"minecraft:granite":28,"minecraft:spruce_fence":9,"minecraft:coal_ore":475,"minecraft:sculk_sensor":102,"minecraft:diorite":45,"minecraft:wheat":549,"minecraft:spruce_trapdoor":26,"minecraft:dried_ghast":1,"minecraft:sculk_vein":264,"minecraft:bookshelf":6,"minecraft:soul_sand":6,"minecraft:crimson_nylium":21,"minecraft:powder_snow":106,"minecraft:snow_block":123,"minecraft:enchanting_table":3,"minecraft:barrel":5,"minecraft:observer":1,"minecraft:grass_block":405,"minecraft:cobweb":58,"minecraft:stone_brick_slab":2,"minecraft:spruce_leaves":1127,"minecraft:cobbled_deepslate":65,"minecraft:tuff":122,"minecraft:white_wool":1,"minecraft:nether_gold_ore":12,"minecraft:spruce_slab":132,"minecraft:jukebox":4,"minecraft:redstone_wire":6},"minecraft:used":{"minecraft:birch_sapling":1,"minecraft:painting":4,"minecraft:iron_axe":168,"minecraft:diamond_helmet":4,"minecraft:repeater":33,"minecraft:diamond_hoe":7575,"minecraft:spruce_pressure_plate":2,"minecraft:cartography_table":5,"minecraft:diamond_sword":1291,"minecraft:potato":274,"minecraft:campfire":20,"minecraft:wheat_seeds":651,"minecraft:sticky_piston":2,"minecraft:glass_bottle":7,"minecraft:mushroom_stew":1,"minecraft:glass":16,"minecraft:golden_boots":1,"minecraft:lantern":8,"minecraft:brush":14,"minecraft:cooked_porkchop":31,"minecraft:granite":14,"minecraft:iron_shovel":253,"minecraft:firefly_bush":1,"minecraft:oak_log":7,"minecraft:spruce_slab":849,"minecraft:stonecutter":5,"minecraft:grindstone":3,"minecraft:diamond_axe":6245,"minecraft:poppy":3,"minecraft:snowball":38,"minecraft:jukebox":4,"minecraft:orange_wool":8,"minecraft:stone_pickaxe":237,"minecraft:armor_stand":16,"minecraft:bow":42,"minecraft:cobbled_deepslate":363,"minecraft:netherrack":330,"minecraft:spruce_boat":51,"minecraft:diamond_shovel":1448,"minecraft:dried_ghast":1,"minecraft:birch_planks":2,"minecraft:rotten_flesh":31,"minecraft:writable_book":49,"minecraft:bone_meal":190,"minecraft:yellow_dye":1,"minecraft:orange_dye":4,"minecraft:fletching_table":8,"minecraft:anvil":3,"minecraft:dirt":271,"minecraft:written_book":16,"minecraft:honey_bottle":1,"minecraft:fishing_rod":35,"minecraft:obsidian":9,"minecraft:cooked_salmon":15,"minecraft:stripped_spruce_log":2,"minecraft:spruce_planks":1093,"minecraft:orange_bed":2,"minecraft:dispenser":1,"minecraft:bamboo_block":1,"minecraft:tropical_fish":1,"minecraft:glow_ink_sac":12,"minecraft:cooked_cod":11,"minecraft:iron_bars":2,"minecraft:deepslate_gold_ore":3,"minecraft:shears":3,"minecraft:lectern":351,"minecraft:bucket":336,"minecraft:spyglass":570,"minecraft:splash_potion":3,"minecraft:dripstone_block":1,"minecraft:oak_sapling":13,"minecraft:sugar_cane":89,"minecraft:dropper":6,"minecraft:stone_axe":70,"minecraft:diamond_block":9,"minecraft:grass_block":1,"minecraft:spruce_fence":48,"minecraft:wildflowers":18,"minecraft:emerald_block":8,"minecraft:observer":5,"minecraft:shield":110,"minecraft:spruce_stairs":46,"minecraft:deepslate":6,"minecraft:iron_pickaxe":502,"minecraft:andesite":14,"minecraft:iron_sword":202,"minecraft:golden_carrot":31,"minecraft:milk_bucket":3,"minecraft:stone_brick_slab":17,"minecraft:cooked_mutton":1,"minecraft:bookshelf":24,"minecraft:diamond_pickaxe":5582,"minecraft:ladder":46,"minecraft:stone_bricks":25,"minecraft:blast_furnace":1,"minecraft:tuff":19,"minecraft:brewing_stand":5,"minecraft:lava_bucket":40,"minecraft:diorite":15,"minecraft:redstone":53,"minecraft:wooden_pickaxe":4,"minecraft:pumpkin_seeds":3,"minecraft:spruce_door":6,"minecraft:diamond_leggings":1,"minecraft:cobblestone":658,"minecraft:diamond_chestplate":1,"minecraft:stone":60,"minecraft:hopper":8,"minecraft:axolotl_bucket":2,"minecraft:chain":1,"minecraft:note_block":12,"minecraft:crafting_table":41,"minecraft:spruce_sign":60,"minecraft:red_dye":2,"minecraft:spruce_trapdoor":51,"minecraft:white_bed":1,"minecraft:gold_block":1,"minecraft:diamond_boots":1,"minecraft:glow_item_frame":1,"minecraft:blue_dye":5,"minecraft:spruce_log":305,"minecraft:pumpkin":1,"minecraft:iron_hoe":250,"minecraft:water_bucket":292,"minecraft:soul_sand":6,"minecraft:smooth_basalt":1,"minecraft:furnace":25,"minecraft:bread":23,"minecraft:blue_bed":3,"minecraft:barrel":12,"minecraft:torch":415,"minecraft:red_wool":9,"minecraft:lever":4,"minecraft:bundle":10,"minecraft:stone_button":3,"minecraft:spruce_button":1,"minecraft:gravel":17,"minecraft:composter":2,"minecraft:cooked_chicken":1,"minecraft:white_wool":8,"minecraft:redstone_lamp":6,"minecraft:comparator":22,"minecraft:cooked_beef":172,"minecraft:ender_chest":22,"minecraft:flint_and_steel":56,"minecraft:redstone_torch":18,"minecraft:amethyst_block":16,"minecraft:chest":13,"minecraft:enchanting_table":5,"minecraft:spruce_sapling":280,"minecraft:ender_pearl":3},"minecraft:picked_up":{"minecraft:tropical_fish":1,"minecraft:poisonous_potato":3,"minecraft:enchanting_table":3,"minecraft:glow_item_frame":1,"minecraft:pale_oak_log":1,"minecraft:stone_button":2,"minecraft:brewing_stand":4,"minecraft:cobblestone":1259,"minecraft:saddle":4,"minecraft:glass":7,"minecraft:composter":7,"minecraft:flint":15,"minecraft:sugar_cane":896,"minecraft:bone":122,"minecraft:redstone":404,"minecraft:redstone_lamp":6,"minecraft:glow_berries":5,"minecraft:firefly_bush":1,"minecraft:lantern":2,"minecraft:stripped_spruce_log":4,"minecraft:iron_bars":2,"minecraft:diamond":313,"minecraft:slime_ball":39,"minecraft:granite":15,"minecraft:blaze_rod":30,"minecraft:stone_brick_slab":1,"minecraft:emerald":16,"minecraft:crimson_roots":5,"minecraft:nether_wart":7,"minecraft:book":19,"minecraft:salmon":16,"minecraft:armor_stand":15,"minecraft:powered_rail":2,"minecraft:wildflowers":158,"minecraft:charcoal":6,"minecraft:spruce_boat":50,"minecraft:gold_block":1,"minecraft:spyglass":1,"minecraft:bow":4,"minecraft:birch_boat":1,"minecraft:arrow":64,"minecraft:magma_cream":3,"minecraft:smooth_basalt":1,"minecraft:iron_ingot":34,"minecraft:observer":3,"minecraft:spruce_slab":271,"minecraft:chest_minecart":1,"minecraft:raw_gold":164,"minecraft:dandelion":1,"minecraft:emerald_block":5,"minecraft:bamboo_block":1,"minecraft:mutton":1,"minecraft:golden_carrot":1,"minecraft:spruce_planks":534,"minecraft:dirt":763,"minecraft:cooked_rabbit":2,"minecraft:rail":4,"minecraft:rabbit_hide":1,"minecraft:stonecutter":4,"minecraft:torch":46,"minecraft:dripstone_block":1,"minecraft:bread":15,"minecraft:spruce_log":4379,"minecraft:cartography_table":4,"minecraft:coal":896,"minecraft:oak_log":74,"minecraft:oak_fence":1,"minecraft:birch_planks":4,"minecraft:sand":157,"minecraft:furnace":21,"minecraft:wheat_seeds":1911,"minecraft:splash_potion":7,"minecraft:iron_pickaxe":1,"minecraft:quartz":65,"minecraft:iron_leggings":1,"minecraft:diamond_sword":1,"minecraft:hopper":5,"minecraft:birch_sapling":6,"minecraft:poppy":52,"minecraft:cooked_beef":285,"minecraft:blade_pottery_sherd":1,"minecraft:white_wool":16,"minecraft:feather":5,"minecraft:potion":3,"minecraft:spruce_fence":8,"minecraft:fletching_table":5,"minecraft:red_mushroom":3,"minecraft:snowball":427,"minecraft:rooted_dirt":39,"minecraft:andesite":68,"minecraft:diamond_hoe":1,"minecraft:ender_pearl":29,"minecraft:string":86,"minecraft:stone_bricks":5,"minecraft:copper_ingot":7,"minecraft:obsidian":148,"minecraft:ladder":12,"minecraft:amethyst_shard":153,"minecraft:iron_helmet":1,"minecraft:comparator":19,"minecraft:ender_chest":22,"minecraft:soul_sand":6,"minecraft:enchanted_book":1,"minecraft:spruce_sapling":504,"minecraft:rabbit":2,"minecraft:glowstone":8,"minecraft:fishing_rod":1,"minecraft:leather":277,"minecraft:gold_nugget":49,"minecraft:lead":21,"minecraft:brown_mushroom":12,"minecraft:cod":11,"minecraft:gold_ingot":18,"minecraft:music_disc_tears":12,"minecraft:melon_seeds":7,"minecraft:glow_ink_sac":18,"minecraft:porkchop":13,"minecraft:spruce_sign":37,"minecraft:stick":403,"minecraft:redstone_torch":16,"minecraft:painting":3,"minecraft:black_wool":11,"minecraft:chicken":3,"minecraft:moss_block":9,"minecraft:cooked_porkchop":21,"minecraft:repeater":33,"minecraft:deepslate":31,"minecraft:cooked_chicken":1,"minecraft:grindstone":2,"minecraft:kelp":1,"minecraft:raw_iron":226,"minecraft:cobbled_deepslate":1811,"minecraft:honeycomb":9,"minecraft:glowstone_dust":60,"minecraft:pumpkin_seeds":4,"minecraft:stone_axe":1,"minecraft:wheat":525,"minecraft:spruce_door":2,"minecraft:cherry_planks":7,"minecraft:gunpowder":41,"minecraft:chest":7,"minecraft:lectern":347,"minecraft:spruce_trapdoor":26,"minecraft:blaze_powder":1,"minecraft:netherrack":338,"minecraft:red_wool":30,"minecraft:trident":1,"minecraft:white_stained_glass":8,"minecraft:magma_block":3,"minecraft:note_block":10,"minecraft:stone":70,"minecraft:gravel":88,"minecraft:light_gray_wool":1,"minecraft:tuff":119,"minecraft:leaf_litter":12,"minecraft:potato":1391,"minecraft:deepslate_gold_ore":3,"minecraft:grass_block":5,"minecraft:birch_log":7,"minecraft:sticky_piston":2,"minecraft:lapis_lazuli":297,"minecraft:pumpkin":405,"minecraft:diamond_block":4,"minecraft:spider_eye":17,"minecraft:spruce_stairs":13,"minecraft:bone_meal":2,"minecraft:diorite":25,"minecraft:pufferfish":1,"minecraft:oak_planks":1,"minecraft:crafting_table":34,"minecraft:raw_copper":44,"minecraft:oak_sapling":41,"minecraft:rotten_flesh":95,"minecraft:beef":154,"minecraft:written_book":3,"minecraft:apple":3,"minecraft:jukebox":4,"minecraft:blue_bed":1,"minecraft:dried_ghast":1,"minecraft:barrel":5,"minecraft:paper":1},"minecraft:killed":{"minecraft:pig":10,"minecraft:piglin":1,"minecraft:bat":1,"minecraft:silverfish":1183,"minecraft:salmon":11,"minecraft:zombie":76,"minecraft:glow_squid":5,"minecraft:zombie_villager":1,"minecraft:chicken":5,"minecraft:drowned":8,"minecraft:cow":148,"minecraft:slime":27,"minecraft:pillager":8,"minecraft:skeleton":61,"minecraft:tropical_fish":1,"minecraft:witch":2,"minecraft:spider":19,"minecraft:wither_skeleton":3,"minecraft:cave_spider":7,"minecraft:creeper":35,"minecraft:hoglin":5,"minecraft:sheep":1,"minecraft:enderman":21,"minecraft:magma_cube":17,"minecraft:ghast":1,"minecraft:blaze":23},"minecraft:dropped":{"minecraft:white_dye":1,"minecraft:andesite":36,"minecraft:magma_block":3,"minecraft:crimson_roots":5,"minecraft:spruce_button":2,"minecraft:gravel":71,"minecraft:bone":42,"minecraft:glass":23,"minecraft:poppy":39,"minecraft:bowl":4,"minecraft:enchanted_book":3,"minecraft:spruce_sign":9,"minecraft:moss_block":9,"minecraft:pumpkin":4,"minecraft:oak_sapling":7,"minecraft:redstone":68,"minecraft:grass_block":3,"minecraft:golden_carrot":1,"minecraft:tuff":100,"minecraft:iron_leggings":2,"minecraft:spruce_stairs":2,"minecraft:arrow":27,"minecraft:spruce_sapling":21,"minecraft:rooted_dirt":39,"minecraft:spruce_log":27,"minecraft:gunpowder":9,"minecraft:deepslate":25,"minecraft:stone_axe":2,"minecraft:iron_pickaxe":1,"minecraft:diorite":10,"minecraft:rotten_flesh":33,"minecraft:iron_helmet":2,"minecraft:iron_chestplate":1,"minecraft:torch":11,"minecraft:birch_planks":2,"minecraft:bow":4,"minecraft:charcoal":9,"minecraft:lantern":2,"minecraft:dirt":173,"minecraft:stone":6,"minecraft:obsidian":35,"minecraft:oak_fence":1,"minecraft:shears":1,"minecraft:emerald":4,"minecraft:rail":4,"minecraft:coal":104,"minecraft:spruce_boat":7,"minecraft:potato":56,"minecraft:cooked_beef":65,"minecraft:nether_wart":7,"minecraft:wooden_pickaxe":1,"minecraft:raw_iron":7,"minecraft:lapis_lazuli":4,"minecraft:netherrack":2,"minecraft:spyglass":1,"minecraft:glow_ink_sac":4,"minecraft:blaze_rod":15,"minecraft:diamond_shovel":1,"minecraft:glow_berries":5,"minecraft:oak_planks":1,"minecraft:powered_rail":2,"minecraft:rabbit_hide":1,"minecraft:wheat":5,"minecraft:lead":1,"minecraft:cobbled_deepslate":1021,"minecraft:sugar_cane":6,"minecraft:wheat_seeds":81,"minecraft:flint_and_steel":1,"minecraft:iron_nugget":8,"minecraft:spruce_trapdoor":4,"minecraft:paper":15,"minecraft:composter":2,"minecraft:stone_pickaxe":1,"minecraft:shield":9,"minecraft:spruce_slab":93,"minecraft:cherry_planks":7,"minecraft:copper_ingot":1,"minecraft:chest_minecart":1,"minecraft:string":1,"minecraft:golden_boots":1,"minecraft:stick":198,"minecraft:bread":149,"minecraft:spider_eye":5,"minecraft:iron_boots":10,"minecraft:snowball":346,"minecraft:diamond_hoe":1,"minecraft:melon_seeds":7,"minecraft:cobblestone":257,"minecraft:spruce_planks":49,"minecraft:orange_wool":1,"minecraft:rabbit":2,"minecraft:cooked_rabbit":2,"minecraft:pumpkin_seeds":1,"minecraft:diamond_axe":2,"minecraft:red_mushroom":2,"minecraft:white_wool":3,"minecraft:leather":11,"minecraft:chainmail_boots":12,"minecraft:birch_boat":1,"minecraft:granite":1,"minecraft:saddle":2,"minecraft:diamond":48,"minecraft:wildflowers":132,"minecraft:poisonous_potato":3,"minecraft:birch_sapling":5,"minecraft:stone_bricks":10,"minecraft:leaf_litter":12,"minecraft:chicken":3,"minecraft:flint":7,"minecraft:diamond_sword":1,"minecraft:spruce_door":1,"minecraft:gold_nugget":13,"minecraft:spruce_fence":2,"minecraft:fishing_rod":2,"minecraft:amethyst_shard":2},"minecraft:custom":{"minecraft:time_since_rest":35519,"minecraft:leave_game":53,"minecraft:boat_one_cm":405104,"minecraft:time_since_death":81500,"minecraft:interact_with_furnace":377,"minecraft:happy_ghast_one_cm":2564670,"minecraft:total_world_time":1073949,"minecraft:crouch_one_cm":316099,"minecraft:climb_one_cm":147259,"minecraft:deaths":19,"minecraft:interact_with_stonecutter":2,"minecraft:fish_caught":17,"minecraft:animals_bred":157,"minecraft:traded_with_villager":1328,"minecraft:damage_blocked_by_shield":9730,"minecraft:interact_with_crafting_table":373,"minecraft:inspect_dropper":180,"minecraft:walk_one_cm":7183304,"minecraft:walk_under_water_one_cm":129460,"minecraft:horse_one_cm":277878,"minecraft:damage_dealt":72506,"minecraft:play_time":1073949,"minecraft:jump":40199,"minecraft:play_record":11,"minecraft:sprint_one_cm":4886943,"minecraft:inspect_hopper":44,"minecraft:fly_one_cm":7717158,"minecraft:walk_on_water_one_cm":161095,"minecraft:interact_with_blast_furnace":2,"minecraft:interact_with_grindstone":51,"minecraft:talked_to_villager":879,"minecraft:damage_taken":15127,"minecraft:mob_kills":1719,"minecraft:open_enderchest":29,"minecraft:interact_with_brewingstand":22,"minecraft:sleep_in_bed":7,"minecraft:inspect_dispenser":9,"minecraft:swim_one_cm":327374,"minecraft:player_kills":1,"minecraft:enchant_item":53,"minecraft:play_noteblock":4,"minecraft:interact_with_lectern":21,"minecraft:drop":538,"minecraft:interact_with_cartography_table":1,"minecraft:open_barrel":299,"minecraft:open_chest":1155,"minecraft:fall_one_cm":1291725,"minecraft:tune_noteblock":165,"minecraft:interact_with_anvil":25,"minecraft:sneak_time":52384}},"DataVersion":4440}