{"stats":{"minecraft:custom":{"minecraft:interact_with_crafting_table":4,"minecraft:time_since_rest":10924,"minecraft:walk_one_cm":109171,"minecraft:leave_game":1,"minecraft:walk_under_water_one_cm":4723,"minecraft:mob_kills":9,"minecraft:damage_taken":240,"minecraft:play_time":11003,"minecraft:damage_dealt":628,"minecraft:jump":695,"minecraft:time_since_death":10917,"minecraft:drop":1,"minecraft:interact_with_furnace":15,"minecraft:sprint_one_cm":74897,"minecraft:fall_one_cm":26544,"minecraft:total_world_time":11003,"minecraft:swim_one_cm":23142,"minecraft:fly_one_cm":114980,"minecraft:walk_on_water_one_cm":5918,"minecraft:crouch_one_cm":12636,"minecraft:sneak_time":814,"minecraft:deaths":1},"minecraft:picked_up":{"minecraft:dirt":114,"minecraft:spruce_sapling":8,"minecraft:cobblestone":17,"minecraft:brown_wool":2,"minecraft:light_gray_wool":1,"minecraft:leather":1,"minecraft:spruce_log":46,"minecraft:brown_mushroom":2,"minecraft:acacia_sapling":8,"minecraft:leaf_litter":104,"minecraft:coal":21,"minecraft:armadillo_scute":1,"minecraft:birch_log":1,"minecraft:wheat_seeds":2,"minecraft:peony":7,"minecraft:dark_oak_sapling":3,"minecraft:bone_meal":1,"minecraft:dark_oak_log":51,"minecraft:porkchop":5,"minecraft:salmon":3,"minecraft:stick":9,"minecraft:beef":2,"minecraft:apple":1,"minecraft:acacia_log":59,"minecraft:mutton":5},"minecraft:crafted":{"minecraft:furnace":1,"minecraft:cooked_salmon":3,"minecraft:stone_shovel":1,"minecraft:cooked_beef":2,"minecraft:stone_axe":1,"minecraft:cooked_porkchop":5,"minecraft:cooked_mutton":5,"minecraft:air":0,"minecraft:crafting_table":1,"minecraft:acacia_planks":8},"minecraft:dropped":{"minecraft:wheat_seeds":1},"minecraft:broken":{"minecraft:stone_shovel":1,"minecraft:stone_axe":1},"minecraft:killed":{"minecraft:salmon":3,"minecraft:pig":2,"minecraft:sheep":3,"minecraft:cow":1},"minecraft:used":{"minecraft:stone_axe":180,"minecraft:stone_sword":51,"minecraft:dark_oak_log":51,"minecraft:spruce_log":8,"minecraft:stone_shovel":198,"minecraft:cooked_beef":2,"minecraft:crafting_table":1,"minecraft:furnace":1,"minecraft:spruce_sapling":7,"minecraft:acacia_sapling":1,"minecraft:cooked_porkchop":2,"minecraft:stone_pickaxe":43,"minecraft:dirt":16},"minecraft:mined":{"minecraft:dark_oak_log":51,"minecraft:bush":2,"minecraft:dirt":61,"minecraft:spruce_log":46,"minecraft:birch_leaves":2,"minecraft:coal_ore":22,"minecraft:grass_block":123,"minecraft:spruce_sapling":3,"minecraft:spruce_leaves":11,"minecraft:peony":7,"minecraft:short_grass":5,"minecraft:dark_oak_leaves":18,"minecraft:brown_mushroom":2,"minecraft:fern":2,"minecraft:acacia_leaves":50,"minecraft:birch_log":1,"minecraft:leaf_litter":18,"minecraft:acacia_log":59,"minecraft:stone":21}},"DataVersion":4440}