{"stats":{"minecraft:killed_by":{"minecraft:skeleton":2,"minecraft:player":1,"minecraft:endermite":3,"minecraft:creaking":7,"minecraft:zombie":4},"minecraft:custom":{"minecraft:time_since_rest":43335,"minecraft:leave_game":17,"minecraft:damage_taken":46311,"minecraft:mob_kills":101,"minecraft:time_since_death":43317,"minecraft:open_enderchest":11,"minecraft:interact_with_furnace":16,"minecraft:sleep_in_bed":1,"minecraft:inspect_dispenser":1,"minecraft:swim_one_cm":48067,"minecraft:total_world_time":456476,"minecraft:crouch_one_cm":122637,"minecraft:deaths":40,"minecraft:climb_one_cm":68669,"minecraft:fish_caught":4,"minecraft:damage_dealt_resisted":10,"minecraft:animals_bred":73,"minecraft:damage_blocked_by_shield":1580,"minecraft:interact_with_crafting_table":52,"minecraft:walk_one_cm":3747496,"minecraft:walk_under_water_one_cm":44119,"minecraft:damage_dealt":16025,"minecraft:interact_with_lectern":5,"minecraft:play_time":456476,"minecraft:jump":9223,"minecraft:drop":10,"minecraft:use_cauldron":2,"minecraft:open_barrel":26,"minecraft:sprint_one_cm":568038,"minecraft:open_chest":298,"minecraft:interact_with_smoker":18,"minecraft:inspect_hopper":3,"minecraft:fall_one_cm":290434,"minecraft:fly_one_cm":997280,"minecraft:walk_on_water_one_cm":38864,"minecraft:sneak_time":14789,"minecraft:interact_with_blast_furnace":128},"minecraft:broken":{"minecraft:stone_shovel":1,"minecraft:leather_helmet":1,"minecraft:iron_shovel":2,"minecraft:iron_pickaxe":7,"minecraft:leather_boots":1,"minecraft:stone_sword":1,"minecraft:stone_pickaxe":3},"minecraft:crafted":{"minecraft:gold_ingot":42,"minecraft:stone_pickaxe":2,"minecraft:spruce_door":3,"minecraft:coal_block":10,"minecraft:stick":44,"minecraft:cooked_beef":19,"minecraft:leather_boots":1,"minecraft:spruce_sign":6,"minecraft:iron_block":5,"minecraft:diamond_pickaxe":1,"minecraft:chest":5,"minecraft:air":0,"minecraft:bucket":2,"minecraft:bone_meal":3,"minecraft:furnace":2,"minecraft:gold_block":4,"minecraft:iron_ingot":80,"minecraft:lapis_block":5,"minecraft:copper_ingot":151,"minecraft:hay_block":90,"minecraft:crafting_table":1,"minecraft:iron_hoe":1,"minecraft:torch":56,"minecraft:shield":1,"minecraft:bundle":9,"minecraft:spruce_planks":92,"minecraft:melon_seeds":2,"minecraft:coal":9,"minecraft:iron_pickaxe":7,"minecraft:iron_shovel":2,"minecraft:iron_sword":1,"minecraft:copper_block":16,"minecraft:diamond_block":2,"minecraft:fishing_rod":1,"minecraft:redstone_block":23},"minecraft:killed":{"minecraft:zombie":34,"minecraft:skeleton":27,"minecraft:creeper":5,"minecraft:cow":4,"minecraft:drowned":1,"minecraft:bat":14,"minecraft:spider":10},"minecraft:picked_up":{"minecraft:poisonous_potato":6,"minecraft:sweet_berries":7,"minecraft:carrot":1201,"minecraft:spruce_sapling":11,"minecraft:cobblestone":759,"minecraft:flint":67,"minecraft:sugar_cane":250,"minecraft:leather":24,"minecraft:bone":30,"minecraft:redstone":213,"minecraft:brown_mushroom":2,"minecraft:rose_bush":1,"minecraft:cod":4,"minecraft:melon_slice":184,"minecraft:gold_ingot":1,"minecraft:diamond":29,"minecraft:granite":260,"minecraft:goat_horn":3,"minecraft:melon_seeds":1,"minecraft:emerald":2,"minecraft:nether_wart":107,"minecraft:spruce_sign":4,"minecraft:stick":6,"minecraft:bamboo":6,"minecraft:cooked_salmon":1,"minecraft:arrow":39,"minecraft:iron_ingot":5,"minecraft:cooked_chicken":1,"minecraft:cactus":4,"minecraft:raw_iron":81,"minecraft:cobbled_deepslate":1354,"minecraft:raw_gold":42,"minecraft:dandelion":1,"minecraft:wheat":797,"minecraft:leather_helmet":1,"minecraft:spruce_door":1,"minecraft:mutton":1,"minecraft:gunpowder":4,"minecraft:chest":11,"minecraft:dirt":16,"minecraft:blue_egg":90,"minecraft:rail":5,"minecraft:gravel":470,"minecraft:light_gray_wool":36,"minecraft:torch":19,"minecraft:spruce_log":31,"minecraft:tuff":40,"minecraft:leaf_litter":3,"minecraft:coal":206,"minecraft:oak_log":3,"minecraft:phantom_membrane":6,"minecraft:potato":887,"minecraft:furnace":3,"minecraft:wheat_seeds":2182,"minecraft:lapis_lazuli":94,"minecraft:pumpkin":15,"minecraft:spider_eye":2,"minecraft:egg":91,"minecraft:diorite":14,"minecraft:poppy":2,"minecraft:pufferfish":1,"minecraft:white_wool":1,"minecraft:oak_planks":10,"minecraft:crafting_table":4,"minecraft:red_mushroom":3,"minecraft:snowball":55,"minecraft:raw_copper":266,"minecraft:andesite":2,"minecraft:rotten_flesh":36,"minecraft:beef":56,"minecraft:oak_sign":1,"minecraft:string":7,"minecraft:amethyst_shard":4,"minecraft:cocoa_beans":120,"minecraft:gray_wool":51},"minecraft:mined":{"minecraft:torch":6,"minecraft:redstone_ore":11,"minecraft:spruce_log":31,"minecraft:chest":9,"minecraft:pumpkin":17,"minecraft:carrots":331,"minecraft:gravel":696,"minecraft:short_grass":17,"minecraft:red_mushroom":3,"minecraft:brown_mushroom":2,"minecraft:crafting_table":4,"minecraft:deepslate_redstone_ore":36,"minecraft:leaf_litter":1,"minecraft:copper_ore":71,"minecraft:melon":39,"minecraft:gold_ore":5,"minecraft:andesite":2,"minecraft:deepslate_gold_ore":37,"minecraft:bamboo":1,"minecraft:wall_torch":11,"minecraft:poppy":2,"minecraft:deepslate_lapis_ore":7,"minecraft:deepslate_diamond_ore":29,"minecraft:cactus":4,"minecraft:deepslate_iron_ore":19,"minecraft:potatoes":242,"minecraft:attached_melon_stem":1,"minecraft:amethyst_cluster":1,"minecraft:iron_ore":62,"minecraft:stone":935,"minecraft:granite":314,"minecraft:spruce_wall_sign":3,"minecraft:dandelion":1,"minecraft:coal_ore":206,"minecraft:wheat":802,"minecraft:diorite":19,"minecraft:oak_planks":7,"minecraft:cobblestone":57,"minecraft:sugar_cane":157,"minecraft:furnace":3,"minecraft:rose_bush":1,"minecraft:powder_snow":50,"minecraft:tall_grass":5,"minecraft:snow_block":13,"minecraft:emerald_ore":2,"minecraft:rail":4,"minecraft:dirt":15,"minecraft:nether_wart":37,"minecraft:grass_block":8,"minecraft:spruce_leaves":4,"minecraft:cobbled_deepslate":6,"minecraft:tuff":40,"minecraft:spruce_door":1,"minecraft:deepslate":1349,"minecraft:snow":3,"minecraft:oak_log":3,"minecraft:cocoa":40,"minecraft:lapis_ore":6},"minecraft:dropped":{"minecraft:cooked_chicken":1,"minecraft:cooked_salmon":1,"minecraft:iron_ingot":4,"minecraft:chest":3,"minecraft:gold_ingot":1,"minecraft:milk_bucket":1,"minecraft:pufferfish":1,"minecraft:oak_sign":1},"minecraft:used":{"minecraft:stone_axe":56,"minecraft:leaf_litter":3,"minecraft:cobbled_deepslate":14,"minecraft:apple":2,"minecraft:shield":19,"minecraft:cactus":2,"minecraft:iron_pickaxe":1753,"minecraft:potato":296,"minecraft:iron_sword":249,"minecraft:wheat_seeds":822,"minecraft:spruce_log":3,"minecraft:stone_shovel":131,"minecraft:iron_hoe":14,"minecraft:bone_meal":1,"minecraft:diamond_pickaxe":1079,"minecraft:cooked_mutton":2,"minecraft:melon_seeds":3,"minecraft:furnace":3,"minecraft:goat_horn":3,"minecraft:blue_egg":3,"minecraft:granite":3,"minecraft:torch":74,"minecraft:written_book":1,"minecraft:dirt":15,"minecraft:fishing_rod":7,"minecraft:tuff":34,"minecraft:iron_shovel":500,"minecraft:stone_sword":131,"minecraft:diorite":5,"minecraft:bundle":1,"minecraft:leather_boots":1,"minecraft:gravel":20,"minecraft:spruce_door":1,"minecraft:rose_bush":1,"minecraft:cobblestone":147,"minecraft:cooked_beef":23,"minecraft:carrot":380,"minecraft:bucket":2,"minecraft:crafting_table":4,"minecraft:nether_wart":37,"minecraft:chest":10,"minecraft:spruce_sign":5,"minecraft:snowball":1,"minecraft:cocoa_beans":40,"minecraft:oak_planks":4,"minecraft:egg":6,"minecraft:sugar_cane":4,"minecraft:stone_pickaxe":393}},"DataVersion":4440}