{"stats":{"minecraft:custom":{"minecraft:time_since_rest":5269,"minecraft:walk_one_cm":195886,"minecraft:leave_game":1,"minecraft:walk_under_water_one_cm":5869,"minecraft:damage_taken":9440,"minecraft:damage_dealt":10,"minecraft:interact_with_lectern":1,"minecraft:play_time":6824,"minecraft:jump":238,"minecraft:time_since_death":5247,"minecraft:sprint_one_cm":46424,"minecraft:open_chest":3,"minecraft:fall_one_cm":2677,"minecraft:swim_one_cm":11729,"minecraft:total_world_time":6824,"minecraft:fly_one_cm":44655,"minecraft:walk_on_water_one_cm":8197,"minecraft:crouch_one_cm":320,"minecraft:sneak_time":51,"minecraft:climb_one_cm":1303,"minecraft:deaths":5},"minecraft:picked_up":{"minecraft:egg":1},"minecraft:killed_by":{"minecraft:creaking":3},"minecraft:used":{"minecraft:egg":1,"minecraft:written_book":1}},"DataVersion":4440}