{"stats":{"minecraft:picked_up":{"minecraft:cooked_beef":1,"minecraft:diamond":1,"minecraft:potion":5},"minecraft:custom":{"minecraft:time_since_rest":11638,"minecraft:walk_one_cm":9717,"minecraft:total_world_time":11790,"minecraft:leave_game":4,"minecraft:fly_one_cm":40,"minecraft:damage_taken":15,"minecraft:walk_on_water_one_cm":224,"minecraft:sneak_time":26,"minecraft:play_time":11790,"minecraft:deaths":1,"minecraft:jump":14,"minecraft:time_since_death":11628},"minecraft:mined":{"minecraft:dirt":1,"minecraft:grass_block":2}},"DataVersion":4440}