{"stats":{"minecraft:crafted":{"minecraft:stone_sword":1,"minecraft:sandstone":4,"minecraft:cooked_salmon":20,"minecraft:gold_ingot":28,"minecraft:stick":324,"minecraft:cherry_sign":6,"minecraft:painting":1,"minecraft:lever":1,"minecraft:chest":8,"minecraft:air":0,"minecraft:repeater":1,"minecraft:bucket":1,"minecraft:bone_meal":12,"minecraft:ladder":75,"minecraft:cherry_wood":6,"minecraft:stone_hoe":1,"minecraft:redstone_torch":5,"minecraft:oak_button":2,"minecraft:oak_trapdoor":2,"minecraft:oak_planks":220,"minecraft:cooked_cod":25,"minecraft:white_concrete_powder":16,"minecraft:iron_sword":1,"minecraft:fishing_rod":1,"minecraft:smoker":1,"minecraft:stone_shovel":11,"minecraft:white_dye":5,"minecraft:comparator":1,"minecraft:stone_pickaxe":49,"minecraft:iron_door":3,"minecraft:charcoal":42,"minecraft:white_wool":7,"minecraft:oak_door":6,"minecraft:stonecutter":1,"minecraft:light_blue_dye":6,"minecraft:blue_dye":3,"minecraft:oak_slab":12,"minecraft:cherry_planks":764,"minecraft:light_blue_concrete_powder":48,"minecraft:composter":1,"minecraft:dried_kelp":26,"minecraft:furnace":3,"minecraft:iron_ingot":57,"minecraft:copper_ingot":299,"minecraft:bread":3,"minecraft:stone":9,"minecraft:crafting_table":4,"minecraft:torch":180,"minecraft:white_bed":1,"minecraft:stone_axe":2,"minecraft:iron_pickaxe":2,"minecraft:copper_block":35,"minecraft:iron_axe":2,"minecraft:golden_apple":3,"minecraft:cobblestone_stairs":72},"minecraft:broken":{"minecraft:stone_shovel":10,"minecraft:iron_axe":2,"minecraft:stone_axe":1,"minecraft:iron_pickaxe":1,"minecraft:stone_sword":1,"minecraft:stone_pickaxe":45},"minecraft:mined":{"minecraft:torch":41,"minecraft:comparator":1,"minecraft:cherry_log":278,"minecraft:lever":3,"minecraft:chest":22,"minecraft:gravel":234,"minecraft:short_grass":187,"minecraft:crafting_table":13,"minecraft:deepslate_redstone_ore":67,"minecraft:farmland":6,"minecraft:waxed_oxidized_copper":129,"minecraft:copper_ore":87,"minecraft:sandstone":415,"minecraft:white_concrete":16,"minecraft:iron_door":2,"minecraft:andesite":337,"minecraft:repeater":2,"minecraft:deepslate_gold_ore":28,"minecraft:wall_torch":30,"minecraft:fire":3,"minecraft:kelp_plant":49,"minecraft:poppy":21,"minecraft:deepslate_lapis_ore":5,"minecraft:deepslate_diamond_ore":13,"minecraft:deepslate_iron_ore":2,"minecraft:deepslate_tiles":2,"minecraft:copper_block":3,"minecraft:iron_ore":57,"minecraft:stone":2585,"minecraft:granite":958,"minecraft:cobblestone_stairs":11,"minecraft:dandelion":8,"minecraft:coal_ore":173,"minecraft:wheat":33,"minecraft:diorite":444,"minecraft:oak_planks":22,"minecraft:cobblestone":191,"minecraft:sugar_cane":108,"minecraft:oak_trapdoor":4,"minecraft:white_bed":2,"minecraft:kelp":222,"minecraft:smoker":2,"minecraft:cherry_leaves":16,"minecraft:cherry_sapling":3,"minecraft:oak_leaves":31,"minecraft:furnace":5,"minecraft:tall_grass":32,"minecraft:barrel":1,"minecraft:dirt":291,"minecraft:light_blue_concrete":48,"minecraft:hopper":1,"minecraft:grass_block":67,"minecraft:cobweb":36,"minecraft:cherry_wood":5,"minecraft:cobbled_deepslate":24,"minecraft:tuff":123,"minecraft:ladder":24,"minecraft:deepslate":742,"minecraft:sand":950,"minecraft:cherry_planks":256,"minecraft:stonecutter":3,"minecraft:deepslate_tile_stairs":8,"minecraft:cherry_sign":4,"minecraft:oak_log":86,"minecraft:redstone_wire":32,"minecraft:lapis_ore":12,"minecraft:oak_door":10},"minecraft:used":{"minecraft:stone_axe":225,"minecraft:oak_trapdoor":5,"minecraft:painting":18,"minecraft:iron_axe":491,"minecraft:leaf_litter":5,"minecraft:repeater":3,"minecraft:kelp":201,"minecraft:iron_pickaxe":342,"minecraft:andesite":4,"minecraft:cherry_planks":855,"minecraft:iron_sword":101,"minecraft:wheat_seeds":107,"minecraft:cherry_sapling":161,"minecraft:ladder":86,"minecraft:granite":106,"minecraft:tuff":60,"minecraft:stone_sword":222,"minecraft:sweet_berries":33,"minecraft:diorite":72,"minecraft:redstone":37,"minecraft:copper_block":38,"minecraft:cobblestone":564,"minecraft:cherry_sign":4,"minecraft:stonecutter":4,"minecraft:crafting_table":15,"minecraft:light_blue_concrete_powder":48,"minecraft:white_bed":3,"minecraft:stone_pickaxe":6174,"minecraft:oak_door":13,"minecraft:sandstone_stairs":28,"minecraft:cobbled_deepslate":197,"minecraft:waxed_oxidized_copper":129,"minecraft:apple":1,"minecraft:smoker":3,"minecraft:cherry_wood":5,"minecraft:stone_hoe":27,"minecraft:stone_shovel":1459,"minecraft:rotten_flesh":7,"minecraft:water_bucket":2,"minecraft:writable_book":1,"minecraft:bone_meal":17,"minecraft:furnace":7,"minecraft:white_concrete_powder":16,"minecraft:barrel":1,"minecraft:torch":323,"minecraft:written_book":1,"minecraft:dirt":34,"minecraft:cooked_salmon":5,"minecraft:wheat":2,"minecraft:sand":168,"minecraft:lever":3,"minecraft:cobblestone_stairs":80,"minecraft:dried_kelp":15,"minecraft:chest_minecart":1,"minecraft:waxed_oxidized_copper_door":1,"minecraft:gravel":138,"minecraft:composter":1,"minecraft:cooked_cod":19,"minecraft:comparator":2,"minecraft:cherry_log":39,"minecraft:deepslate_tile_stairs":150,"minecraft:bucket":2,"minecraft:chest":30,"minecraft:deepslate_tiles":106,"minecraft:oak_planks":31,"minecraft:oak_sapling":42,"minecraft:sugar_cane":32,"minecraft:sandstone":89,"minecraft:iron_door":4},"minecraft:picked_up":{"minecraft:iron_door":5,"minecraft:sweet_berries":19,"minecraft:cherry_sign":4,"minecraft:cobblestone":1949,"minecraft:flint":30,"minecraft:white_bed":2,"minecraft:bucket":2,"minecraft:fishing_rod":1,"minecraft:sugar_cane":102,"minecraft:bone":5,"minecraft:redstone":453,"minecraft:deepslate_tiles":2,"minecraft:stone_pickaxe":4,"minecraft:cod":25,"minecraft:diamond":26,"minecraft:granite":602,"minecraft:smoker":2,"minecraft:copper_block":3,"minecraft:glow_ink_sac":18,"minecraft:ink_sac":16,"minecraft:salmon":20,"minecraft:stick":146,"minecraft:oak_trapdoor":7,"minecraft:white_concrete":32,"minecraft:painting":17,"minecraft:charcoal":8,"minecraft:cooked_salmon":1,"minecraft:bow":3,"minecraft:repeater":2,"minecraft:stone_shovel":2,"minecraft:arrow":5,"minecraft:iron_ingot":24,"minecraft:kelp":227,"minecraft:raw_iron":66,"minecraft:cobbled_deepslate":1239,"minecraft:chest_minecart":1,"minecraft:raw_gold":28,"minecraft:stone_axe":1,"minecraft:cherry_wood":5,"minecraft:dandelion":8,"minecraft:wheat":31,"minecraft:cherry_planks":317,"minecraft:gunpowder":12,"minecraft:chest":22,"minecraft:dirt":276,"minecraft:rail":8,"minecraft:stonecutter":3,"minecraft:lever":3,"minecraft:stone":18,"minecraft:gravel":195,"minecraft:torch":152,"minecraft:waxed_oxidized_copper_door":1,"minecraft:cherry_log":278,"minecraft:cobblestone_stairs":14,"minecraft:quartz_block":18,"minecraft:deepslate_tile_stairs":36,"minecraft:tuff":171,"minecraft:leaf_litter":5,"minecraft:coal":189,"minecraft:oak_log":86,"minecraft:sand":703,"minecraft:furnace":5,"minecraft:wheat_seeds":124,"minecraft:oak_door":19,"minecraft:lapis_lazuli":146,"minecraft:bone_meal":18,"minecraft:quartz":13,"minecraft:egg":28,"minecraft:hopper":1,"minecraft:diorite":428,"minecraft:poppy":21,"minecraft:stone_hoe":1,"minecraft:light_blue_concrete":48,"minecraft:cherry_sapling":278,"minecraft:oak_planks":185,"minecraft:potion":4,"minecraft:crafting_table":13,"minecraft:raw_copper":307,"minecraft:oak_sapling":90,"minecraft:dried_kelp":11,"minecraft:oak_button":4,"minecraft:andesite":207,"minecraft:rotten_flesh":38,"minecraft:apple":9,"minecraft:string":45,"minecraft:writable_book":1,"minecraft:ladder":34,"minecraft:sandstone":423,"minecraft:waxed_oxidized_copper":129,"minecraft:barrel":1,"minecraft:comparator":1},"minecraft:killed":{"minecraft:salmon":25,"minecraft:zombie":17,"minecraft:skeleton":4,"minecraft:glow_squid":1,"minecraft:creeper":6,"minecraft:zombie_villager":1,"minecraft:squid":6,"minecraft:drowned":1,"minecraft:magma_cube":2,"minecraft:cod":27},"minecraft:dropped":{"minecraft:redstone":64,"minecraft:cooked_cod":5},"minecraft:custom":{"minecraft:time_since_rest":3885,"minecraft:leave_game":12,"minecraft:damage_taken":5626,"minecraft:mob_kills":90,"minecraft:time_since_death":13122,"minecraft:interact_with_furnace":238,"minecraft:sleep_in_bed":7,"minecraft:swim_one_cm":305522,"minecraft:total_world_time":365750,"minecraft:crouch_one_cm":77365,"minecraft:deaths":8,"minecraft:climb_one_cm":31388,"minecraft:interact_with_stonecutter":10,"minecraft:interact_with_crafting_table":90,"minecraft:walk_one_cm":3765576,"minecraft:walk_under_water_one_cm":280878,"minecraft:damage_dealt":8242,"minecraft:interact_with_lectern":2,"minecraft:play_time":365750,"minecraft:jump":5256,"minecraft:drop":2,"minecraft:open_barrel":4,"minecraft:sprint_one_cm":503312,"minecraft:open_chest":680,"minecraft:interact_with_smoker":29,"minecraft:fall_one_cm":82577,"minecraft:fly_one_cm":822502,"minecraft:walk_on_water_one_cm":170107,"minecraft:sneak_time":11867},"minecraft:killed_by":{"minecraft:skeleton":1,"minecraft:creaking":1,"minecraft:drowned":1,"minecraft:zombie":1}},"DataVersion":4440}