{"stats":{"minecraft:killed":{"minecraft:zombie":2,"minecraft:creeper":15,"minecraft:sheep":5,"minecraft:pig":2,"minecraft:cow":1},"minecraft:used":{"minecraft:stone_axe":90,"minecraft:grass_block":1,"minecraft:cobbled_deepslate":120,"minecraft:shield":11,"minecraft:potato":3,"minecraft:cobbled_deepslate_slab":3,"minecraft:wheat_seeds":2,"minecraft:stone_hoe":7,"minecraft:stone_shovel":36,"minecraft:rotten_flesh":2,"minecraft:water_bucket":5,"minecraft:diamond_pickaxe":535,"minecraft:cooked_mutton":5,"minecraft:stone_bricks":4,"minecraft:furnace":2,"minecraft:cooked_porkchop":3,"minecraft:mutton":1,"minecraft:torch":13,"minecraft:written_book":2,"minecraft:obsidian":10,"minecraft:tuff":4,"minecraft:dark_oak_sign":3,"minecraft:stone_sword":37,"minecraft:black_wool":6,"minecraft:gravel":6,"minecraft:cooked_cod":26,"minecraft:cobblestone":202,"minecraft:carrot":5,"minecraft:diamond_axe":48,"minecraft:flint_and_steel":1,"minecraft:bucket":7,"minecraft:dark_oak_boat":2,"minecraft:crafting_table":5,"minecraft:nether_wart":21,"minecraft:chest":1,"minecraft:beef":1,"minecraft:porkchop":1,"minecraft:white_bed":2,"minecraft:sugar_cane":2,"minecraft:stone_pickaxe":366,"minecraft:ender_pearl":1},"minecraft:mined":{"minecraft:stone_bricks":4,"minecraft:torch":1,"minecraft:granite":11,"minecraft:dark_oak_log":48,"minecraft:coal_ore":31,"minecraft:diorite":22,"minecraft:carrots":1,"minecraft:cobblestone":10,"minecraft:sugar_cane":3,"minecraft:gravel":29,"minecraft:short_grass":5,"minecraft:dark_oak_sign":2,"minecraft:furnace":1,"minecraft:crafting_table":3,"minecraft:leaf_litter":7,"minecraft:black_wool":2,"minecraft:obsidian":22,"minecraft:copper_ore":4,"minecraft:tall_grass":11,"minecraft:cobbled_deepslate_slab":2,"minecraft:dirt":9,"minecraft:nether_wart":21,"minecraft:andesite":67,"minecraft:grass_block":5,"minecraft:spruce_leaves":2,"minecraft:cobbled_deepslate":15,"minecraft:tuff":9,"minecraft:wall_torch":1,"minecraft:deepslate":394,"minecraft:deepslate_diamond_ore":13,"minecraft:deepslate_iron_ore":9,"minecraft:potatoes":1,"minecraft:iron_ore":15,"minecraft:stone":271},"minecraft:crafted":{"minecraft:flint_and_steel":2,"minecraft:bucket":2,"minecraft:furnace":2,"minecraft:dark_oak_planks":112,"minecraft:diamond_boots":1,"minecraft:iron_ingot":12,"minecraft:stone_hoe":1,"minecraft:diamond_helmet":1,"minecraft:stone_pickaxe":2,"minecraft:cooked_mutton":5,"minecraft:dark_oak_sign":3,"minecraft:crafting_table":1,"minecraft:dark_oak_boat":1,"minecraft:diamond_leggings":1,"minecraft:torch":12,"minecraft:white_bed":1,"minecraft:stick":12,"minecraft:charcoal":20,"minecraft:shield":1,"minecraft:cooked_porkchop":3,"minecraft:cobbled_deepslate_slab":12,"minecraft:chest":1,"minecraft:shears":1,"minecraft:air":0},"minecraft:killed_by":{"minecraft:player":2,"minecraft:zombie":1},"minecraft:broken":{"minecraft:stone_pickaxe":2},"minecraft:picked_up":{"minecraft:cobbled_deepslate_slab":2,"minecraft:carrot":4,"minecraft:dirt":9,"minecraft:cobblestone":233,"minecraft:flint":3,"minecraft:white_bed":1,"minecraft:gravel":20,"minecraft:sugar_cane":2,"minecraft:leather":1,"minecraft:redstone":16,"minecraft:torch":1,"minecraft:dark_oak_sign":2,"minecraft:tuff":9,"minecraft:leaf_litter":20,"minecraft:coal":38,"minecraft:potato":3,"minecraft:grass_block":1,"minecraft:furnace":1,"minecraft:diamond":13,"minecraft:wheat_seeds":2,"minecraft:granite":7,"minecraft:dark_oak_log":48,"minecraft:music_disc_13":1,"minecraft:nether_wart":27,"minecraft:porkchop":4,"minecraft:diorite":21,"minecraft:white_wool":13,"minecraft:black_wool":35,"minecraft:crafting_table":3,"minecraft:raw_copper":16,"minecraft:rotten_flesh":2,"minecraft:raw_iron":24,"minecraft:beef":1,"minecraft:cobbled_deepslate":401,"minecraft:andesite":54,"minecraft:dark_oak_boat":1,"minecraft:ender_pearl":1,"minecraft:stone_bricks":4,"minecraft:obsidian":22,"minecraft:mutton":7,"minecraft:gunpowder":15},"minecraft:dropped":{"minecraft:andesite":25,"minecraft:stone_pickaxe":1,"minecraft:stick":2},"minecraft:custom":{"minecraft:talked_to_villager":6,"minecraft:time_since_rest":7427,"minecraft:leave_game":2,"minecraft:damage_taken":3265,"minecraft:mob_kills":26,"minecraft:boat_one_cm":1066,"minecraft:time_since_death":8075,"minecraft:open_enderchest":1,"minecraft:interact_with_furnace":60,"minecraft:sleep_in_bed":2,"minecraft:happy_ghast_one_cm":10351,"minecraft:total_world_time":58075,"minecraft:swim_one_cm":32014,"minecraft:crouch_one_cm":70240,"minecraft:deaths":9,"minecraft:climb_one_cm":12951,"minecraft:player_kills":1,"minecraft:damage_blocked_by_shield":476,"minecraft:interact_with_crafting_table":21,"minecraft:walk_one_cm":294934,"minecraft:walk_under_water_one_cm":10748,"minecraft:play_time":58075,"minecraft:damage_dealt":4977,"minecraft:jump":3543,"minecraft:drop":3,"minecraft:open_barrel":2,"minecraft:sprint_one_cm":395156,"minecraft:open_chest":57,"minecraft:fall_one_cm":100278,"minecraft:fly_one_cm":1135360,"minecraft:walk_on_water_one_cm":14834,"minecraft:sneak_time":6555}},"DataVersion":4440}