{"stats":{"minecraft:custom":{"minecraft:time_since_rest":1828,"minecraft:leave_game":5,"minecraft:mob_kills":3,"minecraft:damage_taken":1220,"minecraft:time_since_death":1819,"minecraft:interact_with_brewingstand":1,"minecraft:interact_with_furnace":2,"minecraft:total_world_time":30152,"minecraft:swim_one_cm":11670,"minecraft:crouch_one_cm":2381,"minecraft:climb_one_cm":548,"minecraft:deaths":6,"minecraft:interact_with_crafting_table":1,"minecraft:walk_one_cm":250224,"minecraft:walk_under_water_one_cm":6545,"minecraft:interact_with_lectern":1,"minecraft:play_time":30152,"minecraft:damage_dealt":472,"minecraft:jump":749,"minecraft:open_barrel":3,"minecraft:sprint_one_cm":373961,"minecraft:open_chest":45,"minecraft:fall_one_cm":26303,"minecraft:fly_one_cm":166674,"minecraft:walk_on_water_one_cm":10526,"minecraft:sneak_time":248},"minecraft:picked_up":{"minecraft:egg":2,"minecraft:tipped_arrow":1,"minecraft:porkchop":2,"minecraft:cobblestone":12,"minecraft:oak_planks":2,"minecraft:cooked_porkchop":4,"minecraft:arrow":2,"minecraft:bone":1,"minecraft:cobbled_deepslate":1,"minecraft:raw_iron":4,"minecraft:leaf_litter":11,"minecraft:coal":21,"minecraft:oak_log":30,"minecraft:furnace":1},"minecraft:killed_by":{"minecraft:bogged":1,"minecraft:drowned":1},"minecraft:crafted":{"minecraft:furnace":1,"minecraft:stick":64,"minecraft:oak_planks":100,"minecraft:crafting_table":1},"minecraft:killed":{"minecraft:zombie":1,"minecraft:bogged":1,"minecraft:pig":1},"minecraft:used":{"minecraft:stone_axe":39,"minecraft:stone_shovel":1,"minecraft:stone_sword":29,"minecraft:leaf_litter":11,"minecraft:oak_planks":7,"minecraft:furnace":1,"minecraft:egg":2,"minecraft:cooked_porkchop":4,"minecraft:stone_pickaxe":36,"minecraft:oak_log":5,"minecraft:cobblestone":1},"minecraft:mined":{"minecraft:furnace":1,"minecraft:deepslate_iron_ore":1,"minecraft:leaf_litter":5,"minecraft:oak_log":31,"minecraft:grass_block":1,"minecraft:oak_planks":7,"minecraft:iron_ore":3,"minecraft:stone":30,"minecraft:cobbled_deepslate":1}},"DataVersion":4440}