{"stats":{"minecraft:picked_up":{"minecraft:tropical_fish":10,"minecraft:sweet_berries":273,"minecraft:minecart":3,"minecraft:cobblestone":456,"minecraft:brick":3,"minecraft:flint":3,"minecraft:redstone":327,"minecraft:bone":90,"minecraft:gray_bed":4,"minecraft:flow_banner_pattern":1,"minecraft:glow_berries":6,"minecraft:clay_ball":88,"minecraft:stripped_spruce_log":47,"minecraft:melon_slice":229,"minecraft:slime_ball":89,"minecraft:diamond":67,"minecraft:granite":13,"minecraft:smoker":2,"minecraft:emerald":10,"minecraft:chainmail_chestplate":1,"minecraft:wildflowers":14,"minecraft:spruce_boat":6,"minecraft:bow":12,"minecraft:arrow":108,"minecraft:iron_ingot":4,"minecraft:spruce_slab":39,"minecraft:crossbow":2,"minecraft:raw_gold":43,"minecraft:azalea":71,"minecraft:mutton":2,"minecraft:diamond_leggings":1,"minecraft:spruce_planks":420,"minecraft:dirt":148,"minecraft:rail":60,"minecraft:diamond_helmet":1,"minecraft:torch":34,"minecraft:diamond_pickaxe":1,"minecraft:big_dripleaf":4,"minecraft:bread":3,"minecraft:spruce_log":304,"minecraft:coal":255,"minecraft:oak_log":105,"minecraft:sand":6,"minecraft:furnace":9,"minecraft:wheat_seeds":576,"minecraft:tnt":2,"minecraft:quartz":207,"minecraft:egg":3,"minecraft:waxed_copper_block":4,"minecraft:cooked_beef":1,"minecraft:feather":2,"minecraft:potion":2,"minecraft:spruce_fence":11,"minecraft:snowball":449,"minecraft:chiseled_tuff_bricks":2,"minecraft:oak_button":6,"minecraft:andesite":4,"minecraft:string":9,"minecraft:raw_iron_block":1,"minecraft:copper_ingot":1,"minecraft:ladder":8,"minecraft:diamond_axe":2,"minecraft:enchanted_book":1,"minecraft:carrot":365,"minecraft:spruce_sapling":90,"minecraft:spruce_fence_gate":1,"minecraft:flowering_azalea":27,"minecraft:breeze_rod":6,"minecraft:stripped_oak_log":1,"minecraft:flow_pottery_sherd":2,"minecraft:guster_banner_pattern":1,"minecraft:honey_bottle":3,"minecraft:brown_mushroom":17,"minecraft:moss_carpet":4,"minecraft:gold_ingot":14,"minecraft:baked_potato":16,"minecraft:bolt_armor_trim_smithing_template":1,"minecraft:glow_ink_sac":12,"minecraft:spruce_sign":11,"minecraft:music_disc_precipice":1,"minecraft:stick":74,"minecraft:bamboo":19,"minecraft:black_wool":1,"minecraft:chicken":2,"minecraft:leather_chestplate":1,"minecraft:diamond_boots":1,"minecraft:moss_block":3,"minecraft:iron_axe":2,"minecraft:raw_iron":357,"minecraft:cobbled_deepslate":138,"minecraft:diamond_chestplate":1,"minecraft:glowstone_dust":2,"minecraft:music_disc_lava_chicken":1,"minecraft:wheat":198,"minecraft:tuff_bricks":51,"minecraft:spruce_door":2,"minecraft:gunpowder":10,"minecraft:chest":14,"minecraft:spruce_trapdoor":4,"minecraft:coarse_dirt":8,"minecraft:gravel":5,"minecraft:tuff":276,"minecraft:pale_oak_planks":24,"minecraft:potato":116,"minecraft:shield":2,"minecraft:lapis_lazuli":131,"minecraft:spider_eye":1,"minecraft:spruce_stairs":11,"minecraft:bone_meal":7,"minecraft:tipped_arrow":27,"minecraft:ominous_bottle":2,"minecraft:trial_key":11,"minecraft:diorite":2,"minecraft:waxed_oxidized_cut_copper_stairs":2,"minecraft:oak_planks":2,"minecraft:golden_helmet":1,"minecraft:crafting_table":14,"minecraft:ominous_trial_key":4,"minecraft:decorated_pot":2,"minecraft:raw_copper":291,"minecraft:rotten_flesh":396,"minecraft:wind_charge":32,"minecraft:apple":1,"minecraft:waxed_oxidized_copper":4,"minecraft:barrel":2},"minecraft:killed_by":{"minecraft:skeleton":2,"minecraft:zombie_villager":2,"minecraft:endermite":1,"minecraft:creaking":5,"minecraft:zombie":2},"minecraft:killed":{"minecraft:slime":120,"minecraft:zombie":348,"minecraft:skeleton":99,"minecraft:creeper":9,"minecraft:zombie_villager":2,"minecraft:tropical_fish":2,"minecraft:chicken":1,"minecraft:sheep":1,"minecraft:drowned":4,"minecraft:witch":1,"minecraft:breeze":4,"minecraft:spider":13},"minecraft:custom":{"minecraft:time_since_rest":11296,"minecraft:talked_to_villager":50,"minecraft:leave_game":9,"minecraft:damage_taken":34130,"minecraft:mob_kills":618,"minecraft:boat_one_cm":47401,"minecraft:interact_with_beacon":1,"minecraft:time_since_death":11269,"minecraft:open_enderchest":4,"minecraft:interact_with_brewingstand":3,"minecraft:interact_with_furnace":145,"minecraft:sleep_in_bed":5,"minecraft:inspect_dispenser":3,"minecraft:swim_one_cm":116633,"minecraft:total_world_time":742124,"minecraft:crouch_one_cm":143595,"minecraft:climb_one_cm":30681,"minecraft:deaths":22,"minecraft:enchant_item":1,"minecraft:damage_dealt_resisted":169,"minecraft:interact_with_loom":1,"minecraft:minecart_one_cm":179,"minecraft:traded_with_villager":20,"minecraft:damage_blocked_by_shield":3372,"minecraft:interact_with_crafting_table":125,"minecraft:walk_one_cm":2396868,"minecraft:walk_under_water_one_cm":42609,"minecraft:interact_with_lectern":4,"minecraft:damage_dealt":92902,"minecraft:play_time":742124,"minecraft:jump":12892,"minecraft:drop":116,"minecraft:open_barrel":76,"minecraft:sprint_one_cm":2802064,"minecraft:open_chest":814,"minecraft:inspect_hopper":2,"minecraft:interact_with_smoker":25,"minecraft:fall_one_cm":342880,"minecraft:fly_one_cm":2538798,"minecraft:interact_with_anvil":4,"minecraft:walk_on_water_one_cm":107691,"minecraft:sneak_time":50960},"minecraft:mined":{"minecraft:torch":19,"minecraft:redstone_ore":9,"minecraft:spawner":1,"minecraft:spruce_log":305,"minecraft:chest":14,"minecraft:carrots":129,"minecraft:spruce_sapling":1,"minecraft:waxed_oxidized_cut_copper_stairs":1,"minecraft:gravel":22,"minecraft:short_grass":15,"minecraft:brown_mushroom":12,"minecraft:spruce_planks":421,"minecraft:crafting_table":14,"minecraft:flowering_azalea":14,"minecraft:deepslate_redstone_ore":34,"minecraft:sweet_berry_bush":8,"minecraft:stripped_oak_log":1,"minecraft:large_fern":60,"minecraft:coarse_dirt":8,"minecraft:copper_ore":82,"minecraft:waxed_oxidized_copper":5,"minecraft:tnt":2,"minecraft:cave_vines":1,"minecraft:raw_iron_block":1,"minecraft:melon":51,"minecraft:stripped_spruce_log":47,"minecraft:gold_ore":10,"minecraft:andesite":5,"minecraft:moss_block":3,"minecraft:deepslate_gold_ore":16,"minecraft:bamboo":2,"minecraft:ice":7,"minecraft:wall_torch":7,"minecraft:fern":33,"minecraft:decorated_pot":3,"minecraft:fire":5,"minecraft:deepslate_diamond_ore":29,"minecraft:deepslate_lapis_ore":2,"minecraft:deepslate_iron_ore":101,"minecraft:potatoes":28,"minecraft:small_dripleaf":1,"minecraft:azalea":12,"minecraft:iron_ore":80,"minecraft:stone":470,"minecraft:granite":13,"minecraft:spruce_fence":11,"minecraft:spruce_wall_sign":2,"minecraft:azalea_leaves":47,"minecraft:coal_ore":179,"minecraft:diorite":3,"minecraft:wheat":129,"minecraft:gray_bed":4,"minecraft:oak_planks":2,"minecraft:cobblestone":154,"minecraft:spruce_trapdoor":4,"minecraft:sugar_cane":1,"minecraft:spruce_fence_gate":1,"minecraft:smoker":2,"minecraft:furnace":9,"minecraft:clay":22,"minecraft:spruce_stairs":11,"minecraft:tall_grass":6,"minecraft:snow_block":11,"minecraft:waxed_copper_block":2,"minecraft:emerald_ore":1,"minecraft:barrel":2,"minecraft:rail":59,"minecraft:dirt":102,"minecraft:big_dripleaf":1,"minecraft:grass_block":127,"minecraft:spruce_leaves":80,"minecraft:chiseled_tuff_bricks":2,"minecraft:cobbled_deepslate":7,"minecraft:tuff":262,"minecraft:tuff_bricks":44,"minecraft:spruce_door":2,"minecraft:ladder":2,"minecraft:flowering_azalea_leaves":12,"minecraft:deepslate":135,"minecraft:sand":6,"minecraft:spruce_slab":31,"minecraft:snow":399,"minecraft:spruce_sign":3,"minecraft:oak_log":105,"minecraft:lapis_ore":8},"minecraft:broken":{"minecraft:iron_helmet":1,"minecraft:stone_shovel":3,"minecraft:iron_axe":3,"minecraft:chainmail_chestplate":1,"minecraft:iron_leggings":1,"minecraft:stone_axe":3,"minecraft:iron_pickaxe":2,"minecraft:stone_pickaxe":3,"minecraft:iron_boots":1,"minecraft:iron_sword":3},"minecraft:dropped":{"minecraft:azalea":4,"minecraft:rotten_flesh":201,"minecraft:stone_shovel":1,"minecraft:melon_seeds":8,"minecraft:andesite":2,"minecraft:lava_bucket":1,"minecraft:sweet_berries":224,"minecraft:iron_chestplate":1,"minecraft:wheat":79,"minecraft:bow":5,"minecraft:tropical_fish":6,"minecraft:gravel":3,"minecraft:cobbled_deepslate":60,"minecraft:bone":50,"minecraft:dirt":28,"minecraft:brick":3,"minecraft:black_wool":1,"minecraft:egg":177,"minecraft:raw_copper":2,"minecraft:wheat_seeds":235,"minecraft:waxed_oxidized_cut_copper_stairs":2,"minecraft:tuff_bricks":7,"minecraft:granite":12,"minecraft:feather":1,"minecraft:moss_block":2,"minecraft:waxed_copper_block":4,"minecraft:wildflowers":14,"minecraft:decorated_pot":1,"minecraft:brown_mushroom":5,"minecraft:waxed_oxidized_copper":4,"minecraft:leather_chestplate":1,"minecraft:copper_ingot":1,"minecraft:tuff":210,"minecraft:stone_hoe":1,"minecraft:string":2,"minecraft:flint":2,"minecraft:iron_sword":2,"minecraft:stick":2,"minecraft:big_dripleaf":1,"minecraft:raw_iron":3,"minecraft:slime_ball":87,"minecraft:gunpowder":5,"minecraft:spider_eye":1,"minecraft:snowball":2,"minecraft:mutton":2,"minecraft:flow_pottery_sherd":1,"minecraft:tipped_arrow":27,"minecraft:glow_ink_sac":7},"minecraft:crafted":{"minecraft:gold_ingot":43,"minecraft:iron_chestplate":4,"minecraft:glass_pane":16,"minecraft:stick":504,"minecraft:minecart":9,"minecraft:iron_helmet":2,"minecraft:iron_block":3,"minecraft:diamond_pickaxe":1,"minecraft:chest":5,"minecraft:air":0,"minecraft:bow":2,"minecraft:bucket":2,"minecraft:bone_meal":36,"minecraft:snow_block":109,"minecraft:stone_hoe":1,"minecraft:glass":6,"minecraft:iron_hoe":1,"minecraft:spruce_fence":69,"minecraft:oak_button":8,"minecraft:oak_planks":108,"minecraft:melon_seeds":7,"minecraft:campfire":6,"minecraft:iron_shovel":1,"minecraft:iron_sword":6,"minecraft:spruce_wood":18,"minecraft:stone_shovel":3,"minecraft:lantern":10,"minecraft:cooked_chicken":1,"minecraft:stone_pickaxe":3,"minecraft:iron_boots":2,"minecraft:anvil":1,"minecraft:spruce_slab":138,"minecraft:spruce_sign":30,"minecraft:barrel":1,"minecraft:composter":1,"minecraft:iron_nugget":81,"minecraft:emerald":15,"minecraft:raw_iron":225,"minecraft:furnace":2,"minecraft:spruce_trapdoor":22,"minecraft:spruce_boat":3,"minecraft:iron_ingot":355,"minecraft:bread":50,"minecraft:raw_iron_block":24,"minecraft:crafting_table":2,"minecraft:torch":172,"minecraft:enchanted_book":5,"minecraft:spruce_stairs":56,"minecraft:baked_potato":53,"minecraft:clay":21,"minecraft:shield":2,"minecraft:stone_axe":4,"minecraft:spruce_planks":652,"minecraft:iron_pickaxe":3,"minecraft:iron_axe":3,"minecraft:iron_leggings":2,"minecraft:spruce_fence_gate":1},"minecraft:used":{"minecraft:stone_axe":351,"minecraft:iron_axe":640,"minecraft:spruce_fence":53,"minecraft:diamond_helmet":1,"minecraft:shield":42,"minecraft:ominous_trial_key":1,"minecraft:iron_pickaxe":498,"minecraft:spruce_stairs":63,"minecraft:bamboo":19,"minecraft:potato":54,"minecraft:campfire":6,"minecraft:tnt":2,"minecraft:iron_sword":1282,"minecraft:wheat_seeds":286,"minecraft:milk_bucket":1,"minecraft:diamond_pickaxe":791,"minecraft:ladder":12,"minecraft:glass_pane":12,"minecraft:lantern":10,"minecraft:azalea":12,"minecraft:coarse_dirt":8,"minecraft:tuff":49,"minecraft:decorated_pot":1,"minecraft:iron_shovel":220,"minecraft:minecart":10,"minecraft:stone_sword":117,"minecraft:chiseled_tuff_bricks":2,"minecraft:sweet_berries":33,"minecraft:lava_bucket":36,"minecraft:chainmail_chestplate":1,"minecraft:ominous_bottle":1,"minecraft:gray_bed":4,"minecraft:spruce_door":1,"minecraft:diamond_leggings":1,"minecraft:oak_log":79,"minecraft:cobblestone":331,"minecraft:diamond_chestplate":1,"minecraft:spruce_slab":163,"minecraft:flowering_azalea":1,"minecraft:diamond_axe":676,"minecraft:carrot":437,"minecraft:crafting_table":14,"minecraft:spruce_sign":42,"minecraft:spruce_trapdoor":25,"minecraft:snowball":11,"minecraft:moss_block":1,"minecraft:tuff_bricks":40,"minecraft:stone_pickaxe":465,"minecraft:bow":94,"minecraft:diamond_boots":1,"minecraft:baked_potato":56,"minecraft:iron_leggings":1,"minecraft:cobbled_deepslate":24,"minecraft:spruce_boat":7,"minecraft:smoker":2,"minecraft:moss_carpet":4,"minecraft:melon_slice":187,"minecraft:spruce_log":104,"minecraft:stone_hoe":93,"minecraft:stone_shovel":398,"minecraft:iron_hoe":4,"minecraft:rotten_flesh":123,"minecraft:water_bucket":141,"minecraft:bone_meal":43,"minecraft:anvil":1,"minecraft:spruce_fence_gate":2,"minecraft:melon_seeds":7,"minecraft:furnace":11,"minecraft:barrel":3,"minecraft:torch":216,"minecraft:bread":34,"minecraft:dirt":125,"minecraft:stripped_spruce_log":28,"minecraft:oak_button":12,"minecraft:spruce_planks":464,"minecraft:tropical_fish":4,"minecraft:composter":1,"minecraft:cooked_chicken":1,"minecraft:rail":60,"minecraft:cooked_beef":1,"minecraft:snow_block":109,"minecraft:flint_and_steel":3,"minecraft:bucket":179,"minecraft:chest":19,"minecraft:iron_helmet":1,"minecraft:spruce_sapling":10,"minecraft:egg":2,"minecraft:trial_key":9,"minecraft:big_dripleaf":3}},"DataVersion":4440}