{"stats":{"minecraft:dropped":{"minecraft:armadillo_scute":1,"minecraft:stone_sword":1},"minecraft:custom":{"minecraft:interact_with_crafting_table":12,"minecraft:time_since_rest":5109,"minecraft:walk_one_cm":86945,"minecraft:leave_game":1,"minecraft:walk_under_water_one_cm":1737,"minecraft:damage_taken":649,"minecraft:mob_kills":12,"minecraft:play_time":14231,"minecraft:damage_dealt":2730,"minecraft:jump":354,"minecraft:time_since_death":5099,"minecraft:drop":2,"minecraft:interact_with_furnace":17,"minecraft:sprint_one_cm":31667,"minecraft:open_chest":4,"minecraft:fall_one_cm":20329,"minecraft:total_world_time":14231,"minecraft:swim_one_cm":7740,"minecraft:fly_one_cm":62850,"minecraft:walk_on_water_one_cm":4744,"minecraft:crouch_one_cm":12914,"minecraft:sneak_time":2095,"minecraft:deaths":3,"minecraft:climb_one_cm":57},"minecraft:picked_up":{"minecraft:dirt":3,"minecraft:cobblestone":205,"minecraft:torch":2,"minecraft:bone":2,"minecraft:acacia_sapling":2,"minecraft:coal":20,"minecraft:glow_berries":6,"minecraft:clay_ball":56,"minecraft:armadillo_scute":1,"minecraft:furnace":1,"minecraft:granite":8,"minecraft:diorite":32,"minecraft:moss_block":3,"minecraft:crafting_table":2,"minecraft:arrow":4,"minecraft:iron_ingot":1,"minecraft:rotten_flesh":4,"minecraft:raw_iron":17,"minecraft:cobbled_deepslate":17,"minecraft:andesite":13,"minecraft:string":1,"minecraft:raw_gold":3,"minecraft:acacia_log":11,"minecraft:gunpowder":6,"minecraft:acacia_planks":5},"minecraft:killed_by":{"minecraft:zombie":1},"minecraft:crafted":{"minecraft:bucket":1,"minecraft:furnace":2,"minecraft:iron_ingot":14,"minecraft:diamond_helmet":1,"minecraft:iron_boots":1,"minecraft:iron_chestplate":1,"minecraft:crafting_table":2,"minecraft:torch":40,"minecraft:stick":20,"minecraft:diamond_pickaxe":1,"minecraft:diamond_sword":1,"minecraft:air":0,"minecraft:acacia_planks":44},"minecraft:killed":{"minecraft:zombie":3,"minecraft:skeleton":2,"minecraft:creeper":5,"minecraft:zombie_villager":1,"minecraft:spider":1},"minecraft:used":{"minecraft:stone_axe":13,"minecraft:stone_sword":13,"minecraft:diamond_sword":23,"minecraft:cobblestone":10,"minecraft:stone_shovel":18,"minecraft:glow_berries":9,"minecraft:rotten_flesh":4,"minecraft:diamond_pickaxe":280,"minecraft:bucket":1,"minecraft:crafting_table":3,"minecraft:furnace":2,"minecraft:acacia_sapling":2,"minecraft:torch":25,"minecraft:stone_pickaxe":132,"minecraft:dirt":1},"minecraft:broken":{"minecraft:stone_pickaxe":1},"minecraft:mined":{"minecraft:torch":1,"minecraft:granite":12,"minecraft:andesite":17,"minecraft:coal_ore":20,"minecraft:diorite":42,"minecraft:grass_block":4,"minecraft:cave_vines_plant":2,"minecraft:moss_block":3,"minecraft:deepslate_gold_ore":3,"minecraft:deepslate":17,"minecraft:furnace":1,"minecraft:deepslate_iron_ore":6,"minecraft:crafting_table":2,"minecraft:clay":14,"minecraft:iron_ore":11,"minecraft:acacia_log":11,"minecraft:stone":279,"minecraft:cave_vines":1}},"DataVersion":4440}