{"stats":{"minecraft:mined":{"minecraft:torch":5,"minecraft:cherry_log":11,"minecraft:spruce_log":49,"minecraft:oak_sign":1,"minecraft:spruce_sapling":3,"minecraft:diorite_wall":4,"minecraft:short_grass":15,"minecraft:spruce_planks":11,"minecraft:crafting_table":1,"minecraft:sweet_berry_bush":13,"minecraft:black_wool":1,"minecraft:copper_ore":36,"minecraft:cave_vines":2,"minecraft:polished_diorite_slab":1,"minecraft:andesite":22,"minecraft:cave_vines_plant":7,"minecraft:campfire":1,"minecraft:ice":205,"minecraft:wall_torch":2,"minecraft:deepslate_iron_ore":5,"minecraft:iron_ore":137,"minecraft:stone":970,"minecraft:beetroots":5,"minecraft:stone_bricks":9,"minecraft:granite":18,"minecraft:coal_ore":128,"minecraft:wheat":32,"minecraft:diorite":85,"minecraft:oak_planks":8,"minecraft:cobblestone":4,"minecraft:cherry_leaves":5,"minecraft:cherry_sapling":3,"minecraft:furnace":1,"minecraft:deepslate_copper_ore":3,"minecraft:snow_block":16,"minecraft:rail":9,"minecraft:dirt":142,"minecraft:cobblestone_wall":39,"minecraft:copper_trapdoor":16,"minecraft:grass_block":146,"minecraft:cobweb":48,"minecraft:spruce_leaves":15,"minecraft:cobbled_deepslate":1,"minecraft:spruce_door":3,"minecraft:basalt":1,"minecraft:deepslate":42,"minecraft:sand":10,"minecraft:spruce_slab":5,"minecraft:snow":99,"minecraft:cobblestone_slab":15,"minecraft:cherry_slab":4,"minecraft:lapis_ore":13},"minecraft:dropped":{"minecraft:salmon":5,"minecraft:charcoal":2,"minecraft:stone_pickaxe":1},"minecraft:crafted":{"minecraft:stone_sword":1,"minecraft:cooked_salmon":2,"minecraft:stone_pickaxe":2,"minecraft:spruce_door":3,"minecraft:iron_chestplate":1,"minecraft:iron_boots":1,"minecraft:glass_pane":16,"minecraft:copper_trapdoor":8,"minecraft:stick":28,"minecraft:spruce_slab":30,"minecraft:spruce_sign":3,"minecraft:cherry_slab":6,"minecraft:cherry_planks":12,"minecraft:composter":1,"minecraft:chest":2,"minecraft:cobblestone_wall":61,"minecraft:air":0,"minecraft:bucket":1,"minecraft:bone_meal":9,"minecraft:furnace":1,"minecraft:diorite_wall":12,"minecraft:black_bed":1,"minecraft:iron_ingot":83,"minecraft:cooked_rabbit":1,"minecraft:stone_hoe":1,"minecraft:copper_ingot":192,"minecraft:cherry_fence_gate":1,"minecraft:lead":2,"minecraft:bread":2,"minecraft:glass":6,"minecraft:copper_door":3,"minecraft:crafting_table":2,"minecraft:spruce_pressure_plate":2,"minecraft:torch":52,"minecraft:shield":1,"minecraft:stone_axe":1,"minecraft:spruce_planks":176,"minecraft:iron_pickaxe":7,"minecraft:campfire":1,"minecraft:shears":1,"minecraft:iron_shovel":1,"minecraft:copper_block":3,"minecraft:fishing_rod":1,"minecraft:spruce_fence_gate":2,"minecraft:iron_leggings":1},"minecraft:custom":{"minecraft:time_since_rest":1481,"minecraft:leave_game":6,"minecraft:damage_taken":1839,"minecraft:mob_kills":38,"minecraft:time_since_death":15721,"minecraft:interact_with_furnace":45,"minecraft:sleep_in_bed":3,"minecraft:swim_one_cm":18021,"minecraft:total_world_time":157703,"minecraft:crouch_one_cm":20410,"minecraft:deaths":4,"minecraft:climb_one_cm":1784,"minecraft:interact_with_stonecutter":8,"minecraft:fish_caught":30,"minecraft:interact_with_campfire":21,"minecraft:damage_blocked_by_shield":1218,"minecraft:interact_with_crafting_table":65,"minecraft:walk_one_cm":1203313,"minecraft:walk_under_water_one_cm":32498,"minecraft:damage_dealt":6440,"minecraft:interact_with_lectern":2,"minecraft:play_time":157703,"minecraft:jump":4717,"minecraft:drop":7,"minecraft:sprint_one_cm":631946,"minecraft:open_chest":192,"minecraft:interact_with_smoker":1,"minecraft:fall_one_cm":119527,"minecraft:fly_one_cm":1026894,"minecraft:walk_on_water_one_cm":24860,"minecraft:sneak_time":3272,"minecraft:interact_with_blast_furnace":10},"minecraft:used":{"minecraft:stone_axe":121,"minecraft:cherry_leaves":4,"minecraft:cherry_fence_gate":1,"minecraft:shield":20,"minecraft:spruce_pressure_plate":2,"minecraft:iron_pickaxe":1245,"minecraft:andesite":3,"minecraft:campfire":1,"minecraft:wheat_seeds":86,"minecraft:cherry_sapling":21,"minecraft:glow_berries":9,"minecraft:oak_sign":1,"minecraft:glass_pane":2,"minecraft:granite":1,"minecraft:iron_shovel":250,"minecraft:stone_sword":174,"minecraft:sweet_berries":104,"minecraft:cobblestone_wall":110,"minecraft:black_wool":1,"minecraft:spruce_door":3,"minecraft:cobblestone":25,"minecraft:spruce_slab":28,"minecraft:diorite_wall":38,"minecraft:crafting_table":2,"minecraft:cherry_slab":7,"minecraft:spruce_sign":3,"minecraft:snowball":20,"minecraft:beetroot_seeds":19,"minecraft:copper_trapdoor":24,"minecraft:stone_pickaxe":393,"minecraft:cobbled_deepslate":4,"minecraft:polished_diorite_slab":14,"minecraft:copper_door":3,"minecraft:stone_hoe":48,"minecraft:stone_shovel":131,"minecraft:rotten_flesh":11,"minecraft:water_bucket":10,"minecraft:bone_meal":12,"minecraft:spruce_fence_gate":2,"minecraft:furnace":2,"minecraft:bread":5,"minecraft:torch":60,"minecraft:dirt":218,"minecraft:black_bed":1,"minecraft:fishing_rod":40,"minecraft:cooked_salmon":10,"minecraft:sand":2,"minecraft:salmon_bucket":2,"minecraft:spruce_planks":81,"minecraft:cobblestone_slab":28,"minecraft:cooked_rabbit":1,"minecraft:composter":1,"minecraft:basalt":1,"minecraft:cooked_cod":17,"minecraft:shears":25,"minecraft:bucket":12,"minecraft:chest":2,"minecraft:spruce_sapling":35,"minecraft:egg":1},"minecraft:killed":{"minecraft:salmon":3,"minecraft:zombie":24,"minecraft:stray":3,"minecraft:cave_spider":4,"minecraft:creeper":2,"minecraft:spider":1},"minecraft:picked_up":{"minecraft:cobblestone_wall":40,"minecraft:sweet_berries":103,"minecraft:spruce_sapling":35,"minecraft:rabbit":1,"minecraft:tripwire_hook":1,"minecraft:cobblestone":875,"minecraft:diorite_wall":4,"minecraft:bone":5,"minecraft:lead":1,"minecraft:stone_pickaxe":1,"minecraft:glow_berries":2,"minecraft:cod":16,"minecraft:granite":13,"minecraft:polished_diorite_slab":2,"minecraft:salmon":16,"minecraft:stick":33,"minecraft:black_wool":9,"minecraft:charcoal":4,"minecraft:cooked_salmon":8,"minecraft:arrow":4,"minecraft:raw_iron":142,"minecraft:spruce_slab":5,"minecraft:cobbled_deepslate":42,"minecraft:wheat":29,"minecraft:spruce_door":3,"minecraft:cherry_slab":4,"minecraft:gunpowder":1,"minecraft:beetroot":5,"minecraft:spruce_planks":11,"minecraft:dirt":262,"minecraft:basalt":1,"minecraft:copper_trapdoor":16,"minecraft:rail":9,"minecraft:rabbit_hide":1,"minecraft:torch":7,"minecraft:cherry_log":11,"minecraft:spruce_log":47,"minecraft:leaf_litter":1,"minecraft:coal":156,"minecraft:cooked_cod":17,"minecraft:sand":8,"minecraft:furnace":1,"minecraft:wheat_seeds":86,"minecraft:cherry_leaves":4,"minecraft:lapis_lazuli":85,"minecraft:spider_eye":1,"minecraft:bone_meal":4,"minecraft:tipped_arrow":1,"minecraft:egg":1,"minecraft:diorite":68,"minecraft:cobweb":15,"minecraft:pufferfish":6,"minecraft:cherry_sapling":24,"minecraft:oak_planks":8,"minecraft:potion":1,"minecraft:crafting_table":1,"minecraft:snowball":167,"minecraft:raw_copper":153,"minecraft:andesite":16,"minecraft:rotten_flesh":24,"minecraft:beetroot_seeds":13,"minecraft:oak_sign":1,"minecraft:cobblestone_slab":23,"minecraft:string":39,"minecraft:stone_bricks":9},"minecraft:killed_by":{"minecraft:skeleton":1,"minecraft:spider":1},"minecraft:broken":{"minecraft:stone_shovel":1,"minecraft:iron_shovel":1,"minecraft:stone_axe":1,"minecraft:iron_pickaxe":4,"minecraft:stone_sword":1,"minecraft:stone_pickaxe":3}},"DataVersion":4440}