{"stats":{"minecraft:killed_by":{"minecraft:blaze":1,"minecraft:skeleton":3,"minecraft:player":6,"minecraft:silverfish":2,"minecraft:endermite":2,"minecraft:enderman":2,"minecraft:hoglin":1,"minecraft:drowned":2,"minecraft:warden":2,"minecraft:zombie":2},"minecraft:custom":{"minecraft:eat_cake_slice":23,"minecraft:time_since_rest":186084,"minecraft:leave_game":91,"minecraft:boat_one_cm":2443521,"minecraft:damage_absorbed":281,"minecraft:time_since_death":186071,"minecraft:interact_with_furnace":949,"minecraft:happy_ghast_one_cm":3228242,"minecraft:clean_banner":4,"minecraft:total_world_time":5991397,"minecraft:crouch_one_cm":1858419,"minecraft:climb_one_cm":609493,"minecraft:deaths":116,"minecraft:interact_with_stonecutter":110,"minecraft:animals_bred":264,"minecraft:damage_dealt_resisted":692,"minecraft:minecart_one_cm":42852,"minecraft:traded_with_villager":755,"minecraft:damage_blocked_by_shield":11948,"minecraft:interact_with_crafting_table":800,"minecraft:inspect_dropper":4,"minecraft:walk_one_cm":42226458,"minecraft:walk_under_water_one_cm":3353713,"minecraft:horse_one_cm":842780,"minecraft:damage_dealt":462898,"minecraft:play_time":5991397,"minecraft:jump":72612,"minecraft:play_record":7,"minecraft:sprint_one_cm":18062232,"minecraft:fill_cauldron":13,"minecraft:inspect_hopper":2,"minecraft:fly_one_cm":13494924,"minecraft:walk_on_water_one_cm":1012136,"minecraft:interact_with_blast_furnace":134,"minecraft:interact_with_grindstone":17,"minecraft:talked_to_villager":320,"minecraft:mob_kills":3424,"minecraft:damage_taken":78331,"minecraft:open_shulker_box":3,"minecraft:interact_with_beacon":14,"minecraft:open_enderchest":239,"minecraft:interact_with_brewingstand":5,"minecraft:interact_with_smithing_table":5,"minecraft:sleep_in_bed":6,"minecraft:inspect_dispenser":24,"minecraft:swim_one_cm":1994527,"minecraft:pot_flower":11,"minecraft:player_kills":14,"minecraft:enchant_item":53,"minecraft:interact_with_loom":17,"minecraft:interact_with_campfire":4,"minecraft:play_noteblock":1,"minecraft:interact_with_lectern":37,"minecraft:drop":820,"minecraft:use_cauldron":126,"minecraft:open_barrel":1201,"minecraft:open_chest":4804,"minecraft:interact_with_smoker":53,"minecraft:fall_one_cm":1833718,"minecraft:tune_noteblock":2,"minecraft:interact_with_anvil":29,"minecraft:sneak_time":285384},"minecraft:broken":{"minecraft:stone_shovel":2,"minecraft:diamond_shovel":1,"minecraft:iron_axe":4,"minecraft:wooden_hoe":1,"minecraft:golden_helmet":1,"minecraft:stone_axe":1,"minecraft:iron_pickaxe":4,"minecraft:stone_sword":2,"minecraft:stone_pickaxe":7,"minecraft:shears":2},"minecraft:crafted":{"minecraft:quartz_slab":332,"minecraft:yellow_bundle":1,"minecraft:netherite_sword":1,"minecraft:cherry_sign":36,"minecraft:oak_fence":75,"minecraft:painting":3,"minecraft:birch_door":3,"minecraft:diamond_pickaxe":5,"minecraft:bookshelf":9,"minecraft:bow":1,"minecraft:repeater":2,"minecraft:quartz_bricks":22,"minecraft:bucket":30,"minecraft:ladder":156,"minecraft:oak_stairs":20,"minecraft:dark_oak_planks":466,"minecraft:mushroom_stew":3,"minecraft:stone_hoe":1,"minecraft:stone_pressure_plate":2,"minecraft:oak_sign":12,"minecraft:mangrove_planks":36,"minecraft:spruce_fence":3,"minecraft:suspicious_stew":42,"minecraft:wooden_hoe":1,"minecraft:oak_trapdoor":4,"minecraft:cobbled_deepslate_slab":162,"minecraft:cherry_door":3,"minecraft:redstone_block":27,"minecraft:netherite_upgrade_smithing_template":12,"minecraft:chiseled_tuff_bricks":12,"minecraft:iron_boots":1,"minecraft:purpur_pillar":3,"minecraft:white_wool":3,"minecraft:stonecutter":4,"minecraft:oak_slab":30,"minecraft:cherry_planks":684,"minecraft:brick":60,"minecraft:black_harness":1,"minecraft:purpur_stairs":3,"minecraft:armor_stand":3,"minecraft:furnace":59,"minecraft:dark_oak_slab":6,"minecraft:diamond_helmet":2,"minecraft:raw_iron_block":74,"minecraft:diamond_leggings":2,"minecraft:enchanted_book":14,"minecraft:purpur_block":656,"minecraft:observer":16,"minecraft:birch_sign":15,"minecraft:iron_axe":3,"minecraft:piston":24,"minecraft:diamond_boots":2,"minecraft:cooked_salmon":16,"minecraft:golden_helmet":1,"minecraft:writable_book":27,"minecraft:raw_gold_block":26,"minecraft:birch_fence":93,"minecraft:cherry_boat":2,"minecraft:light_gray_bundle":2,"minecraft:red_bundle":1,"minecraft:dark_oak_stairs":20,"minecraft:soul_lantern":28,"minecraft:stick":3148,"minecraft:smooth_stone_slab":132,"minecraft:ender_chest":2,"minecraft:black_dye":86,"minecraft:cooked_porkchop":160,"minecraft:iron_helmet":1,"minecraft:light_gray_dye":2,"minecraft:bone_meal":1203,"minecraft:chiseled_deepslate":7,"minecraft:spyglass":2,"minecraft:snow_block":1,"minecraft:glass_bottle":57,"minecraft:stone_button":3,"minecraft:cherry_hanging_sign":6,"minecraft:flower_pot":17,"minecraft:blast_furnace":5,"minecraft:slime_block":4,"minecraft:purpur_slab":2,"minecraft:iron_sword":1,"minecraft:magenta_bundle":1,"minecraft:smoker":1,"minecraft:stone_shovel":2,"minecraft:polished_deepslate_stairs":25,"minecraft:cooked_chicken":20,"minecraft:stone_pickaxe":8,"minecraft:amethyst_block":1,"minecraft:diamond_chestplate":3,"minecraft:iron_nugget":649,"minecraft:netherite_scrap":16,"minecraft:cherry_trapdoor":94,"minecraft:spruce_boat":6,"minecraft:golden_boots":1,"minecraft:white_carpet":18,"minecraft:crafting_table":38,"minecraft:netherite_chestplate":1,"minecraft:spruce_pressure_plate":1,"minecraft:birch_slab":96,"minecraft:quartz_stairs":9,"minecraft:crossbow":2,"minecraft:raw_gold":234,"minecraft:spruce_planks":1158,"minecraft:gray_concrete_powder":224,"minecraft:iron_leggings":1,"minecraft:stone_sword":2,"minecraft:iron_trapdoor":4,"minecraft:gold_ingot":1699,"minecraft:book":74,"minecraft:iron_chestplate":2,"minecraft:glass_pane":32,"minecraft:polished_blackstone_bricks":112,"minecraft:birch_trapdoor":8,"minecraft:polished_diorite_stairs":7,"minecraft:lever":7,"minecraft:iron_block":213,"minecraft:chest":128,"minecraft:stone_slab":54,"minecraft:cherry_fence":72,"minecraft:jungle_planks":156,"minecraft:item_frame":7,"minecraft:nether_brick_slab":6,"minecraft:cauldron":16,"minecraft:jukebox":1,"minecraft:dispenser":1,"minecraft:diamond_shovel":4,"minecraft:sticky_piston":8,"minecraft:glass":2232,"minecraft:jungle_door":6,"minecraft:brush":1,"minecraft:brewing_stand":1,"minecraft:soul_torch":116,"minecraft:campfire":8,"minecraft:smooth_quartz":1024,"minecraft:netherite_helmet":1,"minecraft:yellow_dye":8,"minecraft:polished_diorite":1384,"minecraft:green_dye":1,"minecraft:coal_block":94,"minecraft:spruce_door":6,"minecraft:dark_oak_fence_gate":1,"minecraft:dark_oak_boat":2,"minecraft:smooth_stone":390,"minecraft:charcoal":19,"minecraft:cooked_beef":288,"minecraft:diamond":225,"minecraft:blue_dye":3,"minecraft:spruce_sign":15,"minecraft:barrel":14,"minecraft:netherite_axe":1,"minecraft:iron_bars":512,"minecraft:apple":56,"minecraft:raw_iron":765,"minecraft:paper":617,"minecraft:grindstone":1,"minecraft:netherite_leggings":1,"minecraft:iron_ingot":3162,"minecraft:jungle_sign":6,"minecraft:diamond_hoe":2,"minecraft:lead":8,"minecraft:redstone_lamp":7,"minecraft:tripwire_hook":2,"minecraft:stone":482,"minecraft:moss_carpet":3,"minecraft:blaze_powder":4,"minecraft:beehive":5,"minecraft:tuff_brick_stairs":6,"minecraft:shield":7,"minecraft:polished_tuff_stairs":3,"minecraft:stone_axe":3,"minecraft:black_concrete_powder":208,"minecraft:diamond_block":71,"minecraft:black_wool":45,"minecraft:golden_apple":64,"minecraft:smithing_table":1,"minecraft:ender_eye":2,"minecraft:popped_chorus_fruit":16,"minecraft:gray_dye":28,"minecraft:nether_brick_stairs":13,"minecraft:deepslate_bricks":18,"minecraft:cherry_slab":90,"minecraft:diamond_axe":2,"minecraft:jungle_slab":72,"minecraft:cobblestone_wall":36,"minecraft:air":0,"minecraft:jungle_trapdoor":4,"minecraft:redstone":9,"minecraft:quartz_pillar":50,"minecraft:oak_boat":1,"minecraft:lapis_block":20,"minecraft:blue_bundle":1,"minecraft:red_dye":7,"minecraft:quartz_block":2593,"minecraft:redstone_torch":11,"minecraft:chiseled_tuff":12,"minecraft:bundle":8,"minecraft:oak_planks":1410,"minecraft:cherry_pressure_plate":1,"minecraft:coal":630,"minecraft:white_concrete_powder":400,"minecraft:shears":9,"minecraft:iron_shovel":1,"minecraft:polished_deepslate":90,"minecraft:white_banner":8,"minecraft:magenta_bed":1,"minecraft:field_masoned_banner_pattern":2,"minecraft:white_dye":68,"minecraft:lantern":7,"minecraft:birch_planks":824,"minecraft:hopper":39,"minecraft:note_block":1,"minecraft:cherry_stairs":32,"minecraft:jungle_stairs":24,"minecraft:anvil":2,"minecraft:netherite_ingot":6,"minecraft:spruce_slab":90,"minecraft:oak_door":9,"minecraft:dark_oak_trapdoor":4,"minecraft:light_blue_dye":2,"minecraft:tuff_bricks":12,"minecraft:glowstone":35,"minecraft:composter":1,"minecraft:chain":12,"minecraft:netherite_boots":1,"minecraft:diamond_sword":3,"minecraft:dark_oak_door":3,"minecraft:yellow_wool":7,"minecraft:emerald":375,"minecraft:birch_fence_gate":2,"minecraft:birch_boat":7,"minecraft:pale_oak_planks":8,"minecraft:gold_block":108,"minecraft:spruce_trapdoor":22,"minecraft:polished_diorite_slab":2,"minecraft:copper_ingot":9,"minecraft:light_blue_stained_glass":16,"minecraft:bread":138,"minecraft:dark_oak_sign":12,"minecraft:bricks":2,"minecraft:white_bed":2,"minecraft:torch":204,"minecraft:end_rod":528,"minecraft:bowl":4,"minecraft:magenta_dye":5,"minecraft:polished_deepslate_slab":30,"minecraft:dropper":1,"minecraft:lectern":1,"minecraft:iron_pickaxe":5},"minecraft:killed":{"minecraft:zombified_piglin":3,"minecraft:pig":1,"minecraft:piglin":32,"minecraft:bat":7,"minecraft:salmon":28,"minecraft:zombie":806,"minecraft:glow_squid":3,"minecraft:chicken":37,"minecraft:zombie_villager":11,"minecraft:cow":176,"minecraft:squid":315,"minecraft:drowned":37,"minecraft:slime":155,"minecraft:skeleton":407,"minecraft:witch":21,"minecraft:spider":211,"minecraft:wither":1,"minecraft:husk":56,"minecraft:wither_skeleton":51,"minecraft:warden":2,"minecraft:creeper":458,"minecraft:enderman":14,"minecraft:hoglin":8,"minecraft:sheep":1,"minecraft:magma_cube":27,"minecraft:ghast":7,"minecraft:blaze":256},"minecraft:picked_up":{"minecraft:sweet_berries":1565,"minecraft:pale_oak_log":4,"minecraft:smooth_stone_slab":28,"minecraft:shears":1,"minecraft:cobblestone":5112,"minecraft:cherry_door":2,"minecraft:acacia_sapling":1,"minecraft:rose_bush":6,"minecraft:cooked_mutton":2,"minecraft:waxed_copper_grate":2,"minecraft:clay_ball":864,"minecraft:sculk_catalyst":25,"minecraft:iron_bars":127,"minecraft:white_banner":13,"minecraft:hanging_roots":2,"minecraft:blaze_rod":199,"minecraft:emerald":141,"minecraft:pale_oak_sapling":3,"minecraft:chainmail_chestplate":1,"minecraft:sugar":5,"minecraft:ink_sac":966,"minecraft:crimson_fungus":2,"minecraft:shroomlight":3,"minecraft:birch_boat":89,"minecraft:arrow":374,"minecraft:cactus":2,"minecraft:azalea":23,"minecraft:dandelion":83,"minecraft:chiseled_quartz_block":71,"minecraft:lava_bucket":2,"minecraft:mutton":6,"minecraft:cut_sandstone":2,"minecraft:polished_blackstone_bricks":27,"minecraft:rabbit_hide":1,"minecraft:stonecutter":4,"minecraft:crimson_nylium":32,"minecraft:angler_pottery_sherd":3,"minecraft:big_dripleaf":6,"minecraft:oak_stairs":4,"minecraft:oak_log":504,"minecraft:sand":1631,"minecraft:furnace":16,"minecraft:wheat_seeds":3111,"minecraft:sniffer_egg":9,"minecraft:leather_leggings":1,"minecraft:egg":460,"minecraft:red_mushroom":91,"minecraft:snowball":230,"minecraft:beetroot_seeds":3,"minecraft:ender_pearl":27,"minecraft:string":437,"minecraft:stone_bricks":16,"minecraft:obsidian":300,"minecraft:white_carpet":5,"minecraft:iron_helmet":1,"minecraft:warped_fungus":3,"minecraft:ender_chest":1,"minecraft:spruce_sapling":15,"minecraft:flowering_azalea":13,"minecraft:birch_sign":5,"minecraft:cherry_fence":14,"minecraft:brown_mushroom":126,"minecraft:stripped_cherry_log":33,"minecraft:gray_concrete_powder":4,"minecraft:music_disc_blocks":2,"minecraft:shelter_pottery_sherd":5,"minecraft:glass_pane":2,"minecraft:peony":9,"minecraft:scaffolding":160,"minecraft:spruce_sign":21,"minecraft:stick":542,"minecraft:bamboo":1,"minecraft:smooth_quartz_slab":34,"minecraft:moss_block":44,"minecraft:iron_axe":4,"minecraft:item_frame":1,"minecraft:raw_iron":1612,"minecraft:birch_fence":11,"minecraft:honeycomb":93,"minecraft:black_concrete_powder":6,"minecraft:white_dye":9,"minecraft:leather_helmet":2,"minecraft:cherry_planks":138,"minecraft:chorus_plant":5,"minecraft:end_rod":35,"minecraft:sculk":3574,"minecraft:cobbled_deepslate_slab":61,"minecraft:netherrack":8175,"minecraft:purpur_slab":11,"minecraft:wither_rose":48,"minecraft:stone":488,"minecraft:gravel":499,"minecraft:cherry_hanging_sign":6,"minecraft:jungle_planks":9,"minecraft:deepslate_tile_stairs":50,"minecraft:snort_pottery_sherd":1,"minecraft:redstone_block":20,"minecraft:dark_oak_stairs":2,"minecraft:shield":2,"minecraft:black_banner":5,"minecraft:cherry_sapling":145,"minecraft:dispenser":12,"minecraft:written_book":19,"minecraft:rotten_flesh":2510,"minecraft:ancient_debris":16,"minecraft:apple":27,"minecraft:jukebox":2,"minecraft:dead_horn_coral_block":1,"minecraft:purpur_stairs":46,"minecraft:brewing_stand":1,"minecraft:polished_andesite":2,"minecraft:composter":5,"minecraft:glass":86,"minecraft:suspicious_stew":1,"minecraft:warped_roots":8,"minecraft:redstone":688,"minecraft:deepslate_tiles":3,"minecraft:birch_slab":13,"minecraft:glow_berries":100,"minecraft:diamond":937,"minecraft:slime_ball":143,"minecraft:granite":84,"minecraft:dark_oak_sapling":22,"minecraft:lily_pad":2,"minecraft:crimson_roots":10,"minecraft:bush":1,"minecraft:dark_oak_fence_gate":1,"minecraft:packed_ice":57,"minecraft:jungle_sign":1,"minecraft:charcoal":31,"minecraft:gold_block":2,"minecraft:observer":7,"minecraft:polished_blackstone_brick_stairs":14,"minecraft:raw_gold":528,"minecraft:stone_sword":7,"minecraft:deepslate_bricks":256,"minecraft:polished_blackstone":9,"minecraft:torchflower":8,"minecraft:spruce_planks":75,"minecraft:crying_obsidian":1,"minecraft:pale_oak_sign":1,"minecraft:polished_blackstone_slab":3,"minecraft:dirt":1417,"minecraft:basalt":36,"minecraft:bone_block":114,"minecraft:torch":275,"minecraft:pitcher_pod":23,"minecraft:cherry_log":367,"minecraft:bread":145,"minecraft:cactus_flower":1,"minecraft:birch_leaves":22,"minecraft:coal":1564,"minecraft:sculk_sensor":126,"minecraft:seagrass":7,"minecraft:weeping_vines":3,"minecraft:anvil":20,"minecraft:wooden_hoe":3,"minecraft:jungle_stairs":9,"minecraft:poppy":20,"minecraft:mangrove_propagule":6,"minecraft:soul_lantern":43,"minecraft:potion":35,"minecraft:spruce_fence":2,"minecraft:jungle_fence":1,"minecraft:lily_of_the_valley":1,"minecraft:deepslate_tile_slab":13,"minecraft:mangrove_planks":1,"minecraft:jungle_trapdoor":4,"minecraft:mycelium":1,"minecraft:nether_brick_slab":1,"minecraft:ladder":14,"minecraft:green_dye":5,"minecraft:mangrove_roots":15,"minecraft:polished_deepslate_slab":13,"minecraft:breeze_rod":3,"minecraft:gold_nugget":5483,"minecraft:gilded_blackstone":26,"minecraft:chorus_fruit":1393,"minecraft:baked_potato":22,"minecraft:oak_leaves":263,"minecraft:oak_trapdoor":1,"minecraft:cooked_salmon":1,"minecraft:golden_chestplate":3,"minecraft:honey_block":3,"minecraft:pointed_dripstone":50,"minecraft:glowstone_dust":271,"minecraft:pumpkin_seeds":2,"minecraft:wheat":1096,"minecraft:cherry_slab":2,"minecraft:gunpowder":1131,"minecraft:blackstone":8,"minecraft:pale_moss_carpet":2,"minecraft:lever":5,"minecraft:white_concrete_powder":13,"minecraft:smooth_stone":27,"minecraft:short_grass":7,"minecraft:leaf_litter":406,"minecraft:pale_oak_boat":88,"minecraft:grass_block":522,"minecraft:torchflower_seeds":18,"minecraft:piston":8,"minecraft:coal_block":117,"minecraft:sculk_shrieker":12,"minecraft:bone_meal":29,"minecraft:chorus_flower":273,"minecraft:oak_sapling":224,"minecraft:wither_skeleton_skull":3,"minecraft:cake":1,"minecraft:wind_charge":10,"minecraft:yellow_wool":26,"minecraft:end_portal_frame":2,"minecraft:dried_ghast":1,"minecraft:cocoa_beans":5,"minecraft:cobblestone_wall":21,"minecraft:cherry_sign":24,"minecraft:minecart":4,"minecraft:bee_nest":1,"minecraft:sugar_cane":654,"minecraft:bone":839,"minecraft:quartz_slab":136,"minecraft:pitcher_plant":24,"minecraft:deepslate_diamond_ore":1,"minecraft:polished_diorite_slab":51,"minecraft:book":3,"minecraft:purpur_pillar":36,"minecraft:armor_stand":4,"minecraft:wildflowers":116,"minecraft:bow":14,"minecraft:red_tulip":5,"minecraft:iron_ingot":6,"minecraft:lilac":57,"minecraft:spruce_slab":31,"minecraft:cherry_stairs":9,"minecraft:crossbow":1,"minecraft:spore_blossom":5,"minecraft:nautilus_shell":2,"minecraft:music_disc_11":1,"minecraft:birch_fence_gate":1,"minecraft:cobblestone_stairs":43,"minecraft:oxeye_daisy":20,"minecraft:mangrove_boat":1,"minecraft:quartz":9047,"minecraft:waxed_copper_trapdoor":1,"minecraft:closed_eyeblossom":4,"minecraft:chiseled_tuff_bricks":6,"minecraft:oak_sign":10,"minecraft:red_dye":9,"minecraft:golden_sword":2,"minecraft:honeycomb_block":19,"minecraft:writable_book":17,"minecraft:polished_basalt":21,"minecraft:polished_diorite":39,"minecraft:nether_wart_block":10,"minecraft:chain":3,"minecraft:cornflower":11,"minecraft:quartz_bricks":28,"minecraft:birch_door":6,"minecraft:enchanted_book":2,"minecraft:iron_block":94,"minecraft:glowstone":38,"minecraft:mangrove_log":14,"minecraft:bamboo_mosaic":2,"minecraft:bucket":1,"minecraft:chiseled_stone_bricks":8,"minecraft:leather":195,"minecraft:pink_tulip":5,"minecraft:lead":34,"minecraft:orange_tulip":2,"minecraft:armadillo_scute":1,"minecraft:moss_carpet":51,"minecraft:sculk_vein":350,"minecraft:ghast_tear":5,"minecraft:music_disc_tears":5,"minecraft:sea_pickle":23,"minecraft:porkchop":8,"minecraft:dropper":1,"minecraft:white_concrete":320,"minecraft:redstone_torch":3,"minecraft:polished_tuff":14,"minecraft:player_head":9,"minecraft:cooked_porkchop":15,"minecraft:cauldron":18,"minecraft:cookie":1,"minecraft:allium":3,"minecraft:dead_bush":1,"minecraft:nether_brick":3,"minecraft:cherry_boat":17,"minecraft:spruce_door":1,"minecraft:chest":34,"minecraft:quartz_pillar":41,"minecraft:pink_petals":58,"minecraft:dark_oak_trapdoor":1,"minecraft:beacon":6,"minecraft:trident":2,"minecraft:note_block":1,"minecraft:quartz_block":3,"minecraft:tuff":2070,"minecraft:potato":5,"minecraft:lapis_lazuli":332,"minecraft:jungle_log":54,"minecraft:flowering_azalea_leaves":1,"minecraft:spruce_stairs":4,"minecraft:trial_key":3,"minecraft:oak_boat":31,"minecraft:oak_planks":77,"minecraft:raw_copper":152,"minecraft:stone_brick_stairs":2,"minecraft:cherry_trapdoor":37,"minecraft:fern":5,"minecraft:stone_button":6,"minecraft:music_disc_ward":1,"minecraft:flint":121,"minecraft:purpur_block":51,"minecraft:glow_lichen":1,"minecraft:dark_oak_sign":7,"minecraft:redstone_lamp":3,"minecraft:firefly_bush":5,"minecraft:lantern":74,"minecraft:melon_slice":7,"minecraft:pale_hanging_moss":1,"minecraft:spruce_button":7,"minecraft:jungle_door":8,"minecraft:nether_wart":147,"minecraft:salmon":28,"minecraft:spruce_boat":130,"minecraft:spyglass":2,"minecraft:magma_cream":9,"minecraft:bowl":4,"minecraft:end_stone":34,"minecraft:dark_oak_planks":14,"minecraft:acacia_log":6,"minecraft:beetroot":1,"minecraft:light_blue_shulker_box":1,"minecraft:blue_egg":4,"minecraft:quartz_stairs":2,"minecraft:golden_boots":2,"minecraft:azure_bluet":12,"minecraft:stripped_birch_log":1,"minecraft:spruce_log":368,"minecraft:netherite_pickaxe":1,"minecraft:oak_fence":5,"minecraft:birch_planks":20,"minecraft:cherry_leaves":248,"minecraft:smooth_quartz":139,"minecraft:polished_tuff_stairs":6,"minecraft:ochre_froglight":1,"minecraft:music_disc_mall":3,"minecraft:nether_bricks":1170,"minecraft:hopper":6,"minecraft:birch_sapling":81,"minecraft:sunflower":19,"minecraft:cooked_beef":82,"minecraft:polished_blackstone_brick_slab":8,"minecraft:nether_star":1,"minecraft:white_wool":102,"minecraft:feather":61,"minecraft:warped_nylium":32,"minecraft:rooted_dirt":2,"minecraft:chiseled_deepslate":71,"minecraft:andesite":40,"minecraft:raw_iron_block":11,"minecraft:copper_ingot":2,"minecraft:amethyst_shard":52,"minecraft:filled_map":1,"minecraft:vine":19,"minecraft:stone_pressure_plate":6,"minecraft:soul_sand":259,"minecraft:podzol":1,"minecraft:carrot":10,"minecraft:soul_soil":25,"minecraft:black_concrete":230,"minecraft:polished_diorite_stairs":10,"minecraft:chiseled_tuff":3,"minecraft:gold_ingot":2,"minecraft:glow_ink_sac":16,"minecraft:golden_apple":19,"minecraft:painting":35,"minecraft:black_wool":22,"minecraft:chicken":26,"minecraft:leather_chestplate":3,"minecraft:nether_brick_stairs":2,"minecraft:white_tulip":4,"minecraft:repeater":2,"minecraft:kelp":302,"minecraft:cooked_chicken":28,"minecraft:cobbled_deepslate":15794,"minecraft:jungle_slab":14,"minecraft:music_disc_lava_chicken":6,"minecraft:jungle_sapling":10,"minecraft:amethyst_block":3,"minecraft:tuff_bricks":7,"minecraft:pumpkin_pie":12,"minecraft:blue_orchid":67,"minecraft:spruce_trapdoor":15,"minecraft:chainmail_leggings":1,"minecraft:magma_block":33,"minecraft:light_gray_wool":20,"minecraft:gray_concrete":245,"minecraft:polished_deepslate":32,"minecraft:birch_trapdoor":1,"minecraft:calibrated_sculk_sensor":4,"minecraft:soul_torch":83,"minecraft:nether_brick_fence":1,"minecraft:birch_log":318,"minecraft:mud":66,"minecraft:sticky_piston":15,"minecraft:music_disc_stal":1,"minecraft:pumpkin":1,"minecraft:diamond_block":112,"minecraft:spider_eye":138,"minecraft:dark_oak_log":236,"minecraft:netherite_axe":1,"minecraft:tipped_arrow":2,"minecraft:diorite":994,"minecraft:flower_pot":5,"minecraft:pale_moss_block":1,"minecraft:golden_helmet":4,"minecraft:crafting_table":60,"minecraft:beef":294,"minecraft:polished_deepslate_stairs":27,"minecraft:dark_oak_boat":72,"minecraft:music_disc_cat":3,"minecraft:glass_bottle":12,"minecraft:barrel":8,"minecraft:paper":11},"minecraft:mined":{"minecraft:torch":145,"minecraft:mangrove_roots":8,"minecraft:dark_oak_wall_sign":4,"minecraft:note_block":1,"minecraft:lever":5,"minecraft:dispenser":12,"minecraft:spruce_log":114,"minecraft:red_tulip":5,"minecraft:chest":35,"minecraft:nether_quartz_ore":4251,"minecraft:pumpkin":2,"minecraft:netherrack":20340,"minecraft:black_concrete":229,"minecraft:mycelium":1,"minecraft:quartz_stairs":2,"minecraft:beacon":6,"minecraft:bone_block":115,"minecraft:dark_oak_fence_gate":1,"minecraft:brown_mushroom":20,"minecraft:ochre_froglight":1,"minecraft:spruce_planks":71,"minecraft:honey_block":4,"minecraft:soul_torch":37,"minecraft:birch_log":317,"minecraft:pale_hanging_moss":1,"minecraft:sweet_berry_bush":243,"minecraft:big_dripleaf_stem":1,"minecraft:large_fern":3,"minecraft:magma_block":82,"minecraft:dark_oak_planks":10,"minecraft:smooth_quartz":139,"minecraft:redstone_torch":2,"minecraft:redstone_lamp":3,"minecraft:blackstone":2,"minecraft:anvil":20,"minecraft:sticky_piston":15,"minecraft:deepslate_bricks":257,"minecraft:jungle_planks":9,"minecraft:sculk_shrieker":12,"minecraft:dark_oak_sapling":1,"minecraft:dark_oak_trapdoor":1,"minecraft:campfire":1,"minecraft:gold_block":3,"minecraft:polished_blackstone_brick_slab":4,"minecraft:diamond_ore":2,"minecraft:wall_torch":68,"minecraft:fire":60,"minecraft:mangrove_planks":1,"minecraft:ender_chest":1,"minecraft:polished_blackstone":11,"minecraft:deepslate_tiles":1,"minecraft:oak_sapling":7,"minecraft:azure_bluet":10,"minecraft:azalea":20,"minecraft:acacia_log":6,"minecraft:polished_blackstone_slab":2,"minecraft:black_wall_banner":1,"minecraft:glass_pane":7,"minecraft:dark_oak_log":226,"minecraft:sea_pickle":9,"minecraft:chain":3,"minecraft:glass":36,"minecraft:dandelion":62,"minecraft:stone_pressure_plate":4,"minecraft:white_concrete_powder":13,"minecraft:lantern":10,"minecraft:diamond_block":112,"minecraft:kelp":242,"minecraft:horn_coral_block":1,"minecraft:oak_wall_sign":2,"minecraft:cherry_leaves":422,"minecraft:oak_leaves":618,"minecraft:scaffolding":88,"minecraft:rooted_dirt":2,"minecraft:birch_slab":12,"minecraft:brown_mushroom_block":135,"minecraft:brewing_stand":1,"minecraft:jungle_trapdoor":4,"minecraft:clay":191,"minecraft:spruce_stairs":4,"minecraft:rose_bush":6,"minecraft:spruce_button":5,"minecraft:crimson_roots":2,"minecraft:iron_bars":130,"minecraft:tall_grass":174,"minecraft:deepslate_tile_slab":12,"minecraft:emerald_ore":3,"minecraft:torchflower":8,"minecraft:lily_pad":1,"minecraft:cobbled_deepslate_slab":106,"minecraft:crimson_fungus":2,"minecraft:jungle_door":7,"minecraft:tripwire":1,"minecraft:pink_petals":3,"minecraft:flower_pot":3,"minecraft:soul_fire":1,"minecraft:moss_carpet":39,"minecraft:spruce_door":1,"minecraft:sand":2220,"minecraft:stripped_birch_log":1,"minecraft:white_banner":1,"minecraft:quartz_block":3,"minecraft:seagrass":25,"minecraft:spruce_sign":3,"minecraft:stonecutter":4,"minecraft:cocoa":2,"minecraft:mud":66,"minecraft:chiseled_stone_bricks":8,"minecraft:vine":51,"minecraft:carrots":1,"minecraft:sunflower":7,"minecraft:gray_concrete":245,"minecraft:weeping_vines":2,"minecraft:short_grass":1169,"minecraft:black_stained_glass":9,"minecraft:red_mushroom":21,"minecraft:sculk_catalyst":21,"minecraft:dirt_path":1,"minecraft:crafting_table":59,"minecraft:flowering_azalea":10,"minecraft:dark_oak_stairs":2,"minecraft:deepslate_redstone_ore":96,"minecraft:leaf_litter":62,"minecraft:redstone_wall_torch":1,"minecraft:copper_ore":16,"minecraft:raw_iron_block":11,"minecraft:birch_fence_gate":1,"minecraft:smooth_stone":27,"minecraft:bamboo_mosaic":2,"minecraft:nether_brick_stairs":2,"minecraft:packed_ice":109,"minecraft:honeycomb_block":19,"minecraft:cave_vines_plant":19,"minecraft:end_rod":35,"minecraft:birch_door":4,"minecraft:cauldron":6,"minecraft:cactus":4,"minecraft:iron_block":94,"minecraft:birch_planks":19,"minecraft:jungle_leaves":14,"minecraft:yellow_wool":10,"minecraft:birch_trapdoor":1,"minecraft:fire_coral_fan":1,"minecraft:white_wall_banner":8,"minecraft:stone_bricks":13,"minecraft:dropper":1,"minecraft:bush":9,"minecraft:azalea_leaves":5,"minecraft:sculk_sensor":146,"minecraft:wheat":1100,"minecraft:oak_trapdoor":1,"minecraft:dried_ghast":1,"minecraft:bee_nest":1,"minecraft:pink_tulip":5,"minecraft:cherry_door":2,"minecraft:birch_sign":2,"minecraft:soul_sand":263,"minecraft:snow_block":61,"minecraft:cactus_flower":1,"minecraft:jungle_slab":12,"minecraft:barrel":8,"minecraft:nether_wart":45,"minecraft:big_dripleaf":1,"minecraft:potted_azure_bluet":1,"minecraft:grass_block":1368,"minecraft:smooth_quartz_slab":35,"minecraft:tuff_bricks":7,"minecraft:flowering_azalea_leaves":3,"minecraft:pale_oak_leaves":39,"minecraft:calcite":3,"minecraft:spruce_slab":15,"minecraft:jukebox":2,"minecraft:cherry_sign":9,"minecraft:white_tulip":4,"minecraft:spore_blossom":5,"minecraft:cherry_fence":14,"minecraft:oak_sign":4,"minecraft:smooth_basalt":11,"minecraft:weeping_vines_plant":2,"minecraft:amethyst_block":3,"minecraft:chiseled_quartz_block":71,"minecraft:birch_wall_sign":3,"minecraft:hanging_roots":2,"minecraft:cherry_trapdoor":36,"minecraft:piston_head":2,"minecraft:oxeye_daisy":20,"minecraft:obsidian":263,"minecraft:cave_vines":21,"minecraft:orange_tulip":2,"minecraft:melon":2,"minecraft:pale_moss_carpet":2,"minecraft:piston":6,"minecraft:white_concrete":320,"minecraft:nether_wart_block":13,"minecraft:polished_diorite_slab":51,"minecraft:birch_leaves":75,"minecraft:oak_fence":5,"minecraft:smooth_stone_slab":26,"minecraft:repeater":2,"minecraft:moss_block":50,"minecraft:mushroom_stem":21,"minecraft:nether_brick_fence":9,"minecraft:fern":2,"minecraft:kelp_plant":99,"minecraft:deepslate_diamond_ore":432,"minecraft:potatoes":1,"minecraft:small_dripleaf":1,"minecraft:mangrove_propagule":4,"minecraft:iron_ore":369,"minecraft:quartz_bricks":28,"minecraft:beetroots":1,"minecraft:pale_moss_block":1,"minecraft:blue_orchid":67,"minecraft:podzol":3,"minecraft:lily_of_the_valley":1,"minecraft:oak_planks":79,"minecraft:cobblestone":715,"minecraft:chorus_flower":83,"minecraft:sugar_cane":544,"minecraft:purpur_pillar":33,"minecraft:red_mushroom_block":45,"minecraft:shroomlight":3,"minecraft:mangrove_leaves":64,"minecraft:polished_diorite":39,"minecraft:furnace":16,"minecraft:end_stone":10,"minecraft:tube_coral":2,"minecraft:black_banner":1,"minecraft:quartz_slab":126,"minecraft:wildflowers":9,"minecraft:pointed_dripstone":33,"minecraft:tall_seagrass":47,"minecraft:dirt":1862,"minecraft:cobblestone_wall":21,"minecraft:hopper":6,"minecraft:ladder":1,"minecraft:basalt":38,"minecraft:deepslate":17176,"minecraft:cherry_planks":123,"minecraft:cherry_slab":2,"minecraft:deepslate_tile_stairs":50,"minecraft:oak_log":502,"minecraft:potted_poppy":1,"minecraft:polished_diorite_stairs":10,"minecraft:cherry_log":366,"minecraft:redstone_ore":5,"minecraft:sculk":3801,"minecraft:coal_block":118,"minecraft:lava_cauldron":12,"minecraft:warped_nylium":32,"minecraft:polished_blackstone_brick_stairs":17,"minecraft:cherry_wall_hanging_sign":1,"minecraft:wither_rose":5,"minecraft:waxed_copper_grate":2,"minecraft:light_blue_stained_glass":2,"minecraft:gravel":1161,"minecraft:polished_deepslate_slab":12,"minecraft:lilac":18,"minecraft:jungle_log":54,"minecraft:purpur_slab":9,"minecraft:black_wool":1,"minecraft:firefly_bush":3,"minecraft:chiseled_tuff":3,"minecraft:gold_ore":25,"minecraft:andesite":53,"minecraft:stripped_cherry_log":33,"minecraft:glowstone":114,"minecraft:redstone_block":20,"minecraft:purpur_block":50,"minecraft:deepslate_gold_ore":246,"minecraft:ice":9,"minecraft:nether_bricks":1185,"minecraft:polished_basalt":25,"minecraft:dark_oak_leaves":13,"minecraft:jungle_stairs":9,"minecraft:warped_fungus":2,"minecraft:chiseled_deepslate":72,"minecraft:jungle_wall_sign":1,"minecraft:poppy":19,"minecraft:deepslate_lapis_ore":29,"minecraft:deepslate_iron_ore":526,"minecraft:purpur_stairs":52,"minecraft:amethyst_cluster":24,"minecraft:brain_coral":1,"minecraft:allium":3,"minecraft:polished_tuff_stairs":6,"minecraft:stone":9785,"minecraft:gray_concrete_powder":4,"minecraft:granite":186,"minecraft:cobblestone_stairs":42,"minecraft:spruce_fence":1,"minecraft:coal_ore":691,"minecraft:diorite":1244,"minecraft:cherry_stairs":9,"minecraft:spruce_trapdoor":15,"minecraft:dark_oak_sign":3,"minecraft:polished_deepslate_stairs":26,"minecraft:cherry_sapling":8,"minecraft:chorus_plant":190,"minecraft:pitcher_plant":11,"minecraft:polished_deepslate":28,"minecraft:birch_fence":11,"minecraft:sculk_vein":368,"minecraft:soul_wall_torch":25,"minecraft:composter":6,"minecraft:white_carpet":5,"minecraft:crimson_nylium":73,"minecraft:cherry_wall_sign":10,"minecraft:glow_lichen":2,"minecraft:calibrated_sculk_sensor":3,"minecraft:powder_snow":41,"minecraft:gilded_blackstone":5,"minecraft:polished_blackstone_bricks":41,"minecraft:oak_stairs":4,"minecraft:cherry_hanging_sign":5,"minecraft:player_head":5,"minecraft:observer":7,"minecraft:mangrove_log":9,"minecraft:cobweb":1,"minecraft:chiseled_tuff_bricks":5,"minecraft:peony":6,"minecraft:spruce_leaves":2,"minecraft:cobbled_deepslate":342,"minecraft:tuff":2154,"minecraft:polished_tuff":5,"minecraft:stone_button":4,"minecraft:cut_sandstone":2,"minecraft:pale_oak_log":4,"minecraft:nether_gold_ore":648,"minecraft:soul_lantern":29,"minecraft:polished_andesite":2,"minecraft:cornflower":10,"minecraft:pitcher_crop":11,"minecraft:quartz_pillar":41,"minecraft:redstone_wire":18,"minecraft:dead_bush":3},"minecraft:dropped":{"minecraft:lily_pad":1,"minecraft:cut_sandstone":2,"minecraft:white_dye":6,"minecraft:oak_leaves":51,"minecraft:andesite":14,"minecraft:sweet_berries":336,"minecraft:magma_block":4,"minecraft:stone_pressure_plate":2,"minecraft:bone":25,"minecraft:glass":116,"minecraft:breeze_rod":3,"minecraft:tuff_bricks":2,"minecraft:green_dye":4,"minecraft:mangrove_log":5,"minecraft:spruce_sign":3,"minecraft:azure_bluet":1,"minecraft:cooked_chicken":9,"minecraft:cornflower":1,"minecraft:tuff":553,"minecraft:iron_leggings":1,"minecraft:end_portal_frame":2,"minecraft:scaffolding":46,"minecraft:spruce_log":111,"minecraft:gunpowder":19,"minecraft:gold_ingot":3,"minecraft:stone_axe":1,"minecraft:iron_pickaxe":1,"minecraft:dark_oak_log":89,"minecraft:chorus_fruit":10,"minecraft:diorite":9,"minecraft:iron_helmet":2,"minecraft:torch":21,"minecraft:stone_sword":8,"minecraft:mud":2,"minecraft:leather_leggings":1,"minecraft:birch_planks":5,"minecraft:bow":9,"minecraft:charcoal":1,"minecraft:lantern":21,"minecraft:black_wool":1,"minecraft:raw_copper":33,"minecraft:stone":432,"minecraft:melon_slice":6,"minecraft:sand":2,"minecraft:shears":2,"minecraft:nether_brick_fence":1,"minecraft:blue_egg":2,"minecraft:spruce_boat":1,"minecraft:torchflower_seeds":1,"minecraft:cooked_beef":62,"minecraft:iron_block":7,"minecraft:soul_torch":26,"minecraft:raw_iron":7,"minecraft:slime_ball":45,"minecraft:crafting_table":2,"minecraft:polished_deepslate":4,"minecraft:golden_helmet":1,"minecraft:sea_pickle":1,"minecraft:netherrack":1438,"minecraft:spyglass":2,"minecraft:cooked_porkchop":18,"minecraft:dark_oak_stairs":2,"minecraft:glow_ink_sac":1,"minecraft:iron_axe":3,"minecraft:glow_berries":1,"minecraft:rabbit_hide":1,"minecraft:nether_brick_slab":2,"minecraft:dead_horn_coral_block":1,"minecraft:kelp":53,"minecraft:soul_lantern":2,"minecraft:cobbled_deepslate":1497,"minecraft:egg":19,"minecraft:sugar_cane":14,"minecraft:paper":12,"minecraft:stone_pickaxe":1,"minecraft:birch_slab":11,"minecraft:cherry_planks":17,"minecraft:string":14,"minecraft:seagrass":2,"minecraft:oak_sign":1,"minecraft:clay_ball":420,"minecraft:cooked_salmon":2,"minecraft:bread":59,"minecraft:spider_eye":94,"minecraft:firefly_bush":2,"minecraft:diamond_hoe":1,"minecraft:snowball":56,"minecraft:netherite_pickaxe":1,"minecraft:cobblestone":500,"minecraft:spruce_planks":12,"minecraft:cobblestone_stairs":1,"minecraft:smooth_quartz":1,"minecraft:potion":11,"minecraft:leather":1,"minecraft:moss_carpet":6,"minecraft:birch_log":23,"minecraft:cobbled_deepslate_slab":21,"minecraft:cobblestone_wall":30,"minecraft:bone_meal":72,"minecraft:wildflowers":68,"minecraft:birch_sapling":6,"minecraft:chiseled_tuff_bricks":2,"minecraft:deepslate_tiles":1,"minecraft:acacia_log":6,"minecraft:jungle_fence":1,"minecraft:pale_oak_log":2,"minecraft:iron_sword":1,"minecraft:jungle_door":2,"minecraft:spruce_fence":1,"minecraft:dark_oak_planks":2,"minecraft:writable_book":18,"minecraft:cake":1,"minecraft:sugar":1,"minecraft:oak_boat":1,"minecraft:mangrove_roots":15,"minecraft:gravel":21,"minecraft:dark_oak_door":1,"minecraft:bowl":1,"minecraft:enchanted_book":2,"minecraft:black_concrete":2,"minecraft:moss_block":10,"minecraft:nether_bricks":1,"minecraft:crossbow":1,"minecraft:soul_sand":2,"minecraft:filled_map":3,"minecraft:leather_chestplate":2,"minecraft:grass_block":118,"minecraft:spruce_pressure_plate":1,"minecraft:birch_sign":1,"minecraft:arrow":47,"minecraft:carrot":4,"minecraft:flowering_azalea_leaves":1,"minecraft:magenta_dye":3,"minecraft:polished_blackstone":5,"minecraft:golden_apple":19,"minecraft:tipped_arrow":2,"minecraft:rotten_flesh":586,"minecraft:stone_shovel":1,"minecraft:iron_chestplate":1,"minecraft:dirt":93,"minecraft:golden_chestplate":2,"minecraft:obsidian":50,"minecraft:coal":4,"minecraft:potato":1,"minecraft:deepslate_diamond_ore":1,"minecraft:glass_bottle":13,"minecraft:brown_mushroom":27,"minecraft:written_book":9,"minecraft:netherite_axe":1,"minecraft:vine":1,"minecraft:jungle_planks":4,"minecraft:end_rod":9,"minecraft:azalea":2,"minecraft:blaze_rod":17,"minecraft:oak_planks":7,"minecraft:porkchop":7,"minecraft:wheat":67,"minecraft:lead":1,"minecraft:basalt":9,"minecraft:iron_ingot":62,"minecraft:wheat_seeds":174,"minecraft:spruce_slab":13,"minecraft:copper_ingot":1,"minecraft:oak_log":63,"minecraft:dark_oak_sapling":7,"minecraft:diamond_pickaxe":1,"minecraft:dandelion":12,"minecraft:stick":80,"minecraft:red_dye":4,"minecraft:iron_boots":1,"minecraft:ladder":30,"minecraft:leather_helmet":2,"minecraft:nether_wart_block":6,"minecraft:wooden_hoe":3,"minecraft:jungle_log":2,"minecraft:pumpkin_seeds":2,"minecraft:red_mushroom":28,"minecraft:quartz":4,"minecraft:birch_boat":1,"minecraft:granite":36,"minecraft:cherry_log":36,"minecraft:diamond":130,"minecraft:golden_sword":2,"minecraft:polished_blackstone_slab":3,"minecraft:suspicious_stew":1,"minecraft:water_bucket":1,"minecraft:leaf_litter":42,"minecraft:chicken":1,"minecraft:oak_stairs":12,"minecraft:flint":57,"minecraft:short_grass":6,"minecraft:gold_nugget":12,"minecraft:fern":4,"minecraft:honey_block":92},"minecraft:used":{"minecraft:polished_tuff":39,"minecraft:birch_door":6,"minecraft:kelp":224,"minecraft:end_stone":29,"minecraft:birch_sign":15,"minecraft:white_banner":19,"minecraft:mud":16,"minecraft:diamond_sword":1471,"minecraft:mangrove_boat":1,"minecraft:cobbled_deepslate_slab":140,"minecraft:cherry_planks":291,"minecraft:campfire":8,"minecraft:wheat_seeds":1544,"minecraft:glass":449,"minecraft:mushroom_stew":3,"minecraft:polished_diorite_stairs":11,"minecraft:purpur_slab":80,"minecraft:polished_blackstone":596,"minecraft:brush":139,"minecraft:quartz_block":41,"minecraft:allium":2,"minecraft:deepslate_tile_slab":13,"minecraft:birch_fence":96,"minecraft:cherry_boat":19,"minecraft:jungle_log":7,"minecraft:polished_tuff_stairs":20,"minecraft:oak_log":19,"minecraft:spruce_slab":64,"minecraft:stonecutter":7,"minecraft:polished_deepslate_slab":710,"minecraft:diamond_axe":1390,"minecraft:white_carpet":20,"minecraft:seagrass":4,"minecraft:poppy":2,"minecraft:snowball":27,"minecraft:jungle_slab":73,"minecraft:moss_block":18,"minecraft:pointed_dripstone":36,"minecraft:armor_stand":1,"minecraft:cobbled_deepslate":1630,"minecraft:gilded_blackstone":30,"minecraft:polished_diorite":773,"minecraft:quartz_pillar":77,"minecraft:pink_petals":56,"minecraft:quartz_bricks":59,"minecraft:leather_chestplate":4,"minecraft:stone_shovel":309,"minecraft:honey_block":39,"minecraft:anvil":22,"minecraft:birch_fence_gate":3,"minecraft:goat_horn":1,"minecraft:light_blue_stained_glass":3,"minecraft:written_book":52,"minecraft:cooked_salmon":15,"minecraft:sand":44,"minecraft:redstone_block":20,"minecraft:bamboo_stairs":76,"minecraft:pitcher_plant":23,"minecraft:glow_ink_sac":1,"minecraft:shears":853,"minecraft:mangrove_planks":37,"minecraft:nether_wart_block":2,"minecraft:dark_oak_fence_gate":1,"minecraft:bucket":665,"minecraft:cocoa_beans":1,"minecraft:nether_brick_slab":5,"minecraft:oak_sapling":127,"minecraft:flower_pot":14,"minecraft:yellow_wool":32,"minecraft:black_stained_glass":380,"minecraft:smooth_stone_slab":193,"minecraft:oak_fence":67,"minecraft:diamond_block":112,"minecraft:oak_trapdoor":4,"minecraft:grass_block":272,"minecraft:nether_bricks":81,"minecraft:purpur_pillar":139,"minecraft:string":1,"minecraft:jungle_sign":5,"minecraft:wildflowers":48,"minecraft:cherry_leaves":351,"minecraft:shield":112,"minecraft:birch_slab":71,"minecraft:iron_pickaxe":1135,"minecraft:andesite":11,"minecraft:polished_deepslate":72,"minecraft:chiseled_deepslate":214,"minecraft:jungle_door":12,"minecraft:dark_oak_log":27,"minecraft:iron_sword":36,"minecraft:oak_boat":31,"minecraft:golden_carrot":3,"minecraft:peony":9,"minecraft:sculk_shrieker":1,"minecraft:deepslate_bricks":436,"minecraft:shroomlight":2,"minecraft:ochre_froglight":1,"minecraft:stone_bricks":1,"minecraft:polished_blackstone_brick_slab":520,"minecraft:tuff_brick_stairs":6,"minecraft:jungle_stairs":30,"minecraft:minecart":4,"minecraft:packed_ice":23,"minecraft:smooth_stone":31,"minecraft:quartz_slab":605,"minecraft:oxeye_daisy":1,"minecraft:birch_trapdoor":6,"minecraft:diorite":33,"minecraft:redstone":38,"minecraft:pale_oak_boat":87,"minecraft:spruce_door":5,"minecraft:map":3,"minecraft:diamond_leggings":1,"minecraft:bee_nest":1,"minecraft:cobblestone":1628,"minecraft:diamond_chestplate":1,"minecraft:cherry_sign":46,"minecraft:stone":58,"minecraft:golden_apple":7,"minecraft:axolotl_bucket":3,"minecraft:chain":11,"minecraft:crafting_table":92,"minecraft:spruce_sign":14,"minecraft:sculk":394,"minecraft:spruce_trapdoor":36,"minecraft:potion":85,"minecraft:tuff_bricks":39,"minecraft:white_tulip":4,"minecraft:air":64,"minecraft:baked_potato":74,"minecraft:chorus_fruit":99,"minecraft:apple":8,"minecraft:scaffolding":570,"minecraft:smoker":1,"minecraft:moss_carpet":33,"minecraft:black_concrete":191,"minecraft:sniffer_egg":2,"minecraft:stone_hoe":110,"minecraft:spruce_log":9,"minecraft:spore_blossom":2,"minecraft:water_bucket":482,"minecraft:soul_sand":21,"minecraft:golden_helmet":1,"minecraft:cherry_door":5,"minecraft:bread":156,"minecraft:torch":395,"minecraft:gray_concrete":223,"minecraft:chiseled_stone_bricks":8,"minecraft:sunflower":4,"minecraft:jungle_sapling":5,"minecraft:cobblestone_stairs":66,"minecraft:gravel":5,"minecraft:nether_brick_stairs":5,"minecraft:beacon":5,"minecraft:cooked_chicken":33,"minecraft:redstone_lamp":10,"minecraft:snow_block":1,"minecraft:deepslate_tile_stairs":92,"minecraft:sculk_sensor":9,"minecraft:chorus_flower":173,"minecraft:amethyst_block":4,"minecraft:dark_oak_trapdoor":5,"minecraft:dark_oak_boat":75,"minecraft:chest":105,"minecraft:cauldron":34,"minecraft:birch_sapling":37,"minecraft:painting":38,"minecraft:iron_axe":851,"minecraft:repeater":2,"minecraft:diamond_hoe":4170,"minecraft:stone_slab":40,"minecraft:pink_tulip":5,"minecraft:player_head":6,"minecraft:pitcher_pod":7,"minecraft:iron_block":94,"minecraft:netherite_axe":688,"minecraft:black_banner":3,"minecraft:potato":2,"minecraft:glow_berries":78,"minecraft:jungle_trapdoor":6,"minecraft:sticky_piston":15,"minecraft:glass_bottle":83,"minecraft:oak_sign":17,"minecraft:beehive":5,"minecraft:cherry_pressure_plate":1,"minecraft:sea_pickle":22,"minecraft:dark_oak_stairs":20,"minecraft:black_concrete_powder":208,"minecraft:glass_pane":23,"minecraft:lantern":60,"minecraft:netherite_pickaxe":24033,"minecraft:cooked_porkchop":69,"minecraft:granite":6,"minecraft:soul_lantern":69,"minecraft:iron_shovel":250,"minecraft:chiseled_tuff_bricks":32,"minecraft:pale_oak_sign":1,"minecraft:cherry_hanging_sign":11,"minecraft:blue_orchid":3,"minecraft:firefly_bush":2,"minecraft:black_wool":65,"minecraft:smithing_table":1,"minecraft:flowering_azalea":12,"minecraft:grindstone":1,"minecraft:smooth_quartz":188,"minecraft:nether_wart":63,"minecraft:cherry_slab":67,"minecraft:beetroot_seeds":1,"minecraft:pumpkin_pie":5,"minecraft:purpur_block":73,"minecraft:jukebox":3,"minecraft:stone_pickaxe":1034,"minecraft:dandelion":9,"minecraft:birch_leaves":22,"minecraft:oak_door":5,"minecraft:stone_pressure_plate":5,"minecraft:torchflower":8,"minecraft:netherrack":4761,"minecraft:lilac":28,"minecraft:spruce_boat":133,"minecraft:suspicious_stew":41,"minecraft:vine":17,"minecraft:chiseled_quartz_block":287,"minecraft:chiseled_tuff":43,"minecraft:diamond_shovel":6517,"minecraft:dried_ghast":1,"minecraft:soul_torch":101,"minecraft:birch_planks":52,"minecraft:sculk_catalyst":21,"minecraft:writable_book":200,"minecraft:bone_meal":956,"minecraft:item_frame":7,"minecraft:dark_oak_planks":37,"minecraft:coal_block":30,"minecraft:glowstone":9,"minecraft:bamboo_mosaic":2,"minecraft:blue_egg":2,"minecraft:dirt":765,"minecraft:honey_bottle":1,"minecraft:fishing_rod":2,"minecraft:obsidian":86,"minecraft:dark_oak_sign":12,"minecraft:magenta_bed":1,"minecraft:salmon_bucket":1,"minecraft:glow_lichen":1,"minecraft:dark_oak_sapling":1,"minecraft:spruce_planks":91,"minecraft:oak_leaves":112,"minecraft:dark_oak_door":2,"minecraft:leather_boots":2,"minecraft:dispenser":12,"minecraft:rose_bush":6,"minecraft:basalt":3,"minecraft:birch_log":55,"minecraft:cooked_cod":1,"minecraft:iron_bars":639,"minecraft:polished_basalt":180,"minecraft:honeycomb_block":19,"minecraft:lectern":1,"minecraft:stone_brick_stairs":1,"minecraft:spyglass":606,"minecraft:iron_trapdoor":4,"minecraft:splash_potion":20,"minecraft:polished_blackstone_brick_stairs":200,"minecraft:oak_planks":49,"minecraft:end_rod":53,"minecraft:sugar_cane":82,"minecraft:dropper":2,"minecraft:quartz_stairs":43,"minecraft:trial_key":1,"minecraft:stone_axe":295,"minecraft:spruce_fence":3,"minecraft:observer":23,"minecraft:waxed_copper_trapdoor":1,"minecraft:netherite_sword":4384,"minecraft:light_blue_shulker_box":1,"minecraft:leather_leggings":2,"minecraft:milk_bucket":4,"minecraft:cherry_sapling":72,"minecraft:bookshelf":8,"minecraft:diamond_pickaxe":38301,"minecraft:nether_brick":1,"minecraft:orange_tulip":2,"minecraft:ladder":110,"minecraft:crossbow":259,"minecraft:blast_furnace":5,"minecraft:azalea":10,"minecraft:tuff":12,"minecraft:stripped_cherry_log":2,"minecraft:brewing_stand":1,"minecraft:stone_sword":392,"minecraft:sweet_berries":1840,"minecraft:piston":22,"minecraft:lava_bucket":83,"minecraft:polished_deepslate_stairs":51,"minecraft:red_tulip":5,"minecraft:cobblestone_wall":21,"minecraft:oak_slab":16,"minecraft:hopper":45,"minecraft:polished_andesite":2,"minecraft:carrot":2,"minecraft:cherry_stairs":41,"minecraft:note_block":2,"minecraft:birch_boat":95,"minecraft:white_bed":1,"minecraft:gold_block":2,"minecraft:diamond_boots":1,"minecraft:netherite_helmet":1,"minecraft:trident":111,"minecraft:polished_diorite_slab":397,"minecraft:cherry_trapdoor":147,"minecraft:smooth_quartz_slab":227,"minecraft:gray_concrete_powder":228,"minecraft:cherry_fence":46,"minecraft:slime_block":4,"minecraft:wither_skeleton_skull":3,"minecraft:white_concrete_powder":413,"minecraft:furnace":52,"minecraft:barrel":22,"minecraft:wooden_hoe":70,"minecraft:lever":9,"minecraft:white_concrete":88,"minecraft:polished_blackstone_bricks":62,"minecraft:stone_button":8,"minecraft:bundle":3,"minecraft:spruce_button":2,"minecraft:torchflower_seeds":2,"minecraft:composter":7,"minecraft:deepslate_brick_stairs":4,"minecraft:purpur_stairs":78,"minecraft:oak_stairs":12,"minecraft:cherry_log":181,"minecraft:cooked_beef":382,"minecraft:redstone_torch":10,"minecraft:ender_chest":3,"minecraft:flint_and_steel":2,"minecraft:mangrove_propagule":1,"minecraft:cornflower":5,"minecraft:spruce_sapling":3,"minecraft:egg":411,"minecraft:azure_bluet":6,"minecraft:ender_pearl":1,"minecraft:leather_helmet":2}},"DataVersion":4440}