{"stats":{"minecraft:killed_by":{"minecraft:zombie_villager":1,"minecraft:silverfish":1,"minecraft:creeper":1,"minecraft:endermite":6,"minecraft:enderman":1,"minecraft:drowned":1},"minecraft:custom":{"minecraft:time_since_rest":51991,"minecraft:talked_to_villager":187,"minecraft:leave_game":35,"minecraft:damage_taken":31950,"minecraft:mob_kills":633,"minecraft:boat_one_cm":1144802,"minecraft:time_since_death":51966,"minecraft:open_enderchest":1,"minecraft:interact_with_brewingstand":1,"minecraft:interact_with_furnace":372,"minecraft:sleep_in_bed":1,"minecraft:swim_one_cm":165425,"minecraft:total_world_time":1195635,"minecraft:pot_flower":9,"minecraft:crouch_one_cm":47387,"minecraft:climb_one_cm":187162,"minecraft:deaths":42,"minecraft:interact_with_stonecutter":41,"minecraft:fish_caught":339,"minecraft:enchant_item":7,"minecraft:damage_dealt_resisted":3,"minecraft:animals_bred":1,"minecraft:traded_with_villager":153,"minecraft:damage_blocked_by_shield":4300,"minecraft:interact_with_crafting_table":277,"minecraft:walk_one_cm":4930282,"minecraft:walk_under_water_one_cm":167693,"minecraft:horse_one_cm":12972,"minecraft:interact_with_lectern":3,"minecraft:damage_dealt":52608,"minecraft:play_time":1195635,"minecraft:jump":18728,"minecraft:play_record":3,"minecraft:drop":187,"minecraft:open_barrel":256,"minecraft:sprint_one_cm":3432776,"minecraft:open_chest":808,"minecraft:inspect_hopper":5,"minecraft:fall_one_cm":479143,"minecraft:fly_one_cm":3351857,"minecraft:interact_with_anvil":17,"minecraft:walk_on_water_one_cm":128723,"minecraft:sneak_time":9177,"minecraft:interact_with_grindstone":2},"minecraft:broken":{"minecraft:stone_shovel":1,"minecraft:iron_axe":4,"minecraft:iron_shovel":3,"minecraft:stone_axe":3,"minecraft:iron_pickaxe":10,"minecraft:stone_sword":1,"minecraft:brush":1,"minecraft:stone_pickaxe":5,"minecraft:iron_sword":3},"minecraft:crafted":{"minecraft:stone_sword":2,"minecraft:book":18,"minecraft:iron_chestplate":1,"minecraft:acacia_door":3,"minecraft:painting":2,"minecraft:iron_block":3,"minecraft:diamond_pickaxe":1,"minecraft:chest":13,"minecraft:bookshelf":4,"minecraft:acacia_planks":8,"minecraft:bucket":2,"minecraft:ladder":78,"minecraft:dark_oak_planks":36,"minecraft:jukebox":1,"minecraft:stone_hoe":1,"minecraft:diamond_shovel":1,"minecraft:glass":852,"minecraft:oak_sign":3,"minecraft:cobblestone_slab":6,"minecraft:mangrove_planks":184,"minecraft:brush":1,"minecraft:mangrove_boat":1,"minecraft:red_wool":4,"minecraft:cobbled_deepslate_slab":14,"minecraft:deepslate_tiles":19,"minecraft:mangrove_sign":3,"minecraft:spruce_door":3,"minecraft:iron_boots":1,"minecraft:cooked_beef":11,"minecraft:stonecutter":1,"minecraft:blue_dye":1,"minecraft:oak_slab":18,"minecraft:decorated_pot":5,"minecraft:brick":27,"minecraft:barrel":13,"minecraft:paper":105,"minecraft:furnace":6,"minecraft:iron_ingot":182,"minecraft:black_stained_glass_pane":16,"minecraft:dark_oak_slab":6,"minecraft:diamond_helmet":1,"minecraft:moss_carpet":3,"minecraft:stone":73,"minecraft:diamond_leggings":1,"minecraft:enchanted_book":6,"minecraft:deepslate_brick_slab":18,"minecraft:spruce_stairs":4,"minecraft:tuff_brick_stairs":1,"minecraft:shield":1,"minecraft:stone_axe":2,"minecraft:birch_sign":9,"minecraft:black_stained_glass":8,"minecraft:iron_axe":5,"minecraft:cobblestone_stairs":4,"minecraft:cooked_salmon":3,"minecraft:diamond_boots":1,"minecraft:stick":940,"minecraft:deepslate_bricks":1,"minecraft:black_dye":1,"minecraft:cooked_porkchop":13,"minecraft:iron_helmet":1,"minecraft:diamond_axe":1,"minecraft:air":0,"minecraft:bone_meal":33,"minecraft:spyglass":1,"minecraft:oak_boat":2,"minecraft:snow_block":131,"minecraft:deepslate_tile_slab":56,"minecraft:glass_bottle":258,"minecraft:blue_bundle":1,"minecraft:red_dye":6,"minecraft:flower_pot":5,"minecraft:mangrove_fence":6,"minecraft:mangrove_trapdoor":20,"minecraft:bundle":1,"minecraft:oak_planks":340,"minecraft:cooked_cod":78,"minecraft:red_bed":1,"minecraft:iron_shovel":3,"minecraft:iron_sword":3,"minecraft:fishing_rod":2,"minecraft:shears":1,"minecraft:polished_deepslate":6,"minecraft:mangrove_slab":36,"minecraft:stone_shovel":2,"minecraft:lantern":10,"minecraft:birch_planks":356,"minecraft:hopper":1,"minecraft:stone_pickaxe":5,"minecraft:anvil":1,"minecraft:mangrove_stairs":8,"minecraft:tuff_bricks":4,"minecraft:composter":1,"minecraft:diamond_chestplate":1,"minecraft:diamond_sword":1,"minecraft:iron_nugget":72,"minecraft:emerald":147,"minecraft:stone_brick_stairs":3,"minecraft:birch_boat":1,"minecraft:deepslate_brick_wall":15,"minecraft:pale_oak_planks":28,"minecraft:spruce_trapdoor":18,"minecraft:spruce_boat":3,"minecraft:chiseled_bookshelf":4,"minecraft:copper_ingot":3,"minecraft:white_carpet":6,"minecraft:crafting_table":7,"minecraft:torch":532,"minecraft:white_bed":1,"minecraft:red_carpet":6,"minecraft:polished_deepslate_slab":16,"minecraft:spruce_planks":368,"minecraft:iron_pickaxe":10,"minecraft:iron_leggings":1},"minecraft:killed":{"minecraft:skeleton":402,"minecraft:pig":10,"minecraft:witch":1,"minecraft:bat":1,"minecraft:silverfish":1,"minecraft:spider":3,"minecraft:salmon":2,"minecraft:zombie":148,"minecraft:cave_spider":1,"minecraft:glow_squid":2,"minecraft:creeper":4,"minecraft:zombie_villager":1,"minecraft:chicken":4,"minecraft:enderman":1,"minecraft:squid":24,"minecraft:drowned":8,"minecraft:cow":16},"minecraft:picked_up":{"minecraft:sweet_berries":7,"minecraft:pale_oak_log":39,"minecraft:cobblestone":1266,"minecraft:brick":8,"minecraft:saddle":8,"minecraft:sugar_cane":221,"minecraft:bone":45,"minecraft:acacia_sapling":38,"minecraft:rose_bush":9,"minecraft:clay_ball":128,"minecraft:emerald":3,"minecraft:pale_oak_sapling":7,"minecraft:sugar":2,"minecraft:mangrove_trapdoor":5,"minecraft:ink_sac":53,"minecraft:wildflowers":47,"minecraft:bow":9,"minecraft:smooth_basalt":274,"minecraft:arrow":49,"minecraft:iron_ingot":2,"minecraft:lilac":3,"minecraft:spruce_slab":4,"minecraft:azalea":9,"minecraft:dandelion":14,"minecraft:white_candle":64,"minecraft:nautilus_shell":5,"minecraft:brown_wool":18,"minecraft:stonecutter":4,"minecraft:mangrove_leaves":17,"minecraft:cobblestone_stairs":5,"minecraft:oxeye_daisy":7,"minecraft:oak_log":87,"minecraft:sand":915,"minecraft:furnace":15,"minecraft:mangrove_boat":3,"minecraft:wheat_seeds":718,"minecraft:music_disc_13":3,"minecraft:egg":2,"minecraft:red_mushroom":73,"minecraft:snowball":722,"minecraft:loom":2,"minecraft:beetroot_seeds":2,"minecraft:oak_sign":6,"minecraft:string":11,"minecraft:leather_boots":2,"minecraft:cornflower":9,"minecraft:enchanted_book":6,"minecraft:spruce_sapling":29,"minecraft:tripwire_hook":4,"minecraft:mangrove_log":81,"minecraft:flowering_azalea":5,"minecraft:deepslate_brick_wall":1,"minecraft:fishing_rod":8,"minecraft:birch_sign":12,"minecraft:leather":26,"minecraft:lead":1,"minecraft:brown_mushroom":68,"minecraft:mud_bricks":1,"minecraft:armadillo_scute":7,"minecraft:moss_carpet":44,"minecraft:peony":13,"minecraft:netherite_upgrade_smithing_template":1,"minecraft:mangrove_slab":5,"minecraft:porkchop":22,"minecraft:stick":188,"minecraft:moss_block":12,"minecraft:raw_iron":189,"minecraft:mossy_cobblestone":107,"minecraft:detector_rail":6,"minecraft:mangrove_fence":2,"minecraft:leather_helmet":1,"minecraft:chest":20,"minecraft:cobbled_deepslate_slab":3,"minecraft:netherrack":318,"minecraft:skeleton_skull":2,"minecraft:wither_rose":2,"minecraft:stone":6,"minecraft:gravel":16,"minecraft:tuff":166,"minecraft:potato":2805,"minecraft:lapis_lazuli":187,"minecraft:jungle_log":6,"minecraft:flowering_azalea_leaves":14,"minecraft:spruce_stairs":1,"minecraft:yellow_dye":1,"minecraft:activator_rail":9,"minecraft:mangrove_sign":4,"minecraft:oak_boat":4,"minecraft:pufferfish":34,"minecraft:oak_planks":9,"minecraft:brown_egg":1,"minecraft:raw_copper":101,"minecraft:stone_brick_stairs":32,"minecraft:rotten_flesh":120,"minecraft:apple":5,"minecraft:calcite":257,"minecraft:tropical_fish":8,"minecraft:poisonous_potato":13,"minecraft:name_tag":4,"minecraft:glass":9,"minecraft:composter":2,"minecraft:flint":7,"minecraft:redstone":253,"minecraft:deepslate_tiles":15,"minecraft:glow_berries":3,"minecraft:lantern":5,"minecraft:firefly_bush":8,"minecraft:melon_slice":84,"minecraft:diamond":47,"minecraft:chipped_anvil":5,"minecraft:granite":58,"minecraft:dark_oak_sapling":43,"minecraft:lily_pad":15,"minecraft:bush":9,"minecraft:salmon":89,"minecraft:powered_rail":1,"minecraft:spruce_boat":5,"minecraft:gold_block":1,"minecraft:bowl":2,"minecraft:chest_minecart":4,"minecraft:hay_block":9,"minecraft:raw_gold":20,"minecraft:acacia_log":11,"minecraft:acacia_door":4,"minecraft:acacia_planks":2,"minecraft:crying_obsidian":4,"minecraft:spruce_planks":77,"minecraft:dirt":502,"minecraft:rail":19,"minecraft:azure_bluet":13,"minecraft:torch":85,"minecraft:dripstone_block":8,"minecraft:bread":16,"minecraft:spruce_log":97,"minecraft:coal":739,"minecraft:music_disc_otherside":2,"minecraft:birch_planks":84,"minecraft:iron_pickaxe":2,"minecraft:tuff_brick_stairs":2,"minecraft:anvil":2,"minecraft:hopper":2,"minecraft:birch_sapling":42,"minecraft:poppy":9,"minecraft:stone_hoe":1,"minecraft:cooked_beef":32,"minecraft:white_wool":38,"minecraft:feather":2,"minecraft:mangrove_propagule":15,"minecraft:soul_lantern":12,"minecraft:andesite":276,"minecraft:lily_of_the_valley":14,"minecraft:mangrove_planks":35,"minecraft:deepslate_tile_slab":10,"minecraft:ladder":25,"minecraft:amethyst_shard":8,"minecraft:sandstone":13,"minecraft:vine":34,"minecraft:soul_sand":4,"minecraft:carrot":2,"minecraft:mangrove_roots":176,"minecraft:polished_deepslate_slab":8,"minecraft:cod":210,"minecraft:azalea_leaves":42,"minecraft:gold_ingot":1,"minecraft:black_stained_glass":2,"minecraft:glow_ink_sac":5,"minecraft:painting":11,"minecraft:brown_candle":1,"minecraft:chicken":5,"minecraft:cobbled_deepslate":798,"minecraft:pumpkin_seeds":6,"minecraft:jungle_sapling":1,"minecraft:amethyst_block":18,"minecraft:wheat":293,"minecraft:tuff_bricks":1,"minecraft:damaged_anvil":10,"minecraft:gunpowder":5,"minecraft:spruce_trapdoor":46,"minecraft:pale_moss_carpet":1,"minecraft:magma_block":30,"minecraft:polished_deepslate":7,"minecraft:leaf_litter":20,"minecraft:pale_oak_planks":8,"minecraft:grass_block":1,"minecraft:birch_log":135,"minecraft:mud":17,"minecraft:pumpkin":4,"minecraft:spider_eye":6,"minecraft:bone_meal":27,"minecraft:dark_oak_log":39,"minecraft:diorite":13,"minecraft:flower_pot":5,"minecraft:crafting_table":34,"minecraft:decorated_pot":2,"minecraft:oak_sapling":36,"minecraft:beef":30,"minecraft:cobblestone_slab":13,"minecraft:music_disc_cat":2,"minecraft:oak_slab":5,"minecraft:barrel":7,"minecraft:cocoa_beans":13,"minecraft:gray_wool":2},"minecraft:mined":{"minecraft:torch":16,"minecraft:mangrove_roots":176,"minecraft:spruce_log":98,"minecraft:chest":21,"minecraft:smooth_basalt":274,"minecraft:pumpkin":4,"minecraft:netherrack":564,"minecraft:amethyst_block":18,"minecraft:birch_wall_sign":5,"minecraft:brown_mushroom":67,"minecraft:spruce_planks":71,"minecraft:pale_hanging_moss":4,"minecraft:birch_log":135,"minecraft:oxeye_daisy":8,"minecraft:magma_block":31,"minecraft:cave_vines":2,"minecraft:sandstone":19,"minecraft:melon":22,"minecraft:pale_moss_carpet":1,"minecraft:anvil":2,"minecraft:birch_leaves":207,"minecraft:jungle_planks":2,"minecraft:moss_block":12,"minecraft:gold_block":1,"minecraft:wall_torch":42,"minecraft:decorated_pot":4,"minecraft:stone_brick_stairs":17,"minecraft:mangrove_planks":6,"minecraft:deepslate_diamond_ore":20,"minecraft:potatoes":957,"minecraft:deepslate_tiles":15,"minecraft:mangrove_propagule":14,"minecraft:azalea":6,"minecraft:azure_bluet":13,"minecraft:iron_ore":167,"minecraft:acacia_log":10,"minecraft:dark_oak_log":33,"minecraft:dandelion":14,"minecraft:lily_of_the_valley":14,"minecraft:oak_planks":8,"minecraft:cobblestone":232,"minecraft:sugar_cane":167,"minecraft:lantern":2,"minecraft:mangrove_leaves":563,"minecraft:oak_wall_sign":6,"minecraft:birch_sapling":4,"minecraft:oak_leaves":157,"minecraft:tuff_brick_stairs":2,"minecraft:furnace":15,"minecraft:mangrove_slab":1,"minecraft:potted_flowering_azalea_bush":1,"minecraft:clay":30,"minecraft:spruce_stairs":3,"minecraft:rose_bush":9,"minecraft:mangrove_trapdoor":5,"minecraft:deepslate_copper_ore":1,"minecraft:mud_bricks":1,"minecraft:tall_grass":9,"minecraft:wildflowers":17,"minecraft:deepslate_tile_slab":8,"minecraft:emerald_ore":3,"minecraft:chipped_anvil":5,"minecraft:tall_seagrass":2,"minecraft:lily_pad":12,"minecraft:rail":2,"minecraft:cobbled_deepslate_slab":1,"minecraft:dirt":439,"minecraft:hopper":2,"minecraft:flower_pot":1,"minecraft:soul_fire":4,"minecraft:moss_carpet":18,"minecraft:ladder":24,"minecraft:deepslate":1099,"minecraft:sand":1674,"minecraft:snow":38,"minecraft:seagrass":1,"minecraft:stonecutter":4,"minecraft:oak_log":87,"minecraft:potted_wither_rose":1,"minecraft:cocoa":5,"minecraft:lapis_ore":10,"minecraft:potted_poppy":1,"minecraft:white_candle":33,"minecraft:mud":9,"minecraft:redstone_ore":8,"minecraft:sculk":2,"minecraft:spawner":3,"minecraft:vine":68,"minecraft:brown_wool":12,"minecraft:gravel":60,"minecraft:short_grass":24,"minecraft:red_mushroom":72,"minecraft:acacia_leaves":63,"minecraft:loom":2,"minecraft:infested_stone":1,"minecraft:crafting_table":34,"minecraft:flowering_azalea":4,"minecraft:deepslate_redstone_ore":46,"minecraft:leaf_litter":9,"minecraft:polished_deepslate_slab":7,"minecraft:lilac":2,"minecraft:jungle_log":6,"minecraft:copper_ore":18,"minecraft:firefly_bush":8,"minecraft:andesite":150,"minecraft:deepslate_gold_ore":20,"minecraft:ice":1,"minecraft:acacia_sapling":2,"minecraft:dark_oak_leaves":124,"minecraft:poppy":7,"minecraft:deepslate_lapis_ore":18,"minecraft:deepslate_iron_ore":26,"minecraft:birch_planks":78,"minecraft:amethyst_cluster":2,"minecraft:jungle_leaves":135,"minecraft:stone":973,"minecraft:skeleton_skull":1,"minecraft:granite":41,"minecraft:cobblestone_stairs":2,"minecraft:bush":10,"minecraft:azalea_leaves":43,"minecraft:coal_ore":380,"minecraft:diorite":21,"minecraft:wheat":294,"minecraft:hay_block":9,"minecraft:spruce_trapdoor":37,"minecraft:deepslate_brick_wall":1,"minecraft:birch_sign":4,"minecraft:mangrove_sign":4,"minecraft:polished_deepslate":7,"minecraft:composter":2,"minecraft:sculk_vein":2,"minecraft:soul_sand":4,"minecraft:crying_obsidian":4,"minecraft:powder_snow":350,"minecraft:snow_block":175,"minecraft:barrel":7,"minecraft:mossy_cobblestone":62,"minecraft:potted_azalea_bush":1,"minecraft:mangrove_log":81,"minecraft:grass_block":211,"minecraft:cobweb":8,"minecraft:peony":13,"minecraft:spruce_leaves":152,"minecraft:cobbled_deepslate":56,"minecraft:tuff":193,"minecraft:tuff_bricks":1,"minecraft:pale_oak_log":39,"minecraft:cracked_deepslate_tiles":1,"minecraft:damaged_anvil":9,"minecraft:flowering_azalea_leaves":14,"minecraft:pale_oak_leaves":84,"minecraft:calcite":193,"minecraft:acacia_door":4,"minecraft:pale_oak_planks":8,"minecraft:soul_lantern":12,"minecraft:cobblestone_slab":4,"minecraft:cornflower":10},"minecraft:dropped":{"minecraft:tripwire_hook":2,"minecraft:oak_planks":3,"minecraft:andesite":99,"minecraft:powered_rail":1,"minecraft:sweet_berries":7,"minecraft:mangrove_fence":4,"minecraft:wheat":1,"minecraft:detector_rail":4,"minecraft:gravel":4,"minecraft:cobbled_deepslate":11,"minecraft:bone":1,"minecraft:poppy":2,"minecraft:bowl":1,"minecraft:wheat_seeds":15,"minecraft:iron_ingot":21,"minecraft:cobblestone_slab":15,"minecraft:paper":24,"minecraft:spruce_slab":4,"minecraft:mangrove_planks":1,"minecraft:filled_map":1,"minecraft:calcite":1,"minecraft:lilac":1,"minecraft:redstone":10,"minecraft:chest_minecart":4,"minecraft:birch_sign":2,"minecraft:clay_ball":12,"minecraft:stick":7,"minecraft:spruce_sapling":2,"minecraft:arrow":16,"minecraft:brown_candle":1,"minecraft:spider_eye":1,"minecraft:gold_ingot":1,"minecraft:smooth_basalt":18,"minecraft:iron_pickaxe":2,"minecraft:snowball":128,"minecraft:ladder":5,"minecraft:leather_helmet":1,"minecraft:diorite":9,"minecraft:pale_moss_carpet":1,"minecraft:rotten_flesh":30,"minecraft:cobblestone":390,"minecraft:spruce_planks":4,"minecraft:sandstone":13,"minecraft:torch":64,"minecraft:leather_boots":1,"minecraft:cobblestone_stairs":6,"minecraft:pumpkin_seeds":6,"minecraft:red_mushroom":1,"minecraft:dirt":35,"minecraft:music_disc_13":1,"minecraft:activator_rail":9,"minecraft:sand":44,"minecraft:granite":40,"minecraft:moss_carpet":1,"minecraft:skeleton_skull":1,"minecraft:feather":1,"minecraft:rail":18,"minecraft:wildflowers":6,"minecraft:bone_meal":2,"minecraft:birch_sapling":2,"minecraft:leaf_litter":4,"minecraft:chicken":1,"minecraft:furnace":1,"minecraft:flint":2,"minecraft:yellow_dye":1,"minecraft:deepslate_tile_slab":2},"minecraft:used":{"minecraft:birch_sapling":21,"minecraft:painting":13,"minecraft:iron_axe":1051,"minecraft:birch_sign":14,"minecraft:mud":1,"minecraft:diamond_sword":299,"minecraft:cobbled_deepslate_slab":13,"minecraft:mangrove_boat":3,"minecraft:potato":1061,"minecraft:wheat_seeds":290,"minecraft:mangrove_slab":11,"minecraft:glow_berries":9,"minecraft:glass_bottle":24,"minecraft:oak_sign":9,"minecraft:mangrove_leaves":17,"minecraft:lantern":15,"minecraft:brush":9,"minecraft:cooked_porkchop":13,"minecraft:soul_lantern":2,"minecraft:decorated_pot":7,"minecraft:iron_shovel":774,"minecraft:deepslate_tile_slab":63,"minecraft:azalea_leaves":2,"minecraft:damaged_anvil":8,"minecraft:red_carpet":6,"minecraft:mud_bricks":1,"minecraft:oak_log":1,"minecraft:polished_deepslate_slab":24,"minecraft:stonecutter":5,"minecraft:diamond_axe":21,"minecraft:white_carpet":6,"minecraft:poppy":5,"minecraft:snowball":38,"minecraft:moss_block":3,"minecraft:jukebox":1,"minecraft:dandelion":14,"minecraft:stone_pickaxe":702,"minecraft:cobbled_deepslate":135,"minecraft:netherrack":10,"minecraft:loom":2,"minecraft:mangrove_roots":176,"minecraft:lilac":2,"minecraft:spruce_boat":7,"minecraft:vine":34,"minecraft:mossy_cobblestone":4,"minecraft:deepslate_brick_slab":18,"minecraft:diamond_shovel":1736,"minecraft:stone_shovel":237,"minecraft:birch_planks":204,"minecraft:bone_meal":48,"minecraft:anvil":3,"minecraft:enchanted_book":3,"minecraft:dirt":380,"minecraft:fishing_rod":482,"minecraft:cooked_salmon":3,"minecraft:sand":29,"minecraft:spruce_planks":246,"minecraft:birch_log":4,"minecraft:cooked_cod":69,"minecraft:shears":154,"minecraft:mangrove_planks":6,"minecraft:stone_brick_stairs":17,"minecraft:bucket":66,"minecraft:spyglass":6,"minecraft:deepslate_tiles":26,"minecraft:chiseled_bookshelf":4,"minecraft:oak_planks":1,"minecraft:oak_sapling":12,"minecraft:flower_pot":10,"minecraft:sugar_cane":23,"minecraft:stone_axe":411,"minecraft:wildflowers":4,"minecraft:shield":52,"minecraft:iron_pickaxe":2509,"minecraft:spruce_stairs":3,"minecraft:mangrove_sign":6,"minecraft:andesite":15,"minecraft:polished_deepslate":9,"minecraft:oak_boat":4,"minecraft:iron_sword":747,"minecraft:deepslate_bricks":1,"minecraft:diamond_pickaxe":1716,"minecraft:mangrove_trapdoor":25,"minecraft:bookshelf":4,"minecraft:ladder":95,"minecraft:tuff_brick_stairs":17,"minecraft:azalea":2,"minecraft:tuff":97,"minecraft:stone_sword":215,"minecraft:oxeye_daisy":3,"minecraft:red_bed":1,"minecraft:mangrove_log":18,"minecraft:brown_mushroom":64,"minecraft:spruce_door":1,"minecraft:map":1,"minecraft:pale_oak_planks":8,"minecraft:cobblestone":445,"minecraft:diamond_chestplate":1,"minecraft:stone":49,"minecraft:hopper":3,"minecraft:acacia_door":4,"minecraft:crafting_table":39,"minecraft:birch_boat":1,"minecraft:spruce_trapdoor":39,"minecraft:iron_chestplate":1,"minecraft:red_mushroom":72,"minecraft:potion":24,"minecraft:tuff_bricks":4,"minecraft:air":24,"minecraft:moss_carpet":33,"minecraft:spruce_log":5,"minecraft:stone_hoe":75,"minecraft:water_bucket":65,"minecraft:deepslate_brick_wall":16,"minecraft:black_stained_glass_pane":5,"minecraft:furnace":20,"minecraft:barrel":20,"minecraft:torch":560,"minecraft:bread":17,"minecraft:cobblestone_stairs":3,"minecraft:mangrove_stairs":6,"minecraft:cobblestone_slab":4,"minecraft:gravel":5,"minecraft:chipped_anvil":5,"minecraft:composter":3,"minecraft:cooked_beef":43,"minecraft:snow_block":117,"minecraft:mangrove_fence":4,"minecraft:chest":27,"minecraft:mangrove_propagule":6,"minecraft:cornflower":4,"minecraft:spruce_sapling":3,"minecraft:brown_wool":12,"minecraft:azure_bluet":3}},"DataVersion":4440}