{"stats":{"minecraft:used":{"minecraft:lectern":1,"minecraft:carrot":31,"minecraft:item_frame":1,"minecraft:written_book":13},"minecraft:picked_up":{"minecraft:egg":1,"minecraft:carrot":93,"minecraft:glow_berries":1,"minecraft:filled_map":2,"minecraft:emerald":4,"minecraft:paper":2,"minecraft:lectern":1,"minecraft:item_frame":1,"minecraft:written_book":2},"minecraft:mined":{"minecraft:carrots":25},"minecraft:custom":{"minecraft:time_since_rest":4003,"minecraft:walk_one_cm":87719,"minecraft:leave_game":1,"minecraft:walk_under_water_one_cm":1803,"minecraft:damage_taken":10,"minecraft:damage_dealt":0,"minecraft:interact_with_lectern":1,"minecraft:play_time":4371,"minecraft:jump":126,"minecraft:time_since_death":3994,"minecraft:bell_ring":2,"minecraft:sprint_one_cm":23558,"minecraft:open_chest":19,"minecraft:fall_one_cm":1594,"minecraft:total_world_time":4371,"minecraft:fly_one_cm":25311,"minecraft:walk_on_water_one_cm":199,"minecraft:crouch_one_cm":1050,"minecraft:sneak_time":70,"minecraft:climb_one_cm":2950,"minecraft:deaths":1,"minecraft:damage_dealt_resisted":3}},"DataVersion":4440}