{"stats":{"minecraft:killed_by":{"minecraft:endermite":1,"minecraft:creaking":2},"minecraft:used":{"minecraft:stone_axe":5,"minecraft:stone_shovel":1,"minecraft:oak_sapling":1,"minecraft:stone_pickaxe":1,"minecraft:bread":8,"minecraft:potato":5,"minecraft:written_book":3,"minecraft:wheat_seeds":46},"minecraft:picked_up":{"minecraft:oak_log":5,"minecraft:cobblestone":1,"minecraft:potato":18,"minecraft:wheat_seeds":127,"minecraft:wheat":47,"minecraft:oak_sapling":1,"minecraft:written_book":3},"minecraft:crafted":{"minecraft:bread":15,"minecraft:bow":1},"minecraft:mined":{"minecraft:powder_snow":1,"minecraft:oak_leaves":1,"minecraft:potatoes":5,"minecraft:oak_log":5,"minecraft:wheat":47,"minecraft:cobblestone":1},"minecraft:custom":{"minecraft:interact_with_crafting_table":1,"minecraft:time_since_rest":5109,"minecraft:walk_one_cm":85211,"minecraft:leave_game":1,"minecraft:walk_under_water_one_cm":411,"minecraft:damage_taken":10310,"minecraft:interact_with_lectern":1,"minecraft:play_time":9277,"minecraft:damage_dealt":0,"minecraft:jump":225,"minecraft:time_since_death":5099,"minecraft:open_barrel":3,"minecraft:sprint_one_cm":160665,"minecraft:open_chest":13,"minecraft:fall_one_cm":9125,"minecraft:total_world_time":9277,"minecraft:swim_one_cm":6742,"minecraft:fly_one_cm":35023,"minecraft:walk_on_water_one_cm":615,"minecraft:crouch_one_cm":3194,"minecraft:sneak_time":242,"minecraft:deaths":6,"minecraft:damage_dealt_resisted":27,"minecraft:animals_bred":11}},"DataVersion":4440}