{"stats":{"minecraft:killed_by":{"minecraft:player":6,"minecraft:endermite":3,"minecraft:warden":1,"minecraft:zombie":1},"minecraft:custom":{"minecraft:time_since_rest":11583,"minecraft:leave_game":65,"minecraft:boat_one_cm":1203798,"minecraft:damage_absorbed":282,"minecraft:time_since_death":47268,"minecraft:interact_with_furnace":260,"minecraft:total_world_time":1982178,"minecraft:crouch_one_cm":118923,"minecraft:raid_win":2,"minecraft:climb_one_cm":732832,"minecraft:deaths":25,"minecraft:interact_with_stonecutter":3,"minecraft:animals_bred":77,"minecraft:traded_with_villager":334,"minecraft:damage_blocked_by_shield":3652,"minecraft:interact_with_crafting_table":177,"minecraft:walk_one_cm":12693514,"minecraft:walk_under_water_one_cm":204576,"minecraft:horse_one_cm":40625,"minecraft:damage_dealt":179063,"minecraft:play_time":1982178,"minecraft:jump":43093,"minecraft:play_record":3,"minecraft:sprint_one_cm":6133132,"minecraft:inspect_hopper":143,"minecraft:fly_one_cm":7888042,"minecraft:walk_on_water_one_cm":344888,"minecraft:interact_with_blast_furnace":50,"minecraft:interact_with_grindstone":89,"minecraft:talked_to_villager":198,"minecraft:damage_taken":34007,"minecraft:mob_kills":4812,"minecraft:interact_with_beacon":14,"minecraft:damage_dealt_absorbed":164,"minecraft:open_enderchest":218,"minecraft:interact_with_brewingstand":50,"minecraft:interact_with_smithing_table":16,"minecraft:sleep_in_bed":7,"minecraft:swim_one_cm":426344,"minecraft:player_kills":29,"minecraft:enchant_item":129,"minecraft:interact_with_loom":2,"minecraft:play_noteblock":3,"minecraft:interact_with_lectern":10,"minecraft:drop":1034,"minecraft:bell_ring":16,"minecraft:open_barrel":71,"minecraft:open_chest":2940,"minecraft:interact_with_smoker":9,"minecraft:fall_one_cm":1013653,"minecraft:tune_noteblock":9,"minecraft:interact_with_anvil":58,"minecraft:sneak_time":51896,"minecraft:raid_trigger":1},"minecraft:broken":{"minecraft:iron_hoe":24,"minecraft:golden_sword":1,"minecraft:stone_axe":18,"minecraft:iron_pickaxe":2,"minecraft:diamond_chestplate":1,"minecraft:stone_pickaxe":3,"minecraft:diamond_boots":1,"minecraft:iron_axe":3,"minecraft:wooden_sword":1,"minecraft:diamond_leggings":1,"minecraft:shears":1,"minecraft:diamond_helmet":1,"minecraft:diamond_axe":3},"minecraft:crafted":{"minecraft:diamond_boots":2,"minecraft:wooden_sword":1,"minecraft:gold_ingot":650,"minecraft:iron_chestplate":1,"minecraft:crimson_planks":4,"minecraft:raw_copper_block":11,"minecraft:stick":3528,"minecraft:cooked_porkchop":24,"minecraft:iron_helmet":1,"minecraft:diamond_axe":1,"minecraft:iron_block":3,"minecraft:chest":7,"minecraft:air":0,"minecraft:quartz_bricks":128,"minecraft:bone_meal":11835,"minecraft:dark_oak_planks":8,"minecraft:lapis_block":31,"minecraft:glass_bottle":15,"minecraft:diamond_shovel":1,"minecraft:glass":6,"minecraft:cobblestone_slab":6,"minecraft:quartz_block":224,"minecraft:mangrove_planks":376,"minecraft:iron_hoe":25,"minecraft:mangrove_boat":1,"minecraft:oak_planks":1520,"minecraft:gold_nugget":273,"minecraft:campfire":9,"minecraft:netherite_upgrade_smithing_template":14,"minecraft:yellow_banner":2,"minecraft:yellow_dye":6,"minecraft:mangrove_sign":3,"minecraft:cooked_chicken":5,"minecraft:blackstone_slab":6,"minecraft:birch_planks":636,"minecraft:cooked_mutton":83,"minecraft:iron_boots":1,"minecraft:anvil":1,"minecraft:amethyst_block":383,"minecraft:bone_block":1303,"minecraft:netherite_ingot":5,"minecraft:emerald_block":3,"minecraft:cooked_beef":50,"minecraft:diamond":162,"minecraft:golden_carrot":5,"minecraft:diamond_chestplate":1,"minecraft:diamond_sword":1,"minecraft:iron_bars":16,"minecraft:iron_nugget":9,"minecraft:yellow_wool":6,"minecraft:emerald":328,"minecraft:wheat":99,"minecraft:netherite_scrap":20,"minecraft:birch_boat":9,"minecraft:pale_oak_planks":12,"minecraft:gold_block":102,"minecraft:iron_ingot":1,"minecraft:lead":2,"minecraft:diamond_helmet":5,"minecraft:bread":200,"minecraft:hay_block":33,"minecraft:blaze_powder":24,"minecraft:crafting_table":2,"minecraft:diamond_leggings":2,"minecraft:torch":196,"minecraft:white_bed":90,"minecraft:baked_potato":24,"minecraft:clay":1,"minecraft:shield":1,"minecraft:stone_axe":19,"minecraft:spruce_planks":4,"minecraft:iron_pickaxe":22,"minecraft:diamond_block":35,"minecraft:tipped_arrow":75,"minecraft:iron_leggings":1,"minecraft:golden_apple":9,"minecraft:cobblestone_stairs":8},"minecraft:killed":{"minecraft:slime":57,"minecraft:pillager":13,"minecraft:zombified_piglin":3306,"minecraft:skeleton":584,"minecraft:witch":6,"minecraft:piglin":50,"minecraft:vindicator":6,"minecraft:frog":17,"minecraft:bat":7,"minecraft:spider":23,"minecraft:zombie":296,"minecraft:bogged":19,"minecraft:creeper":276,"minecraft:zombie_villager":3,"minecraft:chicken":19,"minecraft:enderman":8,"minecraft:hoglin":11,"minecraft:evoker":1,"minecraft:sheep":12,"minecraft:squid":1,"minecraft:drowned":7,"minecraft:cow":2,"minecraft:vex":4},"minecraft:picked_up":{"minecraft:sweet_berries":1,"minecraft:pale_oak_log":155,"minecraft:shears":1,"minecraft:cobblestone":75,"minecraft:bone":374,"minecraft:rose_bush":1,"minecraft:cooked_mutton":14,"minecraft:clay_ball":4,"minecraft:iron_bars":4,"minecraft:white_banner":1,"minecraft:emerald":6,"minecraft:chainmail_chestplate":1,"minecraft:pale_oak_sapling":14,"minecraft:mangrove_trapdoor":1,"minecraft:ink_sac":4,"minecraft:armor_stand":3,"minecraft:chainmail_helmet":1,"minecraft:wildflowers":3,"minecraft:bow":26,"minecraft:birch_boat":27,"minecraft:smooth_basalt":17,"minecraft:arrow":232,"minecraft:iron_ingot":63,"minecraft:spruce_slab":2,"minecraft:cactus":2,"minecraft:crossbow":1,"minecraft:dandelion":6,"minecraft:mutton":17,"minecraft:nautilus_shell":1,"minecraft:golden_carrot":13,"minecraft:stonecutter":1,"minecraft:crimson_stem":1,"minecraft:mangrove_leaves":98,"minecraft:cobblestone_stairs":2,"minecraft:oak_log":383,"minecraft:sand":6,"minecraft:mangrove_boat":3,"minecraft:wheat_seeds":4131,"minecraft:quartz":849,"minecraft:egg":179,"minecraft:iron_leggings":1,"minecraft:yellow_banner":3,"minecraft:red_mushroom":5,"minecraft:beetroot_seeds":1109,"minecraft:oak_sign":4,"minecraft:chainmail_boots":1,"minecraft:ender_pearl":16,"minecraft:string":25,"minecraft:golden_sword":54,"minecraft:writable_book":2,"minecraft:light_gray_terracotta":1,"minecraft:enchanted_book":1,"minecraft:spruce_sapling":31,"minecraft:iron_block":5,"minecraft:mangrove_log":2445,"minecraft:flowering_azalea":1,"minecraft:white_bed":7,"minecraft:bucket":1,"minecraft:leather":14,"minecraft:lead":1,"minecraft:armadillo_scute":5,"minecraft:moss_carpet":1032,"minecraft:music_disc_tears":1,"minecraft:scaffolding":3,"minecraft:mangrove_slab":2,"minecraft:porkchop":27,"minecraft:spruce_sign":3,"minecraft:stick":1146,"minecraft:player_head":1,"minecraft:cooked_porkchop":18,"minecraft:iron_axe":1,"minecraft:cookie":2,"minecraft:item_frame":14,"minecraft:raw_iron":77,"minecraft:diamond_chestplate":1,"minecraft:honeycomb":18,"minecraft:mangrove_fence":2,"minecraft:chest":2,"minecraft:netherite_sword":2,"minecraft:netherrack":2080,"minecraft:beacon":2,"minecraft:gravel":28,"minecraft:quartz_block":102,"minecraft:tuff":214,"minecraft:phantom_membrane":15,"minecraft:cooked_cod":1,"minecraft:stripped_mangrove_log":1,"minecraft:potato":19,"minecraft:lapis_lazuli":155,"minecraft:ominous_bottle":1,"minecraft:mangrove_sign":7,"minecraft:oak_boat":1,"minecraft:oak_planks":22,"minecraft:raw_copper":102,"minecraft:rotten_flesh":603,"minecraft:written_book":4,"minecraft:ancient_debris":20,"minecraft:apple":31,"minecraft:fern":1,"minecraft:calcite":572,"minecraft:poisonous_potato":9,"minecraft:flint":7,"minecraft:suspicious_stew":1,"minecraft:redstone":9,"minecraft:dark_oak_sign":4,"minecraft:firefly_bush":3,"minecraft:slime_ball":51,"minecraft:diamond":118,"minecraft:dark_oak_sapling":3,"minecraft:lily_pad":10,"minecraft:crimson_roots":1,"minecraft:nether_wart":123,"minecraft:jungle_sign":1,"minecraft:charcoal":2,"minecraft:gold_block":9,"minecraft:magma_cream":3,"minecraft:bowl":1,"minecraft:raw_gold":71,"minecraft:emerald_block":56,"minecraft:beetroot":410,"minecraft:spruce_planks":8,"minecraft:dirt":19,"minecraft:blue_egg":6,"minecraft:rail":4,"minecraft:torch":21,"minecraft:diamond_pickaxe":3,"minecraft:bread":15,"minecraft:spruce_log":4,"minecraft:iron_boots":1,"minecraft:coal":67,"minecraft:birch_planks":15,"minecraft:iron_pickaxe":3,"minecraft:milk_bucket":3,"minecraft:nether_bricks":1,"minecraft:jungle_stairs":3,"minecraft:birch_sapling":26,"minecraft:totem_of_undying":1,"minecraft:poppy":3,"minecraft:white_wool":488,"minecraft:feather":17,"minecraft:mangrove_propagule":542,"minecraft:potion":9,"minecraft:lily_of_the_valley":1,"minecraft:mangrove_planks":67,"minecraft:amethyst_shard":1780,"minecraft:filled_map":13,"minecraft:vine":11,"minecraft:diamond_axe":5,"minecraft:soul_sand":13,"minecraft:carrot":2106,"minecraft:mangrove_roots":5415,"minecraft:gold_nugget":626,"minecraft:cod":2,"minecraft:gold_ingot":14,"minecraft:baked_potato":15,"minecraft:golden_apple":3,"minecraft:chicken":2,"minecraft:cooked_chicken":22,"minecraft:cobbled_deepslate":666,"minecraft:pointed_dripstone":2,"minecraft:glowstone_dust":2,"minecraft:pumpkin_seeds":1,"minecraft:music_disc_lava_chicken":1,"minecraft:amethyst_block":233,"minecraft:wheat":1455,"minecraft:map":1,"minecraft:gunpowder":46,"minecraft:pumpkin_pie":6,"minecraft:blackstone":236,"minecraft:magma_block":1,"minecraft:leaf_litter":61,"minecraft:grass_block":2,"minecraft:birch_log":91,"minecraft:mud":413,"minecraft:bamboo_planks":27,"minecraft:diamond_block":3,"minecraft:spider_eye":19,"minecraft:bone_meal":72,"minecraft:dark_oak_log":42,"minecraft:tipped_arrow":6,"minecraft:campfire":1,"minecraft:flower_pot":21,"minecraft:golden_helmet":1,"minecraft:crafting_table":2,"minecraft:decorated_pot":1,"minecraft:oak_sapling":156,"minecraft:beef":3,"minecraft:cobblestone_slab":9,"minecraft:music_disc_cat":3,"minecraft:glass_bottle":6,"minecraft:iron_hoe":1,"minecraft:paper":2,"minecraft:cocoa_beans":75},"minecraft:mined":{"minecraft:torch":4,"minecraft:dark_oak_wall_sign":4,"minecraft:mangrove_roots":6685,"minecraft:potted_mangrove_propagule":21,"minecraft:spruce_log":2,"minecraft:nether_quartz_ore":659,"minecraft:chest":2,"minecraft:smooth_basalt":23,"minecraft:oak_sign":4,"minecraft:netherrack":4254,"minecraft:beacon":2,"minecraft:spruce_sapling":1,"minecraft:amethyst_block":298,"minecraft:weeping_vines_plant":1,"minecraft:mangrove_fence":2,"minecraft:birch_log":58,"minecraft:farmland":1,"minecraft:blackstone":242,"minecraft:campfire":1,"minecraft:gold_block":9,"minecraft:wall_torch":4,"minecraft:fire":847,"minecraft:kelp_plant":3,"minecraft:mangrove_planks":1,"minecraft:deepslate_diamond_ore":40,"minecraft:potatoes":5,"minecraft:mangrove_propagule":43,"minecraft:oak_sapling":4,"minecraft:beetroots":402,"minecraft:dark_oak_log":42,"minecraft:spruce_wall_sign":1,"minecraft:dandelion":6,"minecraft:cobblestone":88,"minecraft:sugar_cane":1,"minecraft:blackstone_slab":1,"minecraft:diamond_block":3,"minecraft:kelp":1,"minecraft:mangrove_leaves":11821,"minecraft:scaffolding":3,"minecraft:oak_leaves":85,"minecraft:mangrove_slab":2,"minecraft:clay":1,"minecraft:rose_bush":1,"minecraft:mangrove_trapdoor":1,"minecraft:crimson_roots":1,"minecraft:iron_bars":4,"minecraft:tall_grass":236,"minecraft:wildflowers":1,"minecraft:large_amethyst_bud":3,"minecraft:pointed_dripstone":1,"minecraft:tall_seagrass":17,"minecraft:lily_pad":4,"minecraft:dirt":16,"minecraft:yellow_wall_banner":1,"minecraft:medium_amethyst_bud":1,"minecraft:soul_fire":2,"minecraft:moss_carpet":158,"minecraft:deepslate":1233,"minecraft:sand":9,"minecraft:seagrass":8,"minecraft:stonecutter":1,"minecraft:oak_log":383,"minecraft:cocoa":25,"minecraft:mud":447,"minecraft:vine":1519,"minecraft:carrots":585,"minecraft:small_amethyst_bud":2,"minecraft:gravel":44,"minecraft:short_grass":36,"minecraft:mangrove_wall_sign":4,"minecraft:acacia_leaves":2,"minecraft:flowering_azalea":1,"minecraft:leaf_litter":24,"minecraft:copper_ore":11,"minecraft:firefly_bush":3,"minecraft:deepslate_gold_ore":27,"minecraft:nether_bricks":1,"minecraft:budding_amethyst":13,"minecraft:dark_oak_leaves":12,"minecraft:jungle_stairs":3,"minecraft:jungle_wall_sign":1,"minecraft:poppy":1,"minecraft:deepslate_lapis_ore":15,"minecraft:cactus":1,"minecraft:deepslate_iron_ore":40,"minecraft:iron_block":7,"minecraft:amethyst_cluster":240,"minecraft:stone":176,"minecraft:stripped_mangrove_log":1,"minecraft:granite":1,"minecraft:cobblestone_stairs":2,"minecraft:crimson_stem":1,"minecraft:yellow_banner":2,"minecraft:coal_ore":27,"minecraft:diorite":3,"minecraft:wheat":1546,"minecraft:ancient_debris":18,"minecraft:white_bed":4,"minecraft:mangrove_sign":2,"minecraft:crimson_nylium":6,"minecraft:nether_wart":42,"minecraft:mangrove_log":2535,"minecraft:grass_block":22,"minecraft:cobbled_deepslate":25,"minecraft:tuff":179,"minecraft:pale_oak_log":155,"minecraft:pale_oak_leaves":229,"minecraft:nether_gold_ore":47,"minecraft:calcite":702,"minecraft:spruce_slab":2,"minecraft:cobblestone_slab":11,"minecraft:emerald_block":14},"minecraft:dropped":{"minecraft:lily_pad":1,"minecraft:magma_block":1,"minecraft:mangrove_roots":146,"minecraft:bone":209,"minecraft:bowl":1,"minecraft:blackstone":6,"minecraft:enchanted_book":1,"minecraft:mangrove_log":88,"minecraft:beetroot":1,"minecraft:raw_gold":8,"minecraft:pumpkin":67,"minecraft:mangrove_propagule":24,"minecraft:crossbow":1,"minecraft:oak_sapling":24,"minecraft:leather_chestplate":12,"minecraft:tuff":64,"minecraft:iron_leggings":1,"minecraft:scaffolding":1,"minecraft:arrow":1502,"minecraft:carrot":289,"minecraft:white_bed":14,"minecraft:gunpowder":15,"minecraft:enchanted_golden_apple":1,"minecraft:smooth_basalt":8,"minecraft:stone_axe":2,"minecraft:cooked_mutton":2,"minecraft:iron_pickaxe":5,"minecraft:baked_potato":7,"minecraft:golden_apple":2,"minecraft:tipped_arrow":2,"minecraft:rotten_flesh":530,"minecraft:chainmail_leggings":1,"minecraft:iron_helmet":1,"minecraft:stone_sword":1,"minecraft:leather_leggings":5,"minecraft:birch_planks":17,"minecraft:bow":214,"minecraft:bucket":2,"minecraft:dirt":1,"minecraft:crimson_planks":4,"minecraft:golden_chestplate":5,"minecraft:shears":1,"minecraft:ender_pearl":4,"minecraft:rail":3,"minecraft:coal":4,"minecraft:spruce_boat":1,"minecraft:blue_egg":1,"minecraft:potato":1,"minecraft:glass_bottle":3,"minecraft:nether_wart":2,"minecraft:slime_ball":22,"minecraft:crafting_table":1,"minecraft:vine":1,"minecraft:golden_helmet":11,"minecraft:netherrack":19,"minecraft:cooked_porkchop":4,"minecraft:iron_axe":1,"minecraft:porkchop":5,"minecraft:chainmail_helmet":2,"minecraft:cobbled_deepslate":282,"minecraft:music_disc_lava_chicken":1,"minecraft:egg":24,"minecraft:wheat_seeds":138,"minecraft:iron_ingot":4,"minecraft:stone_pickaxe":1,"minecraft:shield":1,"minecraft:chainmail_chestplate":1,"minecraft:diamond_pickaxe":3,"minecraft:hay_block":8,"minecraft:string":21,"minecraft:golden_boots":4,"minecraft:oak_sign":1,"minecraft:stick":3,"minecraft:bread":59,"minecraft:spider_eye":7,"minecraft:iron_boots":1,"minecraft:leather_helmet":6,"minecraft:cobblestone":23,"minecraft:pointed_dripstone":2,"minecraft:spruce_planks":3,"minecraft:leather_boots":1,"minecraft:pumpkin_seeds":1,"minecraft:diamond_axe":4,"minecraft:potion":4,"minecraft:white_wool":65,"minecraft:leather":9,"minecraft:iron_hoe":1,"minecraft:diamond_boots":1,"minecraft:diamond_chestplate":1,"minecraft:moss_carpet":77,"minecraft:birch_log":33,"minecraft:diamond":5,"minecraft:golden_sword":5,"minecraft:suspicious_stew":1,"minecraft:bone_meal":64,"minecraft:beetroot_seeds":7,"minecraft:pumpkin_pie":1,"minecraft:netherite_sword":2,"minecraft:chicken":21,"minecraft:beef":2,"minecraft:flint":1,"minecraft:golden_leggings":5,"minecraft:gold_nugget":4,"minecraft:netherite_upgrade_smithing_template":1,"minecraft:writable_book":1,"minecraft:fern":1},"minecraft:used":{"minecraft:iron_axe":755,"minecraft:player_head":1,"minecraft:clay":1,"minecraft:cactus":5,"minecraft:iron_block":2,"minecraft:mud":124,"minecraft:diamond_sword":588,"minecraft:mangrove_boat":5,"minecraft:potato":21,"minecraft:campfire":10,"minecraft:wheat_seeds":1548,"minecraft:glass_bottle":26,"minecraft:oak_sign":3,"minecraft:cooked_porkchop":26,"minecraft:crimson_stem":1,"minecraft:decorated_pot":1,"minecraft:firefly_bush":2,"minecraft:oak_log":3,"minecraft:flowering_azalea":1,"minecraft:diamond_axe":15167,"minecraft:nether_wart":42,"minecraft:blackstone":26,"minecraft:snowball":31,"minecraft:pumpkin_pie":4,"minecraft:beetroot_seeds":405,"minecraft:stone_pickaxe":499,"minecraft:armor_stand":3,"minecraft:bow":2,"minecraft:cobbled_deepslate":279,"minecraft:netherrack":656,"minecraft:mangrove_roots":155,"minecraft:vine":6,"minecraft:cod":1,"minecraft:diamond_shovel":319,"minecraft:stone_shovel":24,"minecraft:rotten_flesh":12,"minecraft:blackstone_slab":3,"minecraft:writable_book":15,"minecraft:bone_meal":20,"minecraft:item_frame":13,"minecraft:anvil":1,"minecraft:blue_egg":5,"minecraft:dirt":13,"minecraft:written_book":5,"minecraft:honey_bottle":2,"minecraft:dark_oak_sign":4,"minecraft:sand":1,"minecraft:dark_oak_sapling":4,"minecraft:spruce_planks":5,"minecraft:rose_bush":1,"minecraft:cooked_cod":1,"minecraft:iron_bars":20,"minecraft:shears":17,"minecraft:mangrove_planks":6,"minecraft:spyglass":53,"minecraft:cocoa_beans":28,"minecraft:oak_sapling":129,"minecraft:yellow_banner":4,"minecraft:stone_axe":2449,"minecraft:diamond_block":1,"minecraft:nether_bricks":1,"minecraft:jungle_sign":1,"minecraft:wildflowers":3,"minecraft:emerald_block":14,"minecraft:netherite_sword":2170,"minecraft:shield":49,"minecraft:iron_pickaxe":1226,"minecraft:mangrove_sign":9,"minecraft:pale_oak_sapling":22,"minecraft:oak_boat":1,"minecraft:firework_rocket":13,"minecraft:golden_carrot":9,"minecraft:milk_bucket":1,"minecraft:light_gray_terracotta":1,"minecraft:diamond_pickaxe":6957,"minecraft:mangrove_trapdoor":2,"minecraft:cooked_mutton":91,"minecraft:wooden_sword":59,"minecraft:cookie":3,"minecraft:ladder":6,"minecraft:beetroot":1,"minecraft:crossbow":50,"minecraft:jungle_stairs":3,"minecraft:tuff":23,"minecraft:stone_sword":32,"minecraft:sweet_berries":2,"minecraft:mangrove_log":30,"minecraft:ominous_bottle":1,"minecraft:cobblestone":52,"minecraft:diamond_chestplate":2,"minecraft:cherry_sign":1,"minecraft:golden_apple":8,"minecraft:carrot":946,"minecraft:crafting_table":2,"minecraft:spruce_sign":6,"minecraft:birch_boat":34,"minecraft:potion":9,"minecraft:white_bed":77,"minecraft:gold_block":9,"minecraft:air":1,"minecraft:baked_potato":28,"minecraft:scaffolding":2,"minecraft:moss_carpet":17,"minecraft:spruce_log":4,"minecraft:iron_hoe":6131,"minecraft:golden_sword":5,"minecraft:smooth_basalt":7,"minecraft:torch":181,"minecraft:bread":139,"minecraft:cobblestone_stairs":2,"minecraft:cobblestone_slab":12,"minecraft:gravel":1,"minecraft:beacon":2,"minecraft:cooked_chicken":23,"minecraft:lily_of_the_valley":1,"minecraft:cooked_beef":61,"minecraft:amethyst_block":1,"minecraft:mangrove_fence":2,"minecraft:chest":11,"minecraft:mangrove_propagule":6,"minecraft:spruce_sapling":16,"minecraft:egg":118,"minecraft:ender_pearl":3}},"DataVersion":4440}