{"stats":{"minecraft:dropped":{"minecraft:rotten_flesh":7,"minecraft:music_disc_cat":1,"minecraft:melon_seeds":3,"minecraft:stone_shovel":1,"minecraft:iron_axe":1,"minecraft:cobblestone":20,"minecraft:oak_planks":27,"minecraft:andesite":12,"minecraft:wooden_hoe":1,"minecraft:wheat":3,"minecraft:stone_sword":1,"minecraft:mossy_cobblestone":1,"minecraft:bow":2,"minecraft:gravel":44,"minecraft:cobbled_deepslate":44,"minecraft:bucket":1,"minecraft:dirt":13,"minecraft:raw_copper":16,"minecraft:wheat_seeds":61,"minecraft:granite":7,"minecraft:feather":1,"minecraft:stone_pickaxe":1,"minecraft:rail":1,"minecraft:redstone":64,"minecraft:tuff":1,"minecraft:stone_brick_slab":1,"minecraft:string":4,"minecraft:wooden_pickaxe":1,"minecraft:oak_sign":1,"minecraft:stick":10,"minecraft:arrow":16,"minecraft:gunpowder":8,"minecraft:wooden_axe":1,"minecraft:stone_axe":1,"minecraft:iron_boots":1,"minecraft:iron_pickaxe":1,"minecraft:oak_door":4,"minecraft:diorite":33},"minecraft:used":{"minecraft:stone_axe":52,"minecraft:iron_axe":205,"minecraft:iron_leggings":1,"minecraft:cobbled_deepslate":117,"minecraft:apple":3,"minecraft:shield":66,"minecraft:iron_pickaxe":472,"minecraft:andesite":6,"minecraft:diamond_sword":89,"minecraft:oak_boat":4,"minecraft:wheat_seeds":71,"minecraft:stone_shovel":4,"minecraft:glow_berries":12,"minecraft:iron_hoe":250,"minecraft:rotten_flesh":83,"minecraft:water_bucket":18,"minecraft:wooden_axe":46,"minecraft:diamond_pickaxe":3343,"minecraft:cooked_mutton":3,"minecraft:oak_sign":13,"minecraft:stone_bricks":10,"minecraft:furnace":6,"minecraft:cooked_porkchop":3,"minecraft:bread":10,"minecraft:torch":412,"minecraft:written_book":2,"minecraft:iron_boots":1,"minecraft:stone_sword":352,"minecraft:wooden_hoe":9,"minecraft:cobblestone_slab":3,"minecraft:wooden_pickaxe":27,"minecraft:oak_log":2,"minecraft:cooked_chicken":2,"minecraft:cobblestone":65,"minecraft:bucket":19,"minecraft:crafting_table":12,"minecraft:chest":6,"minecraft:iron_helmet":1,"minecraft:dripstone_block":1,"minecraft:oak_planks":12,"minecraft:oak_sapling":12,"minecraft:white_bed":2,"minecraft:sugar_cane":3,"minecraft:stone_pickaxe":463,"minecraft:oak_door":1},"minecraft:crafted":{"minecraft:stone_sword":1,"minecraft:wooden_axe":1,"minecraft:diamond_boots":1,"minecraft:stone_shovel":1,"minecraft:cooked_chicken":2,"minecraft:gold_ingot":36,"minecraft:stone_pickaxe":5,"minecraft:cooked_mutton":3,"minecraft:iron_chestplate":1,"minecraft:iron_boots":1,"minecraft:stick":120,"minecraft:charcoal":6,"minecraft:wooden_pickaxe":1,"minecraft:oak_door":3,"minecraft:cooked_porkchop":3,"minecraft:iron_helmet":1,"minecraft:iron_block":8,"minecraft:diamond_pickaxe":3,"minecraft:chest":4,"minecraft:diamond_chestplate":1,"minecraft:diamond_sword":1,"minecraft:air":0,"minecraft:bucket":1,"minecraft:furnace":2,"minecraft:oak_boat":3,"minecraft:gold_block":2,"minecraft:iron_ingot":112,"minecraft:lapis_block":3,"minecraft:diamond_helmet":1,"minecraft:bread":9,"minecraft:oak_sign":6,"minecraft:cobblestone_slab":6,"minecraft:crafting_table":3,"minecraft:iron_hoe":1,"minecraft:diamond_leggings":1,"minecraft:torch":352,"minecraft:white_bed":1,"minecraft:wooden_hoe":1,"minecraft:lapis_lazuli":27,"minecraft:shield":2,"minecraft:stone_axe":1,"minecraft:oak_planks":264,"minecraft:iron_pickaxe":2,"minecraft:shears":1,"minecraft:redstone_block":35,"minecraft:iron_axe":3,"minecraft:iron_leggings":1},"minecraft:killed":{"minecraft:zombie":228,"minecraft:slime":5,"minecraft:skeleton":20,"minecraft:cave_spider":5,"minecraft:creeper":3,"minecraft:chicken":3,"minecraft:enderman":2,"minecraft:sheep":2,"minecraft:pig":1,"minecraft:spider":5},"minecraft:broken":{"minecraft:iron_hoe":1,"minecraft:shield":1,"minecraft:stone_sword":1,"minecraft:stone_pickaxe":2},"minecraft:picked_up":{"minecraft:cobblestone":248,"minecraft:white_bed":1,"minecraft:bucket":1,"minecraft:sugar_cane":10,"minecraft:bone":21,"minecraft:redstone":379,"minecraft:gold_ingot":1,"minecraft:diamond":90,"minecraft:slime_ball":6,"minecraft:granite":7,"minecraft:stone_brick_slab":1,"minecraft:porkchop":3,"minecraft:stick":13,"minecraft:chicken":2,"minecraft:gold_block":4,"minecraft:bow":2,"minecraft:arrow":32,"minecraft:iron_ingot":9,"minecraft:raw_iron":134,"minecraft:cobbled_deepslate":1273,"minecraft:pointed_dripstone":4,"minecraft:lapis_block":3,"minecraft:raw_gold":81,"minecraft:mossy_cobblestone":1,"minecraft:wheat":27,"minecraft:mutton":3,"minecraft:gunpowder":12,"minecraft:chest":4,"minecraft:dirt":13,"minecraft:rail":1,"minecraft:gravel":44,"minecraft:torch":34,"minecraft:dripstone_block":1,"minecraft:tuff":84,"minecraft:iron_boots":1,"minecraft:coal":136,"minecraft:oak_log":74,"minecraft:potato":2,"minecraft:furnace":4,"minecraft:wheat_seeds":128,"minecraft:oak_door":2,"minecraft:lapis_lazuli":182,"minecraft:iron_pickaxe":1,"minecraft:spider_eye":1,"minecraft:diorite":33,"minecraft:oak_boat":1,"minecraft:feather":1,"minecraft:white_wool":3,"minecraft:oak_planks":2,"minecraft:crafting_table":10,"minecraft:raw_copper":16,"minecraft:oak_sapling":12,"minecraft:andesite":18,"minecraft:rotten_flesh":46,"minecraft:written_book":2,"minecraft:oak_sign":10,"minecraft:apple":3,"minecraft:cobblestone_slab":2,"minecraft:string":6,"minecraft:stone_bricks":16,"minecraft:obsidian":14},"minecraft:mined":{"minecraft:torch":21,"minecraft:sculk":300,"minecraft:spawner":1,"minecraft:chest":4,"minecraft:oak_sign":8,"minecraft:gravel":21,"minecraft:short_grass":200,"minecraft:crafting_table":10,"minecraft:deepslate_redstone_ore":122,"minecraft:obsidian":14,"minecraft:farmland":1,"minecraft:copper_ore":5,"minecraft:andesite":35,"minecraft:deepslate_gold_ore":50,"minecraft:gold_block":1,"minecraft:wall_torch":7,"minecraft:deepslate_lapis_ore":18,"minecraft:deepslate_diamond_ore":57,"minecraft:deepslate_iron_ore":91,"minecraft:dripstone_block":1,"minecraft:iron_ore":32,"minecraft:stone":340,"minecraft:stone_bricks":16,"minecraft:granite":18,"minecraft:coal_ore":137,"minecraft:wheat":28,"minecraft:diorite":37,"minecraft:sculk_sensor":3,"minecraft:oak_planks":2,"minecraft:cobblestone":10,"minecraft:sugar_cane":9,"minecraft:white_bed":1,"minecraft:oak_wall_sign":1,"minecraft:oak_leaves":17,"minecraft:furnace":4,"minecraft:sculk_vein":32,"minecraft:cracked_stone_bricks":1,"minecraft:glow_lichen":1,"minecraft:tall_grass":31,"minecraft:pointed_dripstone":3,"minecraft:dirt":2,"minecraft:mossy_cobblestone":1,"minecraft:grass_block":8,"minecraft:stone_brick_slab":1,"minecraft:cobbled_deepslate":3,"minecraft:tuff":193,"minecraft:deepslate":3076,"minecraft:cobblestone_slab":2,"minecraft:oak_log":74},"minecraft:custom":{"minecraft:time_since_rest":4291,"minecraft:talked_to_villager":3,"minecraft:leave_game":5,"minecraft:damage_taken":1411,"minecraft:mob_kills":274,"minecraft:boat_one_cm":292740,"minecraft:time_since_death":286614,"minecraft:interact_with_furnace":75,"minecraft:sleep_in_bed":4,"minecraft:swim_one_cm":71806,"minecraft:total_world_time":286614,"minecraft:crouch_one_cm":244298,"minecraft:climb_one_cm":682,"minecraft:enchant_item":2,"minecraft:damage_blocked_by_shield":6300,"minecraft:interact_with_crafting_table":60,"minecraft:inspect_dropper":1,"minecraft:walk_one_cm":1077439,"minecraft:walk_under_water_one_cm":27274,"minecraft:damage_dealt":31195,"minecraft:play_time":286614,"minecraft:jump":4480,"minecraft:drop":60,"minecraft:sprint_one_cm":667195,"minecraft:open_chest":129,"minecraft:fall_one_cm":91755,"minecraft:fly_one_cm":671849,"minecraft:interact_with_anvil":1,"minecraft:walk_on_water_one_cm":29262,"minecraft:sneak_time":38809}},"DataVersion":4440}