{"stats":{"minecraft:killed_by":{"minecraft:player":11,"minecraft:warden":1},"minecraft:custom":{"minecraft:time_since_rest":40742,"minecraft:talked_to_villager":123,"minecraft:leave_game":14,"minecraft:damage_taken":20258,"minecraft:mob_kills":664,"minecraft:boat_one_cm":8370,"minecraft:time_since_death":40729,"minecraft:open_enderchest":1,"minecraft:interact_with_brewingstand":3,"minecraft:interact_with_furnace":256,"minecraft:interact_with_smithing_table":3,"minecraft:inspect_dispenser":7,"minecraft:swim_one_cm":128824,"minecraft:total_world_time":632651,"minecraft:crouch_one_cm":92821,"minecraft:climb_one_cm":106207,"minecraft:deaths":36,"minecraft:interact_with_stonecutter":16,"minecraft:fish_caught":6,"minecraft:player_kills":7,"minecraft:enchant_item":6,"minecraft:interact_with_campfire":1,"minecraft:traded_with_villager":202,"minecraft:damage_blocked_by_shield":728,"minecraft:interact_with_crafting_table":113,"minecraft:walk_one_cm":3368513,"minecraft:walk_under_water_one_cm":139727,"minecraft:horse_one_cm":1680,"minecraft:interact_with_lectern":7,"minecraft:damage_dealt":25769,"minecraft:play_time":632651,"minecraft:jump":22881,"minecraft:drop":65,"minecraft:use_cauldron":1,"minecraft:bell_ring":22,"minecraft:open_barrel":1,"minecraft:sprint_one_cm":2790336,"minecraft:open_chest":586,"minecraft:fill_cauldron":2,"minecraft:interact_with_smoker":3,"minecraft:fall_one_cm":807416,"minecraft:fly_one_cm":6710814,"minecraft:interact_with_anvil":6,"minecraft:walk_on_water_one_cm":105018,"minecraft:sneak_time":12737,"minecraft:interact_with_blast_furnace":83,"minecraft:interact_with_grindstone":5},"minecraft:broken":{"minecraft:stone_shovel":1,"minecraft:diamond_shovel":1,"minecraft:iron_axe":1,"minecraft:iron_shovel":1,"minecraft:stone_axe":1,"minecraft:iron_pickaxe":1,"minecraft:stone_sword":1,"minecraft:stone_pickaxe":1},"minecraft:crafted":{"minecraft:diamond_boots":2,"minecraft:gold_ingot":67,"minecraft:iron_chestplate":1,"minecraft:stick":4740,"minecraft:deepslate_bricks":260,"minecraft:cherry_sign":12,"minecraft:stone_brick_slab":60,"minecraft:iron_helmet":2,"minecraft:chest":3,"minecraft:bookshelf":1,"minecraft:air":0,"minecraft:acacia_planks":8,"minecraft:bucket":2,"minecraft:bone_meal":6,"minecraft:spyglass":1,"minecraft:cherry_fence":3,"minecraft:dark_oak_planks":948,"minecraft:deepslate_tile_slab":72,"minecraft:cauldron":1,"minecraft:pale_oak_sign":6,"minecraft:glass":35,"minecraft:cobblestone_slab":78,"minecraft:pale_oak_boat":1,"minecraft:gold_nugget":603,"minecraft:deepslate_tiles":228,"minecraft:iron_shovel":2,"minecraft:fishing_rod":1,"minecraft:polished_deepslate":320,"minecraft:birch_planks":124,"minecraft:spruce_door":3,"minecraft:iron_boots":2,"minecraft:spruce_slab":18,"minecraft:charcoal":17,"minecraft:golden_carrot":75,"minecraft:cherry_planks":524,"minecraft:diamond_chestplate":1,"minecraft:diamond_sword":1,"minecraft:iron_nugget":3,"minecraft:emerald":188,"minecraft:raw_iron":9,"minecraft:pale_oak_planks":1008,"minecraft:iron_ingot":162,"minecraft:copper_ingot":3,"minecraft:cherry_fence_gate":1,"minecraft:diamond_helmet":1,"minecraft:stone":237,"minecraft:crafting_table":2,"minecraft:acacia_sign":3,"minecraft:experience_bottle":6,"minecraft:diamond_leggings":1,"minecraft:torch":16,"minecraft:enchanted_book":3,"minecraft:deepslate_brick_slab":42,"minecraft:spruce_stairs":40,"minecraft:clay":118,"minecraft:shield":1,"minecraft:pale_oak_stairs":4,"minecraft:spruce_planks":400,"minecraft:iron_pickaxe":1,"minecraft:iron_axe":2,"minecraft:iron_leggings":1,"minecraft:chainmail_chestplate":1},"minecraft:killed":{"minecraft:zombie":15,"minecraft:pillager":2,"minecraft:skeleton":11,"minecraft:cave_spider":1,"minecraft:creeper":5,"minecraft:chicken":1,"minecraft:silverfish":615,"minecraft:spider":9},"minecraft:picked_up":{"minecraft:pale_oak_log":262,"minecraft:cherry_sign":3,"minecraft:cobblestone":227,"minecraft:flint":27,"minecraft:stripped_dark_oak_log":10,"minecraft:sugar_cane":2,"minecraft:redstone":30,"minecraft:bone":5,"minecraft:deepslate_tiles":92,"minecraft:acacia_sapling":16,"minecraft:orange_terracotta":2,"minecraft:diamond_shovel":1,"minecraft:glow_berries":1,"minecraft:clay_ball":472,"minecraft:lantern":1,"minecraft:diamond":32,"minecraft:granite":28,"minecraft:white_terracotta":5,"minecraft:dark_oak_sapling":4,"minecraft:lily_pad":1,"minecraft:pale_oak_sapling":35,"minecraft:deepslate_brick_slab":2,"minecraft:book":3,"minecraft:salmon":2,"minecraft:spruce_boat":3,"minecraft:red_sand":40,"minecraft:arrow":7,"minecraft:iron_ingot":3,"minecraft:pale_oak_stairs":4,"minecraft:dark_oak_planks":32,"minecraft:spruce_slab":48,"minecraft:raw_gold":67,"minecraft:acacia_log":13,"minecraft:golden_carrot":5,"minecraft:acacia_planks":4,"minecraft:pale_oak_sign":3,"minecraft:spruce_planks":21,"minecraft:dirt":84,"minecraft:rail":1,"minecraft:axolotl_bucket":1,"minecraft:torch":65,"minecraft:diamond_pickaxe":1,"minecraft:cherry_log":37,"minecraft:bread":4,"minecraft:spruce_log":289,"minecraft:coal":209,"minecraft:oak_log":12,"minecraft:wheat_seeds":2,"minecraft:birch_sapling":17,"minecraft:white_wool":3,"minecraft:potion":4,"minecraft:dried_kelp":64,"minecraft:andesite":7,"minecraft:oak_sign":2,"minecraft:deepslate_tile_slab":69,"minecraft:string":21,"minecraft:raw_iron_block":1,"minecraft:obsidian":11,"minecraft:light_gray_terracotta":9,"minecraft:amethyst_shard":22,"minecraft:pale_oak_trapdoor":1,"minecraft:diamond_axe":1,"minecraft:carrot":400,"minecraft:spruce_sapling":58,"minecraft:black_terracotta":18,"minecraft:yellow_terracotta":10,"minecraft:flowering_azalea":1,"minecraft:gold_nugget":3,"minecraft:cod":2,"minecraft:armadillo_scute":2,"minecraft:scaffolding":2,"minecraft:glow_ink_sac":4,"minecraft:spruce_sign":8,"minecraft:oak_trapdoor":2,"minecraft:stick":107,"minecraft:bamboo":475,"minecraft:chicken":1,"minecraft:red_terracotta":10,"minecraft:player_head":1,"minecraft:iron_axe":1,"minecraft:cauldron":1,"minecraft:cooked_chicken":1,"minecraft:raw_iron":166,"minecraft:cobbled_deepslate":1065,"minecraft:amethyst_block":4,"minecraft:spruce_door":3,"minecraft:gunpowder":6,"minecraft:stone":4,"minecraft:gravel":121,"minecraft:tuff":43,"minecraft:polished_deepslate":3,"minecraft:pale_oak_planks":212,"minecraft:potato":41,"minecraft:birch_log":31,"minecraft:terracotta":2,"minecraft:lapis_lazuli":96,"minecraft:spider_eye":1,"minecraft:stripped_pale_oak_log":9,"minecraft:spruce_stairs":5,"minecraft:dark_oak_log":6,"minecraft:tipped_arrow":1,"minecraft:diorite":18,"minecraft:pufferfish":2,"minecraft:cherry_sapling":13,"minecraft:oak_planks":1,"minecraft:brown_egg":4,"minecraft:crafting_table":3,"minecraft:raw_copper":29,"minecraft:oak_sapling":11,"minecraft:rotten_flesh":10,"minecraft:apple":1,"minecraft:cobblestone_slab":5,"minecraft:paper":1},"minecraft:mined":{"minecraft:torch":4,"minecraft:redstone_ore":1,"minecraft:pale_oak_sapling":6,"minecraft:cherry_log":37,"minecraft:sculk":448,"minecraft:spruce_log":293,"minecraft:smooth_basalt":1,"minecraft:oak_sign":1,"minecraft:white_terracotta":3,"minecraft:terracotta":2,"minecraft:carrots":108,"minecraft:spruce_sapling":3,"minecraft:gravel":339,"minecraft:short_grass":9,"minecraft:amethyst_block":4,"minecraft:weeping_vines_plant":1,"minecraft:stripped_dark_oak_log":3,"minecraft:acacia_leaves":3,"minecraft:spruce_planks":43,"minecraft:crafting_table":3,"minecraft:flowering_azalea":1,"minecraft:birch_log":31,"minecraft:deepslate_redstone_ore":4,"minecraft:obsidian":12,"minecraft:copper_ore":2,"minecraft:raw_iron_block":1,"minecraft:gold_ore":40,"minecraft:andesite":33,"minecraft:sculk_shrieker":1,"minecraft:pale_oak_sign":3,"minecraft:dark_oak_sapling":4,"minecraft:deepslate_gold_ore":27,"minecraft:bamboo":45,"minecraft:ice":3,"minecraft:diamond_ore":4,"minecraft:wall_torch":51,"minecraft:deepslate_diamond_ore":28,"minecraft:cauldron":1,"minecraft:deepslate_iron_ore":89,"minecraft:pale_oak_trapdoor":1,"minecraft:deepslate_tiles":100,"minecraft:amethyst_cluster":4,"minecraft:black_terracotta":18,"minecraft:iron_ore":79,"minecraft:acacia_log":13,"minecraft:stone":386,"minecraft:deepslate_brick_slab":2,"minecraft:dark_oak_log":6,"minecraft:orange_terracotta":2,"minecraft:granite":43,"minecraft:stripped_pale_oak_log":10,"minecraft:glass":1,"minecraft:coal_ore":216,"minecraft:diorite":27,"minecraft:sculk_sensor":7,"minecraft:oak_planks":1,"minecraft:red_sand":53,"minecraft:cobblestone":4,"minecraft:sugar_cane":2,"minecraft:oak_trapdoor":2,"minecraft:cherry_leaves":6,"minecraft:scaffolding":3,"minecraft:red_terracotta":14,"minecraft:polished_deepslate":4,"minecraft:yellow_terracotta":13,"minecraft:clay":118,"minecraft:spruce_stairs":28,"minecraft:sculk_vein":8,"minecraft:bookshelf":1,"minecraft:deepslate_copper_ore":7,"minecraft:light_gray_terracotta":10,"minecraft:cherry_wall_sign":1,"minecraft:powder_snow":15,"minecraft:deepslate_tile_slab":67,"minecraft:dirt":29,"minecraft:grass_block":89,"minecraft:cobweb":20,"minecraft:spruce_leaves":65,"minecraft:cobbled_deepslate":2,"minecraft:tuff":53,"minecraft:moss_carpet":1,"minecraft:spruce_door":2,"minecraft:pale_oak_log":262,"minecraft:pale_oak_leaves":4,"minecraft:deepslate":1105,"minecraft:spruce_slab":56,"minecraft:snow":1,"minecraft:pale_oak_planks":87,"minecraft:cobblestone_slab":5,"minecraft:spruce_sign":3,"minecraft:cherry_sign":2,"minecraft:oak_log":12,"minecraft:pale_oak_stairs":4,"minecraft:acacia_planks":4,"minecraft:lapis_ore":16},"minecraft:dropped":{"minecraft:rotten_flesh":5,"minecraft:iron_axe":2,"minecraft:oak_planks":1,"minecraft:andesite":1,"minecraft:spruce_planks":1,"minecraft:iron_chestplate":1,"minecraft:gravel":39,"minecraft:red_terracotta":9,"minecraft:cobbled_deepslate":1,"minecraft:bone":2,"minecraft:potion":3,"minecraft:armadillo_scute":2,"minecraft:wheat_seeds":2,"minecraft:granite":2,"minecraft:yellow_terracotta":6,"minecraft:paper":1,"minecraft:spruce_boat":1,"minecraft:black_terracotta":10,"minecraft:glass_bottle":1,"minecraft:player_head":1,"minecraft:orange_terracotta":2,"minecraft:golden_carrot":5,"minecraft:tuff":1,"minecraft:acacia_sign":2,"minecraft:oak_sign":1,"minecraft:acacia_planks":2,"minecraft:pale_oak_planks":1,"minecraft:spruce_sapling":1,"minecraft:arrow":8,"minecraft:gold_nugget":3,"minecraft:carrot":31,"minecraft:spruce_log":2,"minecraft:dried_kelp":1,"minecraft:gunpowder":4,"minecraft:white_terracotta":5,"minecraft:axolotl_bucket":1,"minecraft:light_gray_terracotta":8,"minecraft:terracotta":2,"minecraft:tipped_arrow":1,"minecraft:glow_ink_sac":2},"minecraft:used":{"minecraft:birch_sapling":5,"minecraft:iron_axe":373,"minecraft:cherry_fence_gate":1,"minecraft:diamond_sword":494,"minecraft:potato":59,"minecraft:glow_berries":1,"minecraft:wooden_axe":7,"minecraft:mushroom_stew":1,"minecraft:glass":25,"minecraft:salmon":2,"minecraft:black_terracotta":10,"minecraft:granite":9,"minecraft:iron_shovel":323,"minecraft:deepslate_tile_slab":142,"minecraft:pale_oak_sign":6,"minecraft:stripped_pale_oak_log":4,"minecraft:spruce_slab":35,"minecraft:flowering_azalea":1,"minecraft:diamond_axe":640,"minecraft:pale_oak_stairs":8,"minecraft:stone_pickaxe":131,"minecraft:cobbled_deepslate":118,"minecraft:acacia_planks":4,"minecraft:spruce_boat":1,"minecraft:cod":2,"minecraft:deepslate_brick_slab":39,"minecraft:diamond_shovel":136,"minecraft:pale_oak_trapdoor":1,"minecraft:stone_shovel":132,"minecraft:red_sand":1,"minecraft:writable_book":6,"minecraft:bone_meal":24,"minecraft:acacia_sapling":3,"minecraft:dirt":80,"minecraft:fishing_rod":11,"minecraft:obsidian":10,"minecraft:dark_oak_sapling":4,"minecraft:spruce_planks":153,"minecraft:rail":1,"minecraft:bucket":19,"minecraft:spyglass":660,"minecraft:deepslate_tiles":514,"minecraft:oak_sapling":2,"minecraft:brown_egg":2,"minecraft:sugar_cane":2,"minecraft:stone_axe":131,"minecraft:oak_trapdoor":2,"minecraft:shield":5,"minecraft:iron_pickaxe":251,"minecraft:spruce_stairs":43,"minecraft:andesite":5,"minecraft:polished_deepslate":195,"minecraft:pale_oak_sapling":32,"minecraft:dark_oak_log":142,"minecraft:acacia_sign":1,"minecraft:iron_sword":150,"minecraft:golden_carrot":75,"minecraft:acacia_log":2,"minecraft:cherry_sapling":1,"minecraft:stone_brick_slab":20,"minecraft:light_gray_terracotta":1,"minecraft:diamond_pickaxe":2054,"minecraft:bookshelf":1,"minecraft:stone_bricks":95,"minecraft:stripped_dark_oak_log":50,"minecraft:tuff":9,"minecraft:stone_sword":86,"minecraft:diorite":8,"minecraft:pale_oak_boat":1,"minecraft:tropical_fish_bucket":1,"minecraft:spruce_door":6,"minecraft:pale_oak_planks":287,"minecraft:cobblestone":109,"minecraft:cherry_sign":10,"minecraft:stone":4,"minecraft:axolotl_bucket":1,"minecraft:carrot":181,"minecraft:crafting_table":3,"minecraft:spruce_sign":3,"minecraft:potion":1,"minecraft:scaffolding":6,"minecraft:spruce_log":206,"minecraft:water_bucket":15,"minecraft:cherry_fence":3,"minecraft:torch":81,"minecraft:bread":4,"minecraft:iron_boots":1,"minecraft:yellow_terracotta":4,"minecraft:dried_kelp":63,"minecraft:cobblestone_slab":83,"minecraft:gravel":1,"minecraft:cooked_chicken":1,"minecraft:red_terracotta":1,"minecraft:cooked_beef":62,"minecraft:amethyst_block":4,"minecraft:chest":3,"minecraft:cauldron":2,"minecraft:spruce_sapling":37}},"DataVersion":4440}