{"stats":{"minecraft:picked_up":{"minecraft:porkchop":2,"minecraft:sweet_berries":2,"minecraft:salmon":8,"minecraft:dried_kelp":2,"minecraft:rotten_flesh":2},"minecraft:custom":{"minecraft:time_since_rest":17216,"minecraft:walk_one_cm":133300,"minecraft:leave_game":2,"minecraft:mob_kills":9,"minecraft:walk_under_water_one_cm":2342,"minecraft:damage_taken":3280,"minecraft:damage_dealt":517,"minecraft:play_time":19366,"minecraft:jump":506,"minecraft:time_since_death":17208,"minecraft:sprint_one_cm":72591,"minecraft:open_chest":3,"minecraft:fall_one_cm":11630,"minecraft:swim_one_cm":12717,"minecraft:total_world_time":19366,"minecraft:fly_one_cm":120441,"minecraft:walk_on_water_one_cm":10319,"minecraft:crouch_one_cm":465,"minecraft:sneak_time":55,"minecraft:climb_one_cm":1322,"minecraft:deaths":1,"minecraft:damage_dealt_resisted":24},"minecraft:killed_by":{"minecraft:creaking":1},"minecraft:killed":{"minecraft:salmon":8,"minecraft:pig":1},"minecraft:used":{"minecraft:stone_axe":1,"minecraft:stone_sword":16,"minecraft:sweet_berries":2,"minecraft:salmon":8,"minecraft:dried_kelp":2,"minecraft:porkchop":2}},"DataVersion":4440}