{"stats":{"minecraft:dropped":{"minecraft:azalea":12,"minecraft:wheat_seeds":2,"minecraft:spider_eye":1,"minecraft:moss_carpet":7,"minecraft:clay_ball":4,"minecraft:baked_potato":2},"minecraft:custom":{"minecraft:talked_to_villager":1,"minecraft:time_since_rest":52845,"minecraft:leave_game":4,"minecraft:damage_taken":18592,"minecraft:mob_kills":105,"minecraft:time_since_death":97449,"minecraft:interact_with_furnace":2,"minecraft:sleep_in_bed":1,"minecraft:total_world_time":124645,"minecraft:swim_one_cm":2068,"minecraft:crouch_one_cm":4807,"minecraft:deaths":7,"minecraft:climb_one_cm":7769,"minecraft:damage_blocked_by_shield":712,"minecraft:interact_with_crafting_table":13,"minecraft:walk_one_cm":648945,"minecraft:walk_under_water_one_cm":16429,"minecraft:interact_with_lectern":6,"minecraft:play_time":124645,"minecraft:damage_dealt":18386,"minecraft:jump":3242,"minecraft:drop":9,"minecraft:bell_ring":39,"minecraft:open_barrel":6,"minecraft:sprint_one_cm":263237,"minecraft:open_chest":19,"minecraft:interact_with_smoker":1,"minecraft:fall_one_cm":79861,"minecraft:fly_one_cm":640728,"minecraft:walk_on_water_one_cm":33257,"minecraft:sneak_time":1212,"minecraft:interact_with_blast_furnace":9},"minecraft:crafted":{"minecraft:bone_meal":3,"minecraft:iron_ingot":20,"minecraft:gold_ingot":11,"minecraft:stick":8,"minecraft:spruce_slab":12,"minecraft:spruce_stairs":120,"minecraft:shield":1,"minecraft:diamond_pickaxe":1,"minecraft:spruce_planks":212,"minecraft:iron_pickaxe":1,"minecraft:diamond_sword":1,"minecraft:iron_sword":1,"minecraft:bow":1,"minecraft:air":0},"minecraft:killed_by":{"minecraft:creaking":5,"minecraft:husk":1},"minecraft:picked_up":{"minecraft:carrot":1,"minecraft:spruce_sapling":3,"minecraft:cobblestone":56,"minecraft:flowering_azalea":4,"minecraft:flint":3,"minecraft:gravel":25,"minecraft:golden_boots":1,"minecraft:bone":18,"minecraft:deepslate_tile_stairs":1,"minecraft:spruce_log":81,"minecraft:coal":5,"minecraft:glow_berries":8,"minecraft:clay_ball":4,"minecraft:moss_carpet":7,"minecraft:sand":40,"minecraft:baked_potato":69,"minecraft:diamond":5,"minecraft:slime_ball":6,"minecraft:wheat_seeds":3,"minecraft:lapis_lazuli":67,"minecraft:spider_eye":3,"minecraft:spruce_stairs":11,"minecraft:bone_meal":21,"minecraft:spruce_sign":1,"minecraft:moss_block":475,"minecraft:bow":3,"minecraft:arrow":16,"minecraft:iron_ingot":1,"minecraft:rotten_flesh":75,"minecraft:raw_iron":15,"minecraft:cobbled_deepslate":3,"minecraft:deepslate_tile_slab":6,"minecraft:string":7,"minecraft:azalea":17,"minecraft:raw_gold":11,"minecraft:leather_helmet":1,"minecraft:amethyst_shard":8,"minecraft:gunpowder":1},"minecraft:broken":{"minecraft:stone_shovel":1,"minecraft:iron_pickaxe":1},"minecraft:mined":{"minecraft:deepslate_coal_ore":5,"minecraft:tall_grass":6,"minecraft:spruce_log":83,"minecraft:gold_ore":3,"minecraft:andesite":4,"minecraft:cave_vines_plant":5,"minecraft:moss_block":510,"minecraft:spruce_leaves":3,"minecraft:deepslate_gold_ore":8,"minecraft:gravel":43,"minecraft:short_grass":3,"minecraft:deepslate":18,"minecraft:sand":40,"minecraft:deepslate_lapis_ore":10,"minecraft:deepslate_diamond_ore":5,"minecraft:deepslate_iron_ore":15,"minecraft:clay":2,"minecraft:spruce_stairs":12,"minecraft:flowering_azalea":4,"minecraft:amethyst_cluster":2,"minecraft:azalea":5,"minecraft:stone":102,"minecraft:cave_vines":2,"minecraft:lapis_ore":2},"minecraft:killed":{"minecraft:zombie":16,"minecraft:slime":5,"minecraft:skeleton":12,"minecraft:husk":57,"minecraft:creeper":4,"minecraft:spider":10},"minecraft:used":{"minecraft:stone_axe":2,"minecraft:iron_axe":172,"minecraft:sand":16,"minecraft:stone_sword":43,"minecraft:cobbled_deepslate":3,"minecraft:baked_potato":59,"minecraft:shield":10,"minecraft:iron_pickaxe":252,"minecraft:spruce_stairs":102,"minecraft:diamond_sword":177,"minecraft:iron_sword":10,"minecraft:stone_shovel":131,"minecraft:spruce_slab":12,"minecraft:bone_meal":10,"minecraft:spruce_sign":1,"minecraft:moss_block":478,"minecraft:spruce_sapling":3,"minecraft:stone_pickaxe":15,"minecraft:bow":12}},"DataVersion":4440}