{"stats":{"minecraft:killed_by":{"minecraft:player":3,"minecraft:zombified_piglin":1,"minecraft:enderman":1,"minecraft:zombie":1},"minecraft:custom":{"minecraft:eat_cake_slice":8,"minecraft:time_since_rest":2212,"minecraft:leave_game":38,"minecraft:damage_taken":28912,"minecraft:mob_kills":2096,"minecraft:boat_one_cm":346381,"minecraft:time_since_death":2200,"minecraft:damage_dealt_absorbed":8,"minecraft:open_enderchest":31,"minecraft:interact_with_furnace":430,"minecraft:interact_with_smithing_table":3,"minecraft:sleep_in_bed":3,"minecraft:swim_one_cm":20858,"minecraft:total_world_time":925062,"minecraft:crouch_one_cm":403913,"minecraft:climb_one_cm":107241,"minecraft:deaths":36,"minecraft:interact_with_stonecutter":18,"minecraft:enchant_item":22,"minecraft:damage_blocked_by_shield":6112,"minecraft:interact_with_crafting_table":239,"minecraft:walk_one_cm":6433209,"minecraft:walk_under_water_one_cm":38888,"minecraft:interact_with_lectern":10,"minecraft:damage_dealt":77607,"minecraft:play_time":925062,"minecraft:jump":16226,"minecraft:play_record":2,"minecraft:drop":382,"minecraft:bell_ring":1,"minecraft:open_barrel":39,"minecraft:sprint_one_cm":3034676,"minecraft:open_chest":1584,"minecraft:inspect_hopper":11,"minecraft:interact_with_smoker":68,"minecraft:fall_one_cm":531174,"minecraft:fly_one_cm":2757173,"minecraft:interact_with_anvil":52,"minecraft:walk_on_water_one_cm":86436,"minecraft:sneak_time":49760,"minecraft:interact_with_blast_furnace":182,"minecraft:interact_with_grindstone":7},"minecraft:broken":{"minecraft:stone_shovel":1,"minecraft:diamond_shovel":4,"minecraft:iron_axe":1,"minecraft:wooden_axe":1,"minecraft:shield":1,"minecraft:iron_shovel":1,"minecraft:iron_pickaxe":1,"minecraft:diamond_pickaxe":1,"minecraft:stone_pickaxe":11},"minecraft:crafted":{"minecraft:wooden_axe":3,"minecraft:diamond_boots":2,"minecraft:wooden_sword":1,"minecraft:smithing_table":1,"minecraft:cherry_boat":1,"minecraft:gold_ingot":321,"minecraft:stick":168,"minecraft:deepslate_bricks":1,"minecraft:cooked_porkchop":3,"minecraft:cherry_slab":24,"minecraft:iron_helmet":1,"minecraft:diamond_axe":1,"minecraft:iron_block":4,"minecraft:diamond_pickaxe":8,"minecraft:chest":23,"minecraft:air":0,"minecraft:bow":2,"minecraft:flint_and_steel":1,"minecraft:bone_meal":138,"minecraft:snow_block":1990,"minecraft:stone_hoe":1,"minecraft:lapis_block":3,"minecraft:diamond_shovel":7,"minecraft:red_dye":3,"minecraft:blast_furnace":1,"minecraft:cobblestone_slab":66,"minecraft:quartz_block":20,"minecraft:lapis_lazuli":27,"minecraft:bundle":1,"minecraft:oak_planks":40,"minecraft:gold_nugget":275,"minecraft:red_wool":5,"minecraft:iron_shovel":1,"minecraft:smoker":2,"minecraft:stone_shovel":1,"minecraft:white_dye":7,"minecraft:cooked_chicken":64,"minecraft:stone_pickaxe":14,"minecraft:coal_block":26,"minecraft:leather":1,"minecraft:iron_boots":1,"minecraft:anvil":1,"minecraft:smooth_stone":3,"minecraft:white_wool":8,"minecraft:charcoal":1,"minecraft:wooden_pickaxe":2,"minecraft:cooked_beef":64,"minecraft:stonecutter":1,"minecraft:spruce_sign":3,"minecraft:cherry_planks":188,"minecraft:barrel":10,"minecraft:diamond_chestplate":3,"minecraft:diamond_sword":7,"minecraft:furnace":17,"minecraft:iron_ingot":154,"minecraft:cooked_rabbit":14,"minecraft:copper_ingot":258,"minecraft:diamond_helmet":2,"minecraft:bread":156,"minecraft:tripwire_hook":2,"minecraft:stone":313,"minecraft:crafting_table":13,"minecraft:diamond_leggings":2,"minecraft:torch":412,"minecraft:white_bed":1,"minecraft:spruce_stairs":8,"minecraft:shield":1,"minecraft:stone_axe":1,"minecraft:crossbow":1,"minecraft:spruce_planks":748,"minecraft:iron_pickaxe":1,"minecraft:iron_axe":2,"minecraft:golden_apple":1,"minecraft:cobblestone_stairs":64},"minecraft:killed":{"minecraft:zombie":123,"minecraft:zombified_piglin":1889,"minecraft:stray":19,"minecraft:skeleton":15,"minecraft:rabbit":14,"minecraft:creeper":5,"minecraft:enderman":1,"minecraft:sheep":3,"minecraft:pig":2,"minecraft:witch":1,"minecraft:piglin":4,"minecraft:spider":7},"minecraft:picked_up":{"minecraft:sweet_berries":111,"minecraft:cobblestone":4485,"minecraft:flint":115,"minecraft:redstone":341,"minecraft:bone":41,"minecraft:deepslate_tiles":4,"minecraft:diamond_shovel":1,"minecraft:firefly_bush":1,"minecraft:diamond":364,"minecraft:granite":88,"minecraft:smoker":2,"minecraft:pale_oak_sapling":3,"minecraft:sugar":5,"minecraft:spruce_boat":3,"minecraft:spectral_arrow":181,"minecraft:bow":7,"minecraft:smooth_basalt":3,"minecraft:arrow":34,"minecraft:crossbow":2,"minecraft:raw_gold":102,"minecraft:firework_rocket":51,"minecraft:music_disc_chirp":2,"minecraft:mutton":1,"minecraft:crying_obsidian":22,"minecraft:spruce_planks":25,"minecraft:dirt":3098,"minecraft:rabbit_hide":7,"minecraft:stonecutter":1,"minecraft:golden_boots":1,"minecraft:torch":79,"minecraft:diamond_pickaxe":2,"minecraft:cherry_log":47,"minecraft:cobblestone_stairs":1,"minecraft:spruce_log":212,"minecraft:iron_boots":4,"minecraft:coal":502,"minecraft:oak_log":10,"minecraft:furnace":11,"minecraft:wheat_seeds":1304,"minecraft:splash_potion":6,"minecraft:quartz":98,"minecraft:diamond_sword":3,"minecraft:cooked_beef":19,"minecraft:potion":11,"minecraft:snowball":8988,"minecraft:blast_furnace":1,"minecraft:andesite":109,"minecraft:rabbit_foot":2,"minecraft:ender_pearl":6,"minecraft:string":78,"minecraft:golden_sword":11,"minecraft:smithing_table":1,"minecraft:obsidian":34,"minecraft:amethyst_shard":28,"minecraft:diamond_axe":1,"minecraft:soul_sand":75,"minecraft:enchanted_book":1,"minecraft:carrot":1,"minecraft:spruce_sapling":140,"minecraft:rabbit":15,"minecraft:white_bed":1,"minecraft:bucket":1,"minecraft:leather":123,"minecraft:gold_nugget":6,"minecraft:brown_mushroom":2,"minecraft:water_bucket":1,"minecraft:armadillo_scute":1,"minecraft:gold_ingot":50,"minecraft:baked_potato":8,"minecraft:porkchop":3,"minecraft:spruce_sign":2,"minecraft:stick":106,"minecraft:fire_charge":22,"minecraft:black_wool":2,"minecraft:golden_chestplate":1,"minecraft:cooked_chicken":36,"minecraft:raw_iron":177,"minecraft:cobbled_deepslate":2946,"minecraft:mossy_cobblestone":2,"minecraft:amethyst_block":37,"minecraft:nether_brick":29,"minecraft:wheat":471,"minecraft:leather_helmet":2,"minecraft:cherry_slab":1,"minecraft:gunpowder":4,"minecraft:chest":20,"minecraft:blackstone":203,"minecraft:magma_block":12,"minecraft:gravel":251,"minecraft:amethyst_cluster":1,"minecraft:bell":12,"minecraft:quartz_block":1,"minecraft:tuff":169,"minecraft:leaf_litter":46,"minecraft:lapis_lazuli":300,"minecraft:spider_eye":2,"minecraft:tipped_arrow":11,"minecraft:diorite":27,"minecraft:wooden_pickaxe":1,"minecraft:oak_boat":1,"minecraft:cherry_sapling":32,"minecraft:flint_and_steel":1,"minecraft:crafting_table":19,"minecraft:raw_copper":442,"minecraft:oak_sapling":6,"minecraft:rotten_flesh":193,"minecraft:apple":1,"minecraft:cobblestone_slab":31,"minecraft:iron_nugget":64,"minecraft:calcite":12,"minecraft:netherite_ingot":2,"minecraft:barrel":1,"minecraft:dried_ghast":2,"minecraft:paper":1},"minecraft:mined":{"minecraft:torch":23,"minecraft:redstone_ore":10,"minecraft:cherry_log":47,"minecraft:sculk":13,"minecraft:spawner":1,"minecraft:spruce_log":215,"minecraft:chest":20,"minecraft:smooth_basalt":6,"minecraft:blue_ice":1,"minecraft:spruce_sapling":8,"minecraft:gravel":350,"minecraft:short_grass":24,"minecraft:amethyst_block":39,"minecraft:brown_mushroom":2,"minecraft:sculk_catalyst":1,"minecraft:dirt_path":6,"minecraft:spruce_planks":63,"minecraft:crafting_table":19,"minecraft:deepslate_redstone_ore":74,"minecraft:leaf_litter":38,"minecraft:sweet_berry_bush":14,"minecraft:large_fern":9,"minecraft:magma_block":6,"minecraft:black_wool":1,"minecraft:obsidian":21,"minecraft:copper_ore":109,"minecraft:firefly_bush":2,"minecraft:gold_ore":2,"minecraft:birch_leaves":5,"minecraft:andesite":231,"minecraft:packed_ice":1737,"minecraft:blast_furnace":1,"minecraft:deepslate_gold_ore":103,"minecraft:ice":1,"minecraft:budding_amethyst":8,"minecraft:wall_torch":22,"minecraft:fern":9,"minecraft:fire":24,"minecraft:smithing_table":1,"minecraft:deepslate_diamond_ore":262,"minecraft:deepslate_lapis_ore":38,"minecraft:deepslate_iron_ore":81,"minecraft:deepslate_tiles":4,"minecraft:amethyst_cluster":4,"minecraft:iron_ore":102,"minecraft:stone":8816,"minecraft:granite":95,"minecraft:cobblestone_stairs":1,"minecraft:spruce_wall_sign":1,"minecraft:coal_ore":502,"minecraft:diorite":35,"minecraft:sculk_sensor":1,"minecraft:wheat":489,"minecraft:cobblestone":110,"minecraft:white_bed":1,"minecraft:red_mushroom_block":1,"minecraft:smoker":2,"minecraft:cherry_leaves":11,"minecraft:cherry_sapling":5,"minecraft:oak_leaves":28,"minecraft:furnace":11,"minecraft:spruce_stairs":8,"minecraft:sculk_vein":2,"minecraft:glow_lichen":1,"minecraft:tall_grass":1,"minecraft:snow_block":3012,"minecraft:wildflowers":1,"minecraft:barrel":1,"minecraft:mossy_cobblestone":2,"minecraft:dirt":8979,"minecraft:grass_block":188,"minecraft:medium_amethyst_bud":1,"minecraft:spruce_leaves":249,"minecraft:cobbled_deepslate":20,"minecraft:tuff":303,"minecraft:deepslate":3266,"minecraft:calcite":15,"minecraft:snow":546,"minecraft:cobblestone_slab":47,"minecraft:cherry_slab":1,"minecraft:spruce_sign":1,"minecraft:cornflower":1,"minecraft:stonecutter":1,"minecraft:oak_log":10,"minecraft:redstone_wire":1,"minecraft:lapis_ore":13},"minecraft:dropped":{"minecraft:diamond_shovel":2,"minecraft:sugar":3,"minecraft:andesite":8,"minecraft:powered_rail":1,"minecraft:magma_block":6,"minecraft:wheat":1,"minecraft:spectral_arrow":75,"minecraft:gravel":56,"minecraft:cobbled_deepslate":239,"minecraft:bone":1,"minecraft:wheat_seeds":19,"minecraft:flint_and_steel":1,"minecraft:blackstone":55,"minecraft:paper":1,"minecraft:stone_pickaxe":1,"minecraft:netherite_ingot":1,"minecraft:crossbow":1,"minecraft:soul_sand":15,"minecraft:cooked_chicken":28,"minecraft:calcite":12,"minecraft:diamond_pickaxe":1,"minecraft:tuff":101,"minecraft:fire_charge":2,"minecraft:string":21,"minecraft:stick":25,"minecraft:spruce_sapling":36,"minecraft:arrow":3,"minecraft:bell":12,"minecraft:gunpowder":2,"minecraft:bread":1,"minecraft:spider_eye":1,"minecraft:gold_ingot":88,"minecraft:smooth_basalt":3,"minecraft:rabbit_foot":2,"minecraft:iron_boots":2,"minecraft:snowball":1101,"minecraft:leather_helmet":1,"minecraft:baked_potato":1,"minecraft:diorite":5,"minecraft:tipped_arrow":1,"minecraft:rotten_flesh":51,"minecraft:cobblestone":166,"minecraft:iron_helmet":1,"minecraft:spruce_planks":2,"minecraft:pale_oak_sapling":3,"minecraft:cobblestone_stairs":1,"minecraft:bow":3,"minecraft:pumpkin_seeds":3,"minecraft:diamond_axe":1,"minecraft:bucket":1,"minecraft:potion":1,"minecraft:dirt":65,"minecraft:firework_rocket":6,"minecraft:leather":84,"minecraft:obsidian":2,"minecraft:golden_chestplate":1,"minecraft:quartz":2,"minecraft:granite":41,"minecraft:chest":2,"minecraft:diamond":109,"minecraft:ender_pearl":3,"minecraft:golden_sword":1,"minecraft:coal":34,"minecraft:bone_meal":6,"minecraft:crying_obsidian":5,"minecraft:water_bucket":1,"minecraft:cooked_beef":25,"minecraft:leaf_litter":1,"minecraft:deepslate_tiles":2,"minecraft:wooden_pickaxe":2,"minecraft:diamond_sword":3,"minecraft:snow_block":10,"minecraft:flint":2,"minecraft:quartz_block":1,"minecraft:gold_nugget":1},"minecraft:used":{"minecraft:stone_axe":105,"minecraft:iron_axe":170,"minecraft:diamond_hoe":1,"minecraft:shield":45,"minecraft:iron_pickaxe":250,"minecraft:spruce_stairs":8,"minecraft:andesite":21,"minecraft:diamond_sword":2164,"minecraft:oak_boat":1,"minecraft:wheat_seeds":496,"minecraft:cherry_sapling":32,"minecraft:wooden_axe":68,"minecraft:diamond_pickaxe":14241,"minecraft:wooden_sword":42,"minecraft:crossbow":24,"minecraft:cooked_porkchop":3,"minecraft:granite":2,"minecraft:blast_furnace":1,"minecraft:iron_shovel":250,"minecraft:sweet_berries":98,"minecraft:lava_bucket":16,"minecraft:cherry_boat":1,"minecraft:diorite":8,"minecraft:redstone":1,"minecraft:black_wool":1,"minecraft:wooden_pickaxe":54,"minecraft:diamond_leggings":2,"minecraft:smithing_table":1,"minecraft:cobblestone":836,"minecraft:diamond_chestplate":1,"minecraft:stone":27,"minecraft:stonecutter":1,"minecraft:diamond_axe":306,"minecraft:crafting_table":28,"minecraft:cherry_slab":5,"minecraft:spruce_sign":5,"minecraft:snowball":223,"minecraft:potion":1,"minecraft:white_bed":1,"minecraft:stone_pickaxe":1557,"minecraft:diamond_boots":1,"minecraft:baked_potato":7,"minecraft:cobbled_deepslate":87,"minecraft:spruce_boat":2,"minecraft:smoker":3,"minecraft:mossy_cobblestone":2,"minecraft:diamond_shovel":12679,"minecraft:fire_charge":10,"minecraft:white_dye":6,"minecraft:spruce_log":16,"minecraft:stone_hoe":5,"minecraft:stone_shovel":131,"minecraft:rotten_flesh":4,"minecraft:water_bucket":11,"minecraft:bone_meal":125,"minecraft:anvil":1,"minecraft:amethyst_cluster":1,"minecraft:furnace":14,"minecraft:mutton":1,"minecraft:barrel":8,"minecraft:torch":490,"minecraft:bread":133,"minecraft:dirt":670,"minecraft:written_book":1,"minecraft:iron_boots":1,"minecraft:obsidian":10,"minecraft:cobblestone_stairs":16,"minecraft:spruce_planks":185,"minecraft:cobblestone_slab":49,"minecraft:cooked_rabbit":14,"minecraft:gravel":2,"minecraft:cooked_chicken":72,"minecraft:cooked_beef":58,"minecraft:snow_block":182,"minecraft:flint_and_steel":25,"minecraft:bucket":29,"minecraft:chest":33,"minecraft:splash_potion":4,"minecraft:deepslate_tiles":2,"minecraft:iron_helmet":1,"minecraft:spruce_sapling":78,"minecraft:oak_sapling":6,"minecraft:ender_pearl":3,"minecraft:leather_helmet":2}},"DataVersion":4440}