{"stats":{"minecraft:killed_by":{"minecraft:blaze":1,"minecraft:silverfish":1,"minecraft:zombified_piglin":2,"minecraft:piglin":2,"minecraft:zombie":1,"minecraft:wither_skeleton":1},"minecraft:custom":{"minecraft:time_since_rest":4547,"minecraft:talked_to_villager":15,"minecraft:leave_game":15,"minecraft:damage_taken":15407,"minecraft:mob_kills":346,"minecraft:boat_one_cm":13284,"minecraft:time_since_death":153671,"minecraft:open_enderchest":3,"minecraft:interact_with_furnace":284,"minecraft:interact_with_smithing_table":3,"minecraft:sleep_in_bed":2,"minecraft:inspect_dispenser":1,"minecraft:happy_ghast_one_cm":3802,"minecraft:swim_one_cm":88133,"minecraft:total_world_time":1233797,"minecraft:crouch_one_cm":110450,"minecraft:climb_one_cm":57431,"minecraft:deaths":27,"minecraft:interact_with_stonecutter":23,"minecraft:enchant_item":8,"minecraft:animals_bred":167,"minecraft:damage_blocked_by_shield":3040,"minecraft:interact_with_crafting_table":165,"minecraft:walk_one_cm":5396217,"minecraft:walk_under_water_one_cm":54097,"minecraft:horse_one_cm":89199,"minecraft:interact_with_lectern":37,"minecraft:damage_dealt":48999,"minecraft:play_time":1233797,"minecraft:jump":15064,"minecraft:play_record":1,"minecraft:drop":35,"minecraft:use_cauldron":22,"minecraft:bell_ring":3,"minecraft:open_barrel":75,"minecraft:sprint_one_cm":1924468,"minecraft:open_chest":1031,"minecraft:fall_one_cm":426278,"minecraft:tune_noteblock":5,"minecraft:fly_one_cm":2716442,"minecraft:interact_with_anvil":13,"minecraft:walk_on_water_one_cm":75071,"minecraft:sneak_time":20795,"minecraft:interact_with_blast_furnace":46,"minecraft:interact_with_grindstone":3},"minecraft:broken":{"minecraft:stone_shovel":1,"minecraft:iron_shovel":2,"minecraft:stone_hoe":1,"minecraft:stone_axe":1,"minecraft:iron_pickaxe":5,"minecraft:stone_sword":1,"minecraft:stone_pickaxe":10},"minecraft:crafted":{"minecraft:stone_sword":1,"minecraft:brick_slab":12,"minecraft:writable_book":10,"minecraft:gold_ingot":96,"minecraft:book":72,"minecraft:iron_chestplate":1,"minecraft:dark_oak_stairs":80,"minecraft:copper_trapdoor":20,"minecraft:map":4,"minecraft:stick":252,"minecraft:compass":16,"minecraft:stone_brick_slab":108,"minecraft:lever":1,"minecraft:iron_helmet":1,"minecraft:diamond_axe":1,"minecraft:iron_block":5,"minecraft:chest":22,"minecraft:bookshelf":1,"minecraft:air":0,"minecraft:bucket":4,"minecraft:flint_and_steel":1,"minecraft:bone_meal":63,"minecraft:ladder":6,"minecraft:dark_oak_planks":256,"minecraft:item_frame":4,"minecraft:cauldron":2,"minecraft:stone_hoe":2,"minecraft:blast_furnace":1,"minecraft:spruce_fence":27,"minecraft:bundle":1,"minecraft:oak_planks":260,"minecraft:brick_wall":6,"minecraft:sugar":80,"minecraft:iron_shovel":2,"minecraft:blue_bed":8,"minecraft:lantern":1,"minecraft:yellow_dye":8,"minecraft:cooked_chicken":70,"minecraft:stone_pickaxe":10,"minecraft:iron_boots":1,"minecraft:anvil":1,"minecraft:smooth_stone":7,"minecraft:spruce_slab":6,"minecraft:charcoal":19,"minecraft:cooked_beef":198,"minecraft:stonecutter":1,"minecraft:oak_slab":6,"minecraft:spruce_sign":3,"minecraft:brick":338,"minecraft:barrel":1,"minecraft:diamond_sword":1,"minecraft:iron_nugget":18,"minecraft:netherite_scrap":1,"minecraft:paper":375,"minecraft:stone_brick_stairs":17,"minecraft:furnace":6,"minecraft:black_bed":5,"minecraft:iron_ingot":225,"minecraft:copper_ingot":175,"minecraft:purple_bed":2,"minecraft:lead":10,"minecraft:dark_oak_slab":6,"minecraft:scaffolding":84,"minecraft:stone":201,"minecraft:crafting_table":4,"minecraft:bricks":84,"minecraft:torch":360,"minecraft:white_bed":3,"minecraft:spruce_stairs":144,"minecraft:shield":1,"minecraft:light_blue_carpet":3,"minecraft:stone_axe":1,"minecraft:lectern":1,"minecraft:spruce_planks":328,"minecraft:iron_pickaxe":5},"minecraft:killed":{"minecraft:slime":20,"minecraft:pillager":1,"minecraft:zombified_piglin":7,"minecraft:skeleton":40,"minecraft:witch":2,"minecraft:piglin":16,"minecraft:spider":23,"minecraft:zombie":86,"minecraft:husk":3,"minecraft:wither_skeleton":3,"minecraft:cave_spider":1,"minecraft:glow_squid":3,"minecraft:creeper":8,"minecraft:zombie_villager":1,"minecraft:chicken":35,"minecraft:hoglin":1,"minecraft:squid":11,"minecraft:drowned":4,"minecraft:cow":68,"minecraft:magma_cube":1,"minecraft:blaze":2},"minecraft:picked_up":{"minecraft:cobblestone":1542,"minecraft:brick":2,"minecraft:flint":5,"minecraft:polished_deepslate_wall":20,"minecraft:brick_wall":6,"minecraft:sugar_cane":544,"minecraft:redstone":305,"minecraft:bone":57,"minecraft:acacia_sapling":4,"minecraft:clay_ball":952,"minecraft:stripped_spruce_log":2,"minecraft:slime_ball":38,"minecraft:iron_sword":1,"minecraft:diamond":9,"minecraft:granite":59,"minecraft:blaze_rod":2,"minecraft:stone_brick_slab":45,"minecraft:deepslate_brick_slab":5,"minecraft:ink_sac":34,"minecraft:light_blue_wool":3,"minecraft:bow":4,"minecraft:smooth_basalt":5,"minecraft:arrow":52,"minecraft:iron_ingot":3,"minecraft:blue_banner":3,"minecraft:dark_oak_planks":3,"minecraft:spruce_slab":4,"minecraft:raw_gold":23,"minecraft:dandelion":8,"minecraft:lava_bucket":1,"minecraft:pale_oak_sign":1,"minecraft:spruce_planks":7,"minecraft:dirt":339,"minecraft:blue_egg":160,"minecraft:rail":2,"minecraft:stonecutter":2,"minecraft:blue_wool":25,"minecraft:iron_shovel":1,"minecraft:golden_boots":1,"minecraft:torch":105,"minecraft:diamond_pickaxe":1,"minecraft:spruce_log":226,"minecraft:coal":291,"minecraft:oak_log":186,"minecraft:netherite_pickaxe":1,"minecraft:sand":13,"minecraft:furnace":2,"minecraft:wheat_seeds":971,"minecraft:deepslate_brick_stairs":12,"minecraft:quartz":109,"minecraft:anvil":1,"minecraft:birch_sapling":2,"minecraft:stone_hoe":1,"minecraft:cooked_beef":49,"minecraft:white_wool":9,"minecraft:feather":76,"minecraft:spruce_fence":7,"minecraft:bricks":58,"minecraft:light_blue_carpet":1,"minecraft:andesite":59,"minecraft:string":106,"minecraft:golden_sword":1,"minecraft:stone_bricks":35,"minecraft:copper_ingot":60,"minecraft:obsidian":32,"minecraft:writable_book":2,"minecraft:ladder":6,"minecraft:amethyst_shard":209,"minecraft:brick_slab":9,"minecraft:dark_oak_slab":7,"minecraft:soul_sand":12,"minecraft:carrot":1,"minecraft:spruce_sapling":120,"minecraft:mangrove_roots":1,"minecraft:stripped_oak_log":4,"minecraft:bucket":3,"minecraft:leather":117,"minecraft:gold_nugget":52,"minecraft:lead":15,"minecraft:armadillo_scute":1,"minecraft:scaffolding":158,"minecraft:glow_ink_sac":24,"minecraft:spruce_sign":6,"minecraft:stick":145,"minecraft:bamboo":84,"minecraft:black_wool":16,"minecraft:chicken":70,"minecraft:item_frame":2,"minecraft:raw_iron":201,"minecraft:cobbled_deepslate":714,"minecraft:pointed_dripstone":1,"minecraft:glowstone_dust":2,"minecraft:amethyst_block":7,"minecraft:wheat":351,"minecraft:gunpowder":15,"minecraft:chest":12,"minecraft:brown_banner":6,"minecraft:blackstone":5,"minecraft:netherrack":1692,"minecraft:copper_trapdoor":9,"minecraft:magma_block":6,"minecraft:gravel":8,"minecraft:tuff":131,"minecraft:leaf_litter":11,"minecraft:potato":5,"minecraft:dark_oak_stairs":84,"minecraft:birch_log":6,"minecraft:lapis_lazuli":158,"minecraft:spider_eye":19,"minecraft:spruce_stairs":48,"minecraft:yellow_dye":6,"minecraft:dark_oak_log":68,"minecraft:oak_boat":2,"minecraft:oak_planks":116,"minecraft:crafting_table":3,"minecraft:raw_copper":252,"minecraft:oak_sapling":45,"minecraft:stone_brick_stairs":10,"minecraft:beef":198,"minecraft:rotten_flesh":131,"minecraft:ancient_debris":1,"minecraft:apple":7,"minecraft:calcite":2,"minecraft:purple_wool":8,"minecraft:paper":2},"minecraft:mined":{"minecraft:torch":30,"minecraft:redstone_ore":7,"minecraft:mangrove_roots":1,"minecraft:spruce_log":224,"minecraft:vine":2,"minecraft:nether_quartz_ore":84,"minecraft:chest":12,"minecraft:smooth_basalt":5,"minecraft:netherrack":2580,"minecraft:blue_wall_banner":3,"minecraft:light_blue_carpet":1,"minecraft:gravel":35,"minecraft:short_grass":20,"minecraft:amethyst_block":6,"minecraft:spruce_planks":2,"minecraft:crafting_table":3,"minecraft:birch_log":6,"minecraft:deepslate_redstone_ore":38,"minecraft:dark_oak_stairs":78,"minecraft:leaf_litter":4,"minecraft:stripped_oak_log":3,"minecraft:lilac":1,"minecraft:magma_block":6,"minecraft:obsidian":38,"minecraft:farmland":29,"minecraft:dark_oak_planks":3,"minecraft:copper_ore":41,"minecraft:stripped_spruce_log":2,"minecraft:anvil":1,"minecraft:gold_ore":5,"minecraft:birch_leaves":1,"minecraft:andesite":18,"minecraft:dark_oak_slab":3,"minecraft:deepslate_gold_ore":16,"minecraft:bamboo":10,"minecraft:budding_amethyst":2,"minecraft:wall_torch":51,"minecraft:fire":273,"minecraft:stone_brick_stairs":3,"minecraft:deepslate_diamond_ore":6,"minecraft:deepslate_lapis_ore":6,"minecraft:deepslate_iron_ore":31,"minecraft:amethyst_cluster":32,"minecraft:iron_ore":121,"minecraft:stone":2018,"minecraft:deepslate_brick_slab":4,"minecraft:stone_bricks":31,"minecraft:deepslate_brick_stairs":12,"minecraft:dark_oak_log":4,"minecraft:granite":80,"minecraft:spruce_fence":3,"minecraft:spruce_wall_sign":2,"minecraft:dandelion":8,"minecraft:coal_ore":253,"minecraft:wheat":331,"minecraft:ancient_debris":1,"minecraft:oak_planks":62,"minecraft:cobblestone":79,"minecraft:sugar_cane":535,"minecraft:brown_wall_banner":6,"minecraft:scaffolding":77,"minecraft:oak_leaves":36,"minecraft:furnace":2,"minecraft:clay":135,"minecraft:spruce_stairs":34,"minecraft:soul_sand":9,"minecraft:deepslate_copper_ore":21,"minecraft:crimson_nylium":4,"minecraft:bricks":38,"minecraft:pointed_dripstone":1,"minecraft:dirt":347,"minecraft:copper_trapdoor":5,"minecraft:polished_deepslate_wall":21,"minecraft:grass_block":148,"minecraft:cobweb":64,"minecraft:stone_brick_slab":9,"minecraft:spruce_leaves":88,"minecraft:cobbled_deepslate":46,"minecraft:tuff":73,"minecraft:ladder":6,"minecraft:nether_gold_ore":8,"minecraft:deepslate":531,"minecraft:sand":18,"minecraft:calcite":2,"minecraft:spruce_sign":1,"minecraft:stonecutter":2,"minecraft:oak_log":158,"minecraft:brick_slab":5,"minecraft:lapis_ore":19},"minecraft:dropped":{"minecraft:netherite_pickaxe":1,"minecraft:rotten_flesh":5,"minecraft:blaze_rod":2,"minecraft:iron_shovel":1,"minecraft:cobblestone":6,"minecraft:glowstone_dust":2,"minecraft:oak_planks":4,"minecraft:andesite":2,"minecraft:lava_bucket":1,"minecraft:torch":8,"minecraft:copper_ingot":3,"minecraft:cooked_beef":93,"minecraft:diamond_pickaxe":2,"minecraft:tuff":59,"minecraft:leaf_litter":5,"minecraft:string":2,"minecraft:gravel":3,"minecraft:cobbled_deepslate":121,"minecraft:flint":2,"minecraft:dirt":2,"minecraft:gunpowder":1,"minecraft:granite":2,"minecraft:writable_book":1},"minecraft:used":{"minecraft:stone_axe":139,"minecraft:spruce_fence":26,"minecraft:polished_deepslate_wall":47,"minecraft:shield":26,"minecraft:blue_banner":3,"minecraft:brick_slab":13,"minecraft:iron_pickaxe":1259,"minecraft:spruce_stairs":154,"minecraft:andesite":18,"minecraft:diamond_sword":651,"minecraft:dark_oak_log":4,"minecraft:oak_boat":1,"minecraft:wheat_seeds":515,"minecraft:purple_bed":1,"minecraft:stone_brick_slab":83,"minecraft:diamond_pickaxe":3760,"minecraft:ladder":6,"minecraft:dark_oak_stairs":150,"minecraft:stone_bricks":96,"minecraft:lantern":1,"minecraft:granite":11,"minecraft:blast_furnace":1,"minecraft:tuff":89,"minecraft:iron_shovel":500,"minecraft:stone_sword":238,"minecraft:lava_bucket":49,"minecraft:bricks":91,"minecraft:pale_oak_sign":1,"minecraft:oak_log":47,"minecraft:cobblestone":239,"minecraft:stone":53,"minecraft:stonecutter":3,"minecraft:diamond_axe":764,"minecraft:stripped_oak_log":1,"minecraft:crafting_table":6,"minecraft:spruce_sign":8,"minecraft:copper_trapdoor":21,"minecraft:white_bed":3,"minecraft:stone_pickaxe":1361,"minecraft:book":1,"minecraft:pointed_dripstone":3,"minecraft:baked_potato":66,"minecraft:cobbled_deepslate":56,"minecraft:netherrack":286,"minecraft:scaffolding":228,"minecraft:deepslate_brick_slab":31,"minecraft:melon_slice":6,"minecraft:spruce_log":148,"minecraft:stone_hoe":247,"minecraft:stone_shovel":131,"minecraft:rotten_flesh":2,"minecraft:water_bucket":18,"minecraft:light_blue_carpet":3,"minecraft:writable_book":46,"minecraft:bone_meal":63,"minecraft:item_frame":8,"minecraft:yellow_dye":2,"minecraft:dark_oak_planks":36,"minecraft:anvil":2,"minecraft:furnace":7,"minecraft:blue_egg":176,"minecraft:barrel":1,"minecraft:torch":243,"minecraft:blue_bed":6,"minecraft:dirt":231,"minecraft:written_book":19,"minecraft:black_bed":5,"minecraft:obsidian":41,"minecraft:stripped_spruce_log":2,"minecraft:sand":77,"minecraft:lever":1,"minecraft:dark_oak_slab":9,"minecraft:spruce_planks":2,"minecraft:glow_ink_sac":6,"minecraft:deepslate_brick_stairs":22,"minecraft:cooked_beef":73,"minecraft:lectern":1,"minecraft:flint_and_steel":8,"minecraft:stone_brick_stairs":13,"minecraft:bucket":77,"minecraft:chest":29,"minecraft:cauldron":2,"minecraft:oak_planks":84,"minecraft:spruce_sapling":36,"minecraft:brick_wall":4,"minecraft:sugar_cane":87}},"DataVersion":4440}