{"stats":{"minecraft:killed_by":{"minecraft:skeleton":1,"minecraft:player":41,"minecraft:creaking":1,"minecraft:piglin":2,"minecraft:pillager":2,"minecraft:zombie":2},"minecraft:custom":{"minecraft:pig_one_cm":6,"minecraft:eat_cake_slice":20,"minecraft:time_since_rest":43655,"minecraft:leave_game":67,"minecraft:boat_one_cm":176891,"minecraft:time_since_death":43628,"minecraft:interact_with_furnace":522,"minecraft:happy_ghast_one_cm":453518,"minecraft:total_world_time":1683879,"minecraft:crouch_one_cm":63272,"minecraft:climb_one_cm":119673,"minecraft:deaths":72,"minecraft:interact_with_stonecutter":12,"minecraft:damage_dealt_resisted":166,"minecraft:animals_bred":35,"minecraft:minecart_one_cm":31371,"minecraft:traded_with_villager":146,"minecraft:damage_blocked_by_shield":1524,"minecraft:interact_with_crafting_table":108,"minecraft:walk_one_cm":7866306,"minecraft:walk_under_water_one_cm":102329,"minecraft:horse_one_cm":25818,"minecraft:damage_dealt":48718,"minecraft:play_time":1683879,"minecraft:jump":23194,"minecraft:play_record":1,"minecraft:sprint_one_cm":6853514,"minecraft:fill_cauldron":1,"minecraft:inspect_hopper":1,"minecraft:fly_one_cm":6594197,"minecraft:walk_on_water_one_cm":77472,"minecraft:interact_with_blast_furnace":38,"minecraft:interact_with_grindstone":1,"minecraft:talked_to_villager":137,"minecraft:damage_taken":49383,"minecraft:mob_kills":297,"minecraft:open_shulker_box":2,"minecraft:interact_with_beacon":7,"minecraft:open_enderchest":78,"minecraft:damage_dealt_absorbed":32,"minecraft:interact_with_brewingstand":12,"minecraft:interact_with_smithing_table":2,"minecraft:sleep_in_bed":4,"minecraft:swim_one_cm":180353,"minecraft:pot_flower":1,"minecraft:player_kills":44,"minecraft:enchant_item":12,"minecraft:interact_with_loom":4,"minecraft:interact_with_lectern":20,"minecraft:drop":420,"minecraft:use_cauldron":6,"minecraft:interact_with_cartography_table":1,"minecraft:open_barrel":32,"minecraft:open_chest":892,"minecraft:interact_with_smoker":1,"minecraft:fall_one_cm":813514,"minecraft:interact_with_anvil":30,"minecraft:sneak_time":21080,"minecraft:raid_trigger":3},"minecraft:broken":{"minecraft:diamond_shovel":1,"minecraft:iron_pickaxe":2,"minecraft:stone_pickaxe":2,"minecraft:diamond_pickaxe":2,"minecraft:diamond_axe":1},"minecraft:crafted":{"minecraft:firework_rocket":18,"minecraft:cooked_salmon":4,"minecraft:writable_book":2,"minecraft:arrow":60,"minecraft:gold_ingot":9,"minecraft:book":36,"minecraft:crimson_planks":20,"minecraft:stick":1786,"minecraft:leather_chestplate":2,"minecraft:black_dye":1,"minecraft:diamond_axe":1,"minecraft:diamond_pickaxe":7,"minecraft:chest":1,"minecraft:jungle_slab":384,"minecraft:air":0,"minecraft:bow":2,"minecraft:bucket":12,"minecraft:bone_meal":1674,"minecraft:jungle_planks":1133,"minecraft:ladder":18,"minecraft:diamond_shovel":4,"minecraft:glass":316,"minecraft:bundle":1,"minecraft:oak_planks":40,"minecraft:gold_nugget":576,"minecraft:shears":2,"minecraft:lantern":51,"minecraft:cooked_chicken":3,"minecraft:stone_pickaxe":5,"minecraft:bone_block":165,"minecraft:wooden_pickaxe":1,"minecraft:cooked_beef":4,"minecraft:golden_carrot":72,"minecraft:chain":20,"minecraft:diamond_sword":1,"minecraft:bamboo_block":49,"minecraft:iron_nugget":450,"minecraft:emerald":141,"minecraft:paper":405,"minecraft:stone_brick_stairs":10,"minecraft:furnace":33,"minecraft:pale_oak_planks":216,"minecraft:chiseled_bookshelf":95,"minecraft:iron_ingot":94,"minecraft:copper_ingot":607,"minecraft:bread":11,"minecraft:scaffolding":36,"minecraft:stone":1190,"minecraft:crafting_table":2,"minecraft:torch":276,"minecraft:enchanted_book":5,"minecraft:shield":1,"minecraft:stone_axe":1,"minecraft:spruce_planks":464,"minecraft:iron_pickaxe":9,"minecraft:iron_axe":1},"minecraft:killed":{"minecraft:slime":2,"minecraft:zombified_piglin":1,"minecraft:pillager":13,"minecraft:skeleton":16,"minecraft:pig":15,"minecraft:parrot":1,"minecraft:frog":1,"minecraft:silverfish":49,"minecraft:spider":18,"minecraft:zombie":58,"minecraft:creeper":7,"minecraft:chicken":36,"minecraft:squid":1,"minecraft:cow":64,"minecraft:ghast":1,"minecraft:armadillo":1},"minecraft:picked_up":{"minecraft:sweet_berries":152,"minecraft:cobblestone":2812,"minecraft:shears":1,"minecraft:sugar_cane":476,"minecraft:bone":77,"minecraft:acacia_sapling":17,"minecraft:cooked_mutton":4,"minecraft:diamond_shovel":1,"minecraft:iron_sword":1,"minecraft:white_banner":3,"minecraft:white_terracotta":82,"minecraft:emerald":6,"minecraft:pale_oak_sapling":14,"minecraft:book":12,"minecraft:ink_sac":3,"minecraft:crimson_fungus":10,"minecraft:wildflowers":4,"minecraft:bow":2,"minecraft:arrow":47,"minecraft:smooth_basalt":4,"minecraft:iron_ingot":37,"minecraft:pale_oak_stairs":5,"minecraft:spruce_slab":2,"minecraft:crossbow":1,"minecraft:dandelion":2,"minecraft:firework_rocket":1,"minecraft:pale_oak_fence":1,"minecraft:golden_carrot":18,"minecraft:diamond_leggings":1,"minecraft:iron_chestplate":1,"minecraft:white_stained_glass_pane":2,"minecraft:brown_wool":26,"minecraft:stonecutter":2,"minecraft:crimson_stem":44,"minecraft:gray_terracotta":17,"minecraft:oak_log":8,"minecraft:sand":25,"minecraft:furnace":9,"minecraft:wheat_seeds":199,"minecraft:music_disc_13":1,"minecraft:egg":6,"minecraft:iron_leggings":1,"minecraft:eye_armor_trim_smithing_template":2,"minecraft:red_mushroom":80,"minecraft:snowball":70,"minecraft:loom":1,"minecraft:dried_kelp":2,"minecraft:oak_sign":4,"minecraft:beetroot_seeds":7,"minecraft:string":8,"minecraft:golden_sword":1,"minecraft:stone_bricks":51,"minecraft:writable_book":5,"minecraft:light_gray_terracotta":294,"minecraft:nether_wart_block":6,"minecraft:warped_fungus":2,"minecraft:ender_chest":6,"minecraft:dark_oak_slab":21,"minecraft:acacia_trapdoor":3,"minecraft:enchanted_book":3,"minecraft:spruce_sapling":2,"minecraft:yellow_terracotta":724,"minecraft:fishing_rod":2,"minecraft:bucket":4,"minecraft:chiseled_stone_bricks":14,"minecraft:leather":85,"minecraft:honey_bottle":1,"minecraft:lead":1,"minecraft:brown_mushroom":24,"minecraft:armadillo_scute":21,"minecraft:moss_carpet":1,"minecraft:music_disc_tears":2,"minecraft:scaffolding":15,"minecraft:porkchop":38,"minecraft:carved_pumpkin":1,"minecraft:spruce_sign":8,"minecraft:stick":27,"minecraft:wooden_sword":2,"minecraft:bamboo":235,"minecraft:player_head":10,"minecraft:brown_terracotta":2,"minecraft:diamond_boots":1,"minecraft:moss_block":11,"minecraft:iron_axe":1,"minecraft:item_frame":26,"minecraft:stone_brick_wall":13,"minecraft:raw_iron":126,"minecraft:diamond_chestplate":1,"minecraft:spruce_hanging_sign":1,"minecraft:dead_bush":10,"minecraft:mossy_cobblestone":31,"minecraft:spruce_door":4,"minecraft:cherry_planks":2,"minecraft:chest":20,"minecraft:lectern":8,"minecraft:netherite_sword":1,"minecraft:dark_oak_trapdoor":9,"minecraft:netherrack":3,"minecraft:crimson_planks":2,"minecraft:pale_oak_slab":2,"minecraft:wither_rose":1,"minecraft:stone":1,"minecraft:gravel":201,"minecraft:jungle_planks":27,"minecraft:deepslate_tile_stairs":46,"minecraft:tuff":90,"minecraft:potato":15,"minecraft:shield":2,"minecraft:lapis_lazuli":69,"minecraft:jungle_log":103,"minecraft:spruce_stairs":13,"minecraft:stripped_pale_oak_log":8,"minecraft:ominous_bottle":2,"minecraft:oak_boat":1,"minecraft:pufferfish":1,"minecraft:cherry_sapling":1,"minecraft:oak_planks":14,"minecraft:ice":1,"minecraft:brown_egg":26,"minecraft:raw_copper":171,"minecraft:stone_brick_stairs":12,"minecraft:rotten_flesh":87,"minecraft:written_book":11,"minecraft:jukebox":1,"minecraft:light_blue_terracotta":8,"minecraft:melon":1,"minecraft:glass":5,"minecraft:flint":34,"minecraft:redstone":8,"minecraft:deepslate_tiles":64,"minecraft:orange_terracotta":20,"minecraft:glow_berries":4,"minecraft:firefly_bush":55,"minecraft:lantern":89,"minecraft:melon_slice":28,"minecraft:diamond":40,"minecraft:granite":19,"minecraft:goat_horn":1,"minecraft:chiseled_bookshelf":64,"minecraft:stone_brick_slab":71,"minecraft:crimson_roots":1,"minecraft:acacia_sign":1,"minecraft:jungle_sign":6,"minecraft:charcoal":2,"minecraft:spruce_boat":7,"minecraft:spyglass":3,"minecraft:magma_cream":1,"minecraft:dark_oak_planks":86,"minecraft:chest_minecart":1,"minecraft:raw_gold":1,"minecraft:acacia_log":58,"minecraft:deepslate_bricks":1,"minecraft:acacia_planks":55,"minecraft:pale_oak_sign":1,"minecraft:spruce_planks":95,"minecraft:dirt":1742,"minecraft:rail":112,"minecraft:diamond_helmet":1,"minecraft:torch":125,"minecraft:diamond_pickaxe":1,"minecraft:cherry_log":1,"minecraft:bread":7,"minecraft:spruce_log":59,"minecraft:cactus_flower":1,"minecraft:coal":449,"minecraft:oak_fence":23,"minecraft:weeping_vines":2,"minecraft:anvil":1,"minecraft:milk_bucket":1,"minecraft:poppy":3,"minecraft:cooked_beef":2,"minecraft:white_wool":138,"minecraft:feather":81,"minecraft:potion":8,"minecraft:jungle_fence":2,"minecraft:andesite":180,"minecraft:deepslate_tile_slab":27,"minecraft:ladder":32,"minecraft:amethyst_shard":5,"minecraft:polished_granite_slab":4,"minecraft:filled_map":30,"minecraft:crimson_sign":2,"minecraft:diamond_axe":1,"minecraft:carrot":490,"minecraft:black_terracotta":92,"minecraft:mangrove_roots":1,"minecraft:gold_nugget":9,"minecraft:cod":10,"minecraft:baked_potato":62,"minecraft:glow_ink_sac":5,"minecraft:acacia_slab":4,"minecraft:black_wool":6,"minecraft:chicken":34,"minecraft:red_terracotta":36,"minecraft:golden_chestplate":1,"minecraft:cooked_chicken":19,"minecraft:jungle_slab":1,"minecraft:cobbled_deepslate":702,"minecraft:glowstone_dust":2,"minecraft:pumpkin_seeds":4,"minecraft:stone_axe":2,"minecraft:amethyst_block":5,"minecraft:wheat":42,"minecraft:gunpowder":10,"minecraft:brown_banner":2,"minecraft:spruce_trapdoor":1,"minecraft:blackstone":18,"minecraft:coarse_dirt":104,"minecraft:light_gray_wool":1,"minecraft:polished_granite_stairs":12,"minecraft:leaf_litter":10,"minecraft:grass_block":36,"minecraft:magenta_wool":3,"minecraft:sticky_piston":3,"minecraft:spider_eye":4,"minecraft:dark_oak_log":66,"minecraft:tipped_arrow":1,"minecraft:diorite":1,"minecraft:wooden_pickaxe":1,"minecraft:flower_pot":1,"minecraft:crafting_table":14,"minecraft:decorated_pot":1,"minecraft:oak_sapling":4,"minecraft:beef":121,"minecraft:wind_charge":3,"minecraft:glass_bottle":2,"minecraft:oak_slab":30,"minecraft:netherite_ingot":1,"minecraft:barrel":1,"minecraft:cocoa_beans":22,"minecraft:paper":3},"minecraft:mined":{"minecraft:torch":30,"minecraft:mangrove_roots":1,"minecraft:pale_oak_sapling":10,"minecraft:light_blue_terracotta":1,"minecraft:spruce_log":46,"minecraft:chest":20,"minecraft:potted_cherry_sapling":1,"minecraft:smooth_basalt":10,"minecraft:netherrack":6,"minecraft:white_terracotta":138,"minecraft:amethyst_block":5,"minecraft:weeping_vines_plant":2,"minecraft:spruce_planks":95,"minecraft:piston_head":2,"minecraft:polished_granite_slab":2,"minecraft:sweet_berry_bush":26,"minecraft:dark_oak_planks":101,"minecraft:melon":6,"minecraft:blackstone":23,"minecraft:anvil":1,"minecraft:sticky_piston":1,"minecraft:brown_banner":2,"minecraft:nether_wart_block":15,"minecraft:deepslate_bricks":5,"minecraft:oak_fence":19,"minecraft:jungle_planks":26,"minecraft:pale_oak_sign":1,"minecraft:moss_block":4,"minecraft:mushroom_stem":38,"minecraft:bamboo":38,"minecraft:wall_torch":14,"minecraft:decorated_pot":1,"minecraft:fern":4,"minecraft:fire":1,"minecraft:stone_brick_stairs":14,"minecraft:deepslate_diamond_ore":7,"minecraft:potatoes":4,"minecraft:ender_chest":6,"minecraft:brown_terracotta":2,"minecraft:dark_oak_door":1,"minecraft:deepslate_tiles":66,"minecraft:iron_ore":93,"minecraft:acacia_log":70,"minecraft:glass_pane":4,"minecraft:dark_oak_log":91,"minecraft:podzol":367,"minecraft:dandelion":1,"minecraft:glass":14,"minecraft:oak_planks":31,"minecraft:cobblestone":52,"minecraft:pale_oak_fence":1,"minecraft:sugar_cane":605,"minecraft:shroomlight":1,"minecraft:mangrove_leaves":8,"minecraft:red_mushroom_block":276,"minecraft:scaffolding":9,"minecraft:oak_leaves":12,"minecraft:furnace":10,"minecraft:brown_mushroom_block":7,"minecraft:yellow_terracotta":881,"minecraft:spruce_stairs":13,"minecraft:crimson_roots":2,"minecraft:wildflowers":2,"minecraft:tall_grass":16,"minecraft:deepslate_tile_slab":42,"minecraft:rail":114,"minecraft:dirt":1915,"minecraft:jungle_sign":3,"minecraft:acacia_trapdoor":4,"minecraft:acacia_slab":4,"minecraft:crimson_fungus":1,"minecraft:gray_terracotta":40,"minecraft:spruce_door":2,"minecraft:ladder":20,"minecraft:sand":36,"minecraft:deepslate":462,"minecraft:cherry_planks":1,"minecraft:snow":88,"minecraft:spruce_sign":1,"minecraft:stonecutter":2,"minecraft:deepslate_tile_stairs":68,"minecraft:oak_log":4,"minecraft:cocoa":10,"minecraft:cherry_log":1,"minecraft:chiseled_stone_bricks":19,"minecraft:carrots":76,"minecraft:gravel":366,"minecraft:short_grass":321,"minecraft:red_mushroom":6,"minecraft:acacia_leaves":44,"minecraft:loom":1,"minecraft:dirt_path":1,"minecraft:crafting_table":13,"minecraft:leaf_litter":1,"minecraft:black_wool":1,"minecraft:coarse_dirt":111,"minecraft:copper_ore":94,"minecraft:stone_brick_wall":14,"minecraft:firefly_bush":38,"minecraft:pale_oak_slab":2,"minecraft:andesite":869,"minecraft:dark_oak_slab":30,"minecraft:deepslate_gold_ore":1,"minecraft:ice":3,"minecraft:dark_oak_leaves":3,"minecraft:poppy":1,"minecraft:black_terracotta":101,"minecraft:stone":14872,"minecraft:stone_bricks":49,"minecraft:orange_terracotta":23,"minecraft:granite":253,"minecraft:white_stained_glass_pane":2,"minecraft:bush":1,"minecraft:crimson_stem":49,"minecraft:coal_ore":467,"minecraft:diorite":36,"minecraft:wheat":35,"minecraft:spruce_trapdoor":1,"minecraft:polished_granite_stairs":6,"minecraft:red_terracotta":49,"minecraft:light_gray_terracotta":362,"minecraft:dark_oak_fence":4,"minecraft:powder_snow":9,"minecraft:barrel":1,"minecraft:mossy_cobblestone":49,"minecraft:player_head":2,"minecraft:nether_wart":2,"minecraft:grass_block":1801,"minecraft:stone_brick_slab":11,"minecraft:spruce_leaves":25,"minecraft:cyan_stained_glass":2,"minecraft:cobbled_deepslate":4,"minecraft:tuff":99,"minecraft:player_wall_head":1,"minecraft:spruce_slab":2,"minecraft:pale_oak_planks":1,"minecraft:jukebox":1,"minecraft:dead_bush":12,"minecraft:crimson_planks":2,"minecraft:acacia_planks":74},"minecraft:dropped":{"minecraft:andesite":54,"minecraft:sweet_berries":27,"minecraft:music_disc_tears":1,"minecraft:pale_oak_stairs":2,"minecraft:wooden_sword":1,"minecraft:mangrove_roots":1,"minecraft:crimson_roots":1,"minecraft:ice":1,"minecraft:gravel":29,"minecraft:bone":70,"minecraft:ink_sac":4,"minecraft:poppy":1,"minecraft:enchanted_book":1,"minecraft:spruce_sign":2,"minecraft:raw_gold":1,"minecraft:moss_block":4,"minecraft:filled_map":7,"minecraft:black_terracotta":12,"minecraft:jungle_sign":2,"minecraft:name_tag":1,"minecraft:leather_chestplate":2,"minecraft:amethyst_block":5,"minecraft:grass_block":4,"minecraft:golden_carrot":2,"minecraft:book":13,"minecraft:acacia_sign":1,"minecraft:scaffolding":1,"minecraft:arrow":2,"minecraft:spruce_sapling":1,"minecraft:carrot":3,"minecraft:carved_pumpkin":2,"minecraft:gunpowder":1,"minecraft:dead_bush":10,"minecraft:smooth_basalt":4,"minecraft:stone_axe":2,"minecraft:cooked_mutton":5,"minecraft:dark_oak_log":3,"minecraft:baked_potato":49,"minecraft:diorite":1,"minecraft:tipped_arrow":5,"minecraft:rotten_flesh":54,"minecraft:torch":164,"minecraft:stone_sword":1,"minecraft:bow":1,"minecraft:lantern":89,"minecraft:bucket":12,"minecraft:dirt":885,"minecraft:activator_rail":1,"minecraft:black_dye":1,"minecraft:stone":257,"minecraft:golden_chestplate":1,"minecraft:ominous_bottle":6,"minecraft:sand":21,"minecraft:shears":1,"minecraft:emerald":6,"minecraft:coal":11,"minecraft:honey_bottle":6,"minecraft:glass_bottle":9,"minecraft:brown_mushroom":16,"minecraft:apple":1,"minecraft:bamboo":89,"minecraft:wooden_pickaxe":2,"minecraft:written_book":8,"minecraft:cookie":1,"minecraft:crafting_table":1,"minecraft:jungle_planks":64,"minecraft:lapis_lazuli":8,"minecraft:light_gray_terracotta":12,"minecraft:netherrack":3,"minecraft:spyglass":2,"minecraft:white_banner":3,"minecraft:glow_ink_sac":5,"minecraft:iron_axe":1,"minecraft:diamond_shovel":1,"minecraft:glow_berries":2,"minecraft:oak_planks":3,"minecraft:coarse_dirt":2,"minecraft:warped_fungus":2,"minecraft:porkchop":7,"minecraft:wheat":1,"minecraft:cobbled_deepslate":128,"minecraft:light_blue_terracotta":8,"minecraft:sugar_cane":2,"minecraft:wheat_seeds":19,"minecraft:iron_ingot":1,"minecraft:yellow_terracotta":13,"minecraft:iron_nugget":2,"minecraft:paper":132,"minecraft:stone_pickaxe":4,"minecraft:trident":2,"minecraft:shield":2,"minecraft:dark_oak_slab":21,"minecraft:cherry_planks":2,"minecraft:player_head":6,"minecraft:chest_minecart":1,"minecraft:diamond_pickaxe":3,"minecraft:string":5,"minecraft:stick":5,"minecraft:crimson_fungus":10,"minecraft:cooked_salmon":4,"minecraft:wither_rose":1,"minecraft:pale_oak_fence":1,"minecraft:bread":20,"minecraft:white_terracotta":47,"minecraft:spider_eye":2,"minecraft:firefly_bush":16,"minecraft:snowball":12,"minecraft:ladder":10,"minecraft:spruce_hanging_sign":1,"minecraft:cobblestone":834,"minecraft:nether_wart_block":6,"minecraft:spruce_planks":2,"minecraft:jungle_log":64,"minecraft:pale_oak_sapling":10,"minecraft:stripped_pale_oak_log":8,"minecraft:wind_charge":1,"minecraft:red_terracotta":6,"minecraft:potion":4,"minecraft:white_wool":2,"minecraft:weeping_vines":2,"minecraft:firework_rocket":7,"minecraft:music_disc_13":1,"minecraft:leather":63,"minecraft:granite":9,"minecraft:diamond":34,"minecraft:feather":179,"minecraft:golden_sword":2,"minecraft:bone_meal":64,"minecraft:beetroot_seeds":7,"minecraft:crimson_stem":17,"minecraft:orange_terracotta":2,"minecraft:water_bucket":1,"minecraft:netherite_sword":1,"minecraft:stone_bricks":15,"minecraft:leaf_litter":6,"minecraft:chicken":2,"minecraft:beef":101,"minecraft:spruce_door":2,"minecraft:gold_nugget":2,"minecraft:eye_armor_trim_smithing_template":1,"minecraft:amethyst_shard":5,"minecraft:writable_book":6,"minecraft:cake":1,"minecraft:deepslate_tile_slab":1,"minecraft:magma_cream":1},"minecraft:used":{"minecraft:stone_brick_wall":201,"minecraft:iron_axe":44,"minecraft:leaf_litter":4,"minecraft:player_head":5,"minecraft:melon":1,"minecraft:diamond_sword":258,"minecraft:potato":23,"minecraft:wheat_seeds":40,"minecraft:glow_berries":2,"minecraft:sticky_piston":3,"minecraft:glass_bottle":4,"minecraft:glass":5,"minecraft:jungle_planks":18,"minecraft:oak_sign":3,"minecraft:lantern":1,"minecraft:crimson_stem":5,"minecraft:coarse_dirt":10,"minecraft:decorated_pot":1,"minecraft:pale_oak_sign":1,"minecraft:firefly_bush":20,"minecraft:coal_ore":14,"minecraft:crimson_sign":2,"minecraft:stonecutter":2,"minecraft:diamond_axe":2049,"minecraft:poppy":2,"minecraft:gray_terracotta":8,"minecraft:blackstone":1,"minecraft:snowball":58,"minecraft:moss_block":1,"minecraft:jukebox":1,"minecraft:stone_pickaxe":326,"minecraft:dandelion":2,"minecraft:bow":92,"minecraft:loom":1,"minecraft:spruce_boat":6,"minecraft:diamond_shovel":4503,"minecraft:stone_shovel":86,"minecraft:rotten_flesh":117,"minecraft:writable_book":58,"minecraft:bone_meal":150,"minecraft:item_frame":5,"minecraft:anvil":1,"minecraft:white_stained_glass_pane":2,"minecraft:goat_horn":24,"minecraft:blue_egg":1,"minecraft:dirt":354,"minecraft:written_book":26,"minecraft:honey_bottle":2,"minecraft:cooked_salmon":11,"minecraft:sand":4,"minecraft:wind_charge":2,"minecraft:spruce_planks":19,"minecraft:oak_chest_boat":1,"minecraft:bamboo_block":17,"minecraft:shears":13,"minecraft:stone_brick_stairs":191,"minecraft:bucket":72,"minecraft:spyglass":169,"minecraft:splash_potion":1,"minecraft:deepslate_tiles":1,"minecraft:oak_planks":19,"minecraft:porkchop":26,"minecraft:oak_sapling":4,"minecraft:flower_pot":1,"minecraft:brown_egg":26,"minecraft:sugar_cane":4,"minecraft:stone_axe":85,"minecraft:grass_block":33,"minecraft:white_terracotta":3,"minecraft:jungle_sign":3,"minecraft:wildflowers":4,"minecraft:shield":77,"minecraft:spruce_stairs":13,"minecraft:iron_pickaxe":1090,"minecraft:pale_oak_sapling":10,"minecraft:bamboo":36,"minecraft:firework_rocket":12,"minecraft:iron_sword":150,"minecraft:oak_boat":1,"minecraft:golden_carrot":89,"minecraft:milk_bucket":1,"minecraft:acacia_log":6,"minecraft:stone_brick_slab":394,"minecraft:cactus_flower":1,"minecraft:brown_banner":2,"minecraft:light_gray_terracotta":4,"minecraft:cooked_mutton":4,"minecraft:diamond_pickaxe":18033,"minecraft:wooden_sword":37,"minecraft:ladder":15,"minecraft:stone_bricks":100,"minecraft:crossbow":113,"minecraft:blast_furnace":1,"minecraft:stone_sword":1,"minecraft:sweet_berries":90,"minecraft:lava_bucket":1,"minecraft:pale_oak_slab":2,"minecraft:ominous_bottle":4,"minecraft:redstone":1,"minecraft:wooden_pickaxe":4,"minecraft:brown_mushroom":1,"minecraft:cobblestone":7,"minecraft:cherry_sign":1,"minecraft:stone":1,"minecraft:carrot":144,"minecraft:crafting_table":8,"minecraft:spruce_sign":4,"minecraft:red_mushroom":80,"minecraft:potion":10,"minecraft:baked_potato":108,"minecraft:trident":18,"minecraft:brown_terracotta":2,"minecraft:apple":32,"minecraft:scaffolding":50,"minecraft:moss_carpet":1,"minecraft:melon_slice":28,"minecraft:water_bucket":62,"minecraft:golden_sword":9,"minecraft:pale_oak_log":3,"minecraft:furnace":42,"minecraft:bread":71,"minecraft:barrel":1,"minecraft:torch":135,"minecraft:chiseled_stone_bricks":125,"minecraft:yellow_terracotta":299,"minecraft:dried_kelp":3,"minecraft:bundle":4,"minecraft:gravel":1,"minecraft:cooked_chicken":23,"minecraft:red_terracotta":1,"minecraft:cherry_log":1,"minecraft:cooked_beef":6,"minecraft:ender_chest":6,"minecraft:chest":20,"minecraft:beef":6,"minecraft:spruce_sapling":1,"minecraft:egg":6}},"DataVersion":4440}