{"stats":{"minecraft:mined":{"minecraft:powder_snow":44,"minecraft:wildflowers":21,"minecraft:tall_grass":35,"minecraft:torch":3,"minecraft:snow_block":5,"minecraft:pointed_dripstone":2,"minecraft:dirt":14,"minecraft:pumpkin":1,"minecraft:coal_ore":102,"minecraft:wheat":6,"minecraft:grass_block":188,"minecraft:oak_planks":8,"minecraft:spruce_leaves":5,"minecraft:carved_pumpkin":1,"minecraft:short_grass":121,"minecraft:wall_torch":5,"minecraft:oak_leaves":8,"minecraft:poppy":5,"minecraft:crafting_table":3,"minecraft:leaf_litter":1,"minecraft:oak_log":88,"minecraft:sweet_berry_bush":1,"minecraft:iron_ore":35,"minecraft:stone":70},"minecraft:custom":{"minecraft:interact_with_crafting_table":25,"minecraft:time_since_rest":17608,"minecraft:walk_one_cm":509455,"minecraft:leave_game":1,"minecraft:walk_under_water_one_cm":3799,"minecraft:damage_taken":1936,"minecraft:mob_kills":12,"minecraft:play_time":100324,"minecraft:damage_dealt":1543,"minecraft:jump":2249,"minecraft:time_since_death":17588,"minecraft:drop":9,"minecraft:interact_with_furnace":17,"minecraft:sprint_one_cm":230971,"minecraft:open_chest":2,"minecraft:fall_one_cm":71650,"minecraft:total_world_time":100324,"minecraft:swim_one_cm":6551,"minecraft:fly_one_cm":262523,"minecraft:walk_on_water_one_cm":11243,"minecraft:crouch_one_cm":1394,"minecraft:sneak_time":394,"minecraft:deaths":5,"minecraft:climb_one_cm":3456},"minecraft:picked_up":{"minecraft:sweet_berries":3,"minecraft:spruce_sapling":1,"minecraft:dirt":223,"minecraft:cobblestone":69,"minecraft:leather":1,"minecraft:torch":8,"minecraft:bone":1,"minecraft:coal":102,"minecraft:oak_log":88,"minecraft:wheat_seeds":27,"minecraft:pumpkin":1,"minecraft:egg":2,"minecraft:carved_pumpkin":1,"minecraft:porkchop":2,"minecraft:wooden_pickaxe":1,"minecraft:stick":1,"minecraft:poppy":7,"minecraft:white_wool":2,"minecraft:feather":5,"minecraft:oak_planks":8,"minecraft:wildflowers":60,"minecraft:chicken":4,"minecraft:crafting_table":3,"minecraft:snowball":20,"minecraft:arrow":2,"minecraft:raw_iron":35,"minecraft:beef":2,"minecraft:pointed_dripstone":3,"minecraft:apple":1,"minecraft:stone_sword":2,"minecraft:pumpkin_seeds":4,"minecraft:wheat":5,"minecraft:mutton":2},"minecraft:killed":{"minecraft:zombie":1,"minecraft:skeleton":1,"minecraft:chicken":4,"minecraft:enderman":1,"minecraft:goat":1,"minecraft:sheep":2,"minecraft:pig":1,"minecraft:cow":1},"minecraft:broken":{"minecraft:stone_shovel":1,"minecraft:stone_pickaxe":1},"minecraft:crafted":{"minecraft:stone_sword":1,"minecraft:bucket":1,"minecraft:bone_meal":2,"minecraft:furnace":3,"minecraft:stone_shovel":2,"minecraft:iron_ingot":35,"minecraft:stone_hoe":1,"minecraft:cooked_chicken":4,"minecraft:stone_pickaxe":1,"minecraft:cooked_mutton":2,"minecraft:oak_sign":3,"minecraft:crafting_table":2,"minecraft:torch":60,"minecraft:stick":36,"minecraft:wooden_pickaxe":1,"minecraft:cooked_beef":2,"minecraft:stone_axe":1,"minecraft:oak_planks":314,"minecraft:cooked_porkchop":2,"minecraft:iron_pickaxe":2,"minecraft:shears":1,"minecraft:iron_sword":1},"minecraft:killed_by":{"minecraft:skeleton":2,"minecraft:creeper":1},"minecraft:dropped":{"minecraft:spruce_sapling":1,"minecraft:arrow":2,"minecraft:pointed_dripstone":3,"minecraft:stone_sword":2,"minecraft:iron_pickaxe":1,"minecraft:wooden_pickaxe":2},"minecraft:used":{"minecraft:stone_axe":62,"minecraft:apple":1,"minecraft:iron_pickaxe":49,"minecraft:iron_sword":10,"minecraft:wheat_seeds":27,"minecraft:stone_hoe":146,"minecraft:stone_shovel":245,"minecraft:pumpkin":1,"minecraft:water_bucket":16,"minecraft:bone_meal":3,"minecraft:oak_sign":2,"minecraft:cooked_mutton":2,"minecraft:furnace":3,"minecraft:cooked_porkchop":2,"minecraft:torch":29,"minecraft:dirt":72,"minecraft:stone_sword":34,"minecraft:sweet_berries":4,"minecraft:wooden_pickaxe":47,"minecraft:oak_log":6,"minecraft:cooked_chicken":4,"minecraft:shears":3,"minecraft:bucket":16,"minecraft:crafting_table":4,"minecraft:carved_pumpkin":1,"minecraft:snowball":20,"minecraft:oak_planks":251,"minecraft:stone_pickaxe":165}},"DataVersion":4440}