{"stats":{"minecraft:killed_by":{"minecraft:skeleton":6,"minecraft:player":64,"minecraft:elder_guardian":3,"minecraft:zombified_piglin":4,"minecraft:enderman":1,"minecraft:breeze":1,"minecraft:creaking":1,"minecraft:spider":1,"minecraft:drowned":2,"minecraft:husk":1,"minecraft:zombie":6},"minecraft:custom":{"minecraft:eat_cake_slice":6,"minecraft:trigger_trapped_chest":1,"minecraft:time_since_rest":32,"minecraft:leave_game":119,"minecraft:boat_one_cm":450914,"minecraft:time_since_death":16,"minecraft:interact_with_furnace":438,"minecraft:happy_ghast_one_cm":379522,"minecraft:total_world_time":8003313,"minecraft:crouch_one_cm":1388677,"minecraft:climb_one_cm":1125206,"minecraft:deaths":223,"minecraft:interact_with_stonecutter":51,"minecraft:fish_caught":122,"minecraft:damage_dealt_resisted":238,"minecraft:animals_bred":2,"minecraft:minecart_one_cm":96753,"minecraft:traded_with_villager":340,"minecraft:damage_resisted":758,"minecraft:interact_with_crafting_table":408,"minecraft:inspect_dropper":29,"minecraft:walk_one_cm":60150355,"minecraft:walk_under_water_one_cm":1645485,"minecraft:horse_one_cm":66020,"minecraft:damage_dealt":226162,"minecraft:play_time":8003313,"minecraft:jump":149828,"minecraft:play_record":9,"minecraft:target_hit":11,"minecraft:sprint_one_cm":14277600,"minecraft:fill_cauldron":18,"minecraft:inspect_hopper":13,"minecraft:fly_one_cm":28671319,"minecraft:walk_on_water_one_cm":904405,"minecraft:interact_with_grindstone":35,"minecraft:talked_to_villager":118,"minecraft:damage_taken":137215,"minecraft:mob_kills":4998,"minecraft:open_shulker_box":11,"minecraft:open_enderchest":89,"minecraft:damage_dealt_absorbed":49,"minecraft:interact_with_brewingstand":47,"minecraft:interact_with_smithing_table":1,"minecraft:sleep_in_bed":9,"minecraft:inspect_dispenser":15,"minecraft:swim_one_cm":2556113,"minecraft:pot_flower":2,"minecraft:player_kills":41,"minecraft:enchant_item":54,"minecraft:interact_with_loom":1,"minecraft:interact_with_lectern":124,"minecraft:drop":1980,"minecraft:use_cauldron":43,"minecraft:interact_with_cartography_table":1,"minecraft:bell_ring":36,"minecraft:open_barrel":184,"minecraft:open_chest":3488,"minecraft:interact_with_smoker":1,"minecraft:fall_one_cm":5237321,"minecraft:interact_with_anvil":57,"minecraft:sneak_time":243562},"minecraft:broken":{"minecraft:stone_shovel":3,"minecraft:iron_helmet":2,"minecraft:diamond_shovel":2,"minecraft:iron_chestplate":1,"minecraft:iron_hoe":2,"minecraft:iron_leggings":1,"minecraft:iron_shovel":27,"minecraft:stone_axe":3,"minecraft:iron_pickaxe":4,"minecraft:stone_sword":1,"minecraft:stone_pickaxe":13,"minecraft:iron_boots":2,"minecraft:fishing_rod":2,"minecraft:stone_hoe":1,"minecraft:diamond_pickaxe":1,"minecraft:wooden_pickaxe":1,"minecraft:diamond_axe":1},"minecraft:crafted":{"minecraft:stone_sword":1,"minecraft:gold_ingot":33,"minecraft:book":25,"minecraft:iron_chestplate":1,"minecraft:glass_pane":432,"minecraft:copper_trapdoor":8,"minecraft:cherry_sign":12,"minecraft:stone_bricks":1,"minecraft:diamond_pickaxe":4,"minecraft:chest":38,"minecraft:bookshelf":22,"minecraft:stone_slab":60,"minecraft:bamboo_mosaic_slab":90,"minecraft:acacia_planks":152,"minecraft:sponge":11,"minecraft:bucket":2,"minecraft:jungle_planks":20,"minecraft:pale_oak_door":6,"minecraft:ladder":231,"minecraft:item_frame":15,"minecraft:dark_oak_planks":744,"minecraft:stone_hoe":1,"minecraft:diamond_shovel":2,"minecraft:pale_oak_sign":27,"minecraft:glass":623,"minecraft:oak_sign":9,"minecraft:copper_door":3,"minecraft:iron_hoe":2,"minecraft:oak_trapdoor":12,"minecraft:red_wool":16,"minecraft:cherry_door":12,"minecraft:campfire":13,"minecraft:netherite_upgrade_smithing_template":2,"minecraft:dark_prismarine":82,"minecraft:honeycomb_block":40,"minecraft:cooked_mutton":3,"minecraft:coal_block":4,"minecraft:spruce_door":3,"minecraft:iron_boots":2,"minecraft:bone_block":226,"minecraft:white_wool":16,"minecraft:cooked_beef":13,"minecraft:diamond":63,"minecraft:oak_slab":252,"minecraft:spruce_sign":3,"minecraft:cherry_planks":1176,"minecraft:paper":225,"minecraft:furnace":1,"minecraft:tinted_glass":90,"minecraft:iron_ingot":229,"minecraft:pale_oak_trapdoor":238,"minecraft:dark_oak_slab":6,"minecraft:diamond_helmet":1,"minecraft:stone":576,"minecraft:blaze_powder":2,"minecraft:acacia_slab":36,"minecraft:diamond_leggings":1,"minecraft:enchanted_book":11,"minecraft:baked_potato":128,"minecraft:spruce_stairs":24,"minecraft:shield":2,"minecraft:stone_axe":3,"minecraft:deepslate":67,"minecraft:pale_oak_stairs":284,"minecraft:diamond_block":3,"minecraft:bamboo_planks":518,"minecraft:copper_grate":32,"minecraft:cobblestone_stairs":20,"minecraft:cracked_stone_bricks":39,"minecraft:cooked_salmon":45,"minecraft:diamond_boots":2,"minecraft:writable_book":13,"minecraft:ender_eye":1,"minecraft:dark_oak_stairs":64,"minecraft:map":27,"minecraft:stick":6520,"minecraft:white_stained_glass_pane":232,"minecraft:compass":16,"minecraft:ender_chest":1,"minecraft:black_dye":160,"minecraft:cherry_slab":156,"minecraft:cooked_porkchop":9,"minecraft:iron_helmet":2,"minecraft:diamond_axe":2,"minecraft:lightning_rod":1,"minecraft:black_banner":4,"minecraft:air":0,"minecraft:dark_oak_button":1,"minecraft:bone_meal":3113,"minecraft:spyglass":2,"minecraft:oak_boat":1,"minecraft:red_dye":21,"minecraft:pale_oak_slab":4042,"minecraft:bamboo_mosaic":207,"minecraft:written_book":2,"minecraft:lapis_lazuli":18,"minecraft:bundle":1,"minecraft:oak_planks":1200,"minecraft:bamboo_slab":1026,"minecraft:gold_nugget":18,"minecraft:cooked_cod":64,"minecraft:coal":9,"minecraft:fishing_rod":1,"minecraft:shears":2,"minecraft:iron_shovel":29,"minecraft:white_banner":2,"minecraft:stone_shovel":3,"minecraft:white_dye":62,"minecraft:lantern":8,"minecraft:cooked_chicken":4,"minecraft:birch_planks":1264,"minecraft:hopper":11,"minecraft:cherry_stairs":408,"minecraft:stone_pickaxe":13,"minecraft:sea_lantern":4,"minecraft:wooden_pickaxe":1,"minecraft:spruce_slab":84,"minecraft:diamond_chestplate":1,"minecraft:diamond_sword":2,"minecraft:bamboo_block":259,"minecraft:emerald":367,"minecraft:light_blue_stained_glass_pane":192,"minecraft:cherry_trapdoor":44,"minecraft:pale_oak_planks":8316,"minecraft:chiseled_bookshelf":110,"minecraft:spruce_boat":2,"minecraft:copper_ingot":177,"minecraft:bread":234,"minecraft:dark_oak_sign":12,"minecraft:deepslate_tile_wall":35,"minecraft:crafting_table":22,"minecraft:torch":340,"minecraft:red_carpet":24,"minecraft:spruce_planks":1424,"minecraft:lectern":3,"minecraft:iron_pickaxe":2,"minecraft:copper_block":64,"minecraft:chiseled_stone_bricks":1,"minecraft:iron_leggings":1},"minecraft:killed":{"minecraft:zombified_piglin":2575,"minecraft:stray":40,"minecraft:pig":5,"minecraft:piglin":1,"minecraft:bat":2,"minecraft:silverfish":305,"minecraft:cat":2,"minecraft:salmon":105,"minecraft:zombie":584,"minecraft:bee":4,"minecraft:glow_squid":8,"minecraft:zombie_villager":6,"minecraft:rabbit":4,"minecraft:chicken":54,"minecraft:goat":2,"minecraft:guardian":17,"minecraft:squid":119,"minecraft:drowned":16,"minecraft:cow":26,"minecraft:wolf":3,"minecraft:slime":23,"minecraft:pillager":22,"minecraft:skeleton":451,"minecraft:tropical_fish":4,"minecraft:witch":10,"minecraft:cod":123,"minecraft:frog":1,"minecraft:spider":50,"minecraft:bogged":1,"minecraft:husk":24,"minecraft:creeper":363,"minecraft:sheep":5,"minecraft:enderman":1,"minecraft:vex":2,"minecraft:breeze":15},"minecraft:picked_up":{"minecraft:oxidized_copper_trapdoor":1,"minecraft:purple_dye":1,"minecraft:sweet_berries":337,"minecraft:pale_oak_log":3790,"minecraft:smooth_stone_slab":18,"minecraft:cherry_sign":2,"minecraft:cobblestone":5847,"minecraft:minecart":3,"minecraft:brick":114,"minecraft:saddle":5,"minecraft:bee_nest":20,"minecraft:sugar_cane":246,"minecraft:stripped_dark_oak_log":3,"minecraft:bone":277,"minecraft:cherry_door":25,"minecraft:acacia_sapling":17,"minecraft:diamond_shovel":1,"minecraft:iron_bars":9,"minecraft:iron_sword":1,"minecraft:white_banner":4,"minecraft:emerald":76,"minecraft:pale_oak_sapling":547,"minecraft:polished_diorite_slab":51,"minecraft:weathered_copper_door":1,"minecraft:book":41,"minecraft:armor_stand":5,"minecraft:ink_sac":234,"minecraft:wildflowers":50,"minecraft:shroomlight":1,"minecraft:bow":26,"minecraft:birch_boat":2,"minecraft:arrow":339,"minecraft:smooth_basalt":364,"minecraft:iron_ingot":14,"minecraft:lilac":1,"minecraft:pale_oak_stairs":157,"minecraft:spruce_slab":19,"minecraft:cherry_stairs":102,"minecraft:crossbow":5,"minecraft:azalea":1,"minecraft:magenta_stained_glass_pane":3,"minecraft:dandelion":22,"minecraft:nautilus_shell":5,"minecraft:mutton":9,"minecraft:guster_pottery_sherd":1,"minecraft:golden_carrot":38,"minecraft:spruce_leaves":1,"minecraft:pearlescent_froglight":2,"minecraft:white_stained_glass_pane":8,"minecraft:light_blue_stained_glass_pane":22,"minecraft:rabbit_hide":2,"minecraft:stonecutter":3,"minecraft:black_dye":61,"minecraft:cobblestone_stairs":8,"minecraft:oxeye_daisy":1,"minecraft:blue_stained_glass":1,"minecraft:oak_log":83,"minecraft:sand":636,"minecraft:furnace":10,"minecraft:wheat_seeds":1988,"minecraft:oak_door":3,"minecraft:leather_leggings":1,"minecraft:egg":100,"minecraft:diamond_sword":5,"minecraft:snowball":117,"minecraft:dried_kelp":7,"minecraft:oak_sign":9,"minecraft:beetroot_seeds":12,"minecraft:ender_pearl":1,"minecraft:honeycomb_block":5,"minecraft:string":133,"minecraft:golden_sword":19,"minecraft:smithing_table":1,"minecraft:stone_bricks":907,"minecraft:obsidian":16,"minecraft:writable_book":47,"minecraft:light_gray_terracotta":1,"minecraft:polished_diorite":122,"minecraft:white_carpet":4,"minecraft:nether_wart_block":19,"minecraft:pale_oak_trapdoor":28,"minecraft:cornflower":1,"minecraft:ender_chest":60,"minecraft:enchanted_book":8,"minecraft:spruce_sapling":106,"minecraft:scrape_pottery_sherd":1,"minecraft:tripwire_hook":3,"minecraft:mangrove_log":32,"minecraft:deepslate_brick_wall":4,"minecraft:flowering_azalea":14,"minecraft:bamboo_mosaic":103,"minecraft:white_bed":1,"minecraft:fishing_rod":4,"minecraft:bucket":4,"minecraft:chiseled_stone_bricks":23,"minecraft:leather":32,"minecraft:birch_sign":1,"minecraft:cherry_fence":12,"minecraft:honey_bottle":5,"minecraft:lead":6,"minecraft:polished_andesite_stairs":6,"minecraft:stripped_cherry_log":4,"minecraft:moss_carpet":27,"minecraft:peony":12,"minecraft:scaffolding":20,"minecraft:netherite_upgrade_smithing_template":3,"minecraft:prismarine":27,"minecraft:prismarine_crystals":2,"minecraft:porkchop":11,"minecraft:spruce_sign":3,"minecraft:music_disc_precipice":2,"minecraft:stick":488,"minecraft:redstone_torch":3,"minecraft:polished_tuff":4,"minecraft:bamboo":2144,"minecraft:bamboo_slab":3,"minecraft:player_head":6,"minecraft:moss_block":9,"minecraft:deepslate":32,"minecraft:cookie":77,"minecraft:red_carpet":29,"minecraft:item_frame":63,"minecraft:stone_brick_wall":1,"minecraft:raw_iron":254,"minecraft:honeycomb":147,"minecraft:dead_bush":2,"minecraft:mangrove_fence":1,"minecraft:nether_brick":24,"minecraft:leather_helmet":4,"minecraft:spruce_door":1,"minecraft:cherry_planks":124,"minecraft:chest":14,"minecraft:lectern":1,"minecraft:netherrack":6,"minecraft:copper_trapdoor":3,"minecraft:pale_oak_slab":601,"minecraft:trident":14,"minecraft:red_stained_glass_pane":3,"minecraft:stone":426,"minecraft:gravel":94,"minecraft:jungle_planks":3,"minecraft:jungle_boat":1,"minecraft:tuff":182,"minecraft:potato":3714,"minecraft:dark_oak_stairs":32,"minecraft:shield":2,"minecraft:bamboo_fence":6,"minecraft:lapis_lazuli":291,"minecraft:cut_copper":4,"minecraft:jungle_log":4,"minecraft:spruce_stairs":16,"minecraft:stripped_pale_oak_log":198,"minecraft:rabbit_stew":1,"minecraft:weathered_copper_trapdoor":1,"minecraft:ominous_bottle":5,"minecraft:trial_key":7,"minecraft:mangrove_sign":1,"minecraft:black_banner":2,"minecraft:waxed_oxidized_cut_copper_stairs":1,"minecraft:oak_boat":8,"minecraft:pufferfish":40,"minecraft:cherry_sapling":161,"minecraft:oak_planks":10,"minecraft:ice":1,"minecraft:flint_and_steel":1,"minecraft:raw_copper":336,"minecraft:rotten_flesh":1480,"minecraft:written_book":53,"minecraft:apple":3,"minecraft:cherry_trapdoor":40,"minecraft:calcite":1662,"minecraft:jukebox":7,"minecraft:sponge":7,"minecraft:cracked_stone_bricks":14,"minecraft:tropical_fish":3,"minecraft:poisonous_potato":17,"minecraft:light_blue_dye":1,"minecraft:name_tag":3,"minecraft:polished_andesite":1,"minecraft:prismarine_shard":3,"minecraft:glass":16,"minecraft:composter":1,"minecraft:orange_stained_glass_pane":5,"minecraft:flint":33,"minecraft:candle":3,"minecraft:suspicious_stew":1,"minecraft:redstone":345,"minecraft:deepslate_tiles":22,"minecraft:dark_oak_sign":10,"minecraft:redstone_lamp":1,"minecraft:glow_berries":2,"minecraft:firefly_bush":3,"minecraft:lantern":3,"minecraft:melon_slice":20,"minecraft:diamond":185,"minecraft:slime_ball":40,"minecraft:echo_shard":57,"minecraft:granite":261,"minecraft:goat_horn":4,"minecraft:dark_oak_sapling":38,"minecraft:chiseled_bookshelf":26,"minecraft:stone_brick_slab":31,"minecraft:deepslate_iron_ore":1,"minecraft:lily_pad":3,"minecraft:deepslate_brick_slab":3,"minecraft:flow_armor_trim_smithing_template":1,"minecraft:nether_wart":1,"minecraft:salmon":97,"minecraft:powered_rail":4,"minecraft:jungle_sign":1,"minecraft:charcoal":28,"minecraft:spruce_boat":10,"minecraft:cobbled_deepslate_stairs":1,"minecraft:gold_block":9,"minecraft:spyglass":2,"minecraft:bowl":51,"minecraft:dark_oak_planks":11,"minecraft:chest_minecart":1,"minecraft:raw_gold":29,"minecraft:acacia_log":34,"minecraft:emerald_block":1,"minecraft:deepslate_bricks":226,"minecraft:copper_door":1,"minecraft:pale_oak_leaves":8,"minecraft:acacia_planks":5,"minecraft:beetroot":5,"minecraft:pale_oak_sign":13,"minecraft:spruce_planks":195,"minecraft:dirt":8306,"minecraft:rail":13,"minecraft:bone_block":3,"minecraft:pale_oak_door":7,"minecraft:golden_boots":1,"minecraft:azure_bluet":4,"minecraft:torch":365,"minecraft:diamond_pickaxe":5,"minecraft:cherry_log":371,"minecraft:bread":97,"minecraft:spruce_log":852,"minecraft:cactus_flower":8,"minecraft:coal":976,"minecraft:oak_fence":4,"minecraft:birch_planks":1,"minecraft:splash_potion":7,"minecraft:cherry_leaves":30,"minecraft:iron_pickaxe":1,"minecraft:tuff_brick_stairs":1,"minecraft:milk_bucket":2,"minecraft:bookshelf":1,"minecraft:hopper":5,"minecraft:birch_sapling":5,"minecraft:totem_of_undying":3,"minecraft:poppy":22,"minecraft:stone_hoe":1,"minecraft:cooked_beef":6,"minecraft:white_wool":3,"minecraft:feather":45,"minecraft:mangrove_propagule":11,"minecraft:potion":57,"minecraft:andesite":165,"minecraft:deepslate_tile_slab":6,"minecraft:rabbit_foot":1,"minecraft:copper_ingot":198,"minecraft:ladder":56,"minecraft:amethyst_shard":184,"minecraft:sandstone":1,"minecraft:filled_map":27,"minecraft:coal_ore":6,"minecraft:diamond_axe":6,"minecraft:carrot":2433,"minecraft:rabbit":4,"minecraft:mangrove_roots":100,"minecraft:pink_stained_glass_pane":8,"minecraft:polished_deepslate_slab":19,"minecraft:breeze_rod":56,"minecraft:flow_pottery_sherd":2,"minecraft:netherite_boots":1,"minecraft:gold_nugget":74,"minecraft:stone_slab":2,"minecraft:water_bucket":4,"minecraft:polished_diorite_stairs":44,"minecraft:cod":178,"minecraft:gold_ingot":4,"minecraft:baked_potato":43,"minecraft:copper_grate":20,"minecraft:dark_prismarine":96,"minecraft:bolt_armor_trim_smithing_template":1,"minecraft:glow_ink_sac":5,"minecraft:golden_apple":2,"minecraft:waxed_oxidized_cut_copper":1,"minecraft:copper_ore":7,"minecraft:oak_trapdoor":1,"minecraft:prismarine_bricks":91,"minecraft:painting":1,"minecraft:acacia_slab":6,"minecraft:chicken":50,"minecraft:golden_chestplate":2,"minecraft:cooked_chicken":48,"minecraft:kelp":1,"minecraft:cobbled_deepslate":3105,"minecraft:acacia_stairs":1,"minecraft:pumpkin_seeds":8,"minecraft:music_disc_lava_chicken":8,"minecraft:amethyst_block":40,"minecraft:wheat":690,"minecraft:tuff_bricks":31,"minecraft:map":3,"minecraft:cherry_slab":205,"minecraft:gunpowder":100,"minecraft:pumpkin_pie":24,"minecraft:netherite_helmet":1,"minecraft:deepslate_tile_wall":10,"minecraft:tinted_glass":45,"minecraft:smooth_stone":17,"minecraft:light_gray_wool":2,"minecraft:gray_concrete":1,"minecraft:polished_deepslate":37,"minecraft:leaf_litter":914,"minecraft:soul_torch":1,"minecraft:pale_oak_planks":892,"minecraft:birch_log":14,"minecraft:music_disc_creator":2,"minecraft:compass":2,"minecraft:pumpkin":7,"minecraft:diamond_block":7,"minecraft:spider_eye":34,"minecraft:bone_meal":9,"minecraft:dark_oak_log":192,"minecraft:tipped_arrow":42,"minecraft:diorite":344,"minecraft:wet_sponge":2,"minecraft:flower_pot":2,"minecraft:golden_helmet":1,"minecraft:crafting_table":19,"minecraft:ominous_trial_key":6,"minecraft:decorated_pot":1,"minecraft:oak_sapling":29,"minecraft:beef":61,"minecraft:cake":2,"minecraft:wind_charge":28,"minecraft:cobblestone_slab":3,"minecraft:dark_oak_boat":1,"minecraft:music_disc_cat":1,"minecraft:glass_bottle":14,"minecraft:oak_slab":14,"minecraft:cocoa_beans":267,"minecraft:paper":10,"minecraft:gray_wool":8,"minecraft:stripped_acacia_log":7},"minecraft:mined":{"minecraft:torch":162,"minecraft:mangrove_roots":111,"minecraft:dark_oak_wall_sign":4,"minecraft:light_blue_stained_glass_pane":13,"minecraft:spruce_log":871,"minecraft:chest":14,"minecraft:pumpkin":8,"minecraft:mycelium":4,"minecraft:spruce_sapling":1,"minecraft:bone_block":2,"minecraft:waxed_oxidized_cut_copper":1,"minecraft:spruce_planks":195,"minecraft:soul_torch":1,"minecraft:birch_log":14,"minecraft:sweet_berry_bush":31,"minecraft:large_fern":10,"minecraft:dark_oak_planks":10,"minecraft:redstone_torch":4,"minecraft:deepslate_bricks":234,"minecraft:pale_oak_sign":4,"minecraft:gold_block":9,"minecraft:diamond_ore":4,"minecraft:wall_torch":87,"minecraft:copper_grate":20,"minecraft:smithing_table":1,"minecraft:cake":1,"minecraft:magenta_stained_glass_pane":3,"minecraft:ender_chest":60,"minecraft:deepslate_tiles":25,"minecraft:oak_sapling":1,"minecraft:azalea":1,"minecraft:azure_bluet":1,"minecraft:acacia_log":34,"minecraft:deepslate_brick_slab":3,"minecraft:black_wall_banner":2,"minecraft:dark_oak_log":188,"minecraft:gray_wool":7,"minecraft:stripped_pale_oak_log":165,"minecraft:stone_slab":2,"minecraft:dandelion":8,"minecraft:glass":22,"minecraft:lantern":2,"minecraft:diamond_block":2,"minecraft:kelp":2,"minecraft:oak_wall_sign":5,"minecraft:cherry_leaves":151,"minecraft:scaffolding":6,"minecraft:oak_leaves":21,"minecraft:tuff_brick_stairs":1,"minecraft:spruce_stairs":16,"minecraft:deepslate_copper_ore":2,"minecraft:iron_bars":9,"minecraft:large_amethyst_bud":4,"minecraft:tall_grass":33,"minecraft:waxed_copper_block":1,"minecraft:deepslate_tile_slab":6,"minecraft:emerald_ore":5,"minecraft:lily_pad":1,"minecraft:pale_oak_door":7,"minecraft:acacia_slab":6,"minecraft:dark_prismarine":96,"minecraft:tripwire":4,"minecraft:wet_sponge":2,"minecraft:moss_carpet":2,"minecraft:spruce_door":1,"minecraft:sand":1533,"minecraft:seagrass":2,"minecraft:spruce_sign":2,"minecraft:stonecutter":3,"minecraft:cocoa":90,"minecraft:lapis_ore":12,"minecraft:oxidized_copper_trapdoor":1,"minecraft:chiseled_stone_bricks":26,"minecraft:vine":12,"minecraft:carrots":679,"minecraft:lectern":1,"minecraft:gray_concrete":1,"minecraft:short_grass":184,"minecraft:acacia_leaves":13,"minecraft:dirt_path":9,"minecraft:crafting_table":17,"minecraft:flowering_azalea":7,"minecraft:deepslate_redstone_ore":67,"minecraft:dark_oak_stairs":32,"minecraft:leaf_litter":70,"minecraft:copper_ore":97,"minecraft:stone_brick_wall":1,"minecraft:smooth_stone":4,"minecraft:bamboo_mosaic":111,"minecraft:packed_ice":1,"minecraft:honeycomb_block":4,"minecraft:budding_amethyst":5,"minecraft:orange_stained_glass_pane":5,"minecraft:stripped_acacia_log":4,"minecraft:stone_bricks":982,"minecraft:white_stained_glass_pane":10,"minecraft:bush":7,"minecraft:wheat":705,"minecraft:bee_nest":21,"minecraft:prismarine":28,"minecraft:cherry_door":25,"minecraft:copper_door":1,"minecraft:cactus_flower":2,"minecraft:copper_trapdoor":3,"minecraft:grass_block":9480,"minecraft:stone_brick_slab":18,"minecraft:tuff_bricks":43,"minecraft:pale_oak_leaves":33,"minecraft:deepslate_tile_wall":13,"minecraft:calcite":1612,"minecraft:spruce_slab":20,"minecraft:jukebox":7,"minecraft:cherry_sign":1,"minecraft:sponge":1,"minecraft:pale_oak_sapling":25,"minecraft:smooth_basalt":399,"minecraft:cherry_fence":10,"minecraft:oak_sign":5,"minecraft:waxed_oxidized_cut_copper_stairs":1,"minecraft:polished_andesite_stairs":6,"minecraft:mangrove_fence":1,"minecraft:amethyst_block":39,"minecraft:cherry_trapdoor":43,"minecraft:oxeye_daisy":1,"minecraft:farmland":117,"minecraft:obsidian":18,"minecraft:sandstone":1,"minecraft:polished_diorite_slab":47,"minecraft:iron_door":1,"minecraft:oak_fence":2,"minecraft:smooth_stone_slab":9,"minecraft:moss_block":7,"minecraft:bamboo":365,"minecraft:decorated_pot":16,"minecraft:fern":11,"minecraft:kelp_plant":12,"minecraft:deepslate_diamond_ore":62,"minecraft:potatoes":1097,"minecraft:pale_oak_trapdoor":27,"minecraft:mangrove_propagule":7,"minecraft:pink_stained_glass":3,"minecraft:iron_ore":128,"minecraft:podzol":98,"minecraft:oak_planks":9,"minecraft:cobblestone":105,"minecraft:tinted_glass":45,"minecraft:sugar_cane":224,"minecraft:mangrove_leaves":20,"minecraft:bamboo_slab":3,"minecraft:polished_diorite":67,"minecraft:furnace":9,"minecraft:cracked_stone_bricks":14,"minecraft:wildflowers":27,"minecraft:tall_seagrass":3,"minecraft:rail":12,"minecraft:dirt":6387,"minecraft:weathered_copper_door":1,"minecraft:hopper":5,"minecraft:red_stained_glass_pane":3,"minecraft:ladder":54,"minecraft:deepslate":3301,"minecraft:cherry_planks":136,"minecraft:snow":7,"minecraft:cherry_slab":191,"minecraft:oak_log":84,"minecraft:blue_stained_glass":1,"minecraft:pale_oak_stairs":119,"minecraft:bamboo_fence":6,"minecraft:polished_diorite_stairs":44,"minecraft:redstone_ore":1,"minecraft:cherry_log":372,"minecraft:sculk":1,"minecraft:oak_slab":14,"minecraft:gravel":234,"minecraft:pale_oak_wall_sign":2,"minecraft:red_carpet":3,"minecraft:prismarine_bricks":88,"minecraft:polished_deepslate_slab":12,"minecraft:lilac":1,"minecraft:jungle_log":3,"minecraft:firefly_bush":2,"minecraft:gold_ore":3,"minecraft:pale_oak_slab":593,"minecraft:andesite":300,"minecraft:stripped_cherry_log":3,"minecraft:chiseled_bookshelf":40,"minecraft:deepslate_gold_ore":26,"minecraft:ice":13,"minecraft:dark_oak_leaves":9,"minecraft:pink_stained_glass_pane":8,"minecraft:jungle_wall_sign":1,"minecraft:poppy":4,"minecraft:deepslate_lapis_ore":27,"minecraft:deepslate_iron_ore":84,"minecraft:amethyst_cluster":33,"minecraft:pearlescent_froglight":2,"minecraft:stone":11900,"minecraft:granite":444,"minecraft:cobblestone_stairs":8,"minecraft:spruce_fence":1,"minecraft:coal_ore":659,"minecraft:diorite":597,"minecraft:cherry_stairs":134,"minecraft:deepslate_brick_wall":3,"minecraft:white_bed":1,"minecraft:dark_oak_sign":2,"minecraft:cherry_sapling":7,"minecraft:polished_deepslate":39,"minecraft:light_gray_wool":1,"minecraft:composter":1,"minecraft:sculk_vein":1,"minecraft:bookshelf":13,"minecraft:cobbled_deepslate_stairs":1,"minecraft:white_carpet":2,"minecraft:candle":1,"minecraft:powder_snow":18,"minecraft:player_head":2,"minecraft:mangrove_log":32,"minecraft:cobweb":1,"minecraft:peony":7,"minecraft:spruce_leaves":264,"minecraft:chiseled_tuff_bricks":1,"minecraft:cobbled_deepslate":10,"minecraft:tuff":210,"minecraft:polished_tuff":4,"minecraft:pale_oak_log":3249,"minecraft:pale_oak_planks":1055,"minecraft:cobblestone_slab":2,"minecraft:acacia_planks":1},"minecraft:dropped":{"minecraft:deepslate_brick_wall":1,"minecraft:white_dye":33,"minecraft:andesite":76,"minecraft:sweet_berries":107,"minecraft:smooth_stone_slab":18,"minecraft:bone":226,"minecraft:glass":47,"minecraft:poppy":21,"minecraft:pale_oak_leaves":7,"minecraft:tuff_bricks":21,"minecraft:beetroot":5,"minecraft:spruce_sign":2,"minecraft:raw_gold":1,"minecraft:cherry_stairs":1,"minecraft:azure_bluet":4,"minecraft:oak_sapling":19,"minecraft:cooked_chicken":4,"minecraft:jungle_sign":1,"minecraft:prismarine":9,"minecraft:amethyst_block":24,"minecraft:cornflower":1,"minecraft:redstone":67,"minecraft:music_disc_precipice":1,"minecraft:tuff":64,"minecraft:book":10,"minecraft:milk_bucket":3,"minecraft:oak_slab":51,"minecraft:chiseled_stone_bricks":2,"minecraft:gunpowder":65,"minecraft:dried_kelp":5,"minecraft:gold_ingot":2,"minecraft:smooth_basalt":5,"minecraft:spruce_leaves":1,"minecraft:bone_block":1,"minecraft:baked_potato":77,"minecraft:diorite":83,"minecraft:torch":6,"minecraft:leather_leggings":1,"minecraft:birch_planks":1,"minecraft:bow":31,"minecraft:cooked_cod":1,"minecraft:pufferfish":41,"minecraft:bucket":4,"minecraft:raw_copper":61,"minecraft:stone":2,"minecraft:sand":21,"minecraft:chest":1,"minecraft:spruce_boat":3,"minecraft:peony":1,"minecraft:cracked_stone_bricks":4,"minecraft:apple":1,"minecraft:bamboo":12,"minecraft:stone_slab":1,"minecraft:mangrove_sign":1,"minecraft:raw_iron":10,"minecraft:item_frame":1,"minecraft:crafting_table":3,"minecraft:golden_helmet":4,"minecraft:light_gray_terracotta":1,"minecraft:spyglass":3,"minecraft:flowering_azalea":2,"minecraft:mutton":3,"minecraft:cooked_porkchop":8,"minecraft:white_banner":2,"minecraft:glow_ink_sac":5,"minecraft:tripwire_hook":1,"minecraft:iron_shovel":3,"minecraft:glow_berries":4,"minecraft:rabbit_hide":2,"minecraft:kelp":1,"minecraft:cobbled_deepslate":113,"minecraft:egg":18,"minecraft:sugar_cane":9,"minecraft:flint_and_steel":1,"minecraft:flower_pot":1,"minecraft:paper":24,"minecraft:prismarine_bricks":6,"minecraft:trident":11,"minecraft:shield":3,"minecraft:acacia_sapling":15,"minecraft:dark_oak_slab":2,"minecraft:chainmail_chestplate":2,"minecraft:cherry_planks":6,"minecraft:player_head":2,"minecraft:white_carpet":3,"minecraft:string":56,"minecraft:golden_boots":3,"minecraft:oak_sign":5,"minecraft:bread":45,"minecraft:spider_eye":23,"minecraft:firefly_bush":2,"minecraft:snowball":88,"minecraft:sponge":1,"minecraft:cobblestone":290,"minecraft:copper_ore":7,"minecraft:spruce_planks":21,"minecraft:stripped_pale_oak_log":1,"minecraft:potion":12,"minecraft:white_wool":1,"minecraft:leather":3,"minecraft:splash_potion":3,"minecraft:moss_carpet":2,"minecraft:saddle":2,"minecraft:birch_log":2,"minecraft:wildflowers":2,"minecraft:bone_meal":23,"minecraft:beetroot_seeds":12,"minecraft:birch_sapling":2,"minecraft:deepslate_tiles":4,"minecraft:pale_oak_log":647,"minecraft:beef":2,"minecraft:iron_sword":1,"minecraft:prismarine_shard":2,"minecraft:fishing_rod":2,"minecraft:amethyst_shard":5,"minecraft:writable_book":39,"minecraft:pale_oak_trapdoor":13,"minecraft:gray_wool":1,"minecraft:echo_shard":2,"minecraft:dark_oak_sign":2,"minecraft:oak_boat":2,"minecraft:gravel":62,"minecraft:ink_sac":47,"minecraft:bowl":53,"minecraft:enchanted_book":4,"minecraft:moss_block":2,"minecraft:redstone_lamp":1,"minecraft:crossbow":2,"minecraft:filled_map":12,"minecraft:spruce_stairs":2,"minecraft:arrow":823,"minecraft:spruce_sapling":18,"minecraft:carrot":415,"minecraft:redstone_torch":1,"minecraft:deepslate":32,"minecraft:tipped_arrow":43,"minecraft:rotten_flesh":3100,"minecraft:ominous_trial_key":3,"minecraft:cherry_sapling":33,"minecraft:dirt":2322,"minecraft:black_dye":8,"minecraft:smooth_stone":13,"minecraft:obsidian":1,"minecraft:golden_chestplate":3,"minecraft:waxed_oxidized_cut_copper_stairs":1,"minecraft:oak_fence":2,"minecraft:deepslate_bricks":4,"minecraft:emerald":139,"minecraft:rail":1,"minecraft:bookshelf":4,"minecraft:coal":14,"minecraft:honey_bottle":2,"minecraft:potato":6,"minecraft:glass_bottle":35,"minecraft:stone_hoe":1,"minecraft:stone_brick_slab":5,"minecraft:written_book":37,"minecraft:cherry_door":2,"minecraft:cookie":2,"minecraft:lapis_lazuli":1,"minecraft:pale_oak_slab":24,"minecraft:oak_planks":6,"minecraft:powered_rail":4,"minecraft:porkchop":1,"minecraft:wheat":9,"minecraft:chainmail_helmet":2,"minecraft:light_blue_dye":1,"minecraft:wheat_seeds":992,"minecraft:iron_ingot":18,"minecraft:compass":3,"minecraft:goat_horn":3,"minecraft:dark_oak_boat":1,"minecraft:spruce_slab":24,"minecraft:polished_tuff":3,"minecraft:polished_diorite_slab":2,"minecraft:copper_ingot":4,"minecraft:chest_minecart":1,"minecraft:oak_log":8,"minecraft:dark_oak_sapling":1,"minecraft:acacia_slab":6,"minecraft:diamond_pickaxe":6,"minecraft:dandelion":12,"minecraft:stick":187,"minecraft:pale_oak_planks":6,"minecraft:polished_diorite":2,"minecraft:waxed_oxidized_cut_copper":1,"minecraft:ladder":2,"minecraft:leather_helmet":5,"minecraft:totem_of_undying":2,"minecraft:nautilus_shell":4,"minecraft:nether_wart_block":19,"minecraft:jungle_log":1,"minecraft:pale_oak_sapling":3,"minecraft:rabbit":1,"minecraft:pumpkin_seeds":8,"minecraft:diamond_axe":6,"minecraft:bundle":1,"minecraft:cocoa_beans":9,"minecraft:gold_block":26,"minecraft:granite":3,"minecraft:cherry_log":23,"minecraft:diamond":99,"minecraft:feather":27,"minecraft:golden_sword":19,"minecraft:poisonous_potato":15,"minecraft:pumpkin_pie":6,"minecraft:iron_bars":8,"minecraft:water_bucket":2,"minecraft:stone_bricks":1,"minecraft:leaf_litter":931,"minecraft:chicken":20,"minecraft:flint":33,"minecraft:diamond_sword":6,"minecraft:golden_leggings":2,"minecraft:oak_trapdoor":1,"minecraft:gold_nugget":49,"minecraft:salmon":4,"minecraft:netherite_upgrade_smithing_template":2,"minecraft:cod":19,"minecraft:pale_oak_sign":16},"minecraft:used":{"minecraft:polished_tuff":1,"minecraft:birch_sign":1,"minecraft:white_banner":2,"minecraft:diamond_sword":3688,"minecraft:acacia_slab":6,"minecraft:cherry_planks":435,"minecraft:campfire":13,"minecraft:wheat_seeds":943,"minecraft:glass":340,"minecraft:polished_diorite_stairs":48,"minecraft:decorated_pot":1,"minecraft:deepslate_tile_slab":81,"minecraft:jungle_log":27,"minecraft:coal_ore":6,"minecraft:stripped_pale_oak_log":203,"minecraft:sea_lantern":4,"minecraft:spruce_slab":53,"minecraft:stonecutter":3,"minecraft:polished_deepslate_slab":623,"minecraft:diamond_axe":8484,"minecraft:white_carpet":1,"minecraft:snowball":141,"minecraft:pale_oak_stairs":293,"minecraft:moss_block":1,"minecraft:calcite":345,"minecraft:armor_stand":5,"minecraft:bow":9,"minecraft:cobbled_deepslate_stairs":1,"minecraft:cobbled_deepslate":110,"minecraft:polished_diorite":119,"minecraft:dark_prismarine":68,"minecraft:cod":23,"minecraft:deepslate_brick_slab":8,"minecraft:pale_oak_trapdoor":239,"minecraft:stone_shovel":395,"minecraft:white_stained_glass_pane":133,"minecraft:mutton":3,"minecraft:goat_horn":8,"minecraft:light_blue_stained_glass":2,"minecraft:written_book":356,"minecraft:cooked_salmon":42,"minecraft:sand":16,"minecraft:wind_charge":11,"minecraft:bamboo_fence":6,"minecraft:gray_wool":1,"minecraft:shears":82,"minecraft:bucket":997,"minecraft:cocoa_beans":141,"minecraft:porkchop":1,"minecraft:oak_sapling":2,"minecraft:flower_pot":1,"minecraft:oak_fence":2,"minecraft:diamond_block":2,"minecraft:oak_trapdoor":12,"minecraft:sponge":3,"minecraft:wildflowers":48,"minecraft:cherry_leaves":30,"minecraft:emerald_block":1,"minecraft:iron_pickaxe":926,"minecraft:andesite":54,"minecraft:polished_deepslate":586,"minecraft:copper_grate":52,"minecraft:pale_oak_sapling":344,"minecraft:dark_oak_log":4,"minecraft:bamboo":366,"minecraft:oak_boat":7,"minecraft:golden_carrot":37,"minecraft:acacia_log":6,"minecraft:stone_brick_slab":33,"minecraft:deepslate_bricks":748,"minecraft:cactus_flower":8,"minecraft:cooked_mutton":8,"minecraft:cookie":82,"minecraft:ochre_froglight":18,"minecraft:red_stained_glass_pane":3,"minecraft:stone_bricks":2380,"minecraft:light_gray_wool":1,"minecraft:tuff_brick_stairs":1,"minecraft:minecart":3,"minecraft:smooth_stone":4,"minecraft:wooden_pickaxe":59,"minecraft:spruce_door":4,"minecraft:map":1,"minecraft:bee_nest":27,"minecraft:pale_oak_planks":5201,"minecraft:cobblestone":364,"minecraft:cherry_sign":7,"minecraft:stone":58,"minecraft:golden_apple":1,"minecraft:axolotl_bucket":1,"minecraft:acacia_stairs":1,"minecraft:light_blue_stained_glass_pane":134,"minecraft:crafting_table":37,"minecraft:spruce_sign":4,"minecraft:potion":48,"minecraft:tuff_bricks":93,"minecraft:bone_block":136,"minecraft:baked_potato":98,"minecraft:apple":2,"minecraft:scaffolding":20,"minecraft:moss_carpet":2,"minecraft:copper_door":4,"minecraft:melon_slice":20,"minecraft:stone_hoe":178,"minecraft:spruce_log":32,"minecraft:pumpkin":1,"minecraft:magenta_stained_glass_pane":3,"minecraft:water_bucket":998,"minecraft:deepslate_tile_wall":35,"minecraft:netherite_boots":1,"minecraft:golden_helmet":1,"minecraft:cherry_door":37,"minecraft:bread":314,"minecraft:torch":662,"minecraft:gray_concrete":1,"minecraft:chiseled_stone_bricks":42,"minecraft:chicken":9,"minecraft:cobblestone_stairs":8,"minecraft:weathered_copper_trapdoor":1,"minecraft:gravel":3,"minecraft:cake":2,"minecraft:cooked_chicken":61,"minecraft:white_wool":1,"minecraft:bamboo_planks":2,"minecraft:snow_block":1,"minecraft:amethyst_block":3,"minecraft:chest":40,"minecraft:beef":11,"minecraft:deepslate_iron_ore":1,"minecraft:polished_andesite_stairs":6,"minecraft:sandstone":1,"minecraft:stone_brick_wall":1,"minecraft:prismarine":7,"minecraft:painting":1,"minecraft:leaf_litter":16,"minecraft:stone_slab":37,"minecraft:player_head":4,"minecraft:ominous_trial_key":3,"minecraft:pink_stained_glass_pane":8,"minecraft:black_banner":2,"minecraft:potato":1397,"minecraft:glass_bottle":22,"minecraft:jungle_planks":3,"minecraft:oak_sign":11,"minecraft:orange_stained_glass_pane":5,"minecraft:bamboo_slab":427,"minecraft:salmon":18,"minecraft:dark_oak_stairs":76,"minecraft:lantern":8,"minecraft:cooked_porkchop":50,"minecraft:dark_oak_button":1,"minecraft:iron_shovel":7281,"minecraft:pale_oak_sign":17,"minecraft:red_carpet":49,"minecraft:firefly_bush":1,"minecraft:cracked_stone_bricks":28,"minecraft:smithing_table":1,"minecraft:pale_oak_leaves":1,"minecraft:flowering_azalea":9,"minecraft:tinted_glass":110,"minecraft:pale_oak_door":13,"minecraft:cherry_slab":313,"minecraft:pumpkin_pie":18,"minecraft:candle":3,"minecraft:jukebox":5,"minecraft:jungle_boat":1,"minecraft:stone_pickaxe":1675,"minecraft:dandelion":10,"minecraft:oak_door":3,"minecraft:mangrove_roots":3,"minecraft:acacia_planks":1,"minecraft:netherrack":3,"minecraft:lilac":1,"minecraft:spruce_boat":9,"minecraft:suspicious_stew":1,"minecraft:diamond_shovel":9785,"minecraft:lightning_rod":1,"minecraft:soul_torch":1,"minecraft:rotten_flesh":1,"minecraft:prismarine_bricks":29,"minecraft:writable_book":174,"minecraft:bone_meal":949,"minecraft:item_frame":57,"minecraft:dark_oak_planks":10,"minecraft:glowstone":37,"minecraft:bamboo_mosaic":241,"minecraft:enchanted_book":2,"minecraft:acacia_sapling":1,"minecraft:dirt":6227,"minecraft:honey_bottle":1,"minecraft:fishing_rod":267,"minecraft:obsidian":1,"minecraft:dark_oak_sign":20,"minecraft:pufferfish":39,"minecraft:dark_oak_sapling":24,"minecraft:spruce_planks":444,"minecraft:pink_stained_glass":3,"minecraft:flowering_azalea_leaves":5,"minecraft:oxidized_copper_trapdoor":1,"minecraft:cooked_cod":59,"minecraft:rail":12,"minecraft:iron_bars":1,"minecraft:honeycomb_block":18,"minecraft:lectern":4,"minecraft:stone_brick_stairs":7,"minecraft:spyglass":16411,"minecraft:splash_potion":5,"minecraft:deepslate_tiles":85,"minecraft:chiseled_bookshelf":112,"minecraft:oak_planks":25,"minecraft:sugar_cane":27,"minecraft:ice":1,"minecraft:trial_key":7,"minecraft:stone_axe":347,"minecraft:weathered_copper_door":1,"minecraft:spruce_stairs":38,"minecraft:milk_bucket":66,"minecraft:cherry_sapling":41,"minecraft:bookshelf":16,"minecraft:diamond_pickaxe":19650,"minecraft:ladder":255,"minecraft:crossbow":2,"minecraft:tuff":6,"minecraft:stripped_cherry_log":6,"minecraft:stone_sword":132,"minecraft:rabbit_stew":1,"minecraft:sweet_berries":329,"minecraft:pearlescent_froglight":19,"minecraft:pale_oak_slab":4215,"minecraft:oak_slab":14,"minecraft:mace":4,"minecraft:hopper":16,"minecraft:polished_andesite":39,"minecraft:carrot":2785,"minecraft:cherry_stairs":503,"minecraft:netherite_chestplate":1,"minecraft:blue_stained_glass":1,"minecraft:copper_trapdoor":11,"minecraft:white_bed":1,"minecraft:gold_block":8,"minecraft:book":8,"minecraft:diamond_boots":2,"minecraft:netherite_helmet":1,"minecraft:trident":2680,"minecraft:polished_diorite_slab":406,"minecraft:cherry_trapdoor":84,"minecraft:iron_hoe":502,"minecraft:cherry_fence":12,"minecraft:netherite_leggings":1,"minecraft:smooth_basalt":1,"minecraft:pale_oak_log":234,"minecraft:deepslate_brick_wall":3,"minecraft:furnace":11,"minecraft:iron_boots":1,"minecraft:dried_kelp":1,"minecraft:cobblestone_slab":3,"minecraft:composter":1,"minecraft:cherry_log":91,"minecraft:cooked_beef":27,"minecraft:ender_chest":61,"minecraft:redstone_torch":2,"minecraft:mangrove_fence":1,"minecraft:iron_helmet":1,"minecraft:spruce_sapling":13,"minecraft:egg":80,"minecraft:ender_pearl":1}},"DataVersion":4440}