{"stats":{"minecraft:killed_by":{"minecraft:skeleton":1,"minecraft:creaking":1,"minecraft:spider":1},"minecraft:dropped":{"minecraft:iron_axe":1,"minecraft:waxed_oxidized_copper_grate":3,"minecraft:andesite":9,"minecraft:porkchop":2,"minecraft:red_candle":4,"minecraft:flow_banner_pattern":1,"minecraft:gravel":8,"minecraft:cobbled_deepslate":110,"minecraft:egg":2,"minecraft:wheat_seeds":67,"minecraft:tuff_bricks":19,"minecraft:enchanted_book":1,"minecraft:polished_tuff":1,"minecraft:mace":1,"minecraft:music_disc_precipice":1,"minecraft:tuff":18,"minecraft:string":8,"minecraft:arrow":7,"minecraft:bread":2,"minecraft:spider_eye":6,"minecraft:waxed_oxidized_cut_copper":1,"minecraft:smooth_basalt":5,"minecraft:iron_pickaxe":1,"minecraft:ladder":1,"minecraft:baked_potato":4,"minecraft:diorite":22,"minecraft:tipped_arrow":4,"minecraft:rotten_flesh":6,"minecraft:stone_shovel":1,"minecraft:cobblestone":140,"minecraft:iron_chestplate":2,"minecraft:stone_sword":1,"minecraft:waxed_cut_copper_slab":9,"minecraft:bow":1,"minecraft:ominous_trial_key":11,"minecraft:red_mushroom":1,"minecraft:bundle":1,"minecraft:white_wool":3,"minecraft:dirt":43,"minecraft:leather":1,"minecraft:splash_potion":10,"minecraft:waxed_oxidized_cut_copper_stairs":1,"minecraft:granite":11,"minecraft:oak_fence":3,"minecraft:diamond":3,"minecraft:feather":3,"minecraft:music_disc_creator":1,"minecraft:waxed_copper_block":10,"minecraft:glass_bottle":2,"minecraft:wildflowers":3,"minecraft:trial_key":1,"minecraft:chiseled_tuff_bricks":6,"minecraft:leaf_litter":3,"minecraft:chicken":1,"minecraft:beef":1,"minecraft:flint":5,"minecraft:waxed_copper_grate":8,"minecraft:fishing_rod":1,"minecraft:crafting_table":1,"minecraft:waxed_oxidized_copper_trapdoor":7,"minecraft:glow_ink_sac":1},"minecraft:used":{"minecraft:stone_axe":89,"minecraft:polished_tuff":4,"minecraft:iron_axe":35,"minecraft:baked_potato":51,"minecraft:cobbled_deepslate":9,"minecraft:stone_slab":2,"minecraft:ominous_trial_key":6,"minecraft:iron_pickaxe":28,"minecraft:chiseled_tuff":1,"minecraft:diamond_sword":40,"minecraft:diamond_shovel":748,"minecraft:wheat_seeds":76,"minecraft:golden_carrot":7,"minecraft:stone_shovel":60,"minecraft:rotten_flesh":18,"minecraft:water_bucket":64,"minecraft:soul_sand":1,"minecraft:glass_bottle":15,"minecraft:diamond_pickaxe":1715,"minecraft:cooked_mutton":4,"minecraft:furnace":4,"minecraft:torch":25,"minecraft:dirt":9,"minecraft:cooked_salmon":3,"minecraft:brewing_stand":1,"minecraft:sand":7,"minecraft:stone_sword":93,"minecraft:chiseled_tuff_bricks":7,"minecraft:ominous_bottle":1,"minecraft:cake":1,"minecraft:mace":32,"minecraft:cooked_cod":16,"minecraft:cooked_chicken":4,"minecraft:cobblestone":116,"minecraft:cooked_beef":5,"minecraft:diamond_axe":227,"minecraft:bucket":68,"minecraft:crafting_table":4,"minecraft:nether_wart":1,"minecraft:chest":6,"minecraft:birch_boat":1,"minecraft:potion":1,"minecraft:jukebox":2,"minecraft:tuff_bricks":24,"minecraft:stone_pickaxe":130,"minecraft:trial_key":6},"minecraft:crafted":{"minecraft:furnace":2,"minecraft:cooked_salmon":3,"minecraft:mace":1,"minecraft:iron_ingot":16,"minecraft:lapis_block":7,"minecraft:glass_bottle":12,"minecraft:diamond_shovel":1,"minecraft:cooked_chicken":4,"minecraft:cooked_mutton":4,"minecraft:coal_block":7,"minecraft:iron_chestplate":1,"minecraft:iron_boots":1,"minecraft:torch":24,"minecraft:stick":12,"minecraft:emerald_block":3,"minecraft:bundle":8,"minecraft:oak_planks":8,"minecraft:iron_helmet":1,"minecraft:chest":6,"minecraft:iron_pickaxe":1,"minecraft:air":0,"minecraft:emerald":9,"minecraft:iron_axe":1,"minecraft:iron_leggings":1},"minecraft:mined":{"minecraft:smooth_basalt":5,"minecraft:waxed_oxidized_cut_copper_stairs":1,"minecraft:waxed_oxidized_cut_copper":1,"minecraft:gravel":64,"minecraft:short_grass":48,"minecraft:waxed_copper_grate":8,"minecraft:crafting_table":5,"minecraft:deepslate_redstone_ore":12,"minecraft:leaf_litter":2,"minecraft:waxed_oxidized_copper_grate":3,"minecraft:copper_ore":1,"minecraft:gold_ore":2,"minecraft:chiseled_tuff":1,"minecraft:andesite":9,"minecraft:oak_fence":3,"minecraft:deepslate_gold_ore":31,"minecraft:wall_torch":3,"minecraft:fire":34,"minecraft:deepslate_lapis_ore":4,"minecraft:deepslate_diamond_ore":18,"minecraft:deepslate_iron_ore":2,"minecraft:iron_ore":41,"minecraft:stone":392,"minecraft:granite":18,"minecraft:red_candle":1,"minecraft:stone_slab":2,"minecraft:coal_ore":68,"minecraft:wheat":76,"minecraft:diorite":29,"minecraft:cobblestone":24,"minecraft:waxed_oxidized_copper_trapdoor":11,"minecraft:oak_leaves":3,"minecraft:furnace":2,"minecraft:sculk_vein":1,"minecraft:white_carpet":6,"minecraft:waxed_copper_block":12,"minecraft:tall_grass":10,"minecraft:waxed_chiseled_copper":1,"minecraft:dirt":95,"minecraft:hopper":2,"minecraft:grass_block":30,"minecraft:cobweb":1,"minecraft:chiseled_tuff_bricks":13,"minecraft:cobbled_deepslate":12,"minecraft:polished_tuff":5,"minecraft:tuff_bricks":58,"minecraft:tuff":54,"minecraft:deepslate":996,"minecraft:sand":625,"minecraft:jukebox":2,"minecraft:oak_log":23,"minecraft:waxed_cut_copper_slab":9,"minecraft:lapis_ore":3},"minecraft:picked_up":{"minecraft:diamond_axe":2,"minecraft:enchanted_book":4,"minecraft:cobblestone":277,"minecraft:breeze_rod":9,"minecraft:flint":5,"minecraft:fishing_rod":1,"minecraft:leather":8,"minecraft:bone":68,"minecraft:redstone":71,"minecraft:honey_bottle":5,"minecraft:stone_slab":2,"minecraft:flow_banner_pattern":1,"minecraft:waxed_copper_grate":8,"minecraft:chiseled_tuff":1,"minecraft:baked_potato":23,"minecraft:diamond":42,"minecraft:slime_ball":24,"minecraft:granite":11,"minecraft:emerald":46,"minecraft:glow_ink_sac":1,"minecraft:flow_armor_trim_smithing_template":3,"minecraft:porkchop":2,"minecraft:salmon":3,"minecraft:waxed_oxidized_cut_copper":1,"minecraft:music_disc_precipice":1,"minecraft:polished_tuff":5,"minecraft:wildflowers":3,"minecraft:chicken":5,"minecraft:bow":1,"minecraft:birch_boat":1,"minecraft:smooth_basalt":5,"minecraft:arrow":65,"minecraft:iron_ingot":8,"minecraft:raw_iron":61,"minecraft:cobbled_deepslate":886,"minecraft:diamond_chestplate":1,"minecraft:crossbow":2,"minecraft:heavy_core":1,"minecraft:waxed_oxidized_copper_grate":3,"minecraft:raw_gold":60,"minecraft:emerald_block":1,"minecraft:wheat":66,"minecraft:tuff_bricks":43,"minecraft:mutton":4,"minecraft:golden_carrot":7,"minecraft:iron_chestplate":1,"minecraft:dirt":59,"minecraft:waxed_cut_copper_slab":9,"minecraft:gravel":34,"minecraft:waxed_oxidized_copper_trapdoor":7,"minecraft:golden_boots":1,"minecraft:torch":4,"minecraft:diamond_pickaxe":1,"minecraft:bread":2,"minecraft:tuff":54,"minecraft:leaf_litter":3,"minecraft:coal":77,"minecraft:oak_log":23,"minecraft:oak_fence":3,"minecraft:sand":261,"minecraft:furnace":2,"minecraft:wheat_seeds":209,"minecraft:music_disc_creator":3,"minecraft:splash_potion":1,"minecraft:lapis_lazuli":77,"minecraft:spider_eye":6,"minecraft:tipped_arrow":45,"minecraft:egg":2,"minecraft:trial_key":7,"minecraft:ominous_bottle":1,"minecraft:hopper":2,"minecraft:diorite":22,"minecraft:waxed_copper_block":10,"minecraft:waxed_oxidized_cut_copper_stairs":1,"minecraft:cooked_beef":5,"minecraft:feather":3,"minecraft:white_wool":3,"minecraft:golden_helmet":1,"minecraft:potion":3,"minecraft:ominous_trial_key":17,"minecraft:crafting_table":5,"minecraft:red_mushroom":1,"minecraft:raw_copper":46,"minecraft:red_candle":4,"minecraft:chiseled_tuff_bricks":13,"minecraft:andesite":9,"minecraft:rotten_flesh":24,"minecraft:beef":8,"minecraft:wind_charge":69,"minecraft:string":66,"minecraft:glass_bottle":1,"minecraft:jukebox":2,"minecraft:white_carpet":6,"minecraft:ladder":1},"minecraft:custom":{"minecraft:eat_cake_slice":4,"minecraft:time_since_rest":5811,"minecraft:talked_to_villager":16,"minecraft:leave_game":10,"minecraft:damage_taken":8330,"minecraft:mob_kills":363,"minecraft:boat_one_cm":66738,"minecraft:time_since_death":5790,"minecraft:open_enderchest":2,"minecraft:interact_with_brewingstand":35,"minecraft:interact_with_furnace":57,"minecraft:interact_with_smithing_table":1,"minecraft:inspect_dispenser":16,"minecraft:happy_ghast_one_cm":278294,"minecraft:swim_one_cm":114853,"minecraft:total_world_time":200589,"minecraft:crouch_one_cm":38336,"minecraft:deaths":5,"minecraft:climb_one_cm":26964,"minecraft:interact_with_stonecutter":1,"minecraft:enchant_item":2,"minecraft:interact_with_loom":3,"minecraft:animals_bred":2,"minecraft:interact_with_crafting_table":18,"minecraft:walk_one_cm":903128,"minecraft:walk_under_water_one_cm":20175,"minecraft:damage_dealt":19282,"minecraft:interact_with_lectern":1,"minecraft:play_time":200589,"minecraft:jump":6107,"minecraft:play_record":2,"minecraft:drop":124,"minecraft:use_cauldron":5,"minecraft:open_barrel":77,"minecraft:sprint_one_cm":836671,"minecraft:open_chest":311,"minecraft:inspect_hopper":7,"minecraft:fall_one_cm":191524,"minecraft:fly_one_cm":1301208,"minecraft:interact_with_anvil":1,"minecraft:walk_on_water_one_cm":45585,"minecraft:sneak_time":6600},"minecraft:broken":{"minecraft:golden_boots":1,"minecraft:stone_axe":1,"minecraft:stone_pickaxe":1},"minecraft:killed":{"minecraft:slime":16,"minecraft:stray":43,"minecraft:skeleton":9,"minecraft:pig":2,"minecraft:silverfish":213,"minecraft:spider":21,"minecraft:salmon":5,"minecraft:zombie":25,"minecraft:cave_spider":3,"minecraft:creeper":1,"minecraft:zombie_villager":2,"minecraft:chicken":5,"minecraft:sheep":3,"minecraft:cow":7,"minecraft:breeze":5}},"DataVersion":4440}