{"stats":{"minecraft:picked_up":{"minecraft:enchanted_book":2,"minecraft:sweet_berries":767,"minecraft:carrot":626,"minecraft:spruce_sapling":1,"minecraft:rabbit":1,"minecraft:cobblestone":96,"minecraft:flint":8,"minecraft:music_disc_ward":1,"minecraft:white_bed":1,"minecraft:sugar_cane":157,"minecraft:leather":69,"minecraft:redstone":33,"minecraft:bone":46,"minecraft:gold_nugget":30,"minecraft:stone_pickaxe":1,"minecraft:clay_ball":8,"minecraft:armadillo_scute":1,"minecraft:moss_carpet":1,"minecraft:gold_ingot":1,"minecraft:iron_bars":1,"minecraft:slime_ball":1,"minecraft:granite":6,"minecraft:emerald":1,"minecraft:spruce_button":1,"minecraft:jungle_door":1,"minecraft:salmon":1,"minecraft:stick":33,"minecraft:oak_chest_boat":1,"minecraft:white_concrete":1,"minecraft:jungle_sign":3,"minecraft:chicken":6,"minecraft:red_terracotta":1,"minecraft:player_head":2,"minecraft:golden_chestplate":1,"minecraft:cooked_porkchop":12,"minecraft:bow":3,"minecraft:arrow":49,"minecraft:iron_ingot":12,"minecraft:raw_iron":16,"minecraft:cobbled_deepslate":448,"minecraft:raw_gold":16,"minecraft:music_disc_lava_chicken":1,"minecraft:stone_axe":1,"minecraft:jungle_sapling":11,"minecraft:amethyst_block":4,"minecraft:wheat":3,"minecraft:mutton":38,"minecraft:gunpowder":57,"minecraft:blackstone":4,"minecraft:spruce_planks":255,"minecraft:netherrack":100,"minecraft:dirt":40,"minecraft:blue_egg":1,"minecraft:brown_wool":1,"minecraft:gravel":6,"minecraft:golden_boots":1,"minecraft:jungle_planks":154,"minecraft:torch":7,"minecraft:diamond_pickaxe":2,"minecraft:spruce_log":5,"minecraft:tuff":64,"minecraft:leaf_litter":10,"minecraft:coal":129,"minecraft:oak_log":25,"minecraft:phantom_membrane":1,"minecraft:cooked_cod":1,"minecraft:potato":2,"minecraft:furnace":6,"minecraft:terracotta":5,"minecraft:wheat_seeds":4,"minecraft:lapis_lazuli":53,"minecraft:spider_eye":15,"minecraft:jungle_log":798,"minecraft:quartz":9,"minecraft:egg":216,"minecraft:diorite":7,"minecraft:totem_of_undying":3,"minecraft:poppy":17,"minecraft:white_wool":88,"minecraft:feather":6,"minecraft:oak_planks":44,"minecraft:crafting_table":7,"minecraft:snowball":100,"minecraft:raw_copper":22,"minecraft:oak_sapling":2,"minecraft:beef":82,"minecraft:andesite":5,"minecraft:rotten_flesh":113,"minecraft:string":52,"minecraft:golden_sword":1,"minecraft:obsidian":2,"minecraft:amethyst_shard":12,"minecraft:dried_ghast":1},"minecraft:custom":{"minecraft:time_since_rest":5096,"minecraft:talked_to_villager":392,"minecraft:leave_game":10,"minecraft:damage_taken":69650,"minecraft:mob_kills":392,"minecraft:boat_one_cm":44186,"minecraft:time_since_death":5038,"minecraft:open_enderchest":3,"minecraft:interact_with_furnace":117,"minecraft:sleep_in_bed":4,"minecraft:swim_one_cm":27535,"minecraft:total_world_time":488690,"minecraft:crouch_one_cm":21068,"minecraft:climb_one_cm":94294,"minecraft:deaths":45,"minecraft:interact_with_stonecutter":2,"minecraft:player_kills":1,"minecraft:damage_dealt_resisted":525,"minecraft:traded_with_villager":595,"minecraft:damage_blocked_by_shield":2936,"minecraft:interact_with_crafting_table":39,"minecraft:walk_one_cm":1325599,"minecraft:walk_under_water_one_cm":7945,"minecraft:interact_with_lectern":2,"minecraft:damage_dealt":64161,"minecraft:play_time":488690,"minecraft:jump":24276,"minecraft:drop":175,"minecraft:open_barrel":12,"minecraft:sprint_one_cm":3878866,"minecraft:open_chest":447,"minecraft:fall_one_cm":568068,"minecraft:fly_one_cm":7176825,"minecraft:interact_with_anvil":19,"minecraft:walk_on_water_one_cm":32161,"minecraft:sneak_time":3947,"minecraft:interact_with_blast_furnace":2},"minecraft:dropped":{"minecraft:andesite":3,"minecraft:sweet_berries":1085,"minecraft:wheat":3,"minecraft:gravel":6,"minecraft:cobbled_deepslate":395,"minecraft:music_disc_lava_chicken":1,"minecraft:armadillo_scute":1,"minecraft:wheat_seeds":3,"minecraft:blackstone":4,"minecraft:enchanted_book":8,"minecraft:raw_gold":6,"minecraft:stone_pickaxe":2,"minecraft:oak_sapling":2,"minecraft:jungle_sign":3,"minecraft:jungle_sapling":9,"minecraft:diamond_pickaxe":2,"minecraft:tuff":64,"minecraft:book":3,"minecraft:string":40,"minecraft:golden_boots":1,"minecraft:clay_ball":8,"minecraft:stick":3,"minecraft:phantom_membrane":1,"minecraft:spruce_sapling":1,"minecraft:arrow":4,"minecraft:carrot":6,"minecraft:spruce_log":1,"minecraft:spider_eye":12,"minecraft:gold_ingot":2,"minecraft:stone_axe":2,"minecraft:snowball":2,"minecraft:tipped_arrow":2,"minecraft:rotten_flesh":112,"minecraft:cobblestone":4,"minecraft:spruce_planks":2,"minecraft:stone_sword":1,"minecraft:torch":5,"minecraft:bow":2,"minecraft:cooked_cod":1,"minecraft:red_terracotta":1,"minecraft:bucket":1,"minecraft:dirt":11,"minecraft:raw_copper":22,"minecraft:golden_chestplate":1,"minecraft:quartz":9,"minecraft:granite":6,"minecraft:moss_carpet":1,"minecraft:white_concrete":1,"minecraft:feather":5,"minecraft:brown_wool":1,"minecraft:coal":4,"minecraft:potato":1,"minecraft:leaf_litter":10,"minecraft:chicken":2,"minecraft:furnace":1,"minecraft:flint":8,"minecraft:jungle_button":1,"minecraft:gold_nugget":29,"minecraft:slime_ball":1,"minecraft:jungle_planks":19,"minecraft:golden_helmet":1,"minecraft:lapis_lazuli":53,"minecraft:amethyst_shard":12,"minecraft:netherrack":60,"minecraft:cooked_porkchop":12,"minecraft:terracotta":4},"minecraft:killed_by":{"minecraft:player":2,"minecraft:silverfish":9,"minecraft:creeper":2,"minecraft:endermite":12,"minecraft:creaking":6},"minecraft:crafted":{"minecraft:firework_rocket":66,"minecraft:diamond_boots":1,"minecraft:golden_helmet":1,"minecraft:cooked_chicken":4,"minecraft:green_dye":6,"minecraft:gold_ingot":7,"minecraft:cooked_mutton":38,"minecraft:book":25,"minecraft:anvil":1,"minecraft:stick":17341,"minecraft:cooked_beef":82,"minecraft:iron_block":3,"minecraft:diamond_chestplate":1,"minecraft:jungle_boat":1,"minecraft:air":0,"minecraft:emerald":566,"minecraft:paper":339,"minecraft:flint_and_steel":1,"minecraft:bone_meal":36,"minecraft:furnace":2,"minecraft:jungle_planks":3192,"minecraft:iron_ingot":16,"minecraft:jungle_sign":3,"minecraft:cooked_rabbit":1,"minecraft:copper_ingot":52,"minecraft:diamond_helmet":1,"minecraft:red_dye":17,"minecraft:jungle_button":1,"minecraft:crafting_table":1,"minecraft:experience_bottle":5,"minecraft:diamond_leggings":1,"minecraft:torch":4,"minecraft:white_bed":16,"minecraft:enchanted_book":21,"minecraft:bundle":7,"minecraft:shield":2,"minecraft:oak_planks":100,"minecraft:crossbow":3,"minecraft:spruce_planks":5492,"minecraft:iron_shovel":1,"minecraft:shears":1,"minecraft:firework_star":15},"minecraft:killed":{"minecraft:slime":1,"minecraft:zombified_piglin":33,"minecraft:skeleton":50,"minecraft:fox":4,"minecraft:pig":1,"minecraft:piglin":2,"minecraft:vindicator":1,"minecraft:frog":1,"minecraft:bat":1,"minecraft:spider":36,"minecraft:zombie":114,"minecraft:wither_skeleton":1,"minecraft:rabbit":2,"minecraft:creeper":39,"minecraft:zombie_villager":2,"minecraft:chicken":8,"minecraft:evoker":4,"minecraft:goat":1,"minecraft:sheep":25,"minecraft:drowned":1,"minecraft:cow":45,"minecraft:wolf":4,"minecraft:vex":1},"minecraft:used":{"minecraft:stone_axe":44,"minecraft:cobbled_deepslate":53,"minecraft:netherrack":40,"minecraft:jungle_sign":3,"minecraft:player_head":1,"minecraft:shield":32,"minecraft:andesite":2,"minecraft:jungle_door":1,"minecraft:potato":1,"minecraft:wheat_seeds":1,"minecraft:stone_shovel":127,"minecraft:rotten_flesh":1,"minecraft:diamond_pickaxe":1287,"minecraft:cooked_mutton":3,"minecraft:bone_meal":6,"minecraft:anvil":1,"minecraft:crossbow":8,"minecraft:furnace":7,"minecraft:cooked_porkchop":36,"minecraft:goat_horn":2,"minecraft:blue_egg":1,"minecraft:torch":6,"minecraft:dirt":29,"minecraft:terracotta":1,"minecraft:obsidian":2,"minecraft:iron_shovel":180,"minecraft:stone_sword":62,"minecraft:sweet_berries":11,"minecraft:jungle_sapling":2,"minecraft:oak_chest_boat":1,"minecraft:diorite":7,"minecraft:cooked_rabbit":1,"minecraft:spruce_button":1,"minecraft:cooked_chicken":5,"minecraft:cobblestone":70,"minecraft:iron_bars":1,"minecraft:cooked_beef":34,"minecraft:flint_and_steel":1,"minecraft:diamond_axe":2512,"minecraft:carrot":653,"minecraft:crafting_table":8,"minecraft:amethyst_block":4,"minecraft:snowball":45,"minecraft:jungle_boat":1,"minecraft:egg":236,"minecraft:white_bed":17,"minecraft:stone_pickaxe":80,"minecraft:bow":9},"minecraft:broken":{"minecraft:stone_shovel":1,"minecraft:bow":1},"minecraft:mined":{"minecraft:torch":1,"minecraft:sculk":7,"minecraft:spruce_log":6,"minecraft:vine":178,"minecraft:nether_quartz_ore":9,"minecraft:netherrack":637,"minecraft:carrots":170,"minecraft:gravel":90,"minecraft:short_grass":16,"minecraft:amethyst_block":4,"minecraft:sculk_catalyst":1,"minecraft:crafting_table":6,"minecraft:deepslate_redstone_ore":8,"minecraft:leaf_litter":8,"minecraft:sweet_berry_bush":130,"minecraft:large_fern":1,"minecraft:magma_block":7,"minecraft:jungle_log":813,"minecraft:obsidian":2,"minecraft:copper_ore":3,"minecraft:sandstone":1,"minecraft:blackstone":6,"minecraft:birch_leaves":1,"minecraft:andesite":5,"minecraft:deepslate_gold_ore":18,"minecraft:nether_bricks":1,"minecraft:budding_amethyst":1,"minecraft:nether_brick_fence":1,"minecraft:wall_torch":2,"minecraft:fern":2,"minecraft:fire":55,"minecraft:poppy":15,"minecraft:deepslate_lapis_ore":7,"minecraft:deepslate_iron_ore":16,"minecraft:amethyst_cluster":1,"minecraft:jungle_leaves":7,"minecraft:stone":136,"minecraft:granite":4,"minecraft:bush":57,"minecraft:crimson_stem":2,"minecraft:coal_ore":44,"minecraft:diorite":10,"minecraft:sculk_sensor":2,"minecraft:wheat":1,"minecraft:cobblestone":20,"minecraft:sugar_cane":124,"minecraft:white_bed":1,"minecraft:oak_leaves":6,"minecraft:red_terracotta":1,"minecraft:furnace":6,"minecraft:clay":2,"minecraft:sculk_vein":4,"minecraft:spruce_button":1,"minecraft:crimson_nylium":1,"minecraft:powder_snow":50,"minecraft:tall_grass":9,"minecraft:snow_block":14,"minecraft:jungle_sign":3,"minecraft:dirt":32,"minecraft:player_head":1,"minecraft:jungle_door":1,"minecraft:grass_block":17,"minecraft:spruce_leaves":1,"minecraft:cobbled_deepslate":4,"minecraft:tuff":33,"minecraft:nether_gold_ore":4,"minecraft:deepslate":284,"minecraft:snow":99,"minecraft:oak_log":27,"minecraft:lapis_ore":1}},"DataVersion":4440}