{"stats":{"minecraft:killed_by":{"minecraft:zombie":1},"minecraft:mined":{"minecraft:short_grass":2,"minecraft:tall_grass":1,"minecraft:dirt":1,"minecraft:grass_block":13,"minecraft:stone":6},"minecraft:killed":{"minecraft:zombie":6,"minecraft:skeleton":2,"minecraft:chicken":1},"minecraft:custom":{"minecraft:time_since_rest":1829,"minecraft:walk_one_cm":39051,"minecraft:leave_game":1,"minecraft:mob_kills":9,"minecraft:damage_taken":280,"minecraft:damage_dealt":1625,"minecraft:play_time":3091,"minecraft:jump":95,"minecraft:time_since_death":1818,"minecraft:sprint_one_cm":21788,"minecraft:fall_one_cm":1575,"minecraft:total_world_time":3091,"minecraft:fly_one_cm":6326,"minecraft:walk_on_water_one_cm":20,"minecraft:crouch_one_cm":2,"minecraft:sneak_time":5,"minecraft:deaths":2},"minecraft:picked_up":{"minecraft:dirt":9,"minecraft:cobblestone":6,"minecraft:dandelion":2,"minecraft:feather":1,"minecraft:chicken":1,"minecraft:bone":1,"minecraft:rotten_flesh":6},"minecraft:used":{"minecraft:stone_shovel":16,"minecraft:stone_axe":43,"minecraft:stone_sword":16,"minecraft:stone_pickaxe":6}},"DataVersion":4440}