{"stats":{"minecraft:crafted":{"minecraft:stone_sword":1,"minecraft:quartz_slab":22,"minecraft:wooden_axe":1,"minecraft:firework_rocket":57,"minecraft:gold_ingot":34,"minecraft:book":30,"minecraft:iron_chestplate":1,"minecraft:deepslate_tile_stairs":19,"minecraft:diamond_pickaxe":5,"minecraft:chest":35,"minecraft:iron_block":9,"minecraft:bookshelf":8,"minecraft:stone_slab":6,"minecraft:bucket":7,"minecraft:jungle_planks":32,"minecraft:dark_oak_planks":3360,"minecraft:diamond_shovel":2,"minecraft:glass":4,"minecraft:iron_hoe":2,"minecraft:sugar":9,"minecraft:firework_star":12,"minecraft:netherite_upgrade_smithing_template":20,"minecraft:yellow_dye":10,"minecraft:cooked_mutton":2,"minecraft:iron_boots":1,"minecraft:dark_oak_boat":5,"minecraft:smooth_stone":1,"minecraft:cooked_beef":56,"minecraft:blue_dye":60,"minecraft:golden_carrot":36,"minecraft:cake":1,"minecraft:paper":180,"minecraft:armor_stand":1,"minecraft:furnace":3,"minecraft:grindstone":2,"minecraft:iron_ingot":154,"minecraft:jungle_sign":3,"minecraft:diamond_helmet":3,"minecraft:redstone_lamp":8,"minecraft:stone":5,"minecraft:blaze_powder":4,"minecraft:experience_bottle":9,"minecraft:diamond_leggings":2,"minecraft:enchanted_book":10,"minecraft:deepslate_brick_slab":14,"minecraft:shield":1,"minecraft:observer":20,"minecraft:birch_sign":3,"minecraft:iron_axe":1,"minecraft:cooked_salmon":6,"minecraft:diamond_boots":2,"minecraft:smithing_table":1,"minecraft:writable_book":58,"minecraft:dark_oak_stairs":24,"minecraft:stick":6646,"minecraft:smooth_stone_slab":2,"minecraft:cooked_porkchop":16,"minecraft:iron_helmet":1,"minecraft:diamond_axe":1,"minecraft:bolt_armor_trim_smithing_template":4,"minecraft:air":0,"minecraft:redstone":36,"minecraft:dark_oak_button":32,"minecraft:bone_meal":9,"minecraft:deepslate_tile_slab":8,"minecraft:lapis_block":17,"minecraft:glass_bottle":3,"minecraft:red_dye":66,"minecraft:quartz_block":128,"minecraft:redstone_torch":17,"minecraft:written_book":16,"minecraft:bundle":3,"minecraft:oak_planks":24,"minecraft:gold_nugget":244,"minecraft:cooked_cod":41,"minecraft:enchanting_table":1,"minecraft:iron_sword":1,"minecraft:fishing_rod":4,"minecraft:shears":1,"minecraft:lantern":11,"minecraft:polished_deepslate_stairs":2,"minecraft:cooked_chicken":10,"minecraft:birch_planks":40,"minecraft:stone_pickaxe":3,"minecraft:anvil":3,"minecraft:netherite_ingot":10,"minecraft:wooden_pickaxe":1,"minecraft:dark_oak_trapdoor":8,"minecraft:glowstone":24,"minecraft:purple_concrete_powder":624,"minecraft:fermented_spider_eye":1,"minecraft:diamond_chestplate":2,"minecraft:diamond_sword":1,"minecraft:jungle_boat":1,"minecraft:iron_nugget":90,"minecraft:dark_oak_door":6,"minecraft:emerald":194,"minecraft:netherite_scrap":38,"minecraft:wheat":434,"minecraft:birch_boat":1,"minecraft:gold_block":5,"minecraft:dark_oak_pressure_plate":12,"minecraft:spruce_boat":1,"minecraft:deepslate_brick_stairs":9,"minecraft:bread":135,"minecraft:dark_oak_sign":3,"minecraft:deepslate_tile_wall":17,"minecraft:crafting_table":13,"minecraft:fire_charge":6,"minecraft:glistering_melon_slice":5,"minecraft:torch":148,"minecraft:quartz_stairs":33,"minecraft:magenta_dye":3,"minecraft:polished_deepslate_slab":6,"minecraft:purple_dye":118,"minecraft:spruce_planks":3120,"minecraft:iron_pickaxe":4,"minecraft:iron_leggings":1},"minecraft:broken":{"minecraft:shield":1,"minecraft:fishing_rod":3,"minecraft:iron_pickaxe":4,"minecraft:stone_pickaxe":1,"minecraft:wooden_pickaxe":1},"minecraft:mined":{"minecraft:torch":86,"minecraft:mangrove_roots":74,"minecraft:spruce_log":749,"minecraft:nether_quartz_ore":1163,"minecraft:chest":11,"minecraft:smooth_basalt":7,"minecraft:pumpkin":1,"minecraft:netherrack":28087,"minecraft:quartz_stairs":5,"minecraft:amethyst_block":66,"minecraft:weeping_vines_plant":2,"minecraft:purple_concrete":415,"minecraft:stripped_dark_oak_log":1,"minecraft:brown_mushroom":26,"minecraft:spruce_planks":6,"minecraft:birch_log":17,"minecraft:oxeye_daisy":2,"minecraft:large_fern":1,"minecraft:magma_block":59,"minecraft:purple_concrete_powder":1,"minecraft:obsidian":17,"minecraft:dark_oak_planks":145,"minecraft:waxed_oxidized_copper_grate":1,"minecraft:cave_vines":11,"minecraft:melon":5,"minecraft:stripped_spruce_log":1,"minecraft:blackstone":326,"minecraft:nether_wart_block":3,"minecraft:deepslate_bricks":38,"minecraft:birch_leaves":8,"minecraft:dark_oak_sapling":2,"minecraft:dark_oak_trapdoor":21,"minecraft:moss_block":7,"minecraft:gold_block":18,"minecraft:mushroom_stem":1,"minecraft:bamboo":1,"minecraft:nether_brick_fence":3,"minecraft:wall_torch":8,"minecraft:decorated_pot":1,"minecraft:fern":7,"minecraft:fire":6,"minecraft:deepslate_diamond_ore":108,"minecraft:dripstone_block":6,"minecraft:dark_oak_door":14,"minecraft:deepslate_tiles":1,"minecraft:iron_ore":50,"minecraft:deepslate_brick_slab":1,"minecraft:dark_oak_log":768,"minecraft:glass":6,"minecraft:oak_planks":3,"minecraft:cobblestone":3,"minecraft:sugar_cane":283,"minecraft:red_mushroom_block":1,"minecraft:oak_leaves":3,"minecraft:furnace":2,"minecraft:brown_mushroom_block":1,"minecraft:clay":9,"minecraft:rose_bush":2,"minecraft:crimson_roots":1,"minecraft:quartz_slab":1,"minecraft:large_amethyst_bud":3,"minecraft:tall_grass":16,"minecraft:waxed_copper_block":4,"minecraft:pointed_dripstone":8,"minecraft:deepslate_tile_slab":1,"minecraft:dirt":1521,"minecraft:hopper":6,"minecraft:medium_amethyst_bud":2,"minecraft:basalt":47,"minecraft:sand":831,"minecraft:deepslate":824,"minecraft:quartz_block":13,"minecraft:stonecutter":3,"minecraft:deepslate_tile_stairs":11,"minecraft:cocoa":2,"minecraft:lapis_ore":7,"minecraft:vine":4,"minecraft:dark_oak_pressure_plate":4,"minecraft:carrots":112,"minecraft:gravel":479,"minecraft:short_grass":43,"minecraft:red_mushroom":2,"minecraft:crafting_table":14,"minecraft:flowering_azalea":1,"minecraft:deepslate_redstone_ore":31,"minecraft:dark_oak_stairs":2,"minecraft:leaf_litter":8,"minecraft:polished_deepslate_slab":1,"minecraft:jungle_log":8,"minecraft:copper_ore":17,"minecraft:firefly_bush":1,"minecraft:nether_brick_stairs":1,"minecraft:andesite":25,"minecraft:packed_ice":1,"minecraft:glowstone":46,"minecraft:cave_vines_plant":6,"minecraft:deepslate_gold_ore":5,"minecraft:ice":50,"minecraft:budding_amethyst":11,"minecraft:nether_bricks":25,"minecraft:dark_oak_leaves":66,"minecraft:chiseled_deepslate":56,"minecraft:poppy":7,"minecraft:deepslate_lapis_ore":22,"minecraft:deepslate_iron_ore":67,"minecraft:amethyst_cluster":6,"minecraft:allium":3,"minecraft:stone":939,"minecraft:stone_bricks":1,"minecraft:deepslate_brick_stairs":5,"minecraft:granite":77,"minecraft:bush":2,"minecraft:coal_ore":42,"minecraft:diorite":138,"minecraft:wheat":12,"minecraft:ancient_debris":43,"minecraft:hay_block":50,"minecraft:white_bed":3,"minecraft:polished_deepslate_stairs":33,"minecraft:composter":1,"minecraft:soul_sand":4,"minecraft:crimson_nylium":10,"minecraft:powder_snow":28,"minecraft:snow_block":3,"minecraft:enchanting_table":1,"minecraft:nether_wart":10,"minecraft:grass_block":493,"minecraft:cobweb":13,"minecraft:peony":5,"minecraft:spruce_leaves":3,"minecraft:chiseled_tuff_bricks":3,"minecraft:cobbled_deepslate":242,"minecraft:tuff":24,"minecraft:polished_tuff":3,"minecraft:tuff_bricks":28,"minecraft:nether_gold_ore":67,"minecraft:deepslate_tile_wall":11,"minecraft:calcite":17,"minecraft:cobblestone_slab":1,"minecraft:cornflower":3,"minecraft:acacia_planks":1},"minecraft:used":{"minecraft:iron_axe":198,"minecraft:player_head":3,"minecraft:diamond_sword":1207,"minecraft:wheat_seeds":18,"minecraft:glow_berries":13,"minecraft:glass_bottle":7,"minecraft:wooden_axe":26,"minecraft:glass":12,"minecraft:salmon":27,"minecraft:dark_oak_stairs":18,"minecraft:lantern":11,"minecraft:cooked_porkchop":16,"minecraft:granite":14,"minecraft:quartz_block":13,"minecraft:hay_block":1,"minecraft:deepslate_tile_slab":10,"minecraft:dark_oak_pressure_plate":15,"minecraft:smithing_table":1,"minecraft:stonecutter":3,"minecraft:polished_deepslate_slab":2,"minecraft:grindstone":2,"minecraft:diamond_axe":1704,"minecraft:poppy":3,"minecraft:blackstone":5,"minecraft:jukebox":1,"minecraft:jungle_boat":2,"minecraft:stone_pickaxe":258,"minecraft:armor_stand":1,"minecraft:bow":2,"minecraft:cobbled_deepslate":398,"minecraft:acacia_planks":1,"minecraft:netherrack":822,"minecraft:spruce_boat":1,"minecraft:cod":5,"minecraft:deepslate_brick_slab":6,"minecraft:diamond_shovel":3135,"minecraft:birch_planks":24,"minecraft:rotten_flesh":7,"minecraft:writable_book":83,"minecraft:bone_meal":84,"minecraft:item_frame":27,"minecraft:dark_oak_planks":2709,"minecraft:glowstone":1,"minecraft:anvil":3,"minecraft:mutton":8,"minecraft:dirt":2105,"minecraft:written_book":16,"minecraft:honey_bottle":7,"minecraft:fishing_rod":267,"minecraft:obsidian":12,"minecraft:cooked_salmon":16,"minecraft:dark_oak_sign":1,"minecraft:stripped_spruce_log":1,"minecraft:sand":22,"minecraft:dark_oak_sapling":70,"minecraft:wind_charge":4,"minecraft:spruce_planks":4,"minecraft:dark_oak_door":19,"minecraft:tropical_fish":10,"minecraft:basalt":43,"minecraft:cooked_cod":49,"minecraft:nether_wart_block":1,"minecraft:bucket":72,"minecraft:spyglass":11,"minecraft:deepslate_tiles":1,"minecraft:oak_planks":3,"minecraft:porkchop":12,"minecraft:sugar_cane":20,"minecraft:quartz_stairs":45,"minecraft:trial_key":7,"minecraft:jungle_sign":1,"minecraft:shield":75,"minecraft:iron_pickaxe":1011,"minecraft:chiseled_deepslate":68,"minecraft:firework_rocket":33,"minecraft:iron_sword":223,"minecraft:golden_carrot":33,"minecraft:deepslate_bricks":899,"minecraft:cooked_mutton":13,"minecraft:bookshelf":8,"minecraft:diamond_pickaxe":32182,"minecraft:cookie":66,"minecraft:purple_concrete_powder":402,"minecraft:stone_sword":70,"minecraft:quartz_slab":13,"minecraft:polished_deepslate_stairs":61,"minecraft:ominous_bottle":1,"minecraft:redstone":2,"minecraft:pale_oak_boat":1,"minecraft:wooden_pickaxe":59,"minecraft:cobblestone":122,"minecraft:golden_apple":1,"minecraft:carrot":252,"minecraft:crafting_table":22,"minecraft:birch_boat":1,"minecraft:netherite_chestplate":1,"minecraft:tuff_bricks":3,"minecraft:white_bed":3,"minecraft:gold_block":13,"minecraft:diamond_boots":5,"minecraft:netherite_helmet":1,"minecraft:baked_potato":12,"minecraft:apple":3,"minecraft:melon_slice":37,"minecraft:spruce_log":8,"minecraft:iron_hoe":8,"minecraft:water_bucket":70,"minecraft:deepslate_tile_wall":37,"minecraft:purple_concrete":414,"minecraft:netherite_boots":5,"minecraft:furnace":3,"minecraft:bread":96,"minecraft:torch":163,"minecraft:iron_boots":2,"minecraft:chicken":2,"minecraft:cobblestone_slab":1,"minecraft:bundle":1,"minecraft:gravel":1,"minecraft:cake":2,"minecraft:deepslate_brick_stairs":12,"minecraft:cooked_chicken":10,"minecraft:redstone_lamp":7,"minecraft:cooked_beef":60,"minecraft:deepslate_tile_stairs":22,"minecraft:flint_and_steel":1,"minecraft:redstone_torch":7,"minecraft:dark_oak_trapdoor":27,"minecraft:dark_oak_boat":12,"minecraft:chest":37,"minecraft:enchanting_table":1,"minecraft:beef":10,"minecraft:spruce_sapling":32,"minecraft:egg":66},"minecraft:picked_up":{"minecraft:purple_dye":2,"minecraft:enchanting_table":1,"minecraft:sweet_berries":3,"minecraft:smooth_stone_slab":1,"minecraft:cobblestone":574,"minecraft:saddle":3,"minecraft:sugar_cane":219,"minecraft:stripped_dark_oak_log":1,"minecraft:bone":167,"minecraft:quartz_slab":1,"minecraft:rose_bush":2,"minecraft:purple_concrete":414,"minecraft:cooked_mutton":11,"minecraft:diamond_shovel":1,"minecraft:clay_ball":36,"minecraft:stripped_spruce_log":1,"minecraft:white_banner":2,"minecraft:blaze_rod":2,"minecraft:emerald":23,"minecraft:sugar":1,"minecraft:book":149,"minecraft:ink_sac":199,"minecraft:bow":13,"minecraft:arrow":120,"minecraft:iron_ingot":4,"minecraft:azalea":2,"minecraft:nautilus_shell":4,"minecraft:mutton":10,"minecraft:golden_carrot":5,"minecraft:iron_chestplate":1,"minecraft:stonecutter":3,"minecraft:oxeye_daisy":2,"minecraft:sand":496,"minecraft:furnace":2,"minecraft:wheat_seeds":42,"minecraft:firework_star":4,"minecraft:quartz":1422,"minecraft:egg":119,"minecraft:iron_leggings":1,"minecraft:diamond_sword":1,"minecraft:dark_oak_pressure_plate":4,"minecraft:chiseled_tuff_bricks":1,"minecraft:ender_pearl":2,"minecraft:string":23,"minecraft:golden_sword":1,"minecraft:obsidian":16,"minecraft:leather_boots":1,"minecraft:writable_book":3,"minecraft:nether_wart_block":3,"minecraft:cornflower":3,"minecraft:iron_helmet":1,"minecraft:enchanted_book":2,"minecraft:spruce_sapling":44,"minecraft:tripwire_hook":1,"minecraft:flowering_azalea":1,"minecraft:white_bed":3,"minecraft:fishing_rod":1,"minecraft:bucket":1,"minecraft:leather":30,"minecraft:honey_bottle":8,"minecraft:lead":5,"minecraft:brown_mushroom":26,"minecraft:glistering_melon_slice":1,"minecraft:moss_carpet":11,"minecraft:peony":4,"minecraft:porkchop":28,"minecraft:stick":127,"minecraft:polished_tuff":3,"minecraft:bamboo":5,"minecraft:player_head":6,"minecraft:moss_block":7,"minecraft:cookie":66,"minecraft:item_frame":20,"minecraft:raw_iron":127,"minecraft:allium":3,"minecraft:chest":11,"minecraft:dark_oak_trapdoor":21,"minecraft:netherrack":3215,"minecraft:pale_oak_slab":6,"minecraft:trident":2,"minecraft:gravel":360,"minecraft:jungle_boat":2,"minecraft:quartz_block":13,"minecraft:deepslate_tile_stairs":10,"minecraft:tuff":13,"minecraft:cooked_cod":1,"minecraft:dark_oak_stairs":2,"minecraft:shield":1,"minecraft:lapis_lazuli":420,"minecraft:jungle_log":8,"minecraft:ominous_bottle":2,"minecraft:trial_key":12,"minecraft:pufferfish":32,"minecraft:oak_planks":3,"minecraft:netherite_scrap":1,"minecraft:raw_copper":54,"minecraft:rotten_flesh":54,"minecraft:written_book":6,"minecraft:ancient_debris":43,"minecraft:apple":10,"minecraft:tropical_fish":16,"minecraft:name_tag":2,"minecraft:composter":1,"minecraft:music_disc_ward":1,"minecraft:flint":31,"minecraft:redstone":143,"minecraft:deepslate_tiles":1,"minecraft:glow_berries":9,"minecraft:firefly_bush":1,"minecraft:lantern":1,"minecraft:melon_slice":28,"minecraft:diamond":165,"minecraft:slime_ball":30,"minecraft:granite":61,"minecraft:dark_oak_sapling":102,"minecraft:lily_pad":6,"minecraft:deepslate_brick_slab":1,"minecraft:nether_wart":10,"minecraft:salmon":45,"minecraft:spruce_boat":1,"minecraft:gold_block":15,"minecraft:spyglass":1,"minecraft:bowl":2,"minecraft:dark_oak_planks":195,"minecraft:hay_block":50,"minecraft:raw_gold":2,"minecraft:stone_sword":1,"minecraft:purple_concrete_powder":2,"minecraft:deepslate_bricks":72,"minecraft:acacia_planks":1,"minecraft:spruce_planks":90,"minecraft:dirt":1221,"minecraft:basalt":43,"minecraft:quartz_stairs":5,"minecraft:golden_boots":1,"minecraft:torch":102,"minecraft:diamond_pickaxe":1,"minecraft:dripstone_block":6,"minecraft:bread":4,"minecraft:iron_boots":1,"minecraft:spruce_log":735,"minecraft:coal":71,"minecraft:deepslate_brick_stairs":5,"minecraft:weeping_vines":1,"minecraft:nether_bricks":25,"minecraft:hopper":6,"minecraft:poppy":24,"minecraft:cooked_beef":16,"minecraft:white_wool":7,"minecraft:feather":139,"minecraft:potion":7,"minecraft:chiseled_deepslate":52,"minecraft:andesite":23,"minecraft:deepslate_tile_slab":1,"minecraft:amethyst_shard":53,"minecraft:dark_oak_door":16,"minecraft:soul_sand":4,"minecraft:diamond_axe":2,"minecraft:carrot":349,"minecraft:mangrove_roots":67,"minecraft:polished_deepslate_slab":11,"minecraft:breeze_rod":3,"minecraft:gold_nugget":261,"minecraft:stone_pickaxe":1,"minecraft:polished_diorite_stairs":1,"minecraft:cod":101,"minecraft:gold_ingot":2,"minecraft:baked_potato":11,"minecraft:bolt_armor_trim_smithing_template":1,"minecraft:golden_apple":1,"minecraft:chicken":15,"minecraft:nether_brick_stairs":1,"minecraft:cooked_chicken":1,"minecraft:cobbled_deepslate":1003,"minecraft:pointed_dripstone":12,"minecraft:glowstone_dust":149,"minecraft:music_disc_lava_chicken":1,"minecraft:amethyst_block":59,"minecraft:wheat":20,"minecraft:tuff_bricks":9,"minecraft:gunpowder":15,"minecraft:pumpkin_pie":1,"minecraft:blackstone":172,"minecraft:deepslate_tile_wall":9,"minecraft:magma_block":36,"minecraft:leaf_litter":124,"minecraft:nether_brick_fence":3,"minecraft:pale_oak_boat":1,"minecraft:birch_log":7,"minecraft:pumpkin":1,"minecraft:spider_eye":3,"minecraft:dark_oak_log":765,"minecraft:tipped_arrow":57,"minecraft:diorite":102,"minecraft:crafting_table":14,"minecraft:blue_dye":1,"minecraft:decorated_pot":1,"minecraft:bundle":1,"minecraft:beef":50,"minecraft:polished_deepslate_stairs":33,"minecraft:cake":1,"minecraft:wind_charge":13,"minecraft:cobblestone_slab":1,"minecraft:dark_oak_boat":9,"minecraft:music_disc_cat":1,"minecraft:glass_bottle":8,"minecraft:purple_wool":3,"minecraft:cocoa_beans":2,"minecraft:paper":1},"minecraft:killed":{"minecraft:pig":7,"minecraft:piglin":17,"minecraft:silverfish":31,"minecraft:salmon":2,"minecraft:zombie":49,"minecraft:chicken":17,"minecraft:squid":2,"minecraft:drowned":28,"minecraft:cow":30,"minecraft:slime":27,"minecraft:pillager":14,"minecraft:skeleton":56,"minecraft:witch":3,"minecraft:spider":13,"minecraft:horse":2,"minecraft:bogged":94,"minecraft:husk":6,"minecraft:wither_skeleton":9,"minecraft:cave_spider":3,"minecraft:creeper":11,"minecraft:hoglin":4,"minecraft:sheep":8,"minecraft:enderman":1,"minecraft:magma_cube":10,"minecraft:ghast":1,"minecraft:breeze":2,"minecraft:blaze":4},"minecraft:dropped":{"minecraft:azalea":2,"minecraft:lily_pad":1,"minecraft:dark_oak_sign":2,"minecraft:sugar":2,"minecraft:tripwire_hook":1,"minecraft:netherite_scrap":2,"minecraft:andesite":3,"minecraft:magma_block":29,"minecraft:wheat":3,"minecraft:oxeye_daisy":2,"minecraft:netherite_helmet":1,"minecraft:tropical_fish":3,"minecraft:gravel":72,"minecraft:dark_oak_door":2,"minecraft:cobbled_deepslate":178,"minecraft:bone":83,"minecraft:glass":1,"minecraft:netherite_chestplate":1,"minecraft:egg":26,"minecraft:sugar_cane":10,"minecraft:glowstone":8,"minecraft:bowl":1,"minecraft:wheat_seeds":14,"minecraft:iron_ingot":18,"minecraft:deepslate_brick_slab":4,"minecraft:blackstone":80,"minecraft:dark_oak_boat":1,"minecraft:stone_pickaxe":2,"minecraft:trident":1,"minecraft:glistering_melon_slice":1,"minecraft:netherite_ingot":2,"minecraft:cooked_chicken":1,"minecraft:jungle_sign":2,"minecraft:redstone":1,"minecraft:golden_carrot":8,"minecraft:tuff":12,"minecraft:diamond_pickaxe":1,"minecraft:golden_boots":1,"minecraft:netherite_leggings":1,"minecraft:stick":164,"minecraft:arrow":26,"minecraft:carrot":6,"minecraft:redstone_torch":9,"minecraft:gunpowder":7,"minecraft:bread":53,"minecraft:firefly_bush":1,"minecraft:netherite_boots":1,"minecraft:tipped_arrow":4,"minecraft:rotten_flesh":19,"minecraft:cobblestone":40,"minecraft:blue_dye":1,"minecraft:spruce_planks":8,"minecraft:lava_bucket":1,"minecraft:leather_boots":1,"minecraft:bow":6,"minecraft:cooked_cod":3,"minecraft:diamond_axe":1,"minecraft:lantern":1,"minecraft:pufferfish":2,"minecraft:bucket":4,"minecraft:potion":2,"minecraft:dirt":19,"minecraft:quartz":67,"minecraft:sand":17,"minecraft:dripstone_block":3,"minecraft:diamond":16,"minecraft:ender_pearl":1,"minecraft:feather":3,"minecraft:coal":7,"minecraft:spruce_boat":1,"minecraft:peony":4,"minecraft:honey_bottle":1,"minecraft:glass_bottle":6,"minecraft:bone_meal":6,"minecraft:pumpkin_pie":1,"minecraft:chiseled_tuff_bricks":1,"minecraft:cooked_beef":18,"minecraft:leaf_litter":123,"minecraft:polished_diorite_stairs":1,"minecraft:written_book":18,"minecraft:beef":1,"minecraft:flint":13,"minecraft:diamond_sword":1,"minecraft:polished_deepslate_slab":10,"minecraft:gold_nugget":129,"minecraft:slime_ball":5,"minecraft:salmon":11,"minecraft:crafting_table":1,"minecraft:jungle_planks":1,"minecraft:netherite_upgrade_smithing_template":1,"minecraft:dark_oak_planks":51,"minecraft:writable_book":7,"minecraft:netherrack":1290},"minecraft:custom":{"minecraft:eat_cake_slice":6,"minecraft:time_since_rest":150775,"minecraft:leave_game":45,"minecraft:boat_one_cm":523067,"minecraft:damage_absorbed":39,"minecraft:time_since_death":150767,"minecraft:interact_with_furnace":229,"minecraft:happy_ghast_one_cm":453603,"minecraft:total_world_time":1363638,"minecraft:crouch_one_cm":80876,"minecraft:climb_one_cm":51009,"minecraft:deaths":43,"minecraft:interact_with_stonecutter":38,"minecraft:fish_caught":182,"minecraft:animals_bred":9,"minecraft:traded_with_villager":213,"minecraft:damage_blocked_by_shield":7620,"minecraft:interact_with_crafting_table":204,"minecraft:walk_one_cm":6316664,"minecraft:walk_under_water_one_cm":161739,"minecraft:horse_one_cm":876058,"minecraft:damage_dealt":71333,"minecraft:play_time":1363638,"minecraft:jump":38390,"minecraft:play_record":3,"minecraft:sprint_one_cm":7370010,"minecraft:inspect_hopper":1,"minecraft:fly_one_cm":8257325,"minecraft:walk_on_water_one_cm":221808,"minecraft:interact_with_blast_furnace":17,"minecraft:interact_with_grindstone":4,"minecraft:talked_to_villager":78,"minecraft:damage_taken":24531,"minecraft:mob_kills":457,"minecraft:interact_with_brewingstand":18,"minecraft:interact_with_smithing_table":7,"minecraft:sleep_in_bed":6,"minecraft:inspect_dispenser":13,"minecraft:swim_one_cm":382074,"minecraft:enchant_item":8,"minecraft:interact_with_loom":2,"minecraft:interact_with_lectern":3,"minecraft:drop":289,"minecraft:use_cauldron":1,"minecraft:open_barrel":58,"minecraft:open_chest":1134,"minecraft:fall_one_cm":1211634,"minecraft:interact_with_anvil":22,"minecraft:sneak_time":14573},"minecraft:killed_by":{"minecraft:bogged":2,"minecraft:skeleton":2,"minecraft:silverfish":1,"minecraft:creeper":1,"minecraft:wither_skeleton":1,"minecraft:zombie":4}},"DataVersion":4440}