{"stats":{"minecraft:dropped":{"minecraft:rotten_flesh":7,"minecraft:cobblestone":2,"minecraft:porkchop":2,"minecraft:sweet_berries":54,"minecraft:stone_sword":1,"minecraft:bow":3,"minecraft:chainmail_helmet":1,"minecraft:cobbled_deepslate":21,"minecraft:bone":104,"minecraft:egg":2,"minecraft:wheat_seeds":1,"minecraft:iron_ingot":64,"minecraft:tuff_bricks":12,"minecraft:cherry_log":24,"minecraft:stone_pickaxe":1,"minecraft:chainmail_chestplate":1,"minecraft:spruce_boat":1,"minecraft:waxed_copper_block":2,"minecraft:potato":32,"minecraft:honey_bottle":1,"minecraft:glass_bottle":4,"minecraft:string":40,"minecraft:stick":4,"minecraft:arrow":119,"minecraft:spruce_sapling":3,"minecraft:slime_ball":124,"minecraft:cooked_salmon":4,"minecraft:spruce_log":37,"minecraft:music_disc_ward":1,"minecraft:golden_helmet":1,"minecraft:gunpowder":4,"minecraft:spider_eye":10,"minecraft:tipped_arrow":138},"minecraft:custom":{"minecraft:time_since_rest":461,"minecraft:leave_game":2,"minecraft:damage_taken":4986,"minecraft:mob_kills":460,"minecraft:boat_one_cm":1599,"minecraft:time_since_death":445,"minecraft:open_enderchest":1,"minecraft:interact_with_furnace":22,"minecraft:inspect_dispenser":1,"minecraft:swim_one_cm":42851,"minecraft:total_world_time":76802,"minecraft:crouch_one_cm":73338,"minecraft:deaths":10,"minecraft:climb_one_cm":23879,"minecraft:damage_blocked_by_shield":40,"minecraft:interact_with_crafting_table":15,"minecraft:walk_one_cm":716074,"minecraft:walk_under_water_one_cm":10948,"minecraft:damage_dealt":41514,"minecraft:play_time":76802,"minecraft:jump":3523,"minecraft:drop":86,"minecraft:open_barrel":3,"minecraft:sprint_one_cm":365677,"minecraft:open_chest":28,"minecraft:interact_with_smoker":9,"minecraft:fall_one_cm":156071,"minecraft:fly_one_cm":733121,"minecraft:walk_on_water_one_cm":11710,"minecraft:sneak_time":6120},"minecraft:crafted":{"minecraft:furnace":3,"minecraft:crafting_table":2,"minecraft:stick":16,"minecraft:charcoal":11,"minecraft:baked_potato":32,"minecraft:cherry_planks":8,"minecraft:spruce_planks":20,"minecraft:chest":1,"minecraft:iron_pickaxe":1,"minecraft:iron_shovel":1,"minecraft:iron_sword":7,"minecraft:air":0,"minecraft:bow":3,"minecraft:emerald":9,"minecraft:smoker":1,"minecraft:iron_axe":1},"minecraft:killed_by":{"minecraft:skeleton":1,"minecraft:zombie_villager":2,"minecraft:warden":1},"minecraft:picked_up":{"minecraft:oxidized_copper_trapdoor":1,"minecraft:enchanted_book":3,"minecraft:sweet_berries":104,"minecraft:spruce_sapling":6,"minecraft:cobblestone":3,"minecraft:breeze_rod":26,"minecraft:music_disc_ward":2,"minecraft:bone":104,"minecraft:redstone":33,"minecraft:honey_bottle":1,"minecraft:stone_slab":2,"minecraft:flow_banner_pattern":1,"minecraft:baked_potato":11,"minecraft:slime_ball":124,"minecraft:diamond":6,"minecraft:smoker":1,"minecraft:emerald":8,"minecraft:chainmail_chestplate":1,"minecraft:glow_ink_sac":11,"minecraft:flow_armor_trim_smithing_template":1,"minecraft:porkchop":4,"minecraft:stick":11,"minecraft:polished_tuff":3,"minecraft:chainmail_helmet":1,"minecraft:spruce_boat":2,"minecraft:leather_chestplate":1,"minecraft:charcoal":2,"minecraft:diamond_boots":1,"minecraft:cooked_salmon":6,"minecraft:cooked_porkchop":2,"minecraft:bow":8,"minecraft:arrow":119,"minecraft:iron_axe":1,"minecraft:iron_ingot":68,"minecraft:cooked_chicken":7,"minecraft:cobbled_deepslate":54,"minecraft:diamond_chestplate":2,"minecraft:crossbow":1,"minecraft:raw_gold":5,"minecraft:emerald_block":1,"minecraft:tuff_bricks":36,"minecraft:gunpowder":8,"minecraft:golden_carrot":5,"minecraft:diamond_leggings":1,"minecraft:magma_block":1,"minecraft:diamond_helmet":1,"minecraft:stone":4,"minecraft:cherry_log":71,"minecraft:bread":8,"minecraft:spruce_log":57,"minecraft:tuff":4,"minecraft:potato":32,"minecraft:furnace":1,"minecraft:wheat_seeds":2,"minecraft:shield":1,"minecraft:music_disc_creator":1,"minecraft:spider_eye":10,"minecraft:tipped_arrow":161,"minecraft:egg":2,"minecraft:trial_key":8,"minecraft:ominous_bottle":3,"minecraft:waxed_copper_block":3,"minecraft:cooked_beef":8,"minecraft:cherry_sapling":11,"minecraft:golden_helmet":1,"minecraft:potion":4,"minecraft:ominous_trial_key":5,"minecraft:crafting_table":3,"minecraft:rotten_flesh":30,"minecraft:wind_charge":29,"minecraft:string":41,"minecraft:glass_bottle":1},"minecraft:broken":{"minecraft:stone_axe":1},"minecraft:mined":{"minecraft:waxed_copper_block":3,"minecraft:oxidized_copper_trapdoor":1,"minecraft:cherry_log":51,"minecraft:spruce_log":22,"minecraft:stone_slab":2,"minecraft:grass_block":1,"minecraft:cobweb":1,"minecraft:cobblestone":1,"minecraft:deepslate_gold_ore":5,"minecraft:short_grass":1,"minecraft:polished_tuff":3,"minecraft:tuff_bricks":33,"minecraft:tuff":4,"minecraft:smoker":1,"minecraft:fern":1,"minecraft:deepslate":54,"minecraft:cherry_leaves":11,"minecraft:cherry_sapling":2,"minecraft:furnace":1,"minecraft:crafting_table":3,"minecraft:deepslate_redstone_ore":8,"minecraft:sweet_berry_bush":2,"minecraft:magma_block":1,"minecraft:stone":3},"minecraft:killed":{"minecraft:zombie":17,"minecraft:slime":253,"minecraft:stray":96,"minecraft:skeleton":7,"minecraft:glow_squid":12,"minecraft:creeper":4,"minecraft:breeze":16,"minecraft:silverfish":13,"minecraft:spider":36},"minecraft:used":{"minecraft:stone_axe":94,"minecraft:polished_tuff":3,"minecraft:iron_axe":122,"minecraft:baked_potato":2,"minecraft:cobbled_deepslate":9,"minecraft:stone_slab":2,"minecraft:spruce_boat":1,"minecraft:shield":2,"minecraft:ominous_trial_key":5,"minecraft:iron_pickaxe":118,"minecraft:smoker":1,"minecraft:iron_sword":840,"minecraft:golden_carrot":1,"minecraft:cherry_sapling":11,"minecraft:furnace":2,"minecraft:cooked_porkchop":2,"minecraft:bread":7,"minecraft:magma_block":1,"minecraft:cooked_salmon":2,"minecraft:stone_sword":108,"minecraft:sweet_berries":87,"minecraft:ominous_bottle":1,"minecraft:oxidized_copper_trapdoor":1,"minecraft:cooked_chicken":7,"minecraft:cobblestone":1,"minecraft:stone":4,"minecraft:cherry_log":3,"minecraft:cooked_beef":3,"minecraft:crafting_table":4,"minecraft:chest":1,"minecraft:potion":3,"minecraft:stone_pickaxe":2,"minecraft:trial_key":8}},"DataVersion":4440}